Loading user config located at: '/home/liyufeng/miniforge3/envs/safeduo/lib/python3.11/site-packages/isaacsim/kit/data/Kit/Isaac-Sim/5.1/user.config.json'
[Info] [carb] Logging to file: /home/liyufeng/miniforge3/envs/safeduo/lib/python3.11/site-packages/isaacsim/kit/logs/Kit/Isaac-Sim/5.1/kit_20261008_114257.log
2026-10-08T03:42:58Z [200ms] [Warning] [carb.windowing-glfw.plugin] GLFW initialization failed.
2026-10-08T03:42:58Z [200ms] [Warning] [carb] Failed to startup plugin carb.windowing-glfw.plugin (interfaces: [carb::windowing::IGLContext v1.0],[carb::windowing::IWindowing v1.5]) (impl: carb.windowing-glfw.plugin)
2026-10-08T03:42:58Z [229ms] [Warning] [omni.platforminfo.plugin] failed to open the default display.  Can't verify X Server version.
2026-10-08T03:42:58Z [236ms] [Warning] [carb.cudainterop.plugin] CUDA_VISIBLE_DEVICES environment variable is set.
2026-10-08T03:42:58Z [236ms] [Warning] [carb.cudainterop.plugin] Note CUDA device enumeration and Omniverse device enumeration are different.
2026-10-08T03:42:58Z [236ms] [Warning] [carb.cudainterop.plugin] Setting CUDA_VISIBLE_DEVICES can lead to undesired behavior or crashes.
2026-10-08T03:42:58Z [514ms] [Warning] [carb.windowing-glfw.plugin] GLFW initialization failed.
2026-10-08T03:42:58Z [514ms] [Warning] [carb] Failed to startup plugin carb.windowing-glfw.plugin (interfaces: [carb::windowing::IGLContext v1.0],[carb::windowing::IWindowing v1.5]) (impl: carb.windowing-glfw.plugin)

|---------------------------------------------------------------------------------------------|
| Driver Version: 570.124.06    | Graphics API: Vulkan
|=============================================================================================|
| GPU | Name                             | Active | LDA | GPU Memory | Vendor-ID | LUID       |
|     |                                  |        |     |            | Device-ID | UUID       |
|     |                                  |        |     |            | Bus-ID    |            |
|---------------------------------------------------------------------------------------------|
| 0   | NVIDIA GeForce RTX 5090          | Yes: 0 |     | 32607   MB | 10de      | 0          |
|     |                                  |        |     |            | 2b85      | b129224c.. |
|     |                                  |        |     |            | 41        |            |
|---------------------------------------------------------------------------------------------|
| 1   | NVIDIA GeForce RTX 5090          |        |     | 32607   MB | 10de      | 0          |
|     |                                  |        |     |            | 2b85      | 828bb172.. |
|     |                                  |        |     |            | 81        |            |
|=============================================================================================|
| OS: 22.04.5 LTS (Jammy Jellyfish) ubuntu, Version: 22.04.5, Kernel: 6.8.0-138-generic
| Processor: AMD Ryzen Threadripper 7960X 24-Cores
| Cores: 24 | Logical Cores: 48
|---------------------------------------------------------------------------------------------|
| Total Memory (MB): 257228 | Free Memory: 44129
| Total Page/Swap (MB): 131071 | Free Page/Swap: 0
|---------------------------------------------------------------------------------------------|
2026-10-08T03:42:59Z [1,416ms] [Warning] [gpu.foundation.plugin] PCIe link width current (2) and maximum (16) for device 0 don't match.
2026-10-08T03:42:59Z [1,417ms] [Warning] [gpu.foundation.plugin] IOMMU is enabled.
2026-10-08T03:42:59Z [1,417ms] [Warning] [gpu.foundation.plugin] Detected IOMMU is enabled. Running CUDA peer-to-peer bandwidth and latency validation.
Unidirectional P2P=Enabled Bandwidth (P2P Writes) Matrix (GB/s)
   D\D     0      1 
     0 1521.42   6.50 
     1   6.27 1527.04 
P2P=Enabled Latency (P2P Writes) Matrix (us)
   GPU     0      1 
     0   2.06  17.37 
     1  15.33   2.06 

   CPU     0      1 
     0   1.82   5.06 
     1   5.47   1.91 
2026-10-08T03:42:59Z [1,697ms] [Warning] [gpu.foundation.plugin] CUDA peer-to-peer observed bandwidth: 6.3 GB/s.
2026-10-08T03:42:59Z [1,697ms] [Warning] [gpu.foundation.plugin] CUDA peer-to-peer observed latency: 17.4 us.
2026-10-08T03:42:59Z [1,697ms] [Warning] [gpu.foundation.plugin] Please verify if observed bandwidth and latency are expected.
2026-10-08T03:42:59Z [1,971ms] [Error] [omni.ext._impl.custom_importer] Failed to import python module omni.kit.test. Error: /lib/x86_64-linux-gnu/libstdc++.so.6: version `CXXABI_1.3.15' not found (required by /home/liyufeng/miniforge3/envs/safeduo/lib/python3.11/lib-dynload/../.././libicui18n.so.78). Traceback:
Traceback (most recent call last):
  File "/home/liyufeng/miniforge3/envs/safeduo/lib/python3.11/site-packages/isaacsim/kit/kernel/py/omni/ext/_impl/custom_importer.py", line 85, in import_module
    return importlib.import_module(name)
           ^^^^^^^^^^^^^^^^^^^^^^^^^^^^^
  File "/home/liyufeng/miniforge3/envs/safeduo/lib/python3.11/importlib/__init__.py", line 126, in import_module
    return _bootstrap._gcd_import(name[level:], package, level)
           ^^^^^^^^^^^^^^^^^^^^^^^^^^^^^^^^^^^^^^^^^^^^^^^^^^^^
  File "<frozen importlib._bootstrap>", line 1204, in _gcd_import
  File "<frozen importlib._bootstrap>", line 1176, in _find_and_load
  File "<frozen importlib._bootstrap>", line 1147, in _find_and_load_unlocked
  File "<frozen importlib._bootstrap>", line 690, in _load_unlocked
  File "<frozen importlib._bootstrap_external>", line 940, in exec_module
  File "<frozen importlib._bootstrap>", line 241, in _call_with_frames_removed
  File "/home/liyufeng/miniforge3/envs/safeduo/lib/python3.11/site-packages/isaacsim/extscache/omni.kit.test-2.0.1+69cbf6ad.lx64.r.cp311/omni/kit/test/__init__.py", line 7, in <module>
    from . import unittests
  File "/home/liyufeng/miniforge3/envs/safeduo/lib/python3.11/site-packages/isaacsim/extscache/omni.kit.test-2.0.1+69cbf6ad.lx64.r.cp311/omni/kit/test/unittests.py", line 21, in <module>
    from .async_unittest import AsyncTestSuite, AsyncTextTestRunner, OmniTestResult, AsyncTestCase
  File "/home/liyufeng/miniforge3/envs/safeduo/lib/python3.11/site-packages/isaacsim/extscache/omni.kit.test-2.0.1+69cbf6ad.lx64.r.cp311/omni/kit/test/async_unittest.py", line 25, in <module>
    from .reporter import TestReporter
  File "/home/liyufeng/miniforge3/envs/safeduo/lib/python3.11/site-packages/isaacsim/extscache/omni.kit.test-2.0.1+69cbf6ad.lx64.r.cp311/omni/kit/test/reporter.py", line 27, in <module>
    from .test_coverage import generate_coverage_report
  File "/home/liyufeng/miniforge3/envs/safeduo/lib/python3.11/site-packages/isaacsim/extscache/omni.kit.test-2.0.1+69cbf6ad.lx64.r.cp311/omni/kit/test/test_coverage.py", line 10, in <module>
    import coverage
  File "/home/liyufeng/miniforge3/envs/safeduo/lib/python3.11/site-packages/coverage/__init__.py", line 24, in <module>
    from coverage.control import (
  File "/home/liyufeng/miniforge3/envs/safeduo/lib/python3.11/site-packages/coverage/control.py", line 28, in <module>
    from coverage.collector import Collector, HAS_CTRACER
  File "/home/liyufeng/miniforge3/envs/safeduo/lib/python3.11/site-packages/coverage/collector.py", line 19, in <module>
    from coverage.data import CoverageData
  File "/home/liyufeng/miniforge3/envs/safeduo/lib/python3.11/site-packages/coverage/data.py", line 24, in <module>
    from coverage.sqldata import CoverageData
  File "/home/liyufeng/miniforge3/envs/safeduo/lib/python3.11/site-packages/coverage/sqldata.py", line 16, in <module>
    import sqlite3
  File "/home/liyufeng/miniforge3/envs/safeduo/lib/python3.11/sqlite3/__init__.py", line 57, in <module>
    from sqlite3.dbapi2 import *
  File "/home/liyufeng/miniforge3/envs/safeduo/lib/python3.11/sqlite3/dbapi2.py", line 27, in <module>
    from _sqlite3 import *
ImportError: /lib/x86_64-linux-gnu/libstdc++.so.6: version `CXXABI_1.3.15' not found (required by /home/liyufeng/miniforge3/envs/safeduo/lib/python3.11/lib-dynload/../.././libicui18n.so.78)

2026-10-08T03:42:59Z [1,971ms] [Error] [carb.scripting-python.plugin] Exception: Extension python module: 'omni.kit.test' in '/home/liyufeng/miniforge3/envs/safeduo/lib/python3.11/site-packages/isaacsim/extscache/omni.kit.test-2.0.1+69cbf6ad.lx64.r.cp311' failed to load.

At:
  /home/liyufeng/miniforge3/envs/safeduo/lib/python3.11/site-packages/isaacsim/kit/kernel/py/omni/ext/_impl/_internal.py(222): startup
  /home/liyufeng/miniforge3/envs/safeduo/lib/python3.11/site-packages/isaacsim/kit/kernel/py/omni/ext/_impl/_internal.py(337): startup_extension
  PythonExtension.cpp::startup()(2): <module>
  /home/liyufeng/miniforge3/envs/safeduo/lib/python3.11/site-packages/isaacsim/exts/isaacsim.simulation_app/isaacsim/simulation_app/simulation_app.py(534): _start_app
  /home/liyufeng/miniforge3/envs/safeduo/lib/python3.11/site-packages/isaacsim/exts/isaacsim.simulation_app/isaacsim/simulation_app/simulation_app.py(270): __init__
  /home/liyufeng/safeduo_isaaclab/source/isaaclab/isaaclab/app/app_launcher.py(851): _create_app
  /home/liyufeng/safeduo_isaaclab/source/isaaclab/isaaclab/app/app_launcher.py(131): __init__
  /home/liyufeng/safeduo/artifacts/safety_scene_geometry_gate_20261008/runtime_batch/native_scene_batch.py(17): <module>

2026-10-08T03:42:59Z [1,971ms] [Error] [omni.ext.plugin] [ext: omni.kit.test-2.0.1] Failed to startup python extension.
2026-10-08T03:43:00Z [2,384ms] [Warning] [carb.windowing-glfw.plugin] GLFW initialization failed.
2026-10-08T03:43:00Z [2,384ms] [Warning] [carb] Failed to startup plugin carb.windowing-glfw.plugin (interfaces: [carb::windowing::IGLContext v1.0],[carb::windowing::IWindowing v1.5]) (impl: carb.windowing-glfw.plugin)
2026-10-08T03:43:00Z [2,413ms] [Warning] [carb.windowing-glfw.plugin] GLFW initialization failed.
2026-10-08T03:43:00Z [2,413ms] [Warning] [carb] Failed to startup plugin carb.windowing-glfw.plugin (interfaces: [carb::windowing::IGLContext v1.0],[carb::windowing::IWindowing v1.5]) (impl: carb.windowing-glfw.plugin)
2026-10-08T03:43:00Z [2,425ms] [Warning] [carb.windowing-glfw.plugin] GLFW initialization failed.
2026-10-08T03:43:00Z [2,425ms] [Warning] [carb] Failed to startup plugin carb.windowing-glfw.plugin (interfaces: [carb::windowing::IGLContext v1.0],[carb::windowing::IWindowing v1.5]) (impl: carb.windowing-glfw.plugin)
2026-10-08T03:43:00Z [2,438ms] [Warning] [carb.windowing-glfw.plugin] GLFW initialization failed.
2026-10-08T03:43:00Z [2,438ms] [Warning] [carb] Failed to startup plugin carb.windowing-glfw.plugin (interfaces: [carb::windowing::IGLContext v1.0],[carb::windowing::IWindowing v1.5]) (impl: carb.windowing-glfw.plugin)
2026-10-08T03:43:00Z [2,439ms] [Warning] [carb.windowing-glfw.plugin] GLFW initialization failed.
2026-10-08T03:43:00Z [2,439ms] [Warning] [carb] Failed to startup plugin carb.windowing-glfw.plugin (interfaces: [carb::windowing::IGLContext v1.0],[carb::windowing::IWindowing v1.5]) (impl: carb.windowing-glfw.plugin)
2026-10-08T03:43:00Z [2,440ms] [Warning] [carb.windowing-glfw.plugin] GLFW initialization failed.
2026-10-08T03:43:00Z [2,440ms] [Warning] [carb] Failed to startup plugin carb.windowing-glfw.plugin (interfaces: [carb::windowing::IGLContext v1.0],[carb::windowing::IWindowing v1.5]) (impl: carb.windowing-glfw.plugin)
2026-10-08T03:43:00Z [2,649ms] [Warning] [omni.log] Source: omni.hydra was already registered.
2026-10-08T03:43:00Z [2,825ms] [Error] [omni.graph.tools._impl.internal.extension_contents_1_18] Exception while importing test omni.graph.scriptnode.ogn.tests.TestOgnScriptNode: Traceback (most recent call last):
  File "/home/liyufeng/miniforge3/envs/safeduo/lib/python3.11/site-packages/isaacsim/extscache/omni.graph.tools-1.79.2+69cbf6ad/omni/graph/tools/_impl/internal/extension_contents_1_18.py", line 394, in do_import_test_definition
    test_module = load_module_from_file(test_module_name, test_file)
                  ^^^^^^^^^^^^^^^^^^^^^^^^^^^^^^^^^^^^^^^^^^^^^^^^^^
  File "/home/liyufeng/miniforge3/envs/safeduo/lib/python3.11/site-packages/isaacsim/extscache/omni.graph.tools-1.79.2+69cbf6ad/omni/graph/tools/_impl/internal/file_utils.py", line 239, in load_module_from_file
    spec.loader.exec_module(module)
  File "<frozen importlib._bootstrap_external>", line 940, in exec_module
  File "<frozen importlib._bootstrap>", line 241, in _call_with_frames_removed
  File "/home/liyufeng/miniforge3/envs/safeduo/lib/python3.11/site-packages/isaacsim/extscache/omni.graph.scriptnode-1.50.0+107.3.0/omni/graph/scriptnode/ogn/tests/TestOgnScriptNode.py", line 4, in <module>
    import omni.graph.core.tests as ogts
  File "/home/liyufeng/miniforge3/envs/safeduo/lib/python3.11/site-packages/isaacsim/extscache/omni.graph-1.141.2+69cbf6ad.lx64.r.cp311/omni/graph/core/tests/__init__.py", line 20, in <module>
    from .omnigraph_test_utils import OmniGraphTestCase
  File "/home/liyufeng/miniforge3/envs/safeduo/lib/python3.11/site-packages/isaacsim/extscache/omni.graph-1.141.2+69cbf6ad.lx64.r.cp311/omni/graph/core/tests/omnigraph_test_utils.py", line 198, in <module>
    OmniGraphTestCase = test_case_class()
                        ^^^^^^^^^^^^^^^^^
  File "/home/liyufeng/miniforge3/envs/safeduo/lib/python3.11/site-packages/isaacsim/extscache/omni.graph-1.141.2+69cbf6ad.lx64.r.cp311/omni/graph/core/tests/omnigraph_test_utils.py", line 135, in test_case_class
    base_class = omni.kit.test.AsyncTestCase
                 ^^^^^^^^^^^^^
AttributeError: module 'omni.kit' has no attribute 'test'

2026-10-08T03:43:00Z [2,964ms] [Warning] [carb] Acquiring non optional plugin interface which is not listed as dependency: [omni::physx::IPhysxBenchmarks v1.0] (plugin: <default plugin>), by client: omni.physics.physx.plugin. Add it to CARB_PLUGIN_IMPL_DEPS() macro of a client.
2026-10-08T03:43:00Z [2,982ms] [Warning] [omni.isaac.dynamic_control] omni.isaac.dynamic_control is deprecated as of Isaac Sim 4.5. No action is needed from end-users.
2026-10-08T03:43:01Z [3,335ms] [Error] [omni.graph.tools._impl.internal.extension_contents_1_18] Exception while importing test omni.graph.action_nodes.ogn.tests.TestOgnOnKeyboardInput: Traceback (most recent call last):
  File "/home/liyufeng/miniforge3/envs/safeduo/lib/python3.11/site-packages/isaacsim/extscache/omni.graph.tools-1.79.2+69cbf6ad/omni/graph/tools/_impl/internal/extension_contents_1_18.py", line 394, in do_import_test_definition
    test_module = load_module_from_file(test_module_name, test_file)
                  ^^^^^^^^^^^^^^^^^^^^^^^^^^^^^^^^^^^^^^^^^^^^^^^^^^
  File "/home/liyufeng/miniforge3/envs/safeduo/lib/python3.11/site-packages/isaacsim/extscache/omni.graph.tools-1.79.2+69cbf6ad/omni/graph/tools/_impl/internal/file_utils.py", line 239, in load_module_from_file
    spec.loader.exec_module(module)
  File "<frozen importlib._bootstrap_external>", line 940, in exec_module
  File "<frozen importlib._bootstrap>", line 241, in _call_with_frames_removed
  File "/home/liyufeng/miniforge3/envs/safeduo/lib/python3.11/site-packages/isaacsim/extscache/omni.graph.action_nodes-1.50.4+107.3.0.lx64.r.cp311.u353/omni/graph/action_nodes/ogn/tests/TestOgnOnKeyboardInput.py", line 4, in <module>
    import omni.graph.core.tests as ogts
  File "/home/liyufeng/miniforge3/envs/safeduo/lib/python3.11/site-packages/isaacsim/extscache/omni.graph-1.141.2+69cbf6ad.lx64.r.cp311/omni/graph/core/tests/__init__.py", line 20, in <module>
    from .omnigraph_test_utils import OmniGraphTestCase
  File "/home/liyufeng/miniforge3/envs/safeduo/lib/python3.11/site-packages/isaacsim/extscache/omni.graph-1.141.2+69cbf6ad.lx64.r.cp311/omni/graph/core/tests/omnigraph_test_utils.py", line 198, in <module>
    OmniGraphTestCase = test_case_class()
                        ^^^^^^^^^^^^^^^^^
  File "/home/liyufeng/miniforge3/envs/safeduo/lib/python3.11/site-packages/isaacsim/extscache/omni.graph-1.141.2+69cbf6ad.lx64.r.cp311/omni/graph/core/tests/omnigraph_test_utils.py", line 135, in test_case_class
    base_class = omni.kit.test.AsyncTestCase
                 ^^^^^^^^^^^^^
AttributeError: cannot access submodule 'test' of module 'omni.kit' (most likely due to a circular import)

2026-10-08T03:43:01Z [3,339ms] [Error] [omni.graph.tools._impl.internal.extension_contents_1_18] Exception while importing test omni.graph.action_nodes.ogn.tests.TestOgnOnCustomEvent: Traceback (most recent call last):
  File "/home/liyufeng/miniforge3/envs/safeduo/lib/python3.11/site-packages/isaacsim/extscache/omni.graph.tools-1.79.2+69cbf6ad/omni/graph/tools/_impl/internal/extension_contents_1_18.py", line 394, in do_import_test_definition
    test_module = load_module_from_file(test_module_name, test_file)
                  ^^^^^^^^^^^^^^^^^^^^^^^^^^^^^^^^^^^^^^^^^^^^^^^^^^
  File "/home/liyufeng/miniforge3/envs/safeduo/lib/python3.11/site-packages/isaacsim/extscache/omni.graph.tools-1.79.2+69cbf6ad/omni/graph/tools/_impl/internal/file_utils.py", line 239, in load_module_from_file
    spec.loader.exec_module(module)
  File "<frozen importlib._bootstrap_external>", line 940, in exec_module
  File "<frozen importlib._bootstrap>", line 241, in _call_with_frames_removed
  File "/home/liyufeng/miniforge3/envs/safeduo/lib/python3.11/site-packages/isaacsim/extscache/omni.graph.action_nodes-1.50.4+107.3.0.lx64.r.cp311.u353/omni/graph/action_nodes/ogn/tests/TestOgnOnCustomEvent.py", line 4, in <module>
    import omni.graph.core.tests as ogts
  File "/home/liyufeng/miniforge3/envs/safeduo/lib/python3.11/site-packages/isaacsim/extscache/omni.graph-1.141.2+69cbf6ad.lx64.r.cp311/omni/graph/core/tests/__init__.py", line 20, in <module>
    from .omnigraph_test_utils import OmniGraphTestCase
  File "/home/liyufeng/miniforge3/envs/safeduo/lib/python3.11/site-packages/isaacsim/extscache/omni.graph-1.141.2+69cbf6ad.lx64.r.cp311/omni/graph/core/tests/omnigraph_test_utils.py", line 198, in <module>
    OmniGraphTestCase = test_case_class()
                        ^^^^^^^^^^^^^^^^^
  File "/home/liyufeng/miniforge3/envs/safeduo/lib/python3.11/site-packages/isaacsim/extscache/omni.graph-1.141.2+69cbf6ad.lx64.r.cp311/omni/graph/core/tests/omnigraph_test_utils.py", line 135, in test_case_class
    base_class = omni.kit.test.AsyncTestCase
                 ^^^^^^^^^^^^^
AttributeError: cannot access submodule 'test' of module 'omni.kit' (most likely due to a circular import)

2026-10-08T03:43:01Z [3,347ms] [Error] [omni.graph.tools._impl.internal.extension_contents_1_18] Exception while importing test omni.graph.action_nodes.ogn.tests.TestOgnSyncGate: Traceback (most recent call last):
  File "/home/liyufeng/miniforge3/envs/safeduo/lib/python3.11/site-packages/isaacsim/extscache/omni.graph.tools-1.79.2+69cbf6ad/omni/graph/tools/_impl/internal/extension_contents_1_18.py", line 394, in do_import_test_definition
    test_module = load_module_from_file(test_module_name, test_file)
                  ^^^^^^^^^^^^^^^^^^^^^^^^^^^^^^^^^^^^^^^^^^^^^^^^^^
  File "/home/liyufeng/miniforge3/envs/safeduo/lib/python3.11/site-packages/isaacsim/extscache/omni.graph.tools-1.79.2+69cbf6ad/omni/graph/tools/_impl/internal/file_utils.py", line 239, in load_module_from_file
    spec.loader.exec_module(module)
  File "<frozen importlib._bootstrap_external>", line 940, in exec_module
  File "<frozen importlib._bootstrap>", line 241, in _call_with_frames_removed
  File "/home/liyufeng/miniforge3/envs/safeduo/lib/python3.11/site-packages/isaacsim/extscache/omni.graph.action_nodes-1.50.4+107.3.0.lx64.r.cp311.u353/omni/graph/action_nodes/ogn/tests/TestOgnSyncGate.py", line 4, in <module>
    import omni.graph.core.tests as ogts
  File "/home/liyufeng/miniforge3/envs/safeduo/lib/python3.11/site-packages/isaacsim/extscache/omni.graph-1.141.2+69cbf6ad.lx64.r.cp311/omni/graph/core/tests/__init__.py", line 20, in <module>
    from .omnigraph_test_utils import OmniGraphTestCase
  File "/home/liyufeng/miniforge3/envs/safeduo/lib/python3.11/site-packages/isaacsim/extscache/omni.graph-1.141.2+69cbf6ad.lx64.r.cp311/omni/graph/core/tests/omnigraph_test_utils.py", line 198, in <module>
    OmniGraphTestCase = test_case_class()
                        ^^^^^^^^^^^^^^^^^
  File "/home/liyufeng/miniforge3/envs/safeduo/lib/python3.11/site-packages/isaacsim/extscache/omni.graph-1.141.2+69cbf6ad.lx64.r.cp311/omni/graph/core/tests/omnigraph_test_utils.py", line 135, in test_case_class
    base_class = omni.kit.test.AsyncTestCase
                 ^^^^^^^^^^^^^
AttributeError: cannot access submodule 'test' of module 'omni.kit' (most likely due to a circular import)

2026-10-08T03:43:01Z [3,350ms] [Error] [omni.graph.tools._impl.internal.extension_contents_1_18] Exception while importing test omni.graph.action_nodes.ogn.tests.TestOgnOnPlaybackTick: Traceback (most recent call last):
  File "/home/liyufeng/miniforge3/envs/safeduo/lib/python3.11/site-packages/isaacsim/extscache/omni.graph.tools-1.79.2+69cbf6ad/omni/graph/tools/_impl/internal/extension_contents_1_18.py", line 394, in do_import_test_definition
    test_module = load_module_from_file(test_module_name, test_file)
                  ^^^^^^^^^^^^^^^^^^^^^^^^^^^^^^^^^^^^^^^^^^^^^^^^^^
  File "/home/liyufeng/miniforge3/envs/safeduo/lib/python3.11/site-packages/isaacsim/extscache/omni.graph.tools-1.79.2+69cbf6ad/omni/graph/tools/_impl/internal/file_utils.py", line 239, in load_module_from_file
    spec.loader.exec_module(module)
  File "<frozen importlib._bootstrap_external>", line 940, in exec_module
  File "<frozen importlib._bootstrap>", line 241, in _call_with_frames_removed
  File "/home/liyufeng/miniforge3/envs/safeduo/lib/python3.11/site-packages/isaacsim/extscache/omni.graph.action_nodes-1.50.4+107.3.0.lx64.r.cp311.u353/omni/graph/action_nodes/ogn/tests/TestOgnOnPlaybackTick.py", line 2, in <module>
    import omni.kit.test
  File "/home/liyufeng/miniforge3/envs/safeduo/lib/python3.11/site-packages/isaacsim/extscache/omni.kit.test-2.0.1+69cbf6ad.lx64.r.cp311/omni/kit/test/__init__.py", line 7, in <module>
    from . import unittests
  File "/home/liyufeng/miniforge3/envs/safeduo/lib/python3.11/site-packages/isaacsim/extscache/omni.kit.test-2.0.1+69cbf6ad.lx64.r.cp311/omni/kit/test/unittests.py", line 21, in <module>
    from .async_unittest import AsyncTestSuite, AsyncTextTestRunner, OmniTestResult, AsyncTestCase
  File "/home/liyufeng/miniforge3/envs/safeduo/lib/python3.11/site-packages/isaacsim/extscache/omni.kit.test-2.0.1+69cbf6ad.lx64.r.cp311/omni/kit/test/async_unittest.py", line 25, in <module>
    from .reporter import TestReporter
  File "/home/liyufeng/miniforge3/envs/safeduo/lib/python3.11/site-packages/isaacsim/extscache/omni.kit.test-2.0.1+69cbf6ad.lx64.r.cp311/omni/kit/test/reporter.py", line 27, in <module>
    from .test_coverage import generate_coverage_report
  File "/home/liyufeng/miniforge3/envs/safeduo/lib/python3.11/site-packages/isaacsim/extscache/omni.kit.test-2.0.1+69cbf6ad.lx64.r.cp311/omni/kit/test/test_coverage.py", line 10, in <module>
    import coverage
  File "/home/liyufeng/miniforge3/envs/safeduo/lib/python3.11/site-packages/coverage/__init__.py", line 24, in <module>
    from coverage.control import (
  File "/home/liyufeng/miniforge3/envs/safeduo/lib/python3.11/site-packages/coverage/control.py", line 28, in <module>
    from coverage.collector import Collector, HAS_CTRACER
  File "/home/liyufeng/miniforge3/envs/safeduo/lib/python3.11/site-packages/coverage/collector.py", line 19, in <module>
    from coverage.data import CoverageData
  File "/home/liyufeng/miniforge3/envs/safeduo/lib/python3.11/site-packages/coverage/data.py", line 24, in <module>
    from coverage.sqldata import CoverageData
  File "/home/liyufeng/miniforge3/envs/safeduo/lib/python3.11/site-packages/coverage/sqldata.py", line 16, in <module>
    import sqlite3
  File "/home/liyufeng/miniforge3/envs/safeduo/lib/python3.11/sqlite3/__init__.py", line 57, in <module>
    from sqlite3.dbapi2 import *
  File "/home/liyufeng/miniforge3/envs/safeduo/lib/python3.11/sqlite3/dbapi2.py", line 27, in <module>
    from _sqlite3 import *
ImportError: /lib/x86_64-linux-gnu/libstdc++.so.6: version `CXXABI_1.3.15' not found (required by /home/liyufeng/miniforge3/envs/safeduo/lib/python3.11/lib-dynload/../.././libicui18n.so.78)

2026-10-08T03:43:01Z [3,350ms] [Error] [omni.graph.tools._impl.internal.extension_contents_1_18] Exception while importing test omni.graph.action_nodes.ogn.tests.TestOgnOnClosing: Traceback (most recent call last):
  File "/home/liyufeng/miniforge3/envs/safeduo/lib/python3.11/site-packages/isaacsim/extscache/omni.graph.tools-1.79.2+69cbf6ad/omni/graph/tools/_impl/internal/extension_contents_1_18.py", line 394, in do_import_test_definition
    test_module = load_module_from_file(test_module_name, test_file)
                  ^^^^^^^^^^^^^^^^^^^^^^^^^^^^^^^^^^^^^^^^^^^^^^^^^^
  File "/home/liyufeng/miniforge3/envs/safeduo/lib/python3.11/site-packages/isaacsim/extscache/omni.graph.tools-1.79.2+69cbf6ad/omni/graph/tools/_impl/internal/file_utils.py", line 239, in load_module_from_file
    spec.loader.exec_module(module)
  File "<frozen importlib._bootstrap_external>", line 940, in exec_module
  File "<frozen importlib._bootstrap>", line 241, in _call_with_frames_removed
  File "/home/liyufeng/miniforge3/envs/safeduo/lib/python3.11/site-packages/isaacsim/extscache/omni.graph.action_nodes-1.50.4+107.3.0.lx64.r.cp311.u353/omni/graph/action_nodes/ogn/tests/TestOgnOnClosing.py", line 4, in <module>
    import omni.graph.core.tests as ogts
ImportError: cannot import name 'tests' from 'omni.graph.core' (/home/liyufeng/miniforge3/envs/safeduo/lib/python3.11/site-packages/isaacsim/extscache/omni.graph-1.141.2+69cbf6ad.lx64.r.cp311/omni/graph/core/__init__.py)

2026-10-08T03:43:01Z [3,351ms] [Error] [omni.graph.tools._impl.internal.extension_contents_1_18] Exception while importing test omni.graph.action_nodes.ogn.tests.TestOgnOnImpulseEvent: Traceback (most recent call last):
  File "/home/liyufeng/miniforge3/envs/safeduo/lib/python3.11/site-packages/isaacsim/extscache/omni.graph.tools-1.79.2+69cbf6ad/omni/graph/tools/_impl/internal/extension_contents_1_18.py", line 394, in do_import_test_definition
    test_module = load_module_from_file(test_module_name, test_file)
                  ^^^^^^^^^^^^^^^^^^^^^^^^^^^^^^^^^^^^^^^^^^^^^^^^^^
  File "/home/liyufeng/miniforge3/envs/safeduo/lib/python3.11/site-packages/isaacsim/extscache/omni.graph.tools-1.79.2+69cbf6ad/omni/graph/tools/_impl/internal/file_utils.py", line 239, in load_module_from_file
    spec.loader.exec_module(module)
  File "<frozen importlib._bootstrap_external>", line 940, in exec_module
  File "<frozen importlib._bootstrap>", line 241, in _call_with_frames_removed
  File "/home/liyufeng/miniforge3/envs/safeduo/lib/python3.11/site-packages/isaacsim/extscache/omni.graph.action_nodes-1.50.4+107.3.0.lx64.r.cp311.u353/omni/graph/action_nodes/ogn/tests/TestOgnOnImpulseEvent.py", line 4, in <module>
    import omni.graph.core.tests as ogts
ImportError: cannot import name 'tests' from 'omni.graph.core' (/home/liyufeng/miniforge3/envs/safeduo/lib/python3.11/site-packages/isaacsim/extscache/omni.graph-1.141.2+69cbf6ad.lx64.r.cp311/omni/graph/core/__init__.py)

2026-10-08T03:43:01Z [3,361ms] [Error] [omni.graph.tools._impl.internal.extension_contents_1_18] Exception while importing test omni.graph.action_nodes.ogn.tests.TestOgnSequence: Traceback (most recent call last):
  File "/home/liyufeng/miniforge3/envs/safeduo/lib/python3.11/site-packages/isaacsim/extscache/omni.graph.tools-1.79.2+69cbf6ad/omni/graph/tools/_impl/internal/extension_contents_1_18.py", line 394, in do_import_test_definition
    test_module = load_module_from_file(test_module_name, test_file)
                  ^^^^^^^^^^^^^^^^^^^^^^^^^^^^^^^^^^^^^^^^^^^^^^^^^^
  File "/home/liyufeng/miniforge3/envs/safeduo/lib/python3.11/site-packages/isaacsim/extscache/omni.graph.tools-1.79.2+69cbf6ad/omni/graph/tools/_impl/internal/file_utils.py", line 239, in load_module_from_file
    spec.loader.exec_module(module)
  File "<frozen importlib._bootstrap_external>", line 940, in exec_module
  File "<frozen importlib._bootstrap>", line 241, in _call_with_frames_removed
  File "/home/liyufeng/miniforge3/envs/safeduo/lib/python3.11/site-packages/isaacsim/extscache/omni.graph.action_nodes-1.50.4+107.3.0.lx64.r.cp311.u353/omni/graph/action_nodes/ogn/tests/TestOgnSequence.py", line 2, in <module>
    import omni.kit.test
  File "/home/liyufeng/miniforge3/envs/safeduo/lib/python3.11/site-packages/isaacsim/extscache/omni.kit.test-2.0.1+69cbf6ad.lx64.r.cp311/omni/kit/test/__init__.py", line 7, in <module>
    from . import unittests
  File "/home/liyufeng/miniforge3/envs/safeduo/lib/python3.11/site-packages/isaacsim/extscache/omni.kit.test-2.0.1+69cbf6ad.lx64.r.cp311/omni/kit/test/unittests.py", line 21, in <module>
    from .async_unittest import AsyncTestSuite, AsyncTextTestRunner, OmniTestResult, AsyncTestCase
  File "/home/liyufeng/miniforge3/envs/safeduo/lib/python3.11/site-packages/isaacsim/extscache/omni.kit.test-2.0.1+69cbf6ad.lx64.r.cp311/omni/kit/test/async_unittest.py", line 25, in <module>
    from .reporter import TestReporter
  File "/home/liyufeng/miniforge3/envs/safeduo/lib/python3.11/site-packages/isaacsim/extscache/omni.kit.test-2.0.1+69cbf6ad.lx64.r.cp311/omni/kit/test/reporter.py", line 27, in <module>
    from .test_coverage import generate_coverage_report
  File "/home/liyufeng/miniforge3/envs/safeduo/lib/python3.11/site-packages/isaacsim/extscache/omni.kit.test-2.0.1+69cbf6ad.lx64.r.cp311/omni/kit/test/test_coverage.py", line 10, in <module>
    import coverage
  File "/home/liyufeng/miniforge3/envs/safeduo/lib/python3.11/site-packages/coverage/__init__.py", line 24, in <module>
    from coverage.control import (
  File "/home/liyufeng/miniforge3/envs/safeduo/lib/python3.11/site-packages/coverage/control.py", line 28, in <module>
    from coverage.collector import Collector, HAS_CTRACER
  File "/home/liyufeng/miniforge3/envs/safeduo/lib/python3.11/site-packages/coverage/collector.py", line 19, in <module>
    from coverage.data import CoverageData
  File "/home/liyufeng/miniforge3/envs/safeduo/lib/python3.11/site-packages/coverage/data.py", line 24, in <module>
    from coverage.sqldata import CoverageData
  File "/home/liyufeng/miniforge3/envs/safeduo/lib/python3.11/site-packages/coverage/sqldata.py", line 16, in <module>
    import sqlite3
  File "/home/liyufeng/miniforge3/envs/safeduo/lib/python3.11/sqlite3/__init__.py", line 57, in <module>
    from sqlite3.dbapi2 import *
  File "/home/liyufeng/miniforge3/envs/safeduo/lib/python3.11/sqlite3/dbapi2.py", line 27, in <module>
    from _sqlite3 import *
ImportError: /lib/x86_64-linux-gnu/libstdc++.so.6: version `CXXABI_1.3.15' not found (required by /home/liyufeng/miniforge3/envs/safeduo/lib/python3.11/lib-dynload/../.././libicui18n.so.78)

2026-10-08T03:43:01Z [3,393ms] [Error] [omni.graph.tools._impl.internal.extension_contents_1_18] Exception while importing test omni.graph.action_nodes.ogn.tests.TestOgnOnMessageBusEvent: Traceback (most recent call last):
  File "/home/liyufeng/miniforge3/envs/safeduo/lib/python3.11/site-packages/isaacsim/extscache/omni.graph.tools-1.79.2+69cbf6ad/omni/graph/tools/_impl/internal/extension_contents_1_18.py", line 394, in do_import_test_definition
    test_module = load_module_from_file(test_module_name, test_file)
                  ^^^^^^^^^^^^^^^^^^^^^^^^^^^^^^^^^^^^^^^^^^^^^^^^^^
  File "/home/liyufeng/miniforge3/envs/safeduo/lib/python3.11/site-packages/isaacsim/extscache/omni.graph.tools-1.79.2+69cbf6ad/omni/graph/tools/_impl/internal/file_utils.py", line 239, in load_module_from_file
    spec.loader.exec_module(module)
  File "<frozen importlib._bootstrap_external>", line 940, in exec_module
  File "<frozen importlib._bootstrap>", line 241, in _call_with_frames_removed
  File "/home/liyufeng/miniforge3/envs/safeduo/lib/python3.11/site-packages/isaacsim/extscache/omni.graph.action_nodes-1.50.4+107.3.0.lx64.r.cp311.u353/omni/graph/action_nodes/ogn/tests/TestOgnOnMessageBusEvent.py", line 2, in <module>
    import omni.kit.test
  File "/home/liyufeng/miniforge3/envs/safeduo/lib/python3.11/site-packages/isaacsim/extscache/omni.kit.test-2.0.1+69cbf6ad.lx64.r.cp311/omni/kit/test/__init__.py", line 7, in <module>
    from . import unittests
  File "/home/liyufeng/miniforge3/envs/safeduo/lib/python3.11/site-packages/isaacsim/extscache/omni.kit.test-2.0.1+69cbf6ad.lx64.r.cp311/omni/kit/test/unittests.py", line 21, in <module>
    from .async_unittest import AsyncTestSuite, AsyncTextTestRunner, OmniTestResult, AsyncTestCase
  File "/home/liyufeng/miniforge3/envs/safeduo/lib/python3.11/site-packages/isaacsim/extscache/omni.kit.test-2.0.1+69cbf6ad.lx64.r.cp311/omni/kit/test/async_unittest.py", line 25, in <module>
    from .reporter import TestReporter
  File "/home/liyufeng/miniforge3/envs/safeduo/lib/python3.11/site-packages/isaacsim/extscache/omni.kit.test-2.0.1+69cbf6ad.lx64.r.cp311/omni/kit/test/reporter.py", line 27, in <module>
    from .test_coverage import generate_coverage_report
  File "/home/liyufeng/miniforge3/envs/safeduo/lib/python3.11/site-packages/isaacsim/extscache/omni.kit.test-2.0.1+69cbf6ad.lx64.r.cp311/omni/kit/test/test_coverage.py", line 10, in <module>
    import coverage
  File "/home/liyufeng/miniforge3/envs/safeduo/lib/python3.11/site-packages/coverage/__init__.py", line 24, in <module>
    from coverage.control import (
  File "/home/liyufeng/miniforge3/envs/safeduo/lib/python3.11/site-packages/coverage/control.py", line 28, in <module>
    from coverage.collector import Collector, HAS_CTRACER
  File "/home/liyufeng/miniforge3/envs/safeduo/lib/python3.11/site-packages/coverage/collector.py", line 19, in <module>
    from coverage.data import CoverageData
  File "/home/liyufeng/miniforge3/envs/safeduo/lib/python3.11/site-packages/coverage/data.py", line 24, in <module>
    from coverage.sqldata import CoverageData
  File "/home/liyufeng/miniforge3/envs/safeduo/lib/python3.11/site-packages/coverage/sqldata.py", line 16, in <module>
    import sqlite3
  File "/home/liyufeng/miniforge3/envs/safeduo/lib/python3.11/sqlite3/__init__.py", line 57, in <module>
    from sqlite3.dbapi2 import *
  File "/home/liyufeng/miniforge3/envs/safeduo/lib/python3.11/sqlite3/dbapi2.py", line 27, in <module>
    from _sqlite3 import *
ImportError: /lib/x86_64-linux-gnu/libstdc++.so.6: version `CXXABI_1.3.15' not found (required by /home/liyufeng/miniforge3/envs/safeduo/lib/python3.11/lib-dynload/../.././libicui18n.so.78)

2026-10-08T03:43:01Z [3,396ms] [Error] [omni.graph.tools._impl.internal.extension_contents_1_18] Exception while importing test omni.graph.action_nodes.ogn.tests.TestOgnSendCustomEvent: Traceback (most recent call last):
  File "/home/liyufeng/miniforge3/envs/safeduo/lib/python3.11/site-packages/isaacsim/extscache/omni.graph.tools-1.79.2+69cbf6ad/omni/graph/tools/_impl/internal/extension_contents_1_18.py", line 394, in do_import_test_definition
    test_module = load_module_from_file(test_module_name, test_file)
                  ^^^^^^^^^^^^^^^^^^^^^^^^^^^^^^^^^^^^^^^^^^^^^^^^^^
  File "/home/liyufeng/miniforge3/envs/safeduo/lib/python3.11/site-packages/isaacsim/extscache/omni.graph.tools-1.79.2+69cbf6ad/omni/graph/tools/_impl/internal/file_utils.py", line 239, in load_module_from_file
    spec.loader.exec_module(module)
  File "<frozen importlib._bootstrap_external>", line 940, in exec_module
  File "<frozen importlib._bootstrap>", line 241, in _call_with_frames_removed
  File "/home/liyufeng/miniforge3/envs/safeduo/lib/python3.11/site-packages/isaacsim/extscache/omni.graph.action_nodes-1.50.4+107.3.0.lx64.r.cp311.u353/omni/graph/action_nodes/ogn/tests/TestOgnSendCustomEvent.py", line 4, in <module>
    import omni.graph.core.tests as ogts
  File "/home/liyufeng/miniforge3/envs/safeduo/lib/python3.11/site-packages/isaacsim/extscache/omni.graph-1.141.2+69cbf6ad.lx64.r.cp311/omni/graph/core/tests/__init__.py", line 20, in <module>
    from .omnigraph_test_utils import OmniGraphTestCase
  File "/home/liyufeng/miniforge3/envs/safeduo/lib/python3.11/site-packages/isaacsim/extscache/omni.graph-1.141.2+69cbf6ad.lx64.r.cp311/omni/graph/core/tests/omnigraph_test_utils.py", line 198, in <module>
    OmniGraphTestCase = test_case_class()
                        ^^^^^^^^^^^^^^^^^
  File "/home/liyufeng/miniforge3/envs/safeduo/lib/python3.11/site-packages/isaacsim/extscache/omni.graph-1.141.2+69cbf6ad.lx64.r.cp311/omni/graph/core/tests/omnigraph_test_utils.py", line 135, in test_case_class
    base_class = omni.kit.test.AsyncTestCase
                 ^^^^^^^^^^^^^
AttributeError: module 'omni.kit' has no attribute 'test'

2026-10-08T03:43:01Z [3,398ms] [Error] [omni.graph.tools._impl.internal.extension_contents_1_18] Exception while importing test omni.graph.action_nodes.ogn.tests.TestOgnBranch: Traceback (most recent call last):
  File "/home/liyufeng/miniforge3/envs/safeduo/lib/python3.11/site-packages/isaacsim/extscache/omni.graph.tools-1.79.2+69cbf6ad/omni/graph/tools/_impl/internal/extension_contents_1_18.py", line 394, in do_import_test_definition
    test_module = load_module_from_file(test_module_name, test_file)
                  ^^^^^^^^^^^^^^^^^^^^^^^^^^^^^^^^^^^^^^^^^^^^^^^^^^
  File "/home/liyufeng/miniforge3/envs/safeduo/lib/python3.11/site-packages/isaacsim/extscache/omni.graph.tools-1.79.2+69cbf6ad/omni/graph/tools/_impl/internal/file_utils.py", line 239, in load_module_from_file
    spec.loader.exec_module(module)
  File "<frozen importlib._bootstrap_external>", line 940, in exec_module
  File "<frozen importlib._bootstrap>", line 241, in _call_with_frames_removed
  File "/home/liyufeng/miniforge3/envs/safeduo/lib/python3.11/site-packages/isaacsim/extscache/omni.graph.action_nodes-1.50.4+107.3.0.lx64.r.cp311.u353/omni/graph/action_nodes/ogn/tests/TestOgnBranch.py", line 4, in <module>
    import omni.graph.core.tests as ogts
  File "/home/liyufeng/miniforge3/envs/safeduo/lib/python3.11/site-packages/isaacsim/extscache/omni.graph-1.141.2+69cbf6ad.lx64.r.cp311/omni/graph/core/tests/__init__.py", line 20, in <module>
    from .omnigraph_test_utils import OmniGraphTestCase
  File "/home/liyufeng/miniforge3/envs/safeduo/lib/python3.11/site-packages/isaacsim/extscache/omni.graph-1.141.2+69cbf6ad.lx64.r.cp311/omni/graph/core/tests/omnigraph_test_utils.py", line 198, in <module>
    OmniGraphTestCase = test_case_class()
                        ^^^^^^^^^^^^^^^^^
  File "/home/liyufeng/miniforge3/envs/safeduo/lib/python3.11/site-packages/isaacsim/extscache/omni.graph-1.141.2+69cbf6ad.lx64.r.cp311/omni/graph/core/tests/omnigraph_test_utils.py", line 135, in test_case_class
    base_class = omni.kit.test.AsyncTestCase
                 ^^^^^^^^^^^^^
AttributeError: module 'omni.kit' has no attribute 'test'

2026-10-08T03:43:01Z [3,399ms] [Error] [omni.graph.tools._impl.internal.extension_contents_1_18] Exception while importing test omni.graph.action_nodes.ogn.tests.TestOgnOnLoaded: Traceback (most recent call last):
  File "/home/liyufeng/miniforge3/envs/safeduo/lib/python3.11/site-packages/isaacsim/extscache/omni.graph.tools-1.79.2+69cbf6ad/omni/graph/tools/_impl/internal/extension_contents_1_18.py", line 394, in do_import_test_definition
    test_module = load_module_from_file(test_module_name, test_file)
                  ^^^^^^^^^^^^^^^^^^^^^^^^^^^^^^^^^^^^^^^^^^^^^^^^^^
  File "/home/liyufeng/miniforge3/envs/safeduo/lib/python3.11/site-packages/isaacsim/extscache/omni.graph.tools-1.79.2+69cbf6ad/omni/graph/tools/_impl/internal/file_utils.py", line 239, in load_module_from_file
    spec.loader.exec_module(module)
  File "<frozen importlib._bootstrap_external>", line 940, in exec_module
  File "<frozen importlib._bootstrap>", line 241, in _call_with_frames_removed
  File "/home/liyufeng/miniforge3/envs/safeduo/lib/python3.11/site-packages/isaacsim/extscache/omni.graph.action_nodes-1.50.4+107.3.0.lx64.r.cp311.u353/omni/graph/action_nodes/ogn/tests/TestOgnOnLoaded.py", line 4, in <module>
    import omni.graph.core.tests as ogts
ImportError: cannot import name 'tests' from 'omni.graph.core' (/home/liyufeng/miniforge3/envs/safeduo/lib/python3.11/site-packages/isaacsim/extscache/omni.graph-1.141.2+69cbf6ad.lx64.r.cp311/omni/graph/core/__init__.py)

2026-10-08T03:43:01Z [3,409ms] [Error] [omni.graph.tools._impl.internal.extension_contents_1_18] Exception while importing test omni.graph.action_nodes.ogn.tests.TestOgnSetPrimActive: Traceback (most recent call last):
  File "/home/liyufeng/miniforge3/envs/safeduo/lib/python3.11/site-packages/isaacsim/extscache/omni.graph.tools-1.79.2+69cbf6ad/omni/graph/tools/_impl/internal/extension_contents_1_18.py", line 394, in do_import_test_definition
    test_module = load_module_from_file(test_module_name, test_file)
                  ^^^^^^^^^^^^^^^^^^^^^^^^^^^^^^^^^^^^^^^^^^^^^^^^^^
  File "/home/liyufeng/miniforge3/envs/safeduo/lib/python3.11/site-packages/isaacsim/extscache/omni.graph.tools-1.79.2+69cbf6ad/omni/graph/tools/_impl/internal/file_utils.py", line 239, in load_module_from_file
    spec.loader.exec_module(module)
  File "<frozen importlib._bootstrap_external>", line 940, in exec_module
  File "<frozen importlib._bootstrap>", line 241, in _call_with_frames_removed
  File "/home/liyufeng/miniforge3/envs/safeduo/lib/python3.11/site-packages/isaacsim/extscache/omni.graph.action_nodes-1.50.4+107.3.0.lx64.r.cp311.u353/omni/graph/action_nodes/ogn/tests/TestOgnSetPrimActive.py", line 4, in <module>
    import omni.graph.core.tests as ogts
ImportError: cannot import name 'tests' from 'omni.graph.core' (/home/liyufeng/miniforge3/envs/safeduo/lib/python3.11/site-packages/isaacsim/extscache/omni.graph-1.141.2+69cbf6ad.lx64.r.cp311/omni/graph/core/__init__.py)

2026-10-08T03:43:01Z [3,409ms] [Error] [omni.graph.tools._impl.internal.extension_contents_1_18] Exception while importing test omni.graph.action_nodes.ogn.tests.TestOgnForEachTarget: Traceback (most recent call last):
  File "/home/liyufeng/miniforge3/envs/safeduo/lib/python3.11/site-packages/isaacsim/extscache/omni.graph.tools-1.79.2+69cbf6ad/omni/graph/tools/_impl/internal/extension_contents_1_18.py", line 394, in do_import_test_definition
    test_module = load_module_from_file(test_module_name, test_file)
                  ^^^^^^^^^^^^^^^^^^^^^^^^^^^^^^^^^^^^^^^^^^^^^^^^^^
  File "/home/liyufeng/miniforge3/envs/safeduo/lib/python3.11/site-packages/isaacsim/extscache/omni.graph.tools-1.79.2+69cbf6ad/omni/graph/tools/_impl/internal/file_utils.py", line 239, in load_module_from_file
    spec.loader.exec_module(module)
  File "<frozen importlib._bootstrap_external>", line 940, in exec_module
  File "<frozen importlib._bootstrap>", line 241, in _call_with_frames_removed
  File "/home/liyufeng/miniforge3/envs/safeduo/lib/python3.11/site-packages/isaacsim/extscache/omni.graph.action_nodes-1.50.4+107.3.0.lx64.r.cp311.u353/omni/graph/action_nodes/ogn/tests/TestOgnForEachTarget.py", line 4, in <module>
    import omni.graph.core.tests as ogts
ImportError: cannot import name 'tests' from 'omni.graph.core' (/home/liyufeng/miniforge3/envs/safeduo/lib/python3.11/site-packages/isaacsim/extscache/omni.graph-1.141.2+69cbf6ad.lx64.r.cp311/omni/graph/core/__init__.py)

2026-10-08T03:43:01Z [3,411ms] [Error] [omni.graph.tools._impl.internal.extension_contents_1_18] Exception while importing test omni.graph.action_nodes.ogn.tests.TestOgnMultisequence: Traceback (most recent call last):
  File "/home/liyufeng/miniforge3/envs/safeduo/lib/python3.11/site-packages/isaacsim/extscache/omni.graph.tools-1.79.2+69cbf6ad/omni/graph/tools/_impl/internal/extension_contents_1_18.py", line 394, in do_import_test_definition
    test_module = load_module_from_file(test_module_name, test_file)
                  ^^^^^^^^^^^^^^^^^^^^^^^^^^^^^^^^^^^^^^^^^^^^^^^^^^
  File "/home/liyufeng/miniforge3/envs/safeduo/lib/python3.11/site-packages/isaacsim/extscache/omni.graph.tools-1.79.2+69cbf6ad/omni/graph/tools/_impl/internal/file_utils.py", line 239, in load_module_from_file
    spec.loader.exec_module(module)
  File "<frozen importlib._bootstrap_external>", line 940, in exec_module
  File "<frozen importlib._bootstrap>", line 241, in _call_with_frames_removed
  File "/home/liyufeng/miniforge3/envs/safeduo/lib/python3.11/site-packages/isaacsim/extscache/omni.graph.action_nodes-1.50.4+107.3.0.lx64.r.cp311.u353/omni/graph/action_nodes/ogn/tests/TestOgnMultisequence.py", line 4, in <module>
    import omni.graph.core.tests as ogts
  File "/home/liyufeng/miniforge3/envs/safeduo/lib/python3.11/site-packages/isaacsim/extscache/omni.graph-1.141.2+69cbf6ad.lx64.r.cp311/omni/graph/core/tests/__init__.py", line 20, in <module>
    from .omnigraph_test_utils import OmniGraphTestCase
  File "/home/liyufeng/miniforge3/envs/safeduo/lib/python3.11/site-packages/isaacsim/extscache/omni.graph-1.141.2+69cbf6ad.lx64.r.cp311/omni/graph/core/tests/omnigraph_test_utils.py", line 198, in <module>
    OmniGraphTestCase = test_case_class()
                        ^^^^^^^^^^^^^^^^^
  File "/home/liyufeng/miniforge3/envs/safeduo/lib/python3.11/site-packages/isaacsim/extscache/omni.graph-1.141.2+69cbf6ad.lx64.r.cp311/omni/graph/core/tests/omnigraph_test_utils.py", line 135, in test_case_class
    base_class = omni.kit.test.AsyncTestCase
                 ^^^^^^^^^^^^^
AttributeError: module 'omni.kit' has no attribute 'test'

2026-10-08T03:43:01Z [3,411ms] [Error] [omni.graph.tools._impl.internal.extension_contents_1_18] Exception while importing test omni.graph.action_nodes.ogn.tests.TestOgnOnStageEvent: Traceback (most recent call last):
  File "/home/liyufeng/miniforge3/envs/safeduo/lib/python3.11/site-packages/isaacsim/extscache/omni.graph.tools-1.79.2+69cbf6ad/omni/graph/tools/_impl/internal/extension_contents_1_18.py", line 394, in do_import_test_definition
    test_module = load_module_from_file(test_module_name, test_file)
                  ^^^^^^^^^^^^^^^^^^^^^^^^^^^^^^^^^^^^^^^^^^^^^^^^^^
  File "/home/liyufeng/miniforge3/envs/safeduo/lib/python3.11/site-packages/isaacsim/extscache/omni.graph.tools-1.79.2+69cbf6ad/omni/graph/tools/_impl/internal/file_utils.py", line 239, in load_module_from_file
    spec.loader.exec_module(module)
  File "<frozen importlib._bootstrap_external>", line 940, in exec_module
  File "<frozen importlib._bootstrap>", line 241, in _call_with_frames_removed
  File "/home/liyufeng/miniforge3/envs/safeduo/lib/python3.11/site-packages/isaacsim/extscache/omni.graph.action_nodes-1.50.4+107.3.0.lx64.r.cp311.u353/omni/graph/action_nodes/ogn/tests/TestOgnOnStageEvent.py", line 4, in <module>
    import omni.graph.core.tests as ogts
ImportError: cannot import name 'tests' from 'omni.graph.core' (/home/liyufeng/miniforge3/envs/safeduo/lib/python3.11/site-packages/isaacsim/extscache/omni.graph-1.141.2+69cbf6ad.lx64.r.cp311/omni/graph/core/__init__.py)

2026-10-08T03:43:01Z [3,411ms] [Error] [omni.graph.tools._impl.internal.extension_contents_1_18] Exception while importing test omni.graph.action_nodes.ogn.tests.TestOgnOnce: Traceback (most recent call last):
  File "/home/liyufeng/miniforge3/envs/safeduo/lib/python3.11/site-packages/isaacsim/extscache/omni.graph.tools-1.79.2+69cbf6ad/omni/graph/tools/_impl/internal/extension_contents_1_18.py", line 394, in do_import_test_definition
    test_module = load_module_from_file(test_module_name, test_file)
                  ^^^^^^^^^^^^^^^^^^^^^^^^^^^^^^^^^^^^^^^^^^^^^^^^^^
  File "/home/liyufeng/miniforge3/envs/safeduo/lib/python3.11/site-packages/isaacsim/extscache/omni.graph.tools-1.79.2+69cbf6ad/omni/graph/tools/_impl/internal/file_utils.py", line 239, in load_module_from_file
    spec.loader.exec_module(module)
  File "<frozen importlib._bootstrap_external>", line 940, in exec_module
  File "<frozen importlib._bootstrap>", line 241, in _call_with_frames_removed
  File "/home/liyufeng/miniforge3/envs/safeduo/lib/python3.11/site-packages/isaacsim/extscache/omni.graph.action_nodes-1.50.4+107.3.0.lx64.r.cp311.u353/omni/graph/action_nodes/ogn/tests/TestOgnOnce.py", line 4, in <module>
    import omni.graph.core.tests as ogts
ImportError: cannot import name 'tests' from 'omni.graph.core' (/home/liyufeng/miniforge3/envs/safeduo/lib/python3.11/site-packages/isaacsim/extscache/omni.graph-1.141.2+69cbf6ad.lx64.r.cp311/omni/graph/core/__init__.py)

2026-10-08T03:43:01Z [3,412ms] [Error] [omni.graph.tools._impl.internal.extension_contents_1_18] Exception while importing test omni.graph.action_nodes.ogn.tests.TestOgnGate: Traceback (most recent call last):
  File "/home/liyufeng/miniforge3/envs/safeduo/lib/python3.11/site-packages/isaacsim/extscache/omni.graph.tools-1.79.2+69cbf6ad/omni/graph/tools/_impl/internal/extension_contents_1_18.py", line 394, in do_import_test_definition
    test_module = load_module_from_file(test_module_name, test_file)
                  ^^^^^^^^^^^^^^^^^^^^^^^^^^^^^^^^^^^^^^^^^^^^^^^^^^
  File "/home/liyufeng/miniforge3/envs/safeduo/lib/python3.11/site-packages/isaacsim/extscache/omni.graph.tools-1.79.2+69cbf6ad/omni/graph/tools/_impl/internal/file_utils.py", line 239, in load_module_from_file
    spec.loader.exec_module(module)
  File "<frozen importlib._bootstrap_external>", line 940, in exec_module
  File "<frozen importlib._bootstrap>", line 241, in _call_with_frames_removed
  File "/home/liyufeng/miniforge3/envs/safeduo/lib/python3.11/site-packages/isaacsim/extscache/omni.graph.action_nodes-1.50.4+107.3.0.lx64.r.cp311.u353/omni/graph/action_nodes/ogn/tests/TestOgnGate.py", line 4, in <module>
    import omni.graph.core.tests as ogts
ImportError: cannot import name 'tests' from 'omni.graph.core' (/home/liyufeng/miniforge3/envs/safeduo/lib/python3.11/site-packages/isaacsim/extscache/omni.graph-1.141.2+69cbf6ad.lx64.r.cp311/omni/graph/core/__init__.py)

2026-10-08T03:43:01Z [3,414ms] [Error] [omni.graph.tools._impl.internal.extension_contents_1_18] Exception while importing test omni.graph.action_nodes.ogn.tests.TestOgnForEach: Traceback (most recent call last):
  File "/home/liyufeng/miniforge3/envs/safeduo/lib/python3.11/site-packages/isaacsim/extscache/omni.graph.tools-1.79.2+69cbf6ad/omni/graph/tools/_impl/internal/extension_contents_1_18.py", line 394, in do_import_test_definition
    test_module = load_module_from_file(test_module_name, test_file)
                  ^^^^^^^^^^^^^^^^^^^^^^^^^^^^^^^^^^^^^^^^^^^^^^^^^^
  File "/home/liyufeng/miniforge3/envs/safeduo/lib/python3.11/site-packages/isaacsim/extscache/omni.graph.tools-1.79.2+69cbf6ad/omni/graph/tools/_impl/internal/file_utils.py", line 239, in load_module_from_file
    spec.loader.exec_module(module)
  File "<frozen importlib._bootstrap_external>", line 940, in exec_module
  File "<frozen importlib._bootstrap>", line 241, in _call_with_frames_removed
  File "/home/liyufeng/miniforge3/envs/safeduo/lib/python3.11/site-packages/isaacsim/extscache/omni.graph.action_nodes-1.50.4+107.3.0.lx64.r.cp311.u353/omni/graph/action_nodes/ogn/tests/TestOgnForEach.py", line 4, in <module>
    import omni.graph.core.tests as ogts
  File "/home/liyufeng/miniforge3/envs/safeduo/lib/python3.11/site-packages/isaacsim/extscache/omni.graph-1.141.2+69cbf6ad.lx64.r.cp311/omni/graph/core/tests/__init__.py", line 20, in <module>
    from .omnigraph_test_utils import OmniGraphTestCase
  File "/home/liyufeng/miniforge3/envs/safeduo/lib/python3.11/site-packages/isaacsim/extscache/omni.graph-1.141.2+69cbf6ad.lx64.r.cp311/omni/graph/core/tests/omnigraph_test_utils.py", line 198, in <module>
    OmniGraphTestCase = test_case_class()
                        ^^^^^^^^^^^^^^^^^
  File "/home/liyufeng/miniforge3/envs/safeduo/lib/python3.11/site-packages/isaacsim/extscache/omni.graph-1.141.2+69cbf6ad.lx64.r.cp311/omni/graph/core/tests/omnigraph_test_utils.py", line 135, in test_case_class
    base_class = omni.kit.test.AsyncTestCase
                 ^^^^^^^^^^^^^
AttributeError: module 'omni.kit' has no attribute 'test'

2026-10-08T03:43:01Z [3,436ms] [Error] [omni.graph.tools._impl.internal.extension_contents_1_18] Exception while importing test omni.graph.action_nodes.ogn.tests.TestOgnOnTick: Traceback (most recent call last):
  File "/home/liyufeng/miniforge3/envs/safeduo/lib/python3.11/site-packages/isaacsim/extscache/omni.graph.tools-1.79.2+69cbf6ad/omni/graph/tools/_impl/internal/extension_contents_1_18.py", line 394, in do_import_test_definition
    test_module = load_module_from_file(test_module_name, test_file)
                  ^^^^^^^^^^^^^^^^^^^^^^^^^^^^^^^^^^^^^^^^^^^^^^^^^^
  File "/home/liyufeng/miniforge3/envs/safeduo/lib/python3.11/site-packages/isaacsim/extscache/omni.graph.tools-1.79.2+69cbf6ad/omni/graph/tools/_impl/internal/file_utils.py", line 239, in load_module_from_file
    spec.loader.exec_module(module)
  File "<frozen importlib._bootstrap_external>", line 940, in exec_module
  File "<frozen importlib._bootstrap>", line 241, in _call_with_frames_removed
  File "/home/liyufeng/miniforge3/envs/safeduo/lib/python3.11/site-packages/isaacsim/extscache/omni.graph.action_nodes-1.50.4+107.3.0.lx64.r.cp311.u353/omni/graph/action_nodes/ogn/tests/TestOgnOnTick.py", line 4, in <module>
    import omni.graph.core.tests as ogts
ImportError: cannot import name 'tests' from 'omni.graph.core' (/home/liyufeng/miniforge3/envs/safeduo/lib/python3.11/site-packages/isaacsim/extscache/omni.graph-1.141.2+69cbf6ad.lx64.r.cp311/omni/graph/core/__init__.py)

2026-10-08T03:43:01Z [3,436ms] [Error] [omni.graph.tools._impl.internal.extension_contents_1_18] Exception while importing test omni.graph.action_nodes.ogn.tests.TestOgnOnMouseInput: Traceback (most recent call last):
  File "/home/liyufeng/miniforge3/envs/safeduo/lib/python3.11/site-packages/isaacsim/extscache/omni.graph.tools-1.79.2+69cbf6ad/omni/graph/tools/_impl/internal/extension_contents_1_18.py", line 394, in do_import_test_definition
    test_module = load_module_from_file(test_module_name, test_file)
                  ^^^^^^^^^^^^^^^^^^^^^^^^^^^^^^^^^^^^^^^^^^^^^^^^^^
  File "/home/liyufeng/miniforge3/envs/safeduo/lib/python3.11/site-packages/isaacsim/extscache/omni.graph.tools-1.79.2+69cbf6ad/omni/graph/tools/_impl/internal/file_utils.py", line 239, in load_module_from_file
    spec.loader.exec_module(module)
  File "<frozen importlib._bootstrap_external>", line 940, in exec_module
  File "<frozen importlib._bootstrap>", line 241, in _call_with_frames_removed
  File "/home/liyufeng/miniforge3/envs/safeduo/lib/python3.11/site-packages/isaacsim/extscache/omni.graph.action_nodes-1.50.4+107.3.0.lx64.r.cp311.u353/omni/graph/action_nodes/ogn/tests/TestOgnOnMouseInput.py", line 4, in <module>
    import omni.graph.core.tests as ogts
ImportError: cannot import name 'tests' from 'omni.graph.core' (/home/liyufeng/miniforge3/envs/safeduo/lib/python3.11/site-packages/isaacsim/extscache/omni.graph-1.141.2+69cbf6ad.lx64.r.cp311/omni/graph/core/__init__.py)

2026-10-08T03:43:01Z [3,437ms] [Error] [omni.graph.tools._impl.internal.extension_contents_1_18] Exception while importing test omni.graph.action_nodes.ogn.tests.TestOgnSwitchToken: Traceback (most recent call last):
  File "/home/liyufeng/miniforge3/envs/safeduo/lib/python3.11/site-packages/isaacsim/extscache/omni.graph.tools-1.79.2+69cbf6ad/omni/graph/tools/_impl/internal/extension_contents_1_18.py", line 394, in do_import_test_definition
    test_module = load_module_from_file(test_module_name, test_file)
                  ^^^^^^^^^^^^^^^^^^^^^^^^^^^^^^^^^^^^^^^^^^^^^^^^^^
  File "/home/liyufeng/miniforge3/envs/safeduo/lib/python3.11/site-packages/isaacsim/extscache/omni.graph.tools-1.79.2+69cbf6ad/omni/graph/tools/_impl/internal/file_utils.py", line 239, in load_module_from_file
    spec.loader.exec_module(module)
  File "<frozen importlib._bootstrap_external>", line 940, in exec_module
  File "<frozen importlib._bootstrap>", line 241, in _call_with_frames_removed
  File "/home/liyufeng/miniforge3/envs/safeduo/lib/python3.11/site-packages/isaacsim/extscache/omni.graph.action_nodes-1.50.4+107.3.0.lx64.r.cp311.u353/omni/graph/action_nodes/ogn/tests/TestOgnSwitchToken.py", line 4, in <module>
    import omni.graph.core.tests as ogts
  File "/home/liyufeng/miniforge3/envs/safeduo/lib/python3.11/site-packages/isaacsim/extscache/omni.graph-1.141.2+69cbf6ad.lx64.r.cp311/omni/graph/core/tests/__init__.py", line 20, in <module>
    from .omnigraph_test_utils import OmniGraphTestCase
  File "/home/liyufeng/miniforge3/envs/safeduo/lib/python3.11/site-packages/isaacsim/extscache/omni.graph-1.141.2+69cbf6ad.lx64.r.cp311/omni/graph/core/tests/omnigraph_test_utils.py", line 198, in <module>
    OmniGraphTestCase = test_case_class()
                        ^^^^^^^^^^^^^^^^^
  File "/home/liyufeng/miniforge3/envs/safeduo/lib/python3.11/site-packages/isaacsim/extscache/omni.graph-1.141.2+69cbf6ad.lx64.r.cp311/omni/graph/core/tests/omnigraph_test_utils.py", line 135, in test_case_class
    base_class = omni.kit.test.AsyncTestCase
                 ^^^^^^^^^^^^^
AttributeError: cannot access submodule 'test' of module 'omni.kit' (most likely due to a circular import)

2026-10-08T03:43:01Z [3,438ms] [Error] [omni.graph.tools._impl.internal.extension_contents_1_18] Exception while importing test omni.graph.action_nodes.ogn.tests.TestOgnMultigate: Traceback (most recent call last):
  File "/home/liyufeng/miniforge3/envs/safeduo/lib/python3.11/site-packages/isaacsim/extscache/omni.graph.tools-1.79.2+69cbf6ad/omni/graph/tools/_impl/internal/extension_contents_1_18.py", line 394, in do_import_test_definition
    test_module = load_module_from_file(test_module_name, test_file)
                  ^^^^^^^^^^^^^^^^^^^^^^^^^^^^^^^^^^^^^^^^^^^^^^^^^^
  File "/home/liyufeng/miniforge3/envs/safeduo/lib/python3.11/site-packages/isaacsim/extscache/omni.graph.tools-1.79.2+69cbf6ad/omni/graph/tools/_impl/internal/file_utils.py", line 239, in load_module_from_file
    spec.loader.exec_module(module)
  File "<frozen importlib._bootstrap_external>", line 940, in exec_module
  File "<frozen importlib._bootstrap>", line 241, in _call_with_frames_removed
  File "/home/liyufeng/miniforge3/envs/safeduo/lib/python3.11/site-packages/isaacsim/extscache/omni.graph.action_nodes-1.50.4+107.3.0.lx64.r.cp311.u353/omni/graph/action_nodes/ogn/tests/TestOgnMultigate.py", line 4, in <module>
    import omni.graph.core.tests as ogts
ImportError: cannot import name 'tests' from 'omni.graph.core' (/home/liyufeng/miniforge3/envs/safeduo/lib/python3.11/site-packages/isaacsim/extscache/omni.graph-1.141.2+69cbf6ad.lx64.r.cp311/omni/graph/core/__init__.py)

2026-10-08T03:43:01Z [3,438ms] [Error] [omni.graph.tools._impl.internal.extension_contents_1_18] Exception while importing test omni.graph.action_nodes.ogn.tests.TestOgnOnObjectChange: Traceback (most recent call last):
  File "/home/liyufeng/miniforge3/envs/safeduo/lib/python3.11/site-packages/isaacsim/extscache/omni.graph.tools-1.79.2+69cbf6ad/omni/graph/tools/_impl/internal/extension_contents_1_18.py", line 394, in do_import_test_definition
    test_module = load_module_from_file(test_module_name, test_file)
                  ^^^^^^^^^^^^^^^^^^^^^^^^^^^^^^^^^^^^^^^^^^^^^^^^^^
  File "/home/liyufeng/miniforge3/envs/safeduo/lib/python3.11/site-packages/isaacsim/extscache/omni.graph.tools-1.79.2+69cbf6ad/omni/graph/tools/_impl/internal/file_utils.py", line 239, in load_module_from_file
    spec.loader.exec_module(module)
  File "<frozen importlib._bootstrap_external>", line 940, in exec_module
  File "<frozen importlib._bootstrap>", line 241, in _call_with_frames_removed
  File "/home/liyufeng/miniforge3/envs/safeduo/lib/python3.11/site-packages/isaacsim/extscache/omni.graph.action_nodes-1.50.4+107.3.0.lx64.r.cp311.u353/omni/graph/action_nodes/ogn/tests/TestOgnOnObjectChange.py", line 4, in <module>
    import omni.graph.core.tests as ogts
ImportError: cannot import name 'tests' from 'omni.graph.core' (/home/liyufeng/miniforge3/envs/safeduo/lib/python3.11/site-packages/isaacsim/extscache/omni.graph-1.141.2+69cbf6ad.lx64.r.cp311/omni/graph/core/__init__.py)

2026-10-08T03:43:01Z [3,456ms] [Error] [omni.graph.tools._impl.internal.extension_contents_1_18] Exception while importing test omni.graph.action_nodes.ogn.tests.TestOgnRationalTimeSyncGate: Traceback (most recent call last):
  File "/home/liyufeng/miniforge3/envs/safeduo/lib/python3.11/site-packages/isaacsim/extscache/omni.graph.tools-1.79.2+69cbf6ad/omni/graph/tools/_impl/internal/extension_contents_1_18.py", line 394, in do_import_test_definition
    test_module = load_module_from_file(test_module_name, test_file)
                  ^^^^^^^^^^^^^^^^^^^^^^^^^^^^^^^^^^^^^^^^^^^^^^^^^^
  File "/home/liyufeng/miniforge3/envs/safeduo/lib/python3.11/site-packages/isaacsim/extscache/omni.graph.tools-1.79.2+69cbf6ad/omni/graph/tools/_impl/internal/file_utils.py", line 239, in load_module_from_file
    spec.loader.exec_module(module)
  File "<frozen importlib._bootstrap_external>", line 940, in exec_module
  File "<frozen importlib._bootstrap>", line 241, in _call_with_frames_removed
  File "/home/liyufeng/miniforge3/envs/safeduo/lib/python3.11/site-packages/isaacsim/extscache/omni.graph.action_nodes-1.50.4+107.3.0.lx64.r.cp311.u353/omni/graph/action_nodes/ogn/tests/TestOgnRationalTimeSyncGate.py", line 4, in <module>
    import omni.graph.core.tests as ogts
  File "/home/liyufeng/miniforge3/envs/safeduo/lib/python3.11/site-packages/isaacsim/extscache/omni.graph-1.141.2+69cbf6ad.lx64.r.cp311/omni/graph/core/tests/__init__.py", line 20, in <module>
    from .omnigraph_test_utils import OmniGraphTestCase
  File "/home/liyufeng/miniforge3/envs/safeduo/lib/python3.11/site-packages/isaacsim/extscache/omni.graph-1.141.2+69cbf6ad.lx64.r.cp311/omni/graph/core/tests/omnigraph_test_utils.py", line 198, in <module>
    OmniGraphTestCase = test_case_class()
                        ^^^^^^^^^^^^^^^^^
  File "/home/liyufeng/miniforge3/envs/safeduo/lib/python3.11/site-packages/isaacsim/extscache/omni.graph-1.141.2+69cbf6ad.lx64.r.cp311/omni/graph/core/tests/omnigraph_test_utils.py", line 135, in test_case_class
    base_class = omni.kit.test.AsyncTestCase
                 ^^^^^^^^^^^^^
AttributeError: cannot access submodule 'test' of module 'omni.kit' (most likely due to a circular import)

2026-10-08T03:43:01Z [3,466ms] [Error] [omni.graph.tools._impl.internal.extension_contents_1_18] Exception while importing test omni.graph.action_nodes.ogn.tests.TestOgnOnVariableChange: Traceback (most recent call last):
  File "/home/liyufeng/miniforge3/envs/safeduo/lib/python3.11/site-packages/isaacsim/extscache/omni.graph.tools-1.79.2+69cbf6ad/omni/graph/tools/_impl/internal/extension_contents_1_18.py", line 394, in do_import_test_definition
    test_module = load_module_from_file(test_module_name, test_file)
                  ^^^^^^^^^^^^^^^^^^^^^^^^^^^^^^^^^^^^^^^^^^^^^^^^^^
  File "/home/liyufeng/miniforge3/envs/safeduo/lib/python3.11/site-packages/isaacsim/extscache/omni.graph.tools-1.79.2+69cbf6ad/omni/graph/tools/_impl/internal/file_utils.py", line 239, in load_module_from_file
    spec.loader.exec_module(module)
  File "<frozen importlib._bootstrap_external>", line 940, in exec_module
  File "<frozen importlib._bootstrap>", line 241, in _call_with_frames_removed
  File "/home/liyufeng/miniforge3/envs/safeduo/lib/python3.11/site-packages/isaacsim/extscache/omni.graph.action_nodes-1.50.4+107.3.0.lx64.r.cp311.u353/omni/graph/action_nodes/ogn/tests/TestOgnOnVariableChange.py", line 2, in <module>
    import omni.kit.test
  File "/home/liyufeng/miniforge3/envs/safeduo/lib/python3.11/site-packages/isaacsim/extscache/omni.kit.test-2.0.1+69cbf6ad.lx64.r.cp311/omni/kit/test/__init__.py", line 7, in <module>
    from . import unittests
  File "/home/liyufeng/miniforge3/envs/safeduo/lib/python3.11/site-packages/isaacsim/extscache/omni.kit.test-2.0.1+69cbf6ad.lx64.r.cp311/omni/kit/test/unittests.py", line 21, in <module>
    from .async_unittest import AsyncTestSuite, AsyncTextTestRunner, OmniTestResult, AsyncTestCase
  File "/home/liyufeng/miniforge3/envs/safeduo/lib/python3.11/site-packages/isaacsim/extscache/omni.kit.test-2.0.1+69cbf6ad.lx64.r.cp311/omni/kit/test/async_unittest.py", line 25, in <module>
    from .reporter import TestReporter
  File "/home/liyufeng/miniforge3/envs/safeduo/lib/python3.11/site-packages/isaacsim/extscache/omni.kit.test-2.0.1+69cbf6ad.lx64.r.cp311/omni/kit/test/reporter.py", line 27, in <module>
    from .test_coverage import generate_coverage_report
  File "/home/liyufeng/miniforge3/envs/safeduo/lib/python3.11/site-packages/isaacsim/extscache/omni.kit.test-2.0.1+69cbf6ad.lx64.r.cp311/omni/kit/test/test_coverage.py", line 10, in <module>
    import coverage
  File "/home/liyufeng/miniforge3/envs/safeduo/lib/python3.11/site-packages/coverage/__init__.py", line 24, in <module>
    from coverage.control import (
  File "/home/liyufeng/miniforge3/envs/safeduo/lib/python3.11/site-packages/coverage/control.py", line 28, in <module>
    from coverage.collector import Collector, HAS_CTRACER
  File "/home/liyufeng/miniforge3/envs/safeduo/lib/python3.11/site-packages/coverage/collector.py", line 19, in <module>
    from coverage.data import CoverageData
  File "/home/liyufeng/miniforge3/envs/safeduo/lib/python3.11/site-packages/coverage/data.py", line 24, in <module>
    from coverage.sqldata import CoverageData
  File "/home/liyufeng/miniforge3/envs/safeduo/lib/python3.11/site-packages/coverage/sqldata.py", line 16, in <module>
    import sqlite3
  File "/home/liyufeng/miniforge3/envs/safeduo/lib/python3.11/sqlite3/__init__.py", line 57, in <module>
    from sqlite3.dbapi2 import *
  File "/home/liyufeng/miniforge3/envs/safeduo/lib/python3.11/sqlite3/dbapi2.py", line 27, in <module>
    from _sqlite3 import *
ImportError: /lib/x86_64-linux-gnu/libstdc++.so.6: version `CXXABI_1.3.15' not found (required by /home/liyufeng/miniforge3/envs/safeduo/lib/python3.11/lib-dynload/../.././libicui18n.so.78)

2026-10-08T03:43:01Z [3,480ms] [Error] [omni.graph.tools._impl.internal.extension_contents_1_18] Exception while importing test omni.graph.action_nodes.ogn.tests.TestOgnAddPrimRelationship: Traceback (most recent call last):
  File "/home/liyufeng/miniforge3/envs/safeduo/lib/python3.11/site-packages/isaacsim/extscache/omni.graph.tools-1.79.2+69cbf6ad/omni/graph/tools/_impl/internal/extension_contents_1_18.py", line 394, in do_import_test_definition
    test_module = load_module_from_file(test_module_name, test_file)
                  ^^^^^^^^^^^^^^^^^^^^^^^^^^^^^^^^^^^^^^^^^^^^^^^^^^
  File "/home/liyufeng/miniforge3/envs/safeduo/lib/python3.11/site-packages/isaacsim/extscache/omni.graph.tools-1.79.2+69cbf6ad/omni/graph/tools/_impl/internal/file_utils.py", line 239, in load_module_from_file
    spec.loader.exec_module(module)
  File "<frozen importlib._bootstrap_external>", line 940, in exec_module
  File "<frozen importlib._bootstrap>", line 241, in _call_with_frames_removed
  File "/home/liyufeng/miniforge3/envs/safeduo/lib/python3.11/site-packages/isaacsim/extscache/omni.graph.action_nodes-1.50.4+107.3.0.lx64.r.cp311.u353/omni/graph/action_nodes/ogn/tests/TestOgnAddPrimRelationship.py", line 2, in <module>
    import omni.kit.test
  File "/home/liyufeng/miniforge3/envs/safeduo/lib/python3.11/site-packages/isaacsim/extscache/omni.kit.test-2.0.1+69cbf6ad.lx64.r.cp311/omni/kit/test/__init__.py", line 7, in <module>
    from . import unittests
  File "/home/liyufeng/miniforge3/envs/safeduo/lib/python3.11/site-packages/isaacsim/extscache/omni.kit.test-2.0.1+69cbf6ad.lx64.r.cp311/omni/kit/test/unittests.py", line 21, in <module>
    from .async_unittest import AsyncTestSuite, AsyncTextTestRunner, OmniTestResult, AsyncTestCase
  File "/home/liyufeng/miniforge3/envs/safeduo/lib/python3.11/site-packages/isaacsim/extscache/omni.kit.test-2.0.1+69cbf6ad.lx64.r.cp311/omni/kit/test/async_unittest.py", line 25, in <module>
    from .reporter import TestReporter
  File "/home/liyufeng/miniforge3/envs/safeduo/lib/python3.11/site-packages/isaacsim/extscache/omni.kit.test-2.0.1+69cbf6ad.lx64.r.cp311/omni/kit/test/reporter.py", line 27, in <module>
    from .test_coverage import generate_coverage_report
  File "/home/liyufeng/miniforge3/envs/safeduo/lib/python3.11/site-packages/isaacsim/extscache/omni.kit.test-2.0.1+69cbf6ad.lx64.r.cp311/omni/kit/test/test_coverage.py", line 10, in <module>
    import coverage
  File "/home/liyufeng/miniforge3/envs/safeduo/lib/python3.11/site-packages/coverage/__init__.py", line 24, in <module>
    from coverage.control import (
  File "/home/liyufeng/miniforge3/envs/safeduo/lib/python3.11/site-packages/coverage/control.py", line 28, in <module>
    from coverage.collector import Collector, HAS_CTRACER
  File "/home/liyufeng/miniforge3/envs/safeduo/lib/python3.11/site-packages/coverage/collector.py", line 19, in <module>
    from coverage.data import CoverageData
  File "/home/liyufeng/miniforge3/envs/safeduo/lib/python3.11/site-packages/coverage/data.py", line 24, in <module>
    from coverage.sqldata import CoverageData
  File "/home/liyufeng/miniforge3/envs/safeduo/lib/python3.11/site-packages/coverage/sqldata.py", line 16, in <module>
    import sqlite3
  File "/home/liyufeng/miniforge3/envs/safeduo/lib/python3.11/sqlite3/__init__.py", line 57, in <module>
    from sqlite3.dbapi2 import *
  File "/home/liyufeng/miniforge3/envs/safeduo/lib/python3.11/sqlite3/dbapi2.py", line 27, in <module>
    from _sqlite3 import *
ImportError: /lib/x86_64-linux-gnu/libstdc++.so.6: version `CXXABI_1.3.15' not found (required by /home/liyufeng/miniforge3/envs/safeduo/lib/python3.11/lib-dynload/../.././libicui18n.so.78)

2026-10-08T03:43:04Z [6,517ms] [Warning] [pxr.Semantics] pxr.Semantics is deprecated - please use Semantics instead
2026-10-08T03:43:04Z [6,611ms] [Warning] [omni.graph.core.plugin] Found duplicate of category 'Replicator' - was 'Annotators', adding 'Fabric Reader'
2026-10-08T03:43:04Z [6,611ms] [Warning] [omni.graph.core.plugin] Category 'Replicator' not accepted on node type 'omni.replicator.core.FabricReader' in extension 'omni.replicator.core'
2026-10-08T03:43:04Z [6,612ms] [Warning] [omni.replicator.core.scripts.extension] No material configuration file, adding configuration to material settings directly.
2026-10-08T03:43:04Z [6,660ms] [Error] [omni.graph.tools._impl.internal.extension_contents_1_18] Exception while importing test omni.replicator.core.ogn.tests.TestOgnSampleLight: Traceback (most recent call last):
  File "/home/liyufeng/miniforge3/envs/safeduo/lib/python3.11/site-packages/isaacsim/extscache/omni.graph.tools-1.79.2+69cbf6ad/omni/graph/tools/_impl/internal/extension_contents_1_18.py", line 394, in do_import_test_definition
    test_module = load_module_from_file(test_module_name, test_file)
                  ^^^^^^^^^^^^^^^^^^^^^^^^^^^^^^^^^^^^^^^^^^^^^^^^^^
  File "/home/liyufeng/miniforge3/envs/safeduo/lib/python3.11/site-packages/isaacsim/extscache/omni.graph.tools-1.79.2+69cbf6ad/omni/graph/tools/_impl/internal/file_utils.py", line 239, in load_module_from_file
    spec.loader.exec_module(module)
  File "<frozen importlib._bootstrap_external>", line 940, in exec_module
  File "<frozen importlib._bootstrap>", line 241, in _call_with_frames_removed
  File "/home/liyufeng/miniforge3/envs/safeduo/lib/python3.11/site-packages/isaacsim/extscache/omni.replicator.core-1.12.27+107.3.3.lx64.r.cp311/omni/replicator/core/ogn/tests/TestOgnSampleLight.py", line 4, in <module>
    import omni.graph.core.tests as ogts
  File "/home/liyufeng/miniforge3/envs/safeduo/lib/python3.11/site-packages/isaacsim/extscache/omni.graph-1.141.2+69cbf6ad.lx64.r.cp311/omni/graph/core/tests/__init__.py", line 20, in <module>
    from .omnigraph_test_utils import OmniGraphTestCase
  File "/home/liyufeng/miniforge3/envs/safeduo/lib/python3.11/site-packages/isaacsim/extscache/omni.graph-1.141.2+69cbf6ad.lx64.r.cp311/omni/graph/core/tests/omnigraph_test_utils.py", line 198, in <module>
    OmniGraphTestCase = test_case_class()
                        ^^^^^^^^^^^^^^^^^
  File "/home/liyufeng/miniforge3/envs/safeduo/lib/python3.11/site-packages/isaacsim/extscache/omni.graph-1.141.2+69cbf6ad.lx64.r.cp311/omni/graph/core/tests/omnigraph_test_utils.py", line 135, in test_case_class
    base_class = omni.kit.test.AsyncTestCase
                 ^^^^^^^^^^^^^
AttributeError: cannot access submodule 'test' of module 'omni.kit' (most likely due to a circular import)

2026-10-08T03:43:04Z [6,672ms] [Error] [omni.graph.tools._impl.internal.extension_contents_1_18] Exception while importing test omni.replicator.core.ogn.tests.TestOgnSampleChoicePrim: Traceback (most recent call last):
  File "/home/liyufeng/miniforge3/envs/safeduo/lib/python3.11/site-packages/isaacsim/extscache/omni.graph.tools-1.79.2+69cbf6ad/omni/graph/tools/_impl/internal/extension_contents_1_18.py", line 394, in do_import_test_definition
    test_module = load_module_from_file(test_module_name, test_file)
                  ^^^^^^^^^^^^^^^^^^^^^^^^^^^^^^^^^^^^^^^^^^^^^^^^^^
  File "/home/liyufeng/miniforge3/envs/safeduo/lib/python3.11/site-packages/isaacsim/extscache/omni.graph.tools-1.79.2+69cbf6ad/omni/graph/tools/_impl/internal/file_utils.py", line 239, in load_module_from_file
    spec.loader.exec_module(module)
  File "<frozen importlib._bootstrap_external>", line 940, in exec_module
  File "<frozen importlib._bootstrap>", line 241, in _call_with_frames_removed
  File "/home/liyufeng/miniforge3/envs/safeduo/lib/python3.11/site-packages/isaacsim/extscache/omni.replicator.core-1.12.27+107.3.3.lx64.r.cp311/omni/replicator/core/ogn/tests/TestOgnSampleChoicePrim.py", line 4, in <module>
    import omni.graph.core.tests as ogts
  File "/home/liyufeng/miniforge3/envs/safeduo/lib/python3.11/site-packages/isaacsim/extscache/omni.graph-1.141.2+69cbf6ad.lx64.r.cp311/omni/graph/core/tests/__init__.py", line 20, in <module>
    from .omnigraph_test_utils import OmniGraphTestCase
  File "/home/liyufeng/miniforge3/envs/safeduo/lib/python3.11/site-packages/isaacsim/extscache/omni.graph-1.141.2+69cbf6ad.lx64.r.cp311/omni/graph/core/tests/omnigraph_test_utils.py", line 198, in <module>
    OmniGraphTestCase = test_case_class()
                        ^^^^^^^^^^^^^^^^^
  File "/home/liyufeng/miniforge3/envs/safeduo/lib/python3.11/site-packages/isaacsim/extscache/omni.graph-1.141.2+69cbf6ad.lx64.r.cp311/omni/graph/core/tests/omnigraph_test_utils.py", line 135, in test_case_class
    base_class = omni.kit.test.AsyncTestCase
                 ^^^^^^^^^^^^^
AttributeError: cannot access submodule 'test' of module 'omni.kit' (most likely due to a circular import)

2026-10-08T03:43:04Z [6,687ms] [Error] [omni.graph.tools._impl.internal.extension_contents_1_18] Exception while importing test omni.replicator.core.ogn.tests.TestOgnMeshDecal: Traceback (most recent call last):
  File "/home/liyufeng/miniforge3/envs/safeduo/lib/python3.11/site-packages/isaacsim/extscache/omni.graph.tools-1.79.2+69cbf6ad/omni/graph/tools/_impl/internal/extension_contents_1_18.py", line 394, in do_import_test_definition
    test_module = load_module_from_file(test_module_name, test_file)
                  ^^^^^^^^^^^^^^^^^^^^^^^^^^^^^^^^^^^^^^^^^^^^^^^^^^
  File "/home/liyufeng/miniforge3/envs/safeduo/lib/python3.11/site-packages/isaacsim/extscache/omni.graph.tools-1.79.2+69cbf6ad/omni/graph/tools/_impl/internal/file_utils.py", line 239, in load_module_from_file
    spec.loader.exec_module(module)
  File "<frozen importlib._bootstrap_external>", line 940, in exec_module
  File "<frozen importlib._bootstrap>", line 241, in _call_with_frames_removed
  File "/home/liyufeng/miniforge3/envs/safeduo/lib/python3.11/site-packages/isaacsim/extscache/omni.replicator.core-1.12.27+107.3.3.lx64.r.cp311/omni/replicator/core/ogn/tests/TestOgnMeshDecal.py", line 4, in <module>
    import omni.graph.core.tests as ogts
  File "/home/liyufeng/miniforge3/envs/safeduo/lib/python3.11/site-packages/isaacsim/extscache/omni.graph-1.141.2+69cbf6ad.lx64.r.cp311/omni/graph/core/tests/__init__.py", line 20, in <module>
    from .omnigraph_test_utils import OmniGraphTestCase
  File "/home/liyufeng/miniforge3/envs/safeduo/lib/python3.11/site-packages/isaacsim/extscache/omni.graph-1.141.2+69cbf6ad.lx64.r.cp311/omni/graph/core/tests/omnigraph_test_utils.py", line 198, in <module>
    OmniGraphTestCase = test_case_class()
                        ^^^^^^^^^^^^^^^^^
  File "/home/liyufeng/miniforge3/envs/safeduo/lib/python3.11/site-packages/isaacsim/extscache/omni.graph-1.141.2+69cbf6ad.lx64.r.cp311/omni/graph/core/tests/omnigraph_test_utils.py", line 135, in test_case_class
    base_class = omni.kit.test.AsyncTestCase
                 ^^^^^^^^^^^^^
AttributeError: module 'omni.kit' has no attribute 'test'

2026-10-08T03:43:04Z [6,700ms] [Error] [omni.graph.tools._impl.internal.extension_contents_1_18] Exception while importing test omni.replicator.core.ogn.tests.TestOgnAugImgBlendExp: Traceback (most recent call last):
  File "/home/liyufeng/miniforge3/envs/safeduo/lib/python3.11/site-packages/isaacsim/extscache/omni.graph.tools-1.79.2+69cbf6ad/omni/graph/tools/_impl/internal/extension_contents_1_18.py", line 394, in do_import_test_definition
    test_module = load_module_from_file(test_module_name, test_file)
                  ^^^^^^^^^^^^^^^^^^^^^^^^^^^^^^^^^^^^^^^^^^^^^^^^^^
  File "/home/liyufeng/miniforge3/envs/safeduo/lib/python3.11/site-packages/isaacsim/extscache/omni.graph.tools-1.79.2+69cbf6ad/omni/graph/tools/_impl/internal/file_utils.py", line 239, in load_module_from_file
    spec.loader.exec_module(module)
  File "<frozen importlib._bootstrap_external>", line 940, in exec_module
  File "<frozen importlib._bootstrap>", line 241, in _call_with_frames_removed
  File "/home/liyufeng/miniforge3/envs/safeduo/lib/python3.11/site-packages/isaacsim/extscache/omni.replicator.core-1.12.27+107.3.3.lx64.r.cp311/omni/replicator/core/ogn/tests/TestOgnAugImgBlendExp.py", line 4, in <module>
    import omni.graph.core.tests as ogts
  File "/home/liyufeng/miniforge3/envs/safeduo/lib/python3.11/site-packages/isaacsim/extscache/omni.graph-1.141.2+69cbf6ad.lx64.r.cp311/omni/graph/core/tests/__init__.py", line 20, in <module>
    from .omnigraph_test_utils import OmniGraphTestCase
  File "/home/liyufeng/miniforge3/envs/safeduo/lib/python3.11/site-packages/isaacsim/extscache/omni.graph-1.141.2+69cbf6ad.lx64.r.cp311/omni/graph/core/tests/omnigraph_test_utils.py", line 198, in <module>
    OmniGraphTestCase = test_case_class()
                        ^^^^^^^^^^^^^^^^^
  File "/home/liyufeng/miniforge3/envs/safeduo/lib/python3.11/site-packages/isaacsim/extscache/omni.graph-1.141.2+69cbf6ad.lx64.r.cp311/omni/graph/core/tests/omnigraph_test_utils.py", line 135, in test_case_class
    base_class = omni.kit.test.AsyncTestCase
                 ^^^^^^^^^^^^^
AttributeError: cannot access submodule 'test' of module 'omni.kit' (most likely due to a circular import)

2026-10-08T03:43:04Z [6,720ms] [Error] [omni.graph.tools._impl.internal.extension_contents_1_18] Exception while importing test omni.replicator.core.ogn.tests.TestOgnPointCloudGenerator: Traceback (most recent call last):
  File "/home/liyufeng/miniforge3/envs/safeduo/lib/python3.11/site-packages/isaacsim/extscache/omni.graph.tools-1.79.2+69cbf6ad/omni/graph/tools/_impl/internal/extension_contents_1_18.py", line 394, in do_import_test_definition
    test_module = load_module_from_file(test_module_name, test_file)
                  ^^^^^^^^^^^^^^^^^^^^^^^^^^^^^^^^^^^^^^^^^^^^^^^^^^
  File "/home/liyufeng/miniforge3/envs/safeduo/lib/python3.11/site-packages/isaacsim/extscache/omni.graph.tools-1.79.2+69cbf6ad/omni/graph/tools/_impl/internal/file_utils.py", line 239, in load_module_from_file
    spec.loader.exec_module(module)
  File "<frozen importlib._bootstrap_external>", line 940, in exec_module
  File "<frozen importlib._bootstrap>", line 241, in _call_with_frames_removed
  File "/home/liyufeng/miniforge3/envs/safeduo/lib/python3.11/site-packages/isaacsim/extscache/omni.replicator.core-1.12.27+107.3.3.lx64.r.cp311/omni/replicator/core/ogn/tests/TestOgnPointCloudGenerator.py", line 4, in <module>
    import omni.graph.core.tests as ogts
  File "/home/liyufeng/miniforge3/envs/safeduo/lib/python3.11/site-packages/isaacsim/extscache/omni.graph-1.141.2+69cbf6ad.lx64.r.cp311/omni/graph/core/tests/__init__.py", line 20, in <module>
    from .omnigraph_test_utils import OmniGraphTestCase
  File "/home/liyufeng/miniforge3/envs/safeduo/lib/python3.11/site-packages/isaacsim/extscache/omni.graph-1.141.2+69cbf6ad.lx64.r.cp311/omni/graph/core/tests/omnigraph_test_utils.py", line 198, in <module>
    OmniGraphTestCase = test_case_class()
                        ^^^^^^^^^^^^^^^^^
  File "/home/liyufeng/miniforge3/envs/safeduo/lib/python3.11/site-packages/isaacsim/extscache/omni.graph-1.141.2+69cbf6ad.lx64.r.cp311/omni/graph/core/tests/omnigraph_test_utils.py", line 135, in test_case_class
    base_class = omni.kit.test.AsyncTestCase
                 ^^^^^^^^^^^^^
AttributeError: cannot access submodule 'test' of module 'omni.kit' (most likely due to a circular import)

2026-10-08T03:43:04Z [6,728ms] [Error] [omni.graph.tools._impl.internal.extension_contents_1_18] Exception while importing test omni.replicator.core.ogn.tests.TestOgnInstanceSegmentationLegacy: Traceback (most recent call last):
  File "/home/liyufeng/miniforge3/envs/safeduo/lib/python3.11/site-packages/isaacsim/extscache/omni.graph.tools-1.79.2+69cbf6ad/omni/graph/tools/_impl/internal/extension_contents_1_18.py", line 394, in do_import_test_definition
    test_module = load_module_from_file(test_module_name, test_file)
                  ^^^^^^^^^^^^^^^^^^^^^^^^^^^^^^^^^^^^^^^^^^^^^^^^^^
  File "/home/liyufeng/miniforge3/envs/safeduo/lib/python3.11/site-packages/isaacsim/extscache/omni.graph.tools-1.79.2+69cbf6ad/omni/graph/tools/_impl/internal/file_utils.py", line 239, in load_module_from_file
    spec.loader.exec_module(module)
  File "<frozen importlib._bootstrap_external>", line 940, in exec_module
  File "<frozen importlib._bootstrap>", line 241, in _call_with_frames_removed
  File "/home/liyufeng/miniforge3/envs/safeduo/lib/python3.11/site-packages/isaacsim/extscache/omni.replicator.core-1.12.27+107.3.3.lx64.r.cp311/omni/replicator/core/ogn/tests/TestOgnInstanceSegmentationLegacy.py", line 4, in <module>
    import omni.graph.core.tests as ogts
  File "/home/liyufeng/miniforge3/envs/safeduo/lib/python3.11/site-packages/isaacsim/extscache/omni.graph-1.141.2+69cbf6ad.lx64.r.cp311/omni/graph/core/tests/__init__.py", line 20, in <module>
    from .omnigraph_test_utils import OmniGraphTestCase
  File "/home/liyufeng/miniforge3/envs/safeduo/lib/python3.11/site-packages/isaacsim/extscache/omni.graph-1.141.2+69cbf6ad.lx64.r.cp311/omni/graph/core/tests/omnigraph_test_utils.py", line 198, in <module>
    OmniGraphTestCase = test_case_class()
                        ^^^^^^^^^^^^^^^^^
  File "/home/liyufeng/miniforge3/envs/safeduo/lib/python3.11/site-packages/isaacsim/extscache/omni.graph-1.141.2+69cbf6ad.lx64.r.cp311/omni/graph/core/tests/omnigraph_test_utils.py", line 135, in test_case_class
    base_class = omni.kit.test.AsyncTestCase
                 ^^^^^^^^^^^^^
AttributeError: cannot access submodule 'test' of module 'omni.kit' (most likely due to a circular import)

2026-10-08T03:43:04Z [6,741ms] [Error] [omni.graph.tools._impl.internal.extension_contents_1_18] Exception while importing test omni.replicator.core.ogn.tests.TestOgnGetPrims: Traceback (most recent call last):
  File "/home/liyufeng/miniforge3/envs/safeduo/lib/python3.11/site-packages/isaacsim/extscache/omni.graph.tools-1.79.2+69cbf6ad/omni/graph/tools/_impl/internal/extension_contents_1_18.py", line 394, in do_import_test_definition
    test_module = load_module_from_file(test_module_name, test_file)
                  ^^^^^^^^^^^^^^^^^^^^^^^^^^^^^^^^^^^^^^^^^^^^^^^^^^
  File "/home/liyufeng/miniforge3/envs/safeduo/lib/python3.11/site-packages/isaacsim/extscache/omni.graph.tools-1.79.2+69cbf6ad/omni/graph/tools/_impl/internal/file_utils.py", line 239, in load_module_from_file
    spec.loader.exec_module(module)
  File "<frozen importlib._bootstrap_external>", line 940, in exec_module
  File "<frozen importlib._bootstrap>", line 241, in _call_with_frames_removed
  File "/home/liyufeng/miniforge3/envs/safeduo/lib/python3.11/site-packages/isaacsim/extscache/omni.replicator.core-1.12.27+107.3.3.lx64.r.cp311/omni/replicator/core/ogn/tests/TestOgnGetPrims.py", line 4, in <module>
    import omni.graph.core.tests as ogts
  File "/home/liyufeng/miniforge3/envs/safeduo/lib/python3.11/site-packages/isaacsim/extscache/omni.graph-1.141.2+69cbf6ad.lx64.r.cp311/omni/graph/core/tests/__init__.py", line 20, in <module>
    from .omnigraph_test_utils import OmniGraphTestCase
  File "/home/liyufeng/miniforge3/envs/safeduo/lib/python3.11/site-packages/isaacsim/extscache/omni.graph-1.141.2+69cbf6ad.lx64.r.cp311/omni/graph/core/tests/omnigraph_test_utils.py", line 198, in <module>
    OmniGraphTestCase = test_case_class()
                        ^^^^^^^^^^^^^^^^^
  File "/home/liyufeng/miniforge3/envs/safeduo/lib/python3.11/site-packages/isaacsim/extscache/omni.graph-1.141.2+69cbf6ad.lx64.r.cp311/omni/graph/core/tests/omnigraph_test_utils.py", line 135, in test_case_class
    base_class = omni.kit.test.AsyncTestCase
                 ^^^^^^^^^^^^^
AttributeError: cannot access submodule 'test' of module 'omni.kit' (most likely due to a circular import)

2026-10-08T03:43:04Z [6,769ms] [Error] [omni.graph.tools._impl.internal.extension_contents_1_18] Exception while importing test omni.replicator.core.ogn.tests.TestOgnSetPivot: Traceback (most recent call last):
  File "/home/liyufeng/miniforge3/envs/safeduo/lib/python3.11/site-packages/isaacsim/extscache/omni.graph.tools-1.79.2+69cbf6ad/omni/graph/tools/_impl/internal/extension_contents_1_18.py", line 394, in do_import_test_definition
    test_module = load_module_from_file(test_module_name, test_file)
                  ^^^^^^^^^^^^^^^^^^^^^^^^^^^^^^^^^^^^^^^^^^^^^^^^^^
  File "/home/liyufeng/miniforge3/envs/safeduo/lib/python3.11/site-packages/isaacsim/extscache/omni.graph.tools-1.79.2+69cbf6ad/omni/graph/tools/_impl/internal/file_utils.py", line 239, in load_module_from_file
    spec.loader.exec_module(module)
  File "<frozen importlib._bootstrap_external>", line 940, in exec_module
  File "<frozen importlib._bootstrap>", line 241, in _call_with_frames_removed
  File "/home/liyufeng/miniforge3/envs/safeduo/lib/python3.11/site-packages/isaacsim/extscache/omni.replicator.core-1.12.27+107.3.3.lx64.r.cp311/omni/replicator/core/ogn/tests/TestOgnSetPivot.py", line 4, in <module>
    import omni.graph.core.tests as ogts
  File "/home/liyufeng/miniforge3/envs/safeduo/lib/python3.11/site-packages/isaacsim/extscache/omni.graph-1.141.2+69cbf6ad.lx64.r.cp311/omni/graph/core/tests/__init__.py", line 20, in <module>
    from .omnigraph_test_utils import OmniGraphTestCase
  File "/home/liyufeng/miniforge3/envs/safeduo/lib/python3.11/site-packages/isaacsim/extscache/omni.graph-1.141.2+69cbf6ad.lx64.r.cp311/omni/graph/core/tests/omnigraph_test_utils.py", line 198, in <module>
    OmniGraphTestCase = test_case_class()
                        ^^^^^^^^^^^^^^^^^
  File "/home/liyufeng/miniforge3/envs/safeduo/lib/python3.11/site-packages/isaacsim/extscache/omni.graph-1.141.2+69cbf6ad.lx64.r.cp311/omni/graph/core/tests/omnigraph_test_utils.py", line 135, in test_case_class
    base_class = omni.kit.test.AsyncTestCase
                 ^^^^^^^^^^^^^
AttributeError: cannot access submodule 'test' of module 'omni.kit' (most likely due to a circular import)

2026-10-08T03:43:04Z [6,780ms] [Error] [omni.graph.tools._impl.internal.extension_contents_1_18] Exception while importing test omni.replicator.core.ogn.tests.TestOgnSampleCombine: Traceback (most recent call last):
  File "/home/liyufeng/miniforge3/envs/safeduo/lib/python3.11/site-packages/isaacsim/extscache/omni.graph.tools-1.79.2+69cbf6ad/omni/graph/tools/_impl/internal/extension_contents_1_18.py", line 394, in do_import_test_definition
    test_module = load_module_from_file(test_module_name, test_file)
                  ^^^^^^^^^^^^^^^^^^^^^^^^^^^^^^^^^^^^^^^^^^^^^^^^^^
  File "/home/liyufeng/miniforge3/envs/safeduo/lib/python3.11/site-packages/isaacsim/extscache/omni.graph.tools-1.79.2+69cbf6ad/omni/graph/tools/_impl/internal/file_utils.py", line 239, in load_module_from_file
    spec.loader.exec_module(module)
  File "<frozen importlib._bootstrap_external>", line 940, in exec_module
  File "<frozen importlib._bootstrap>", line 241, in _call_with_frames_removed
  File "/home/liyufeng/miniforge3/envs/safeduo/lib/python3.11/site-packages/isaacsim/extscache/omni.replicator.core-1.12.27+107.3.3.lx64.r.cp311/omni/replicator/core/ogn/tests/TestOgnSampleCombine.py", line 4, in <module>
    import omni.graph.core.tests as ogts
  File "/home/liyufeng/miniforge3/envs/safeduo/lib/python3.11/site-packages/isaacsim/extscache/omni.graph-1.141.2+69cbf6ad.lx64.r.cp311/omni/graph/core/tests/__init__.py", line 20, in <module>
    from .omnigraph_test_utils import OmniGraphTestCase
  File "/home/liyufeng/miniforge3/envs/safeduo/lib/python3.11/site-packages/isaacsim/extscache/omni.graph-1.141.2+69cbf6ad.lx64.r.cp311/omni/graph/core/tests/omnigraph_test_utils.py", line 198, in <module>
    OmniGraphTestCase = test_case_class()
                        ^^^^^^^^^^^^^^^^^
  File "/home/liyufeng/miniforge3/envs/safeduo/lib/python3.11/site-packages/isaacsim/extscache/omni.graph-1.141.2+69cbf6ad.lx64.r.cp311/omni/graph/core/tests/omnigraph_test_utils.py", line 135, in test_case_class
    base_class = omni.kit.test.AsyncTestCase
                 ^^^^^^^^^^^^^
AttributeError: cannot access submodule 'test' of module 'omni.kit' (most likely due to a circular import)

2026-10-08T03:43:04Z [6,788ms] [Error] [omni.graph.tools._impl.internal.extension_contents_1_18] Exception while importing test omni.replicator.core.ogn.tests.TestOgnOnCondition: Traceback (most recent call last):
  File "/home/liyufeng/miniforge3/envs/safeduo/lib/python3.11/site-packages/isaacsim/extscache/omni.graph.tools-1.79.2+69cbf6ad/omni/graph/tools/_impl/internal/extension_contents_1_18.py", line 394, in do_import_test_definition
    test_module = load_module_from_file(test_module_name, test_file)
                  ^^^^^^^^^^^^^^^^^^^^^^^^^^^^^^^^^^^^^^^^^^^^^^^^^^
  File "/home/liyufeng/miniforge3/envs/safeduo/lib/python3.11/site-packages/isaacsim/extscache/omni.graph.tools-1.79.2+69cbf6ad/omni/graph/tools/_impl/internal/file_utils.py", line 239, in load_module_from_file
    spec.loader.exec_module(module)
  File "<frozen importlib._bootstrap_external>", line 940, in exec_module
  File "<frozen importlib._bootstrap>", line 241, in _call_with_frames_removed
  File "/home/liyufeng/miniforge3/envs/safeduo/lib/python3.11/site-packages/isaacsim/extscache/omni.replicator.core-1.12.27+107.3.3.lx64.r.cp311/omni/replicator/core/ogn/tests/TestOgnOnCondition.py", line 4, in <module>
    import omni.graph.core.tests as ogts
  File "/home/liyufeng/miniforge3/envs/safeduo/lib/python3.11/site-packages/isaacsim/extscache/omni.graph-1.141.2+69cbf6ad.lx64.r.cp311/omni/graph/core/tests/__init__.py", line 20, in <module>
    from .omnigraph_test_utils import OmniGraphTestCase
  File "/home/liyufeng/miniforge3/envs/safeduo/lib/python3.11/site-packages/isaacsim/extscache/omni.graph-1.141.2+69cbf6ad.lx64.r.cp311/omni/graph/core/tests/omnigraph_test_utils.py", line 198, in <module>
    OmniGraphTestCase = test_case_class()
                        ^^^^^^^^^^^^^^^^^
  File "/home/liyufeng/miniforge3/envs/safeduo/lib/python3.11/site-packages/isaacsim/extscache/omni.graph-1.141.2+69cbf6ad.lx64.r.cp311/omni/graph/core/tests/omnigraph_test_utils.py", line 135, in test_case_class
    base_class = omni.kit.test.AsyncTestCase
                 ^^^^^^^^^^^^^
AttributeError: cannot access submodule 'test' of module 'omni.kit' (most likely due to a circular import)

2026-10-08T03:43:04Z [6,799ms] [Error] [omni.graph.tools._impl.internal.extension_contents_1_18] Exception while importing test omni.replicator.core.ogn.tests.TestOgnCameraRelativePosition: Traceback (most recent call last):
  File "/home/liyufeng/miniforge3/envs/safeduo/lib/python3.11/site-packages/isaacsim/extscache/omni.graph.tools-1.79.2+69cbf6ad/omni/graph/tools/_impl/internal/extension_contents_1_18.py", line 394, in do_import_test_definition
    test_module = load_module_from_file(test_module_name, test_file)
                  ^^^^^^^^^^^^^^^^^^^^^^^^^^^^^^^^^^^^^^^^^^^^^^^^^^
  File "/home/liyufeng/miniforge3/envs/safeduo/lib/python3.11/site-packages/isaacsim/extscache/omni.graph.tools-1.79.2+69cbf6ad/omni/graph/tools/_impl/internal/file_utils.py", line 239, in load_module_from_file
    spec.loader.exec_module(module)
  File "<frozen importlib._bootstrap_external>", line 940, in exec_module
  File "<frozen importlib._bootstrap>", line 241, in _call_with_frames_removed
  File "/home/liyufeng/miniforge3/envs/safeduo/lib/python3.11/site-packages/isaacsim/extscache/omni.replicator.core-1.12.27+107.3.3.lx64.r.cp311/omni/replicator/core/ogn/tests/TestOgnCameraRelativePosition.py", line 4, in <module>
    import omni.graph.core.tests as ogts
  File "/home/liyufeng/miniforge3/envs/safeduo/lib/python3.11/site-packages/isaacsim/extscache/omni.graph-1.141.2+69cbf6ad.lx64.r.cp311/omni/graph/core/tests/__init__.py", line 20, in <module>
    from .omnigraph_test_utils import OmniGraphTestCase
  File "/home/liyufeng/miniforge3/envs/safeduo/lib/python3.11/site-packages/isaacsim/extscache/omni.graph-1.141.2+69cbf6ad.lx64.r.cp311/omni/graph/core/tests/omnigraph_test_utils.py", line 198, in <module>
    OmniGraphTestCase = test_case_class()
                        ^^^^^^^^^^^^^^^^^
  File "/home/liyufeng/miniforge3/envs/safeduo/lib/python3.11/site-packages/isaacsim/extscache/omni.graph-1.141.2+69cbf6ad.lx64.r.cp311/omni/graph/core/tests/omnigraph_test_utils.py", line 135, in test_case_class
    base_class = omni.kit.test.AsyncTestCase
                 ^^^^^^^^^^^^^
AttributeError: cannot access submodule 'test' of module 'omni.kit' (most likely due to a circular import)

2026-10-08T03:43:04Z [6,835ms] [Error] [omni.graph.tools._impl.internal.extension_contents_1_18] Exception while importing test omni.replicator.core.ogn.tests.TestOgnConditionScript: Traceback (most recent call last):
  File "/home/liyufeng/miniforge3/envs/safeduo/lib/python3.11/site-packages/isaacsim/extscache/omni.graph.tools-1.79.2+69cbf6ad/omni/graph/tools/_impl/internal/extension_contents_1_18.py", line 394, in do_import_test_definition
    test_module = load_module_from_file(test_module_name, test_file)
                  ^^^^^^^^^^^^^^^^^^^^^^^^^^^^^^^^^^^^^^^^^^^^^^^^^^
  File "/home/liyufeng/miniforge3/envs/safeduo/lib/python3.11/site-packages/isaacsim/extscache/omni.graph.tools-1.79.2+69cbf6ad/omni/graph/tools/_impl/internal/file_utils.py", line 239, in load_module_from_file
    spec.loader.exec_module(module)
  File "<frozen importlib._bootstrap_external>", line 940, in exec_module
  File "<frozen importlib._bootstrap>", line 241, in _call_with_frames_removed
  File "/home/liyufeng/miniforge3/envs/safeduo/lib/python3.11/site-packages/isaacsim/extscache/omni.replicator.core-1.12.27+107.3.3.lx64.r.cp311/omni/replicator/core/ogn/tests/TestOgnConditionScript.py", line 4, in <module>
    import omni.graph.core.tests as ogts
  File "/home/liyufeng/miniforge3/envs/safeduo/lib/python3.11/site-packages/isaacsim/extscache/omni.graph-1.141.2+69cbf6ad.lx64.r.cp311/omni/graph/core/tests/__init__.py", line 20, in <module>
    from .omnigraph_test_utils import OmniGraphTestCase
  File "/home/liyufeng/miniforge3/envs/safeduo/lib/python3.11/site-packages/isaacsim/extscache/omni.graph-1.141.2+69cbf6ad.lx64.r.cp311/omni/graph/core/tests/omnigraph_test_utils.py", line 198, in <module>
    OmniGraphTestCase = test_case_class()
                        ^^^^^^^^^^^^^^^^^
  File "/home/liyufeng/miniforge3/envs/safeduo/lib/python3.11/site-packages/isaacsim/extscache/omni.graph-1.141.2+69cbf6ad.lx64.r.cp311/omni/graph/core/tests/omnigraph_test_utils.py", line 135, in test_case_class
    base_class = omni.kit.test.AsyncTestCase
                 ^^^^^^^^^^^^^
AttributeError: cannot access submodule 'test' of module 'omni.kit' (most likely due to a circular import)

2026-10-08T03:43:04Z [6,858ms] [Error] [omni.graph.tools._impl.internal.extension_contents_1_18] Exception while importing test omni.replicator.core.ogn.tests.TestOgnSampleUniform: Traceback (most recent call last):
  File "/home/liyufeng/miniforge3/envs/safeduo/lib/python3.11/site-packages/isaacsim/extscache/omni.graph.tools-1.79.2+69cbf6ad/omni/graph/tools/_impl/internal/extension_contents_1_18.py", line 394, in do_import_test_definition
    test_module = load_module_from_file(test_module_name, test_file)
                  ^^^^^^^^^^^^^^^^^^^^^^^^^^^^^^^^^^^^^^^^^^^^^^^^^^
  File "/home/liyufeng/miniforge3/envs/safeduo/lib/python3.11/site-packages/isaacsim/extscache/omni.graph.tools-1.79.2+69cbf6ad/omni/graph/tools/_impl/internal/file_utils.py", line 239, in load_module_from_file
    spec.loader.exec_module(module)
  File "<frozen importlib._bootstrap_external>", line 940, in exec_module
  File "<frozen importlib._bootstrap>", line 241, in _call_with_frames_removed
  File "/home/liyufeng/miniforge3/envs/safeduo/lib/python3.11/site-packages/isaacsim/extscache/omni.replicator.core-1.12.27+107.3.3.lx64.r.cp311/omni/replicator/core/ogn/tests/TestOgnSampleUniform.py", line 4, in <module>
    import omni.graph.core.tests as ogts
  File "/home/liyufeng/miniforge3/envs/safeduo/lib/python3.11/site-packages/isaacsim/extscache/omni.graph-1.141.2+69cbf6ad.lx64.r.cp311/omni/graph/core/tests/__init__.py", line 20, in <module>
    from .omnigraph_test_utils import OmniGraphTestCase
  File "/home/liyufeng/miniforge3/envs/safeduo/lib/python3.11/site-packages/isaacsim/extscache/omni.graph-1.141.2+69cbf6ad.lx64.r.cp311/omni/graph/core/tests/omnigraph_test_utils.py", line 198, in <module>
    OmniGraphTestCase = test_case_class()
                        ^^^^^^^^^^^^^^^^^
  File "/home/liyufeng/miniforge3/envs/safeduo/lib/python3.11/site-packages/isaacsim/extscache/omni.graph-1.141.2+69cbf6ad.lx64.r.cp311/omni/graph/core/tests/omnigraph_test_utils.py", line 135, in test_case_class
    base_class = omni.kit.test.AsyncTestCase
                 ^^^^^^^^^^^^^
AttributeError: cannot access submodule 'test' of module 'omni.kit' (most likely due to a circular import)

2026-10-08T03:43:04Z [6,877ms] [Error] [omni.graph.tools._impl.internal.extension_contents_1_18] Exception while importing test omni.replicator.core.ogn.tests.TestOgnAugCanny: Traceback (most recent call last):
  File "/home/liyufeng/miniforge3/envs/safeduo/lib/python3.11/site-packages/isaacsim/extscache/omni.graph.tools-1.79.2+69cbf6ad/omni/graph/tools/_impl/internal/extension_contents_1_18.py", line 394, in do_import_test_definition
    test_module = load_module_from_file(test_module_name, test_file)
                  ^^^^^^^^^^^^^^^^^^^^^^^^^^^^^^^^^^^^^^^^^^^^^^^^^^
  File "/home/liyufeng/miniforge3/envs/safeduo/lib/python3.11/site-packages/isaacsim/extscache/omni.graph.tools-1.79.2+69cbf6ad/omni/graph/tools/_impl/internal/file_utils.py", line 239, in load_module_from_file
    spec.loader.exec_module(module)
  File "<frozen importlib._bootstrap_external>", line 940, in exec_module
  File "<frozen importlib._bootstrap>", line 241, in _call_with_frames_removed
  File "/home/liyufeng/miniforge3/envs/safeduo/lib/python3.11/site-packages/isaacsim/extscache/omni.replicator.core-1.12.27+107.3.3.lx64.r.cp311/omni/replicator/core/ogn/tests/TestOgnAugCanny.py", line 4, in <module>
    import omni.graph.core.tests as ogts
  File "/home/liyufeng/miniforge3/envs/safeduo/lib/python3.11/site-packages/isaacsim/extscache/omni.graph-1.141.2+69cbf6ad.lx64.r.cp311/omni/graph/core/tests/__init__.py", line 20, in <module>
    from .omnigraph_test_utils import OmniGraphTestCase
  File "/home/liyufeng/miniforge3/envs/safeduo/lib/python3.11/site-packages/isaacsim/extscache/omni.graph-1.141.2+69cbf6ad.lx64.r.cp311/omni/graph/core/tests/omnigraph_test_utils.py", line 198, in <module>
    OmniGraphTestCase = test_case_class()
                        ^^^^^^^^^^^^^^^^^
  File "/home/liyufeng/miniforge3/envs/safeduo/lib/python3.11/site-packages/isaacsim/extscache/omni.graph-1.141.2+69cbf6ad.lx64.r.cp311/omni/graph/core/tests/omnigraph_test_utils.py", line 135, in test_case_class
    base_class = omni.kit.test.AsyncTestCase
                 ^^^^^^^^^^^^^
AttributeError: cannot access submodule 'test' of module 'omni.kit' (most likely due to a circular import)

2026-10-08T03:43:04Z [6,886ms] [Error] [omni.graph.tools._impl.internal.extension_contents_1_18] Exception while importing test omni.replicator.core.ogn.tests.TestOgnGetPrimAtPath: Traceback (most recent call last):
  File "/home/liyufeng/miniforge3/envs/safeduo/lib/python3.11/site-packages/isaacsim/extscache/omni.graph.tools-1.79.2+69cbf6ad/omni/graph/tools/_impl/internal/extension_contents_1_18.py", line 394, in do_import_test_definition
    test_module = load_module_from_file(test_module_name, test_file)
                  ^^^^^^^^^^^^^^^^^^^^^^^^^^^^^^^^^^^^^^^^^^^^^^^^^^
  File "/home/liyufeng/miniforge3/envs/safeduo/lib/python3.11/site-packages/isaacsim/extscache/omni.graph.tools-1.79.2+69cbf6ad/omni/graph/tools/_impl/internal/file_utils.py", line 239, in load_module_from_file
    spec.loader.exec_module(module)
  File "<frozen importlib._bootstrap_external>", line 940, in exec_module
  File "<frozen importlib._bootstrap>", line 241, in _call_with_frames_removed
  File "/home/liyufeng/miniforge3/envs/safeduo/lib/python3.11/site-packages/isaacsim/extscache/omni.replicator.core-1.12.27+107.3.3.lx64.r.cp311/omni/replicator/core/ogn/tests/TestOgnGetPrimAtPath.py", line 4, in <module>
    import omni.graph.core.tests as ogts
  File "/home/liyufeng/miniforge3/envs/safeduo/lib/python3.11/site-packages/isaacsim/extscache/omni.graph-1.141.2+69cbf6ad.lx64.r.cp311/omni/graph/core/tests/__init__.py", line 20, in <module>
    from .omnigraph_test_utils import OmniGraphTestCase
  File "/home/liyufeng/miniforge3/envs/safeduo/lib/python3.11/site-packages/isaacsim/extscache/omni.graph-1.141.2+69cbf6ad.lx64.r.cp311/omni/graph/core/tests/omnigraph_test_utils.py", line 198, in <module>
    OmniGraphTestCase = test_case_class()
                        ^^^^^^^^^^^^^^^^^
  File "/home/liyufeng/miniforge3/envs/safeduo/lib/python3.11/site-packages/isaacsim/extscache/omni.graph-1.141.2+69cbf6ad.lx64.r.cp311/omni/graph/core/tests/omnigraph_test_utils.py", line 135, in test_case_class
    base_class = omni.kit.test.AsyncTestCase
                 ^^^^^^^^^^^^^
AttributeError: cannot access submodule 'test' of module 'omni.kit' (most likely due to a circular import)

2026-10-08T03:43:04Z [6,897ms] [Error] [omni.graph.tools._impl.internal.extension_contents_1_18] Exception while importing test omni.replicator.core.ogn.tests.TestOgnAugment: Traceback (most recent call last):
  File "/home/liyufeng/miniforge3/envs/safeduo/lib/python3.11/site-packages/isaacsim/extscache/omni.graph.tools-1.79.2+69cbf6ad/omni/graph/tools/_impl/internal/extension_contents_1_18.py", line 394, in do_import_test_definition
    test_module = load_module_from_file(test_module_name, test_file)
                  ^^^^^^^^^^^^^^^^^^^^^^^^^^^^^^^^^^^^^^^^^^^^^^^^^^
  File "/home/liyufeng/miniforge3/envs/safeduo/lib/python3.11/site-packages/isaacsim/extscache/omni.graph.tools-1.79.2+69cbf6ad/omni/graph/tools/_impl/internal/file_utils.py", line 239, in load_module_from_file
    spec.loader.exec_module(module)
  File "<frozen importlib._bootstrap_external>", line 940, in exec_module
  File "<frozen importlib._bootstrap>", line 241, in _call_with_frames_removed
  File "/home/liyufeng/miniforge3/envs/safeduo/lib/python3.11/site-packages/isaacsim/extscache/omni.replicator.core-1.12.27+107.3.3.lx64.r.cp311/omni/replicator/core/ogn/tests/TestOgnAugment.py", line 4, in <module>
    import omni.graph.core.tests as ogts
  File "/home/liyufeng/miniforge3/envs/safeduo/lib/python3.11/site-packages/isaacsim/extscache/omni.graph-1.141.2+69cbf6ad.lx64.r.cp311/omni/graph/core/tests/__init__.py", line 20, in <module>
    from .omnigraph_test_utils import OmniGraphTestCase
  File "/home/liyufeng/miniforge3/envs/safeduo/lib/python3.11/site-packages/isaacsim/extscache/omni.graph-1.141.2+69cbf6ad.lx64.r.cp311/omni/graph/core/tests/omnigraph_test_utils.py", line 198, in <module>
    OmniGraphTestCase = test_case_class()
                        ^^^^^^^^^^^^^^^^^
  File "/home/liyufeng/miniforge3/envs/safeduo/lib/python3.11/site-packages/isaacsim/extscache/omni.graph-1.141.2+69cbf6ad.lx64.r.cp311/omni/graph/core/tests/omnigraph_test_utils.py", line 135, in test_case_class
    base_class = omni.kit.test.AsyncTestCase
                 ^^^^^^^^^^^^^
AttributeError: cannot access submodule 'test' of module 'omni.kit' (most likely due to a circular import)

2026-10-08T03:43:04Z [6,904ms] [Error] [omni.graph.tools._impl.internal.extension_contents_1_18] Exception while importing test omni.replicator.core.ogn.tests.TestOgnSetVariant: Traceback (most recent call last):
  File "/home/liyufeng/miniforge3/envs/safeduo/lib/python3.11/site-packages/isaacsim/extscache/omni.graph.tools-1.79.2+69cbf6ad/omni/graph/tools/_impl/internal/extension_contents_1_18.py", line 394, in do_import_test_definition
    test_module = load_module_from_file(test_module_name, test_file)
                  ^^^^^^^^^^^^^^^^^^^^^^^^^^^^^^^^^^^^^^^^^^^^^^^^^^
  File "/home/liyufeng/miniforge3/envs/safeduo/lib/python3.11/site-packages/isaacsim/extscache/omni.graph.tools-1.79.2+69cbf6ad/omni/graph/tools/_impl/internal/file_utils.py", line 239, in load_module_from_file
    spec.loader.exec_module(module)
  File "<frozen importlib._bootstrap_external>", line 940, in exec_module
  File "<frozen importlib._bootstrap>", line 241, in _call_with_frames_removed
  File "/home/liyufeng/miniforge3/envs/safeduo/lib/python3.11/site-packages/isaacsim/extscache/omni.replicator.core-1.12.27+107.3.3.lx64.r.cp311/omni/replicator/core/ogn/tests/TestOgnSetVariant.py", line 4, in <module>
    import omni.graph.core.tests as ogts
  File "/home/liyufeng/miniforge3/envs/safeduo/lib/python3.11/site-packages/isaacsim/extscache/omni.graph-1.141.2+69cbf6ad.lx64.r.cp311/omni/graph/core/tests/__init__.py", line 20, in <module>
    from .omnigraph_test_utils import OmniGraphTestCase
  File "/home/liyufeng/miniforge3/envs/safeduo/lib/python3.11/site-packages/isaacsim/extscache/omni.graph-1.141.2+69cbf6ad.lx64.r.cp311/omni/graph/core/tests/omnigraph_test_utils.py", line 198, in <module>
    OmniGraphTestCase = test_case_class()
                        ^^^^^^^^^^^^^^^^^
  File "/home/liyufeng/miniforge3/envs/safeduo/lib/python3.11/site-packages/isaacsim/extscache/omni.graph-1.141.2+69cbf6ad.lx64.r.cp311/omni/graph/core/tests/omnigraph_test_utils.py", line 135, in test_case_class
    base_class = omni.kit.test.AsyncTestCase
                 ^^^^^^^^^^^^^
AttributeError: cannot access submodule 'test' of module 'omni.kit' (most likely due to a circular import)

2026-10-08T03:43:04Z [6,917ms] [Error] [omni.graph.tools._impl.internal.extension_contents_1_18] Exception while importing test omni.replicator.core.ogn.tests.TestOgnAugCutMixExp: Traceback (most recent call last):
  File "/home/liyufeng/miniforge3/envs/safeduo/lib/python3.11/site-packages/isaacsim/extscache/omni.graph.tools-1.79.2+69cbf6ad/omni/graph/tools/_impl/internal/extension_contents_1_18.py", line 394, in do_import_test_definition
    test_module = load_module_from_file(test_module_name, test_file)
                  ^^^^^^^^^^^^^^^^^^^^^^^^^^^^^^^^^^^^^^^^^^^^^^^^^^
  File "/home/liyufeng/miniforge3/envs/safeduo/lib/python3.11/site-packages/isaacsim/extscache/omni.graph.tools-1.79.2+69cbf6ad/omni/graph/tools/_impl/internal/file_utils.py", line 239, in load_module_from_file
    spec.loader.exec_module(module)
  File "<frozen importlib._bootstrap_external>", line 940, in exec_module
  File "<frozen importlib._bootstrap>", line 241, in _call_with_frames_removed
  File "/home/liyufeng/miniforge3/envs/safeduo/lib/python3.11/site-packages/isaacsim/extscache/omni.replicator.core-1.12.27+107.3.3.lx64.r.cp311/omni/replicator/core/ogn/tests/TestOgnAugCutMixExp.py", line 4, in <module>
    import omni.graph.core.tests as ogts
  File "/home/liyufeng/miniforge3/envs/safeduo/lib/python3.11/site-packages/isaacsim/extscache/omni.graph-1.141.2+69cbf6ad.lx64.r.cp311/omni/graph/core/tests/__init__.py", line 20, in <module>
    from .omnigraph_test_utils import OmniGraphTestCase
  File "/home/liyufeng/miniforge3/envs/safeduo/lib/python3.11/site-packages/isaacsim/extscache/omni.graph-1.141.2+69cbf6ad.lx64.r.cp311/omni/graph/core/tests/omnigraph_test_utils.py", line 198, in <module>
    OmniGraphTestCase = test_case_class()
                        ^^^^^^^^^^^^^^^^^
  File "/home/liyufeng/miniforge3/envs/safeduo/lib/python3.11/site-packages/isaacsim/extscache/omni.graph-1.141.2+69cbf6ad.lx64.r.cp311/omni/graph/core/tests/omnigraph_test_utils.py", line 135, in test_case_class
    base_class = omni.kit.test.AsyncTestCase
                 ^^^^^^^^^^^^^
AttributeError: cannot access submodule 'test' of module 'omni.kit' (most likely due to a circular import)

2026-10-08T03:43:04Z [6,928ms] [Error] [omni.graph.tools._impl.internal.extension_contents_1_18] Exception while importing test omni.replicator.core.ogn.tests.TestOgnArray: Traceback (most recent call last):
  File "/home/liyufeng/miniforge3/envs/safeduo/lib/python3.11/site-packages/isaacsim/extscache/omni.graph.tools-1.79.2+69cbf6ad/omni/graph/tools/_impl/internal/extension_contents_1_18.py", line 394, in do_import_test_definition
    test_module = load_module_from_file(test_module_name, test_file)
                  ^^^^^^^^^^^^^^^^^^^^^^^^^^^^^^^^^^^^^^^^^^^^^^^^^^
  File "/home/liyufeng/miniforge3/envs/safeduo/lib/python3.11/site-packages/isaacsim/extscache/omni.graph.tools-1.79.2+69cbf6ad/omni/graph/tools/_impl/internal/file_utils.py", line 239, in load_module_from_file
    spec.loader.exec_module(module)
  File "<frozen importlib._bootstrap_external>", line 940, in exec_module
  File "<frozen importlib._bootstrap>", line 241, in _call_with_frames_removed
  File "/home/liyufeng/miniforge3/envs/safeduo/lib/python3.11/site-packages/isaacsim/extscache/omni.replicator.core-1.12.27+107.3.3.lx64.r.cp311/omni/replicator/core/ogn/tests/TestOgnArray.py", line 4, in <module>
    import omni.graph.core.tests as ogts
  File "/home/liyufeng/miniforge3/envs/safeduo/lib/python3.11/site-packages/isaacsim/extscache/omni.graph-1.141.2+69cbf6ad.lx64.r.cp311/omni/graph/core/tests/__init__.py", line 20, in <module>
    from .omnigraph_test_utils import OmniGraphTestCase
  File "/home/liyufeng/miniforge3/envs/safeduo/lib/python3.11/site-packages/isaacsim/extscache/omni.graph-1.141.2+69cbf6ad.lx64.r.cp311/omni/graph/core/tests/omnigraph_test_utils.py", line 198, in <module>
    OmniGraphTestCase = test_case_class()
                        ^^^^^^^^^^^^^^^^^
  File "/home/liyufeng/miniforge3/envs/safeduo/lib/python3.11/site-packages/isaacsim/extscache/omni.graph-1.141.2+69cbf6ad.lx64.r.cp311/omni/graph/core/tests/omnigraph_test_utils.py", line 135, in test_case_class
    base_class = omni.kit.test.AsyncTestCase
                 ^^^^^^^^^^^^^
AttributeError: cannot access submodule 'test' of module 'omni.kit' (most likely due to a circular import)

2026-10-08T03:43:04Z [6,937ms] [Error] [omni.graph.tools._impl.internal.extension_contents_1_18] Exception while importing test omni.replicator.core.ogn.tests.TestOgnSampleSequencePrim: Traceback (most recent call last):
  File "/home/liyufeng/miniforge3/envs/safeduo/lib/python3.11/site-packages/isaacsim/extscache/omni.graph.tools-1.79.2+69cbf6ad/omni/graph/tools/_impl/internal/extension_contents_1_18.py", line 394, in do_import_test_definition
    test_module = load_module_from_file(test_module_name, test_file)
                  ^^^^^^^^^^^^^^^^^^^^^^^^^^^^^^^^^^^^^^^^^^^^^^^^^^
  File "/home/liyufeng/miniforge3/envs/safeduo/lib/python3.11/site-packages/isaacsim/extscache/omni.graph.tools-1.79.2+69cbf6ad/omni/graph/tools/_impl/internal/file_utils.py", line 239, in load_module_from_file
    spec.loader.exec_module(module)
  File "<frozen importlib._bootstrap_external>", line 940, in exec_module
  File "<frozen importlib._bootstrap>", line 241, in _call_with_frames_removed
  File "/home/liyufeng/miniforge3/envs/safeduo/lib/python3.11/site-packages/isaacsim/extscache/omni.replicator.core-1.12.27+107.3.3.lx64.r.cp311/omni/replicator/core/ogn/tests/TestOgnSampleSequencePrim.py", line 4, in <module>
    import omni.graph.core.tests as ogts
  File "/home/liyufeng/miniforge3/envs/safeduo/lib/python3.11/site-packages/isaacsim/extscache/omni.graph-1.141.2+69cbf6ad.lx64.r.cp311/omni/graph/core/tests/__init__.py", line 20, in <module>
    from .omnigraph_test_utils import OmniGraphTestCase
  File "/home/liyufeng/miniforge3/envs/safeduo/lib/python3.11/site-packages/isaacsim/extscache/omni.graph-1.141.2+69cbf6ad.lx64.r.cp311/omni/graph/core/tests/omnigraph_test_utils.py", line 198, in <module>
    OmniGraphTestCase = test_case_class()
                        ^^^^^^^^^^^^^^^^^
  File "/home/liyufeng/miniforge3/envs/safeduo/lib/python3.11/site-packages/isaacsim/extscache/omni.graph-1.141.2+69cbf6ad.lx64.r.cp311/omni/graph/core/tests/omnigraph_test_utils.py", line 135, in test_case_class
    base_class = omni.kit.test.AsyncTestCase
                 ^^^^^^^^^^^^^
AttributeError: cannot access submodule 'test' of module 'omni.kit' (most likely due to a circular import)

2026-10-08T03:43:04Z [6,948ms] [Error] [omni.graph.tools._impl.internal.extension_contents_1_18] Exception while importing test omni.replicator.core.ogn.tests.TestOgnAugCropResizeExp: Traceback (most recent call last):
  File "/home/liyufeng/miniforge3/envs/safeduo/lib/python3.11/site-packages/isaacsim/extscache/omni.graph.tools-1.79.2+69cbf6ad/omni/graph/tools/_impl/internal/extension_contents_1_18.py", line 394, in do_import_test_definition
    test_module = load_module_from_file(test_module_name, test_file)
                  ^^^^^^^^^^^^^^^^^^^^^^^^^^^^^^^^^^^^^^^^^^^^^^^^^^
  File "/home/liyufeng/miniforge3/envs/safeduo/lib/python3.11/site-packages/isaacsim/extscache/omni.graph.tools-1.79.2+69cbf6ad/omni/graph/tools/_impl/internal/file_utils.py", line 239, in load_module_from_file
    spec.loader.exec_module(module)
  File "<frozen importlib._bootstrap_external>", line 940, in exec_module
  File "<frozen importlib._bootstrap>", line 241, in _call_with_frames_removed
  File "/home/liyufeng/miniforge3/envs/safeduo/lib/python3.11/site-packages/isaacsim/extscache/omni.replicator.core-1.12.27+107.3.3.lx64.r.cp311/omni/replicator/core/ogn/tests/TestOgnAugCropResizeExp.py", line 4, in <module>
    import omni.graph.core.tests as ogts
  File "/home/liyufeng/miniforge3/envs/safeduo/lib/python3.11/site-packages/isaacsim/extscache/omni.graph-1.141.2+69cbf6ad.lx64.r.cp311/omni/graph/core/tests/__init__.py", line 20, in <module>
    from .omnigraph_test_utils import OmniGraphTestCase
  File "/home/liyufeng/miniforge3/envs/safeduo/lib/python3.11/site-packages/isaacsim/extscache/omni.graph-1.141.2+69cbf6ad.lx64.r.cp311/omni/graph/core/tests/omnigraph_test_utils.py", line 198, in <module>
    OmniGraphTestCase = test_case_class()
                        ^^^^^^^^^^^^^^^^^
  File "/home/liyufeng/miniforge3/envs/safeduo/lib/python3.11/site-packages/isaacsim/extscache/omni.graph-1.141.2+69cbf6ad.lx64.r.cp311/omni/graph/core/tests/omnigraph_test_utils.py", line 135, in test_case_class
    base_class = omni.kit.test.AsyncTestCase
                 ^^^^^^^^^^^^^
AttributeError: cannot access submodule 'test' of module 'omni.kit' (most likely due to a circular import)

2026-10-08T03:43:04Z [6,954ms] [Error] [omni.graph.tools._impl.internal.extension_contents_1_18] Exception while importing test omni.replicator.core.ogn.tests.TestOgnWriteCarbSetting: Traceback (most recent call last):
  File "/home/liyufeng/miniforge3/envs/safeduo/lib/python3.11/site-packages/isaacsim/extscache/omni.graph.tools-1.79.2+69cbf6ad/omni/graph/tools/_impl/internal/extension_contents_1_18.py", line 394, in do_import_test_definition
    test_module = load_module_from_file(test_module_name, test_file)
                  ^^^^^^^^^^^^^^^^^^^^^^^^^^^^^^^^^^^^^^^^^^^^^^^^^^
  File "/home/liyufeng/miniforge3/envs/safeduo/lib/python3.11/site-packages/isaacsim/extscache/omni.graph.tools-1.79.2+69cbf6ad/omni/graph/tools/_impl/internal/file_utils.py", line 239, in load_module_from_file
    spec.loader.exec_module(module)
  File "<frozen importlib._bootstrap_external>", line 940, in exec_module
  File "<frozen importlib._bootstrap>", line 241, in _call_with_frames_removed
  File "/home/liyufeng/miniforge3/envs/safeduo/lib/python3.11/site-packages/isaacsim/extscache/omni.replicator.core-1.12.27+107.3.3.lx64.r.cp311/omni/replicator/core/ogn/tests/TestOgnWriteCarbSetting.py", line 4, in <module>
    import omni.graph.core.tests as ogts
  File "/home/liyufeng/miniforge3/envs/safeduo/lib/python3.11/site-packages/isaacsim/extscache/omni.graph-1.141.2+69cbf6ad.lx64.r.cp311/omni/graph/core/tests/__init__.py", line 20, in <module>
    from .omnigraph_test_utils import OmniGraphTestCase
  File "/home/liyufeng/miniforge3/envs/safeduo/lib/python3.11/site-packages/isaacsim/extscache/omni.graph-1.141.2+69cbf6ad.lx64.r.cp311/omni/graph/core/tests/omnigraph_test_utils.py", line 198, in <module>
    OmniGraphTestCase = test_case_class()
                        ^^^^^^^^^^^^^^^^^
  File "/home/liyufeng/miniforge3/envs/safeduo/lib/python3.11/site-packages/isaacsim/extscache/omni.graph-1.141.2+69cbf6ad.lx64.r.cp311/omni/graph/core/tests/omnigraph_test_utils.py", line 135, in test_case_class
    base_class = omni.kit.test.AsyncTestCase
                 ^^^^^^^^^^^^^
AttributeError: cannot access submodule 'test' of module 'omni.kit' (most likely due to a circular import)

2026-10-08T03:43:04Z [6,965ms] [Error] [omni.graph.tools._impl.internal.extension_contents_1_18] Exception while importing test omni.replicator.core.ogn.tests.TestOgnScheduleWriter: Traceback (most recent call last):
  File "/home/liyufeng/miniforge3/envs/safeduo/lib/python3.11/site-packages/isaacsim/extscache/omni.graph.tools-1.79.2+69cbf6ad/omni/graph/tools/_impl/internal/extension_contents_1_18.py", line 394, in do_import_test_definition
    test_module = load_module_from_file(test_module_name, test_file)
                  ^^^^^^^^^^^^^^^^^^^^^^^^^^^^^^^^^^^^^^^^^^^^^^^^^^
  File "/home/liyufeng/miniforge3/envs/safeduo/lib/python3.11/site-packages/isaacsim/extscache/omni.graph.tools-1.79.2+69cbf6ad/omni/graph/tools/_impl/internal/file_utils.py", line 239, in load_module_from_file
    spec.loader.exec_module(module)
  File "<frozen importlib._bootstrap_external>", line 940, in exec_module
  File "<frozen importlib._bootstrap>", line 241, in _call_with_frames_removed
  File "/home/liyufeng/miniforge3/envs/safeduo/lib/python3.11/site-packages/isaacsim/extscache/omni.replicator.core-1.12.27+107.3.3.lx64.r.cp311/omni/replicator/core/ogn/tests/TestOgnScheduleWriter.py", line 4, in <module>
    import omni.graph.core.tests as ogts
  File "/home/liyufeng/miniforge3/envs/safeduo/lib/python3.11/site-packages/isaacsim/extscache/omni.graph-1.141.2+69cbf6ad.lx64.r.cp311/omni/graph/core/tests/__init__.py", line 20, in <module>
    from .omnigraph_test_utils import OmniGraphTestCase
  File "/home/liyufeng/miniforge3/envs/safeduo/lib/python3.11/site-packages/isaacsim/extscache/omni.graph-1.141.2+69cbf6ad.lx64.r.cp311/omni/graph/core/tests/omnigraph_test_utils.py", line 198, in <module>
    OmniGraphTestCase = test_case_class()
                        ^^^^^^^^^^^^^^^^^
  File "/home/liyufeng/miniforge3/envs/safeduo/lib/python3.11/site-packages/isaacsim/extscache/omni.graph-1.141.2+69cbf6ad.lx64.r.cp311/omni/graph/core/tests/omnigraph_test_utils.py", line 135, in test_case_class
    base_class = omni.kit.test.AsyncTestCase
                 ^^^^^^^^^^^^^
AttributeError: cannot access submodule 'test' of module 'omni.kit' (most likely due to a circular import)

2026-10-08T03:43:04Z [6,973ms] [Error] [omni.graph.tools._impl.internal.extension_contents_1_18] Exception while importing test omni.replicator.core.ogn.tests.TestOgnWriteSemantics: Traceback (most recent call last):
  File "/home/liyufeng/miniforge3/envs/safeduo/lib/python3.11/site-packages/isaacsim/extscache/omni.graph.tools-1.79.2+69cbf6ad/omni/graph/tools/_impl/internal/extension_contents_1_18.py", line 394, in do_import_test_definition
    test_module = load_module_from_file(test_module_name, test_file)
                  ^^^^^^^^^^^^^^^^^^^^^^^^^^^^^^^^^^^^^^^^^^^^^^^^^^
  File "/home/liyufeng/miniforge3/envs/safeduo/lib/python3.11/site-packages/isaacsim/extscache/omni.graph.tools-1.79.2+69cbf6ad/omni/graph/tools/_impl/internal/file_utils.py", line 239, in load_module_from_file
    spec.loader.exec_module(module)
  File "<frozen importlib._bootstrap_external>", line 940, in exec_module
  File "<frozen importlib._bootstrap>", line 241, in _call_with_frames_removed
  File "/home/liyufeng/miniforge3/envs/safeduo/lib/python3.11/site-packages/isaacsim/extscache/omni.replicator.core-1.12.27+107.3.3.lx64.r.cp311/omni/replicator/core/ogn/tests/TestOgnWriteSemantics.py", line 4, in <module>
    import omni.graph.core.tests as ogts
  File "/home/liyufeng/miniforge3/envs/safeduo/lib/python3.11/site-packages/isaacsim/extscache/omni.graph-1.141.2+69cbf6ad.lx64.r.cp311/omni/graph/core/tests/__init__.py", line 20, in <module>
    from .omnigraph_test_utils import OmniGraphTestCase
  File "/home/liyufeng/miniforge3/envs/safeduo/lib/python3.11/site-packages/isaacsim/extscache/omni.graph-1.141.2+69cbf6ad.lx64.r.cp311/omni/graph/core/tests/omnigraph_test_utils.py", line 198, in <module>
    OmniGraphTestCase = test_case_class()
                        ^^^^^^^^^^^^^^^^^
  File "/home/liyufeng/miniforge3/envs/safeduo/lib/python3.11/site-packages/isaacsim/extscache/omni.graph-1.141.2+69cbf6ad.lx64.r.cp311/omni/graph/core/tests/omnigraph_test_utils.py", line 135, in test_case_class
    base_class = omni.kit.test.AsyncTestCase
                 ^^^^^^^^^^^^^
AttributeError: cannot access submodule 'test' of module 'omni.kit' (most likely due to a circular import)

2026-10-08T03:43:04Z [6,979ms] [Error] [omni.graph.tools._impl.internal.extension_contents_1_18] Exception while importing test omni.replicator.core.ogn.tests.TestOgnSampleChoice: Traceback (most recent call last):
  File "/home/liyufeng/miniforge3/envs/safeduo/lib/python3.11/site-packages/isaacsim/extscache/omni.graph.tools-1.79.2+69cbf6ad/omni/graph/tools/_impl/internal/extension_contents_1_18.py", line 394, in do_import_test_definition
    test_module = load_module_from_file(test_module_name, test_file)
                  ^^^^^^^^^^^^^^^^^^^^^^^^^^^^^^^^^^^^^^^^^^^^^^^^^^
  File "/home/liyufeng/miniforge3/envs/safeduo/lib/python3.11/site-packages/isaacsim/extscache/omni.graph.tools-1.79.2+69cbf6ad/omni/graph/tools/_impl/internal/file_utils.py", line 239, in load_module_from_file
    spec.loader.exec_module(module)
  File "<frozen importlib._bootstrap_external>", line 940, in exec_module
  File "<frozen importlib._bootstrap>", line 241, in _call_with_frames_removed
  File "/home/liyufeng/miniforge3/envs/safeduo/lib/python3.11/site-packages/isaacsim/extscache/omni.replicator.core-1.12.27+107.3.3.lx64.r.cp311/omni/replicator/core/ogn/tests/TestOgnSampleChoice.py", line 4, in <module>
    import omni.graph.core.tests as ogts
  File "/home/liyufeng/miniforge3/envs/safeduo/lib/python3.11/site-packages/isaacsim/extscache/omni.graph-1.141.2+69cbf6ad.lx64.r.cp311/omni/graph/core/tests/__init__.py", line 20, in <module>
    from .omnigraph_test_utils import OmniGraphTestCase
  File "/home/liyufeng/miniforge3/envs/safeduo/lib/python3.11/site-packages/isaacsim/extscache/omni.graph-1.141.2+69cbf6ad.lx64.r.cp311/omni/graph/core/tests/omnigraph_test_utils.py", line 198, in <module>
    OmniGraphTestCase = test_case_class()
                        ^^^^^^^^^^^^^^^^^
  File "/home/liyufeng/miniforge3/envs/safeduo/lib/python3.11/site-packages/isaacsim/extscache/omni.graph-1.141.2+69cbf6ad.lx64.r.cp311/omni/graph/core/tests/omnigraph_test_utils.py", line 135, in test_case_class
    base_class = omni.kit.test.AsyncTestCase
                 ^^^^^^^^^^^^^
AttributeError: cannot access submodule 'test' of module 'omni.kit' (most likely due to a circular import)

2026-10-08T03:43:04Z [6,987ms] [Error] [omni.graph.tools._impl.internal.extension_contents_1_18] Exception while importing test omni.replicator.core.ogn.tests.TestOgnSampleOmniPBR: Traceback (most recent call last):
  File "/home/liyufeng/miniforge3/envs/safeduo/lib/python3.11/site-packages/isaacsim/extscache/omni.graph.tools-1.79.2+69cbf6ad/omni/graph/tools/_impl/internal/extension_contents_1_18.py", line 394, in do_import_test_definition
    test_module = load_module_from_file(test_module_name, test_file)
                  ^^^^^^^^^^^^^^^^^^^^^^^^^^^^^^^^^^^^^^^^^^^^^^^^^^
  File "/home/liyufeng/miniforge3/envs/safeduo/lib/python3.11/site-packages/isaacsim/extscache/omni.graph.tools-1.79.2+69cbf6ad/omni/graph/tools/_impl/internal/file_utils.py", line 239, in load_module_from_file
    spec.loader.exec_module(module)
  File "<frozen importlib._bootstrap_external>", line 940, in exec_module
  File "<frozen importlib._bootstrap>", line 241, in _call_with_frames_removed
  File "/home/liyufeng/miniforge3/envs/safeduo/lib/python3.11/site-packages/isaacsim/extscache/omni.replicator.core-1.12.27+107.3.3.lx64.r.cp311/omni/replicator/core/ogn/tests/TestOgnSampleOmniPBR.py", line 4, in <module>
    import omni.graph.core.tests as ogts
  File "/home/liyufeng/miniforge3/envs/safeduo/lib/python3.11/site-packages/isaacsim/extscache/omni.graph-1.141.2+69cbf6ad.lx64.r.cp311/omni/graph/core/tests/__init__.py", line 20, in <module>
    from .omnigraph_test_utils import OmniGraphTestCase
  File "/home/liyufeng/miniforge3/envs/safeduo/lib/python3.11/site-packages/isaacsim/extscache/omni.graph-1.141.2+69cbf6ad.lx64.r.cp311/omni/graph/core/tests/omnigraph_test_utils.py", line 198, in <module>
    OmniGraphTestCase = test_case_class()
                        ^^^^^^^^^^^^^^^^^
  File "/home/liyufeng/miniforge3/envs/safeduo/lib/python3.11/site-packages/isaacsim/extscache/omni.graph-1.141.2+69cbf6ad.lx64.r.cp311/omni/graph/core/tests/omnigraph_test_utils.py", line 135, in test_case_class
    base_class = omni.kit.test.AsyncTestCase
                 ^^^^^^^^^^^^^
AttributeError: cannot access submodule 'test' of module 'omni.kit' (most likely due to a circular import)

2026-10-08T03:43:04Z [6,993ms] [Error] [omni.graph.tools._impl.internal.extension_contents_1_18] Exception while importing test omni.replicator.core.ogn.tests.TestOgnSizeToScale: Traceback (most recent call last):
  File "/home/liyufeng/miniforge3/envs/safeduo/lib/python3.11/site-packages/isaacsim/extscache/omni.graph.tools-1.79.2+69cbf6ad/omni/graph/tools/_impl/internal/extension_contents_1_18.py", line 394, in do_import_test_definition
    test_module = load_module_from_file(test_module_name, test_file)
                  ^^^^^^^^^^^^^^^^^^^^^^^^^^^^^^^^^^^^^^^^^^^^^^^^^^
  File "/home/liyufeng/miniforge3/envs/safeduo/lib/python3.11/site-packages/isaacsim/extscache/omni.graph.tools-1.79.2+69cbf6ad/omni/graph/tools/_impl/internal/file_utils.py", line 239, in load_module_from_file
    spec.loader.exec_module(module)
  File "<frozen importlib._bootstrap_external>", line 940, in exec_module
  File "<frozen importlib._bootstrap>", line 241, in _call_with_frames_removed
  File "/home/liyufeng/miniforge3/envs/safeduo/lib/python3.11/site-packages/isaacsim/extscache/omni.replicator.core-1.12.27+107.3.3.lx64.r.cp311/omni/replicator/core/ogn/tests/TestOgnSizeToScale.py", line 4, in <module>
    import omni.graph.core.tests as ogts
  File "/home/liyufeng/miniforge3/envs/safeduo/lib/python3.11/site-packages/isaacsim/extscache/omni.graph-1.141.2+69cbf6ad.lx64.r.cp311/omni/graph/core/tests/__init__.py", line 20, in <module>
    from .omnigraph_test_utils import OmniGraphTestCase
  File "/home/liyufeng/miniforge3/envs/safeduo/lib/python3.11/site-packages/isaacsim/extscache/omni.graph-1.141.2+69cbf6ad.lx64.r.cp311/omni/graph/core/tests/omnigraph_test_utils.py", line 198, in <module>
    OmniGraphTestCase = test_case_class()
                        ^^^^^^^^^^^^^^^^^
  File "/home/liyufeng/miniforge3/envs/safeduo/lib/python3.11/site-packages/isaacsim/extscache/omni.graph-1.141.2+69cbf6ad.lx64.r.cp311/omni/graph/core/tests/omnigraph_test_utils.py", line 135, in test_case_class
    base_class = omni.kit.test.AsyncTestCase
                 ^^^^^^^^^^^^^
AttributeError: cannot access submodule 'test' of module 'omni.kit' (most likely due to a circular import)

2026-10-08T03:43:04Z [7,002ms] [Error] [omni.graph.tools._impl.internal.extension_contents_1_18] Exception while importing test omni.replicator.core.ogn.tests.TestOgnSampleRotation: Traceback (most recent call last):
  File "/home/liyufeng/miniforge3/envs/safeduo/lib/python3.11/site-packages/isaacsim/extscache/omni.graph.tools-1.79.2+69cbf6ad/omni/graph/tools/_impl/internal/extension_contents_1_18.py", line 394, in do_import_test_definition
    test_module = load_module_from_file(test_module_name, test_file)
                  ^^^^^^^^^^^^^^^^^^^^^^^^^^^^^^^^^^^^^^^^^^^^^^^^^^
  File "/home/liyufeng/miniforge3/envs/safeduo/lib/python3.11/site-packages/isaacsim/extscache/omni.graph.tools-1.79.2+69cbf6ad/omni/graph/tools/_impl/internal/file_utils.py", line 239, in load_module_from_file
    spec.loader.exec_module(module)
  File "<frozen importlib._bootstrap_external>", line 940, in exec_module
  File "<frozen importlib._bootstrap>", line 241, in _call_with_frames_removed
  File "/home/liyufeng/miniforge3/envs/safeduo/lib/python3.11/site-packages/isaacsim/extscache/omni.replicator.core-1.12.27+107.3.3.lx64.r.cp311/omni/replicator/core/ogn/tests/TestOgnSampleRotation.py", line 4, in <module>
    import omni.graph.core.tests as ogts
  File "/home/liyufeng/miniforge3/envs/safeduo/lib/python3.11/site-packages/isaacsim/extscache/omni.graph-1.141.2+69cbf6ad.lx64.r.cp311/omni/graph/core/tests/__init__.py", line 20, in <module>
    from .omnigraph_test_utils import OmniGraphTestCase
  File "/home/liyufeng/miniforge3/envs/safeduo/lib/python3.11/site-packages/isaacsim/extscache/omni.graph-1.141.2+69cbf6ad.lx64.r.cp311/omni/graph/core/tests/omnigraph_test_utils.py", line 198, in <module>
    OmniGraphTestCase = test_case_class()
                        ^^^^^^^^^^^^^^^^^
  File "/home/liyufeng/miniforge3/envs/safeduo/lib/python3.11/site-packages/isaacsim/extscache/omni.graph-1.141.2+69cbf6ad.lx64.r.cp311/omni/graph/core/tests/omnigraph_test_utils.py", line 135, in test_case_class
    base_class = omni.kit.test.AsyncTestCase
                 ^^^^^^^^^^^^^
AttributeError: cannot access submodule 'test' of module 'omni.kit' (most likely due to a circular import)

2026-10-08T03:43:04Z [7,012ms] [Error] [omni.graph.tools._impl.internal.extension_contents_1_18] Exception while importing test omni.replicator.core.ogn.tests.TestOgnAugMotionBlurExp: Traceback (most recent call last):
  File "/home/liyufeng/miniforge3/envs/safeduo/lib/python3.11/site-packages/isaacsim/extscache/omni.graph.tools-1.79.2+69cbf6ad/omni/graph/tools/_impl/internal/extension_contents_1_18.py", line 394, in do_import_test_definition
    test_module = load_module_from_file(test_module_name, test_file)
                  ^^^^^^^^^^^^^^^^^^^^^^^^^^^^^^^^^^^^^^^^^^^^^^^^^^
  File "/home/liyufeng/miniforge3/envs/safeduo/lib/python3.11/site-packages/isaacsim/extscache/omni.graph.tools-1.79.2+69cbf6ad/omni/graph/tools/_impl/internal/file_utils.py", line 239, in load_module_from_file
    spec.loader.exec_module(module)
  File "<frozen importlib._bootstrap_external>", line 940, in exec_module
  File "<frozen importlib._bootstrap>", line 241, in _call_with_frames_removed
  File "/home/liyufeng/miniforge3/envs/safeduo/lib/python3.11/site-packages/isaacsim/extscache/omni.replicator.core-1.12.27+107.3.3.lx64.r.cp311/omni/replicator/core/ogn/tests/TestOgnAugMotionBlurExp.py", line 4, in <module>
    import omni.graph.core.tests as ogts
  File "/home/liyufeng/miniforge3/envs/safeduo/lib/python3.11/site-packages/isaacsim/extscache/omni.graph-1.141.2+69cbf6ad.lx64.r.cp311/omni/graph/core/tests/__init__.py", line 20, in <module>
    from .omnigraph_test_utils import OmniGraphTestCase
  File "/home/liyufeng/miniforge3/envs/safeduo/lib/python3.11/site-packages/isaacsim/extscache/omni.graph-1.141.2+69cbf6ad.lx64.r.cp311/omni/graph/core/tests/omnigraph_test_utils.py", line 198, in <module>
    OmniGraphTestCase = test_case_class()
                        ^^^^^^^^^^^^^^^^^
  File "/home/liyufeng/miniforge3/envs/safeduo/lib/python3.11/site-packages/isaacsim/extscache/omni.graph-1.141.2+69cbf6ad.lx64.r.cp311/omni/graph/core/tests/omnigraph_test_utils.py", line 135, in test_case_class
    base_class = omni.kit.test.AsyncTestCase
                 ^^^^^^^^^^^^^
AttributeError: cannot access submodule 'test' of module 'omni.kit' (most likely due to a circular import)

2026-10-08T03:43:04Z [7,024ms] [Error] [omni.graph.tools._impl.internal.extension_contents_1_18] Exception while importing test omni.replicator.core.ogn.tests.TestOgnCreateProjectionMaterial: Traceback (most recent call last):
  File "/home/liyufeng/miniforge3/envs/safeduo/lib/python3.11/site-packages/isaacsim/extscache/omni.graph.tools-1.79.2+69cbf6ad/omni/graph/tools/_impl/internal/extension_contents_1_18.py", line 394, in do_import_test_definition
    test_module = load_module_from_file(test_module_name, test_file)
                  ^^^^^^^^^^^^^^^^^^^^^^^^^^^^^^^^^^^^^^^^^^^^^^^^^^
  File "/home/liyufeng/miniforge3/envs/safeduo/lib/python3.11/site-packages/isaacsim/extscache/omni.graph.tools-1.79.2+69cbf6ad/omni/graph/tools/_impl/internal/file_utils.py", line 239, in load_module_from_file
    spec.loader.exec_module(module)
  File "<frozen importlib._bootstrap_external>", line 940, in exec_module
  File "<frozen importlib._bootstrap>", line 241, in _call_with_frames_removed
  File "/home/liyufeng/miniforge3/envs/safeduo/lib/python3.11/site-packages/isaacsim/extscache/omni.replicator.core-1.12.27+107.3.3.lx64.r.cp311/omni/replicator/core/ogn/tests/TestOgnCreateProjectionMaterial.py", line 4, in <module>
    import omni.graph.core.tests as ogts
  File "/home/liyufeng/miniforge3/envs/safeduo/lib/python3.11/site-packages/isaacsim/extscache/omni.graph-1.141.2+69cbf6ad.lx64.r.cp311/omni/graph/core/tests/__init__.py", line 20, in <module>
    from .omnigraph_test_utils import OmniGraphTestCase
  File "/home/liyufeng/miniforge3/envs/safeduo/lib/python3.11/site-packages/isaacsim/extscache/omni.graph-1.141.2+69cbf6ad.lx64.r.cp311/omni/graph/core/tests/omnigraph_test_utils.py", line 198, in <module>
    OmniGraphTestCase = test_case_class()
                        ^^^^^^^^^^^^^^^^^
  File "/home/liyufeng/miniforge3/envs/safeduo/lib/python3.11/site-packages/isaacsim/extscache/omni.graph-1.141.2+69cbf6ad.lx64.r.cp311/omni/graph/core/tests/omnigraph_test_utils.py", line 135, in test_case_class
    base_class = omni.kit.test.AsyncTestCase
                 ^^^^^^^^^^^^^
AttributeError: cannot access submodule 'test' of module 'omni.kit' (most likely due to a circular import)

2026-10-08T03:43:04Z [7,034ms] [Error] [omni.graph.tools._impl.internal.extension_contents_1_18] Exception while importing test omni.replicator.core.ogn.tests.TestOgnAugmentCPU: Traceback (most recent call last):
  File "/home/liyufeng/miniforge3/envs/safeduo/lib/python3.11/site-packages/isaacsim/extscache/omni.graph.tools-1.79.2+69cbf6ad/omni/graph/tools/_impl/internal/extension_contents_1_18.py", line 394, in do_import_test_definition
    test_module = load_module_from_file(test_module_name, test_file)
                  ^^^^^^^^^^^^^^^^^^^^^^^^^^^^^^^^^^^^^^^^^^^^^^^^^^
  File "/home/liyufeng/miniforge3/envs/safeduo/lib/python3.11/site-packages/isaacsim/extscache/omni.graph.tools-1.79.2+69cbf6ad/omni/graph/tools/_impl/internal/file_utils.py", line 239, in load_module_from_file
    spec.loader.exec_module(module)
  File "<frozen importlib._bootstrap_external>", line 940, in exec_module
  File "<frozen importlib._bootstrap>", line 241, in _call_with_frames_removed
  File "/home/liyufeng/miniforge3/envs/safeduo/lib/python3.11/site-packages/isaacsim/extscache/omni.replicator.core-1.12.27+107.3.3.lx64.r.cp311/omni/replicator/core/ogn/tests/TestOgnAugmentCPU.py", line 4, in <module>
    import omni.graph.core.tests as ogts
  File "/home/liyufeng/miniforge3/envs/safeduo/lib/python3.11/site-packages/isaacsim/extscache/omni.graph-1.141.2+69cbf6ad.lx64.r.cp311/omni/graph/core/tests/__init__.py", line 20, in <module>
    from .omnigraph_test_utils import OmniGraphTestCase
  File "/home/liyufeng/miniforge3/envs/safeduo/lib/python3.11/site-packages/isaacsim/extscache/omni.graph-1.141.2+69cbf6ad.lx64.r.cp311/omni/graph/core/tests/omnigraph_test_utils.py", line 198, in <module>
    OmniGraphTestCase = test_case_class()
                        ^^^^^^^^^^^^^^^^^
  File "/home/liyufeng/miniforge3/envs/safeduo/lib/python3.11/site-packages/isaacsim/extscache/omni.graph-1.141.2+69cbf6ad.lx64.r.cp311/omni/graph/core/tests/omnigraph_test_utils.py", line 135, in test_case_class
    base_class = omni.kit.test.AsyncTestCase
                 ^^^^^^^^^^^^^
AttributeError: cannot access submodule 'test' of module 'omni.kit' (most likely due to a circular import)

2026-10-08T03:43:04Z [7,044ms] [Error] [omni.graph.tools._impl.internal.extension_contents_1_18] Exception while importing test omni.replicator.core.ogn.tests.TestOgnWriter: Traceback (most recent call last):
  File "/home/liyufeng/miniforge3/envs/safeduo/lib/python3.11/site-packages/isaacsim/extscache/omni.graph.tools-1.79.2+69cbf6ad/omni/graph/tools/_impl/internal/extension_contents_1_18.py", line 394, in do_import_test_definition
    test_module = load_module_from_file(test_module_name, test_file)
                  ^^^^^^^^^^^^^^^^^^^^^^^^^^^^^^^^^^^^^^^^^^^^^^^^^^
  File "/home/liyufeng/miniforge3/envs/safeduo/lib/python3.11/site-packages/isaacsim/extscache/omni.graph.tools-1.79.2+69cbf6ad/omni/graph/tools/_impl/internal/file_utils.py", line 239, in load_module_from_file
    spec.loader.exec_module(module)
  File "<frozen importlib._bootstrap_external>", line 940, in exec_module
  File "<frozen importlib._bootstrap>", line 241, in _call_with_frames_removed
  File "/home/liyufeng/miniforge3/envs/safeduo/lib/python3.11/site-packages/isaacsim/extscache/omni.replicator.core-1.12.27+107.3.3.lx64.r.cp311/omni/replicator/core/ogn/tests/TestOgnWriter.py", line 4, in <module>
    import omni.graph.core.tests as ogts
  File "/home/liyufeng/miniforge3/envs/safeduo/lib/python3.11/site-packages/isaacsim/extscache/omni.graph-1.141.2+69cbf6ad.lx64.r.cp311/omni/graph/core/tests/__init__.py", line 20, in <module>
    from .omnigraph_test_utils import OmniGraphTestCase
  File "/home/liyufeng/miniforge3/envs/safeduo/lib/python3.11/site-packages/isaacsim/extscache/omni.graph-1.141.2+69cbf6ad.lx64.r.cp311/omni/graph/core/tests/omnigraph_test_utils.py", line 198, in <module>
    OmniGraphTestCase = test_case_class()
                        ^^^^^^^^^^^^^^^^^
  File "/home/liyufeng/miniforge3/envs/safeduo/lib/python3.11/site-packages/isaacsim/extscache/omni.graph-1.141.2+69cbf6ad.lx64.r.cp311/omni/graph/core/tests/omnigraph_test_utils.py", line 135, in test_case_class
    base_class = omni.kit.test.AsyncTestCase
                 ^^^^^^^^^^^^^
AttributeError: cannot access submodule 'test' of module 'omni.kit' (most likely due to a circular import)

2026-10-08T03:43:04Z [7,053ms] [Error] [omni.graph.tools._impl.internal.extension_contents_1_18] Exception while importing test omni.replicator.core.ogn.tests.TestOgnBoundingBoxLegacy: Traceback (most recent call last):
  File "/home/liyufeng/miniforge3/envs/safeduo/lib/python3.11/site-packages/isaacsim/extscache/omni.graph.tools-1.79.2+69cbf6ad/omni/graph/tools/_impl/internal/extension_contents_1_18.py", line 394, in do_import_test_definition
    test_module = load_module_from_file(test_module_name, test_file)
                  ^^^^^^^^^^^^^^^^^^^^^^^^^^^^^^^^^^^^^^^^^^^^^^^^^^
  File "/home/liyufeng/miniforge3/envs/safeduo/lib/python3.11/site-packages/isaacsim/extscache/omni.graph.tools-1.79.2+69cbf6ad/omni/graph/tools/_impl/internal/file_utils.py", line 239, in load_module_from_file
    spec.loader.exec_module(module)
  File "<frozen importlib._bootstrap_external>", line 940, in exec_module
  File "<frozen importlib._bootstrap>", line 241, in _call_with_frames_removed
  File "/home/liyufeng/miniforge3/envs/safeduo/lib/python3.11/site-packages/isaacsim/extscache/omni.replicator.core-1.12.27+107.3.3.lx64.r.cp311/omni/replicator/core/ogn/tests/TestOgnBoundingBoxLegacy.py", line 4, in <module>
    import omni.graph.core.tests as ogts
  File "/home/liyufeng/miniforge3/envs/safeduo/lib/python3.11/site-packages/isaacsim/extscache/omni.graph-1.141.2+69cbf6ad.lx64.r.cp311/omni/graph/core/tests/__init__.py", line 20, in <module>
    from .omnigraph_test_utils import OmniGraphTestCase
  File "/home/liyufeng/miniforge3/envs/safeduo/lib/python3.11/site-packages/isaacsim/extscache/omni.graph-1.141.2+69cbf6ad.lx64.r.cp311/omni/graph/core/tests/omnigraph_test_utils.py", line 198, in <module>
    OmniGraphTestCase = test_case_class()
                        ^^^^^^^^^^^^^^^^^
  File "/home/liyufeng/miniforge3/envs/safeduo/lib/python3.11/site-packages/isaacsim/extscache/omni.graph-1.141.2+69cbf6ad.lx64.r.cp311/omni/graph/core/tests/omnigraph_test_utils.py", line 135, in test_case_class
    base_class = omni.kit.test.AsyncTestCase
                 ^^^^^^^^^^^^^
AttributeError: cannot access submodule 'test' of module 'omni.kit' (most likely due to a circular import)

2026-10-08T03:43:04Z [7,060ms] [Error] [omni.graph.tools._impl.internal.extension_contents_1_18] Exception while importing test omni.replicator.core.ogn.tests.TestOgnPhysicsSimulate: Traceback (most recent call last):
  File "/home/liyufeng/miniforge3/envs/safeduo/lib/python3.11/site-packages/isaacsim/extscache/omni.graph.tools-1.79.2+69cbf6ad/omni/graph/tools/_impl/internal/extension_contents_1_18.py", line 394, in do_import_test_definition
    test_module = load_module_from_file(test_module_name, test_file)
                  ^^^^^^^^^^^^^^^^^^^^^^^^^^^^^^^^^^^^^^^^^^^^^^^^^^
  File "/home/liyufeng/miniforge3/envs/safeduo/lib/python3.11/site-packages/isaacsim/extscache/omni.graph.tools-1.79.2+69cbf6ad/omni/graph/tools/_impl/internal/file_utils.py", line 239, in load_module_from_file
    spec.loader.exec_module(module)
  File "<frozen importlib._bootstrap_external>", line 940, in exec_module
  File "<frozen importlib._bootstrap>", line 241, in _call_with_frames_removed
  File "/home/liyufeng/miniforge3/envs/safeduo/lib/python3.11/site-packages/isaacsim/extscache/omni.replicator.core-1.12.27+107.3.3.lx64.r.cp311/omni/replicator/core/ogn/tests/TestOgnPhysicsSimulate.py", line 4, in <module>
    import omni.graph.core.tests as ogts
  File "/home/liyufeng/miniforge3/envs/safeduo/lib/python3.11/site-packages/isaacsim/extscache/omni.graph-1.141.2+69cbf6ad.lx64.r.cp311/omni/graph/core/tests/__init__.py", line 20, in <module>
    from .omnigraph_test_utils import OmniGraphTestCase
  File "/home/liyufeng/miniforge3/envs/safeduo/lib/python3.11/site-packages/isaacsim/extscache/omni.graph-1.141.2+69cbf6ad.lx64.r.cp311/omni/graph/core/tests/omnigraph_test_utils.py", line 198, in <module>
    OmniGraphTestCase = test_case_class()
                        ^^^^^^^^^^^^^^^^^
  File "/home/liyufeng/miniforge3/envs/safeduo/lib/python3.11/site-packages/isaacsim/extscache/omni.graph-1.141.2+69cbf6ad.lx64.r.cp311/omni/graph/core/tests/omnigraph_test_utils.py", line 135, in test_case_class
    base_class = omni.kit.test.AsyncTestCase
                 ^^^^^^^^^^^^^
AttributeError: cannot access submodule 'test' of module 'omni.kit' (most likely due to a circular import)

2026-10-08T03:43:04Z [7,068ms] [Error] [omni.graph.tools._impl.internal.extension_contents_1_18] Exception while importing test omni.replicator.core.ogn.tests.TestOgnSampleLogUniform: Traceback (most recent call last):
  File "/home/liyufeng/miniforge3/envs/safeduo/lib/python3.11/site-packages/isaacsim/extscache/omni.graph.tools-1.79.2+69cbf6ad/omni/graph/tools/_impl/internal/extension_contents_1_18.py", line 394, in do_import_test_definition
    test_module = load_module_from_file(test_module_name, test_file)
                  ^^^^^^^^^^^^^^^^^^^^^^^^^^^^^^^^^^^^^^^^^^^^^^^^^^
  File "/home/liyufeng/miniforge3/envs/safeduo/lib/python3.11/site-packages/isaacsim/extscache/omni.graph.tools-1.79.2+69cbf6ad/omni/graph/tools/_impl/internal/file_utils.py", line 239, in load_module_from_file
    spec.loader.exec_module(module)
  File "<frozen importlib._bootstrap_external>", line 940, in exec_module
  File "<frozen importlib._bootstrap>", line 241, in _call_with_frames_removed
  File "/home/liyufeng/miniforge3/envs/safeduo/lib/python3.11/site-packages/isaacsim/extscache/omni.replicator.core-1.12.27+107.3.3.lx64.r.cp311/omni/replicator/core/ogn/tests/TestOgnSampleLogUniform.py", line 4, in <module>
    import omni.graph.core.tests as ogts
  File "/home/liyufeng/miniforge3/envs/safeduo/lib/python3.11/site-packages/isaacsim/extscache/omni.graph-1.141.2+69cbf6ad.lx64.r.cp311/omni/graph/core/tests/__init__.py", line 20, in <module>
    from .omnigraph_test_utils import OmniGraphTestCase
  File "/home/liyufeng/miniforge3/envs/safeduo/lib/python3.11/site-packages/isaacsim/extscache/omni.graph-1.141.2+69cbf6ad.lx64.r.cp311/omni/graph/core/tests/omnigraph_test_utils.py", line 198, in <module>
    OmniGraphTestCase = test_case_class()
                        ^^^^^^^^^^^^^^^^^
  File "/home/liyufeng/miniforge3/envs/safeduo/lib/python3.11/site-packages/isaacsim/extscache/omni.graph-1.141.2+69cbf6ad.lx64.r.cp311/omni/graph/core/tests/omnigraph_test_utils.py", line 135, in test_case_class
    base_class = omni.kit.test.AsyncTestCase
                 ^^^^^^^^^^^^^
AttributeError: cannot access submodule 'test' of module 'omni.kit' (most likely due to a circular import)

2026-10-08T03:43:04Z [7,076ms] [Error] [omni.graph.tools._impl.internal.extension_contents_1_18] Exception while importing test omni.replicator.core.ogn.tests.TestOgnModifyAnimationTarget: Traceback (most recent call last):
  File "/home/liyufeng/miniforge3/envs/safeduo/lib/python3.11/site-packages/isaacsim/extscache/omni.graph.tools-1.79.2+69cbf6ad/omni/graph/tools/_impl/internal/extension_contents_1_18.py", line 394, in do_import_test_definition
    test_module = load_module_from_file(test_module_name, test_file)
                  ^^^^^^^^^^^^^^^^^^^^^^^^^^^^^^^^^^^^^^^^^^^^^^^^^^
  File "/home/liyufeng/miniforge3/envs/safeduo/lib/python3.11/site-packages/isaacsim/extscache/omni.graph.tools-1.79.2+69cbf6ad/omni/graph/tools/_impl/internal/file_utils.py", line 239, in load_module_from_file
    spec.loader.exec_module(module)
  File "<frozen importlib._bootstrap_external>", line 940, in exec_module
  File "<frozen importlib._bootstrap>", line 241, in _call_with_frames_removed
  File "/home/liyufeng/miniforge3/envs/safeduo/lib/python3.11/site-packages/isaacsim/extscache/omni.replicator.core-1.12.27+107.3.3.lx64.r.cp311/omni/replicator/core/ogn/tests/TestOgnModifyAnimationTarget.py", line 4, in <module>
    import omni.graph.core.tests as ogts
  File "/home/liyufeng/miniforge3/envs/safeduo/lib/python3.11/site-packages/isaacsim/extscache/omni.graph-1.141.2+69cbf6ad.lx64.r.cp311/omni/graph/core/tests/__init__.py", line 20, in <module>
    from .omnigraph_test_utils import OmniGraphTestCase
  File "/home/liyufeng/miniforge3/envs/safeduo/lib/python3.11/site-packages/isaacsim/extscache/omni.graph-1.141.2+69cbf6ad.lx64.r.cp311/omni/graph/core/tests/omnigraph_test_utils.py", line 198, in <module>
    OmniGraphTestCase = test_case_class()
                        ^^^^^^^^^^^^^^^^^
  File "/home/liyufeng/miniforge3/envs/safeduo/lib/python3.11/site-packages/isaacsim/extscache/omni.graph-1.141.2+69cbf6ad.lx64.r.cp311/omni/graph/core/tests/omnigraph_test_utils.py", line 135, in test_case_class
    base_class = omni.kit.test.AsyncTestCase
                 ^^^^^^^^^^^^^
AttributeError: cannot access submodule 'test' of module 'omni.kit' (most likely due to a circular import)

2026-10-08T03:43:04Z [7,082ms] [Error] [omni.graph.tools._impl.internal.extension_contents_1_18] Exception while importing test omni.replicator.core.ogn.tests.TestOgnSampleMaterial: Traceback (most recent call last):
  File "/home/liyufeng/miniforge3/envs/safeduo/lib/python3.11/site-packages/isaacsim/extscache/omni.graph.tools-1.79.2+69cbf6ad/omni/graph/tools/_impl/internal/extension_contents_1_18.py", line 394, in do_import_test_definition
    test_module = load_module_from_file(test_module_name, test_file)
                  ^^^^^^^^^^^^^^^^^^^^^^^^^^^^^^^^^^^^^^^^^^^^^^^^^^
  File "/home/liyufeng/miniforge3/envs/safeduo/lib/python3.11/site-packages/isaacsim/extscache/omni.graph.tools-1.79.2+69cbf6ad/omni/graph/tools/_impl/internal/file_utils.py", line 239, in load_module_from_file
    spec.loader.exec_module(module)
  File "<frozen importlib._bootstrap_external>", line 940, in exec_module
  File "<frozen importlib._bootstrap>", line 241, in _call_with_frames_removed
  File "/home/liyufeng/miniforge3/envs/safeduo/lib/python3.11/site-packages/isaacsim/extscache/omni.replicator.core-1.12.27+107.3.3.lx64.r.cp311/omni/replicator/core/ogn/tests/TestOgnSampleMaterial.py", line 4, in <module>
    import omni.graph.core.tests as ogts
  File "/home/liyufeng/miniforge3/envs/safeduo/lib/python3.11/site-packages/isaacsim/extscache/omni.graph-1.141.2+69cbf6ad.lx64.r.cp311/omni/graph/core/tests/__init__.py", line 20, in <module>
    from .omnigraph_test_utils import OmniGraphTestCase
  File "/home/liyufeng/miniforge3/envs/safeduo/lib/python3.11/site-packages/isaacsim/extscache/omni.graph-1.141.2+69cbf6ad.lx64.r.cp311/omni/graph/core/tests/omnigraph_test_utils.py", line 198, in <module>
    OmniGraphTestCase = test_case_class()
                        ^^^^^^^^^^^^^^^^^
  File "/home/liyufeng/miniforge3/envs/safeduo/lib/python3.11/site-packages/isaacsim/extscache/omni.graph-1.141.2+69cbf6ad.lx64.r.cp311/omni/graph/core/tests/omnigraph_test_utils.py", line 135, in test_case_class
    base_class = omni.kit.test.AsyncTestCase
                 ^^^^^^^^^^^^^
AttributeError: cannot access submodule 'test' of module 'omni.kit' (most likely due to a circular import)

2026-10-08T03:43:04Z [7,088ms] [Error] [omni.graph.tools._impl.internal.extension_contents_1_18] Exception while importing test omni.replicator.core.ogn.tests.TestOgnSamplePopulation: Traceback (most recent call last):
  File "/home/liyufeng/miniforge3/envs/safeduo/lib/python3.11/site-packages/isaacsim/extscache/omni.graph.tools-1.79.2+69cbf6ad/omni/graph/tools/_impl/internal/extension_contents_1_18.py", line 394, in do_import_test_definition
    test_module = load_module_from_file(test_module_name, test_file)
                  ^^^^^^^^^^^^^^^^^^^^^^^^^^^^^^^^^^^^^^^^^^^^^^^^^^
  File "/home/liyufeng/miniforge3/envs/safeduo/lib/python3.11/site-packages/isaacsim/extscache/omni.graph.tools-1.79.2+69cbf6ad/omni/graph/tools/_impl/internal/file_utils.py", line 239, in load_module_from_file
    spec.loader.exec_module(module)
  File "<frozen importlib._bootstrap_external>", line 940, in exec_module
  File "<frozen importlib._bootstrap>", line 241, in _call_with_frames_removed
  File "/home/liyufeng/miniforge3/envs/safeduo/lib/python3.11/site-packages/isaacsim/extscache/omni.replicator.core-1.12.27+107.3.3.lx64.r.cp311/omni/replicator/core/ogn/tests/TestOgnSamplePopulation.py", line 4, in <module>
    import omni.graph.core.tests as ogts
  File "/home/liyufeng/miniforge3/envs/safeduo/lib/python3.11/site-packages/isaacsim/extscache/omni.graph-1.141.2+69cbf6ad.lx64.r.cp311/omni/graph/core/tests/__init__.py", line 20, in <module>
    from .omnigraph_test_utils import OmniGraphTestCase
  File "/home/liyufeng/miniforge3/envs/safeduo/lib/python3.11/site-packages/isaacsim/extscache/omni.graph-1.141.2+69cbf6ad.lx64.r.cp311/omni/graph/core/tests/omnigraph_test_utils.py", line 198, in <module>
    OmniGraphTestCase = test_case_class()
                        ^^^^^^^^^^^^^^^^^
  File "/home/liyufeng/miniforge3/envs/safeduo/lib/python3.11/site-packages/isaacsim/extscache/omni.graph-1.141.2+69cbf6ad.lx64.r.cp311/omni/graph/core/tests/omnigraph_test_utils.py", line 135, in test_case_class
    base_class = omni.kit.test.AsyncTestCase
                 ^^^^^^^^^^^^^
AttributeError: cannot access submodule 'test' of module 'omni.kit' (most likely due to a circular import)

2026-10-08T03:43:04Z [7,094ms] [Error] [omni.graph.tools._impl.internal.extension_contents_1_18] Exception while importing test omni.replicator.core.ogn.tests.TestOgnScatter2D: Traceback (most recent call last):
  File "/home/liyufeng/miniforge3/envs/safeduo/lib/python3.11/site-packages/isaacsim/extscache/omni.graph.tools-1.79.2+69cbf6ad/omni/graph/tools/_impl/internal/extension_contents_1_18.py", line 394, in do_import_test_definition
    test_module = load_module_from_file(test_module_name, test_file)
                  ^^^^^^^^^^^^^^^^^^^^^^^^^^^^^^^^^^^^^^^^^^^^^^^^^^
  File "/home/liyufeng/miniforge3/envs/safeduo/lib/python3.11/site-packages/isaacsim/extscache/omni.graph.tools-1.79.2+69cbf6ad/omni/graph/tools/_impl/internal/file_utils.py", line 239, in load_module_from_file
    spec.loader.exec_module(module)
  File "<frozen importlib._bootstrap_external>", line 940, in exec_module
  File "<frozen importlib._bootstrap>", line 241, in _call_with_frames_removed
  File "/home/liyufeng/miniforge3/envs/safeduo/lib/python3.11/site-packages/isaacsim/extscache/omni.replicator.core-1.12.27+107.3.3.lx64.r.cp311/omni/replicator/core/ogn/tests/TestOgnScatter2D.py", line 4, in <module>
    import omni.graph.core.tests as ogts
  File "/home/liyufeng/miniforge3/envs/safeduo/lib/python3.11/site-packages/isaacsim/extscache/omni.graph-1.141.2+69cbf6ad.lx64.r.cp311/omni/graph/core/tests/__init__.py", line 20, in <module>
    from .omnigraph_test_utils import OmniGraphTestCase
  File "/home/liyufeng/miniforge3/envs/safeduo/lib/python3.11/site-packages/isaacsim/extscache/omni.graph-1.141.2+69cbf6ad.lx64.r.cp311/omni/graph/core/tests/omnigraph_test_utils.py", line 198, in <module>
    OmniGraphTestCase = test_case_class()
                        ^^^^^^^^^^^^^^^^^
  File "/home/liyufeng/miniforge3/envs/safeduo/lib/python3.11/site-packages/isaacsim/extscache/omni.graph-1.141.2+69cbf6ad.lx64.r.cp311/omni/graph/core/tests/omnigraph_test_utils.py", line 135, in test_case_class
    base_class = omni.kit.test.AsyncTestCase
                 ^^^^^^^^^^^^^
AttributeError: cannot access submodule 'test' of module 'omni.kit' (most likely due to a circular import)

2026-10-08T03:43:04Z [7,103ms] [Error] [omni.graph.tools._impl.internal.extension_contents_1_18] Exception while importing test omni.replicator.core.ogn.tests.TestOgnGetSkeletonData: Traceback (most recent call last):
  File "/home/liyufeng/miniforge3/envs/safeduo/lib/python3.11/site-packages/isaacsim/extscache/omni.graph.tools-1.79.2+69cbf6ad/omni/graph/tools/_impl/internal/extension_contents_1_18.py", line 394, in do_import_test_definition
    test_module = load_module_from_file(test_module_name, test_file)
                  ^^^^^^^^^^^^^^^^^^^^^^^^^^^^^^^^^^^^^^^^^^^^^^^^^^
  File "/home/liyufeng/miniforge3/envs/safeduo/lib/python3.11/site-packages/isaacsim/extscache/omni.graph.tools-1.79.2+69cbf6ad/omni/graph/tools/_impl/internal/file_utils.py", line 239, in load_module_from_file
    spec.loader.exec_module(module)
  File "<frozen importlib._bootstrap_external>", line 940, in exec_module
  File "<frozen importlib._bootstrap>", line 241, in _call_with_frames_removed
  File "/home/liyufeng/miniforge3/envs/safeduo/lib/python3.11/site-packages/isaacsim/extscache/omni.replicator.core-1.12.27+107.3.3.lx64.r.cp311/omni/replicator/core/ogn/tests/TestOgnGetSkeletonData.py", line 4, in <module>
    import omni.graph.core.tests as ogts
  File "/home/liyufeng/miniforge3/envs/safeduo/lib/python3.11/site-packages/isaacsim/extscache/omni.graph-1.141.2+69cbf6ad.lx64.r.cp311/omni/graph/core/tests/__init__.py", line 20, in <module>
    from .omnigraph_test_utils import OmniGraphTestCase
  File "/home/liyufeng/miniforge3/envs/safeduo/lib/python3.11/site-packages/isaacsim/extscache/omni.graph-1.141.2+69cbf6ad.lx64.r.cp311/omni/graph/core/tests/omnigraph_test_utils.py", line 198, in <module>
    OmniGraphTestCase = test_case_class()
                        ^^^^^^^^^^^^^^^^^
  File "/home/liyufeng/miniforge3/envs/safeduo/lib/python3.11/site-packages/isaacsim/extscache/omni.graph-1.141.2+69cbf6ad.lx64.r.cp311/omni/graph/core/tests/omnigraph_test_utils.py", line 135, in test_case_class
    base_class = omni.kit.test.AsyncTestCase
                 ^^^^^^^^^^^^^
AttributeError: cannot access submodule 'test' of module 'omni.kit' (most likely due to a circular import)

2026-10-08T03:43:04Z [7,111ms] [Error] [omni.graph.tools._impl.internal.extension_contents_1_18] Exception while importing test omni.replicator.core.ogn.tests.TestOgnOrbit: Traceback (most recent call last):
  File "/home/liyufeng/miniforge3/envs/safeduo/lib/python3.11/site-packages/isaacsim/extscache/omni.graph.tools-1.79.2+69cbf6ad/omni/graph/tools/_impl/internal/extension_contents_1_18.py", line 394, in do_import_test_definition
    test_module = load_module_from_file(test_module_name, test_file)
                  ^^^^^^^^^^^^^^^^^^^^^^^^^^^^^^^^^^^^^^^^^^^^^^^^^^
  File "/home/liyufeng/miniforge3/envs/safeduo/lib/python3.11/site-packages/isaacsim/extscache/omni.graph.tools-1.79.2+69cbf6ad/omni/graph/tools/_impl/internal/file_utils.py", line 239, in load_module_from_file
    spec.loader.exec_module(module)
  File "<frozen importlib._bootstrap_external>", line 940, in exec_module
  File "<frozen importlib._bootstrap>", line 241, in _call_with_frames_removed
  File "/home/liyufeng/miniforge3/envs/safeduo/lib/python3.11/site-packages/isaacsim/extscache/omni.replicator.core-1.12.27+107.3.3.lx64.r.cp311/omni/replicator/core/ogn/tests/TestOgnOrbit.py", line 4, in <module>
    import omni.graph.core.tests as ogts
  File "/home/liyufeng/miniforge3/envs/safeduo/lib/python3.11/site-packages/isaacsim/extscache/omni.graph-1.141.2+69cbf6ad.lx64.r.cp311/omni/graph/core/tests/__init__.py", line 20, in <module>
    from .omnigraph_test_utils import OmniGraphTestCase
  File "/home/liyufeng/miniforge3/envs/safeduo/lib/python3.11/site-packages/isaacsim/extscache/omni.graph-1.141.2+69cbf6ad.lx64.r.cp311/omni/graph/core/tests/omnigraph_test_utils.py", line 198, in <module>
    OmniGraphTestCase = test_case_class()
                        ^^^^^^^^^^^^^^^^^
  File "/home/liyufeng/miniforge3/envs/safeduo/lib/python3.11/site-packages/isaacsim/extscache/omni.graph-1.141.2+69cbf6ad.lx64.r.cp311/omni/graph/core/tests/omnigraph_test_utils.py", line 135, in test_case_class
    base_class = omni.kit.test.AsyncTestCase
                 ^^^^^^^^^^^^^
AttributeError: cannot access submodule 'test' of module 'omni.kit' (most likely due to a circular import)

2026-10-08T03:43:04Z [7,123ms] [Error] [omni.graph.tools._impl.internal.extension_contents_1_18] Exception while importing test omni.replicator.core.ogn.tests.TestOgnAugShadeSegmentation: Traceback (most recent call last):
  File "/home/liyufeng/miniforge3/envs/safeduo/lib/python3.11/site-packages/isaacsim/extscache/omni.graph.tools-1.79.2+69cbf6ad/omni/graph/tools/_impl/internal/extension_contents_1_18.py", line 394, in do_import_test_definition
    test_module = load_module_from_file(test_module_name, test_file)
                  ^^^^^^^^^^^^^^^^^^^^^^^^^^^^^^^^^^^^^^^^^^^^^^^^^^
  File "/home/liyufeng/miniforge3/envs/safeduo/lib/python3.11/site-packages/isaacsim/extscache/omni.graph.tools-1.79.2+69cbf6ad/omni/graph/tools/_impl/internal/file_utils.py", line 239, in load_module_from_file
    spec.loader.exec_module(module)
  File "<frozen importlib._bootstrap_external>", line 940, in exec_module
  File "<frozen importlib._bootstrap>", line 241, in _call_with_frames_removed
  File "/home/liyufeng/miniforge3/envs/safeduo/lib/python3.11/site-packages/isaacsim/extscache/omni.replicator.core-1.12.27+107.3.3.lx64.r.cp311/omni/replicator/core/ogn/tests/TestOgnAugShadeSegmentation.py", line 4, in <module>
    import omni.graph.core.tests as ogts
  File "/home/liyufeng/miniforge3/envs/safeduo/lib/python3.11/site-packages/isaacsim/extscache/omni.graph-1.141.2+69cbf6ad.lx64.r.cp311/omni/graph/core/tests/__init__.py", line 20, in <module>
    from .omnigraph_test_utils import OmniGraphTestCase
  File "/home/liyufeng/miniforge3/envs/safeduo/lib/python3.11/site-packages/isaacsim/extscache/omni.graph-1.141.2+69cbf6ad.lx64.r.cp311/omni/graph/core/tests/omnigraph_test_utils.py", line 198, in <module>
    OmniGraphTestCase = test_case_class()
                        ^^^^^^^^^^^^^^^^^
  File "/home/liyufeng/miniforge3/envs/safeduo/lib/python3.11/site-packages/isaacsim/extscache/omni.graph-1.141.2+69cbf6ad.lx64.r.cp311/omni/graph/core/tests/omnigraph_test_utils.py", line 135, in test_case_class
    base_class = omni.kit.test.AsyncTestCase
                 ^^^^^^^^^^^^^
AttributeError: module 'omni.kit' has no attribute 'test'

2026-10-08T03:43:04Z [7,132ms] [Error] [omni.graph.tools._impl.internal.extension_contents_1_18] Exception while importing test omni.replicator.core.ogn.tests.TestOgnAugConv2dExp: Traceback (most recent call last):
  File "/home/liyufeng/miniforge3/envs/safeduo/lib/python3.11/site-packages/isaacsim/extscache/omni.graph.tools-1.79.2+69cbf6ad/omni/graph/tools/_impl/internal/extension_contents_1_18.py", line 394, in do_import_test_definition
    test_module = load_module_from_file(test_module_name, test_file)
                  ^^^^^^^^^^^^^^^^^^^^^^^^^^^^^^^^^^^^^^^^^^^^^^^^^^
  File "/home/liyufeng/miniforge3/envs/safeduo/lib/python3.11/site-packages/isaacsim/extscache/omni.graph.tools-1.79.2+69cbf6ad/omni/graph/tools/_impl/internal/file_utils.py", line 239, in load_module_from_file
    spec.loader.exec_module(module)
  File "<frozen importlib._bootstrap_external>", line 940, in exec_module
  File "<frozen importlib._bootstrap>", line 241, in _call_with_frames_removed
  File "/home/liyufeng/miniforge3/envs/safeduo/lib/python3.11/site-packages/isaacsim/extscache/omni.replicator.core-1.12.27+107.3.3.lx64.r.cp311/omni/replicator/core/ogn/tests/TestOgnAugConv2dExp.py", line 4, in <module>
    import omni.graph.core.tests as ogts
  File "/home/liyufeng/miniforge3/envs/safeduo/lib/python3.11/site-packages/isaacsim/extscache/omni.graph-1.141.2+69cbf6ad.lx64.r.cp311/omni/graph/core/tests/__init__.py", line 20, in <module>
    from .omnigraph_test_utils import OmniGraphTestCase
  File "/home/liyufeng/miniforge3/envs/safeduo/lib/python3.11/site-packages/isaacsim/extscache/omni.graph-1.141.2+69cbf6ad.lx64.r.cp311/omni/graph/core/tests/omnigraph_test_utils.py", line 198, in <module>
    OmniGraphTestCase = test_case_class()
                        ^^^^^^^^^^^^^^^^^
  File "/home/liyufeng/miniforge3/envs/safeduo/lib/python3.11/site-packages/isaacsim/extscache/omni.graph-1.141.2+69cbf6ad.lx64.r.cp311/omni/graph/core/tests/omnigraph_test_utils.py", line 135, in test_case_class
    base_class = omni.kit.test.AsyncTestCase
                 ^^^^^^^^^^^^^
AttributeError: cannot access submodule 'test' of module 'omni.kit' (most likely due to a circular import)

2026-10-08T03:43:04Z [7,139ms] [Error] [omni.graph.tools._impl.internal.extension_contents_1_18] Exception while importing test omni.replicator.core.ogn.tests.TestOgnLookAt: Traceback (most recent call last):
  File "/home/liyufeng/miniforge3/envs/safeduo/lib/python3.11/site-packages/isaacsim/extscache/omni.graph.tools-1.79.2+69cbf6ad/omni/graph/tools/_impl/internal/extension_contents_1_18.py", line 394, in do_import_test_definition
    test_module = load_module_from_file(test_module_name, test_file)
                  ^^^^^^^^^^^^^^^^^^^^^^^^^^^^^^^^^^^^^^^^^^^^^^^^^^
  File "/home/liyufeng/miniforge3/envs/safeduo/lib/python3.11/site-packages/isaacsim/extscache/omni.graph.tools-1.79.2+69cbf6ad/omni/graph/tools/_impl/internal/file_utils.py", line 239, in load_module_from_file
    spec.loader.exec_module(module)
  File "<frozen importlib._bootstrap_external>", line 940, in exec_module
  File "<frozen importlib._bootstrap>", line 241, in _call_with_frames_removed
  File "/home/liyufeng/miniforge3/envs/safeduo/lib/python3.11/site-packages/isaacsim/extscache/omni.replicator.core-1.12.27+107.3.3.lx64.r.cp311/omni/replicator/core/ogn/tests/TestOgnLookAt.py", line 4, in <module>
    import omni.graph.core.tests as ogts
  File "/home/liyufeng/miniforge3/envs/safeduo/lib/python3.11/site-packages/isaacsim/extscache/omni.graph-1.141.2+69cbf6ad.lx64.r.cp311/omni/graph/core/tests/__init__.py", line 20, in <module>
    from .omnigraph_test_utils import OmniGraphTestCase
  File "/home/liyufeng/miniforge3/envs/safeduo/lib/python3.11/site-packages/isaacsim/extscache/omni.graph-1.141.2+69cbf6ad.lx64.r.cp311/omni/graph/core/tests/omnigraph_test_utils.py", line 198, in <module>
    OmniGraphTestCase = test_case_class()
                        ^^^^^^^^^^^^^^^^^
  File "/home/liyufeng/miniforge3/envs/safeduo/lib/python3.11/site-packages/isaacsim/extscache/omni.graph-1.141.2+69cbf6ad.lx64.r.cp311/omni/graph/core/tests/omnigraph_test_utils.py", line 135, in test_case_class
    base_class = omni.kit.test.AsyncTestCase
                 ^^^^^^^^^^^^^
AttributeError: cannot access submodule 'test' of module 'omni.kit' (most likely due to a circular import)

2026-10-08T03:43:05Z [7,593ms] [Error] [omni.graph.tools._impl.internal.extension_contents_1_18] Exception while importing test omni.replicator.core.ogn.tests.TestOgnDecal: Traceback (most recent call last):
  File "/home/liyufeng/miniforge3/envs/safeduo/lib/python3.11/site-packages/isaacsim/extscache/omni.graph.tools-1.79.2+69cbf6ad/omni/graph/tools/_impl/internal/extension_contents_1_18.py", line 394, in do_import_test_definition
    test_module = load_module_from_file(test_module_name, test_file)
                  ^^^^^^^^^^^^^^^^^^^^^^^^^^^^^^^^^^^^^^^^^^^^^^^^^^
  File "/home/liyufeng/miniforge3/envs/safeduo/lib/python3.11/site-packages/isaacsim/extscache/omni.graph.tools-1.79.2+69cbf6ad/omni/graph/tools/_impl/internal/file_utils.py", line 239, in load_module_from_file
    spec.loader.exec_module(module)
  File "<frozen importlib._bootstrap_external>", line 940, in exec_module
  File "<frozen importlib._bootstrap>", line 241, in _call_with_frames_removed
  File "/home/liyufeng/miniforge3/envs/safeduo/lib/python3.11/site-packages/isaacsim/extscache/omni.replicator.core-1.12.27+107.3.3.lx64.r.cp311/omni/replicator/core/ogn/tests/TestOgnDecal.py", line 4, in <module>
    import omni.graph.core.tests as ogts
  File "/home/liyufeng/miniforge3/envs/safeduo/lib/python3.11/site-packages/isaacsim/extscache/omni.graph-1.141.2+69cbf6ad.lx64.r.cp311/omni/graph/core/tests/__init__.py", line 20, in <module>
    from .omnigraph_test_utils import OmniGraphTestCase
  File "/home/liyufeng/miniforge3/envs/safeduo/lib/python3.11/site-packages/isaacsim/extscache/omni.graph-1.141.2+69cbf6ad.lx64.r.cp311/omni/graph/core/tests/omnigraph_test_utils.py", line 198, in <module>
    OmniGraphTestCase = test_case_class()
                        ^^^^^^^^^^^^^^^^^
  File "/home/liyufeng/miniforge3/envs/safeduo/lib/python3.11/site-packages/isaacsim/extscache/omni.graph-1.141.2+69cbf6ad.lx64.r.cp311/omni/graph/core/tests/omnigraph_test_utils.py", line 135, in test_case_class
    base_class = omni.kit.test.AsyncTestCase
                 ^^^^^^^^^^^^^
AttributeError: cannot access submodule 'test' of module 'omni.kit' (most likely due to a circular import)

2026-10-08T03:43:05Z [7,601ms] [Error] [omni.graph.tools._impl.internal.extension_contents_1_18] Exception while importing test omni.replicator.core.ogn.tests.TestOgnBindMaterial: Traceback (most recent call last):
  File "/home/liyufeng/miniforge3/envs/safeduo/lib/python3.11/site-packages/isaacsim/extscache/omni.graph.tools-1.79.2+69cbf6ad/omni/graph/tools/_impl/internal/extension_contents_1_18.py", line 394, in do_import_test_definition
    test_module = load_module_from_file(test_module_name, test_file)
                  ^^^^^^^^^^^^^^^^^^^^^^^^^^^^^^^^^^^^^^^^^^^^^^^^^^
  File "/home/liyufeng/miniforge3/envs/safeduo/lib/python3.11/site-packages/isaacsim/extscache/omni.graph.tools-1.79.2+69cbf6ad/omni/graph/tools/_impl/internal/file_utils.py", line 239, in load_module_from_file
    spec.loader.exec_module(module)
  File "<frozen importlib._bootstrap_external>", line 940, in exec_module
  File "<frozen importlib._bootstrap>", line 241, in _call_with_frames_removed
  File "/home/liyufeng/miniforge3/envs/safeduo/lib/python3.11/site-packages/isaacsim/extscache/omni.replicator.core-1.12.27+107.3.3.lx64.r.cp311/omni/replicator/core/ogn/tests/TestOgnBindMaterial.py", line 4, in <module>
    import omni.graph.core.tests as ogts
  File "/home/liyufeng/miniforge3/envs/safeduo/lib/python3.11/site-packages/isaacsim/extscache/omni.graph-1.141.2+69cbf6ad.lx64.r.cp311/omni/graph/core/tests/__init__.py", line 20, in <module>
    from .omnigraph_test_utils import OmniGraphTestCase
  File "/home/liyufeng/miniforge3/envs/safeduo/lib/python3.11/site-packages/isaacsim/extscache/omni.graph-1.141.2+69cbf6ad.lx64.r.cp311/omni/graph/core/tests/omnigraph_test_utils.py", line 198, in <module>
    OmniGraphTestCase = test_case_class()
                        ^^^^^^^^^^^^^^^^^
  File "/home/liyufeng/miniforge3/envs/safeduo/lib/python3.11/site-packages/isaacsim/extscache/omni.graph-1.141.2+69cbf6ad.lx64.r.cp311/omni/graph/core/tests/omnigraph_test_utils.py", line 135, in test_case_class
    base_class = omni.kit.test.AsyncTestCase
                 ^^^^^^^^^^^^^
AttributeError: module 'omni.kit' has no attribute 'test'

2026-10-08T03:43:05Z [7,610ms] [Error] [omni.graph.tools._impl.internal.extension_contents_1_18] Exception while importing test omni.replicator.core.ogn.tests.TestOgnSetVisibility: Traceback (most recent call last):
  File "/home/liyufeng/miniforge3/envs/safeduo/lib/python3.11/site-packages/isaacsim/extscache/omni.graph.tools-1.79.2+69cbf6ad/omni/graph/tools/_impl/internal/extension_contents_1_18.py", line 394, in do_import_test_definition
    test_module = load_module_from_file(test_module_name, test_file)
                  ^^^^^^^^^^^^^^^^^^^^^^^^^^^^^^^^^^^^^^^^^^^^^^^^^^
  File "/home/liyufeng/miniforge3/envs/safeduo/lib/python3.11/site-packages/isaacsim/extscache/omni.graph.tools-1.79.2+69cbf6ad/omni/graph/tools/_impl/internal/file_utils.py", line 239, in load_module_from_file
    spec.loader.exec_module(module)
  File "<frozen importlib._bootstrap_external>", line 940, in exec_module
  File "<frozen importlib._bootstrap>", line 241, in _call_with_frames_removed
  File "/home/liyufeng/miniforge3/envs/safeduo/lib/python3.11/site-packages/isaacsim/extscache/omni.replicator.core-1.12.27+107.3.3.lx64.r.cp311/omni/replicator/core/ogn/tests/TestOgnSetVisibility.py", line 2, in <module>
    import omni.kit.test
  File "/home/liyufeng/miniforge3/envs/safeduo/lib/python3.11/site-packages/isaacsim/extscache/omni.kit.test-2.0.1+69cbf6ad.lx64.r.cp311/omni/kit/test/__init__.py", line 7, in <module>
    from . import unittests
  File "/home/liyufeng/miniforge3/envs/safeduo/lib/python3.11/site-packages/isaacsim/extscache/omni.kit.test-2.0.1+69cbf6ad.lx64.r.cp311/omni/kit/test/unittests.py", line 21, in <module>
    from .async_unittest import AsyncTestSuite, AsyncTextTestRunner, OmniTestResult, AsyncTestCase
  File "/home/liyufeng/miniforge3/envs/safeduo/lib/python3.11/site-packages/isaacsim/extscache/omni.kit.test-2.0.1+69cbf6ad.lx64.r.cp311/omni/kit/test/async_unittest.py", line 25, in <module>
    from .reporter import TestReporter
  File "/home/liyufeng/miniforge3/envs/safeduo/lib/python3.11/site-packages/isaacsim/extscache/omni.kit.test-2.0.1+69cbf6ad.lx64.r.cp311/omni/kit/test/reporter.py", line 27, in <module>
    from .test_coverage import generate_coverage_report
  File "/home/liyufeng/miniforge3/envs/safeduo/lib/python3.11/site-packages/isaacsim/extscache/omni.kit.test-2.0.1+69cbf6ad.lx64.r.cp311/omni/kit/test/test_coverage.py", line 10, in <module>
    import coverage
  File "/home/liyufeng/miniforge3/envs/safeduo/lib/python3.11/site-packages/coverage/__init__.py", line 24, in <module>
    from coverage.control import (
  File "/home/liyufeng/miniforge3/envs/safeduo/lib/python3.11/site-packages/coverage/control.py", line 28, in <module>
    from coverage.collector import Collector, HAS_CTRACER
  File "/home/liyufeng/miniforge3/envs/safeduo/lib/python3.11/site-packages/coverage/collector.py", line 19, in <module>
    from coverage.data import CoverageData
  File "/home/liyufeng/miniforge3/envs/safeduo/lib/python3.11/site-packages/coverage/data.py", line 24, in <module>
    from coverage.sqldata import CoverageData
  File "/home/liyufeng/miniforge3/envs/safeduo/lib/python3.11/site-packages/coverage/sqldata.py", line 16, in <module>
    import sqlite3
  File "/home/liyufeng/miniforge3/envs/safeduo/lib/python3.11/sqlite3/__init__.py", line 57, in <module>
    from sqlite3.dbapi2 import *
  File "/home/liyufeng/miniforge3/envs/safeduo/lib/python3.11/sqlite3/dbapi2.py", line 27, in <module>
    from _sqlite3 import *
ImportError: /lib/x86_64-linux-gnu/libstdc++.so.6: version `CXXABI_1.3.15' not found (required by /home/liyufeng/miniforge3/envs/safeduo/lib/python3.11/lib-dynload/../.././libicui18n.so.78)

2026-10-08T03:43:05Z [7,623ms] [Error] [omni.graph.tools._impl.internal.extension_contents_1_18] Exception while importing test omni.replicator.core.ogn.tests.TestOgnSampleSequence: Traceback (most recent call last):
  File "/home/liyufeng/miniforge3/envs/safeduo/lib/python3.11/site-packages/isaacsim/extscache/omni.graph.tools-1.79.2+69cbf6ad/omni/graph/tools/_impl/internal/extension_contents_1_18.py", line 394, in do_import_test_definition
    test_module = load_module_from_file(test_module_name, test_file)
                  ^^^^^^^^^^^^^^^^^^^^^^^^^^^^^^^^^^^^^^^^^^^^^^^^^^
  File "/home/liyufeng/miniforge3/envs/safeduo/lib/python3.11/site-packages/isaacsim/extscache/omni.graph.tools-1.79.2+69cbf6ad/omni/graph/tools/_impl/internal/file_utils.py", line 239, in load_module_from_file
    spec.loader.exec_module(module)
  File "<frozen importlib._bootstrap_external>", line 940, in exec_module
  File "<frozen importlib._bootstrap>", line 241, in _call_with_frames_removed
  File "/home/liyufeng/miniforge3/envs/safeduo/lib/python3.11/site-packages/isaacsim/extscache/omni.replicator.core-1.12.27+107.3.3.lx64.r.cp311/omni/replicator/core/ogn/tests/TestOgnSampleSequence.py", line 2, in <module>
    import omni.kit.test
  File "/home/liyufeng/miniforge3/envs/safeduo/lib/python3.11/site-packages/isaacsim/extscache/omni.kit.test-2.0.1+69cbf6ad.lx64.r.cp311/omni/kit/test/__init__.py", line 7, in <module>
    from . import unittests
  File "/home/liyufeng/miniforge3/envs/safeduo/lib/python3.11/site-packages/isaacsim/extscache/omni.kit.test-2.0.1+69cbf6ad.lx64.r.cp311/omni/kit/test/unittests.py", line 21, in <module>
    from .async_unittest import AsyncTestSuite, AsyncTextTestRunner, OmniTestResult, AsyncTestCase
  File "/home/liyufeng/miniforge3/envs/safeduo/lib/python3.11/site-packages/isaacsim/extscache/omni.kit.test-2.0.1+69cbf6ad.lx64.r.cp311/omni/kit/test/async_unittest.py", line 25, in <module>
    from .reporter import TestReporter
  File "/home/liyufeng/miniforge3/envs/safeduo/lib/python3.11/site-packages/isaacsim/extscache/omni.kit.test-2.0.1+69cbf6ad.lx64.r.cp311/omni/kit/test/reporter.py", line 27, in <module>
    from .test_coverage import generate_coverage_report
  File "/home/liyufeng/miniforge3/envs/safeduo/lib/python3.11/site-packages/isaacsim/extscache/omni.kit.test-2.0.1+69cbf6ad.lx64.r.cp311/omni/kit/test/test_coverage.py", line 10, in <module>
    import coverage
  File "/home/liyufeng/miniforge3/envs/safeduo/lib/python3.11/site-packages/coverage/__init__.py", line 24, in <module>
    from coverage.control import (
  File "/home/liyufeng/miniforge3/envs/safeduo/lib/python3.11/site-packages/coverage/control.py", line 28, in <module>
    from coverage.collector import Collector, HAS_CTRACER
  File "/home/liyufeng/miniforge3/envs/safeduo/lib/python3.11/site-packages/coverage/collector.py", line 19, in <module>
    from coverage.data import CoverageData
  File "/home/liyufeng/miniforge3/envs/safeduo/lib/python3.11/site-packages/coverage/data.py", line 24, in <module>
    from coverage.sqldata import CoverageData
  File "/home/liyufeng/miniforge3/envs/safeduo/lib/python3.11/site-packages/coverage/sqldata.py", line 16, in <module>
    import sqlite3
  File "/home/liyufeng/miniforge3/envs/safeduo/lib/python3.11/sqlite3/__init__.py", line 57, in <module>
    from sqlite3.dbapi2 import *
  File "/home/liyufeng/miniforge3/envs/safeduo/lib/python3.11/sqlite3/dbapi2.py", line 27, in <module>
    from _sqlite3 import *
ImportError: /lib/x86_64-linux-gnu/libstdc++.so.6: version `CXXABI_1.3.15' not found (required by /home/liyufeng/miniforge3/envs/safeduo/lib/python3.11/lib-dynload/../.././libicui18n.so.78)

2026-10-08T03:43:05Z [7,642ms] [Error] [omni.graph.tools._impl.internal.extension_contents_1_18] Exception while importing test omni.replicator.core.ogn.tests.TestOgnPhysicsReset: Traceback (most recent call last):
  File "/home/liyufeng/miniforge3/envs/safeduo/lib/python3.11/site-packages/isaacsim/extscache/omni.graph.tools-1.79.2+69cbf6ad/omni/graph/tools/_impl/internal/extension_contents_1_18.py", line 394, in do_import_test_definition
    test_module = load_module_from_file(test_module_name, test_file)
                  ^^^^^^^^^^^^^^^^^^^^^^^^^^^^^^^^^^^^^^^^^^^^^^^^^^
  File "/home/liyufeng/miniforge3/envs/safeduo/lib/python3.11/site-packages/isaacsim/extscache/omni.graph.tools-1.79.2+69cbf6ad/omni/graph/tools/_impl/internal/file_utils.py", line 239, in load_module_from_file
    spec.loader.exec_module(module)
  File "<frozen importlib._bootstrap_external>", line 940, in exec_module
  File "<frozen importlib._bootstrap>", line 241, in _call_with_frames_removed
  File "/home/liyufeng/miniforge3/envs/safeduo/lib/python3.11/site-packages/isaacsim/extscache/omni.replicator.core-1.12.27+107.3.3.lx64.r.cp311/omni/replicator/core/ogn/tests/TestOgnPhysicsReset.py", line 2, in <module>
    import omni.kit.test
  File "/home/liyufeng/miniforge3/envs/safeduo/lib/python3.11/site-packages/isaacsim/extscache/omni.kit.test-2.0.1+69cbf6ad.lx64.r.cp311/omni/kit/test/__init__.py", line 7, in <module>
    from . import unittests
  File "/home/liyufeng/miniforge3/envs/safeduo/lib/python3.11/site-packages/isaacsim/extscache/omni.kit.test-2.0.1+69cbf6ad.lx64.r.cp311/omni/kit/test/unittests.py", line 21, in <module>
    from .async_unittest import AsyncTestSuite, AsyncTextTestRunner, OmniTestResult, AsyncTestCase
  File "/home/liyufeng/miniforge3/envs/safeduo/lib/python3.11/site-packages/isaacsim/extscache/omni.kit.test-2.0.1+69cbf6ad.lx64.r.cp311/omni/kit/test/async_unittest.py", line 25, in <module>
    from .reporter import TestReporter
  File "/home/liyufeng/miniforge3/envs/safeduo/lib/python3.11/site-packages/isaacsim/extscache/omni.kit.test-2.0.1+69cbf6ad.lx64.r.cp311/omni/kit/test/reporter.py", line 27, in <module>
    from .test_coverage import generate_coverage_report
  File "/home/liyufeng/miniforge3/envs/safeduo/lib/python3.11/site-packages/isaacsim/extscache/omni.kit.test-2.0.1+69cbf6ad.lx64.r.cp311/omni/kit/test/test_coverage.py", line 10, in <module>
    import coverage
  File "/home/liyufeng/miniforge3/envs/safeduo/lib/python3.11/site-packages/coverage/__init__.py", line 24, in <module>
    from coverage.control import (
  File "/home/liyufeng/miniforge3/envs/safeduo/lib/python3.11/site-packages/coverage/control.py", line 28, in <module>
    from coverage.collector import Collector, HAS_CTRACER
  File "/home/liyufeng/miniforge3/envs/safeduo/lib/python3.11/site-packages/coverage/collector.py", line 19, in <module>
    from coverage.data import CoverageData
  File "/home/liyufeng/miniforge3/envs/safeduo/lib/python3.11/site-packages/coverage/data.py", line 24, in <module>
    from coverage.sqldata import CoverageData
  File "/home/liyufeng/miniforge3/envs/safeduo/lib/python3.11/site-packages/coverage/sqldata.py", line 16, in <module>
    import sqlite3
  File "/home/liyufeng/miniforge3/envs/safeduo/lib/python3.11/sqlite3/__init__.py", line 57, in <module>
    from sqlite3.dbapi2 import *
  File "/home/liyufeng/miniforge3/envs/safeduo/lib/python3.11/sqlite3/dbapi2.py", line 27, in <module>
    from _sqlite3 import *
ImportError: /lib/x86_64-linux-gnu/libstdc++.so.6: version `CXXABI_1.3.15' not found (required by /home/liyufeng/miniforge3/envs/safeduo/lib/python3.11/lib-dynload/../.././libicui18n.so.78)

2026-10-08T03:43:05Z [7,652ms] [Error] [omni.graph.tools._impl.internal.extension_contents_1_18] Exception while importing test omni.replicator.core.ogn.tests.TestOgnScatter3D: Traceback (most recent call last):
  File "/home/liyufeng/miniforge3/envs/safeduo/lib/python3.11/site-packages/isaacsim/extscache/omni.graph.tools-1.79.2+69cbf6ad/omni/graph/tools/_impl/internal/extension_contents_1_18.py", line 394, in do_import_test_definition
    test_module = load_module_from_file(test_module_name, test_file)
                  ^^^^^^^^^^^^^^^^^^^^^^^^^^^^^^^^^^^^^^^^^^^^^^^^^^
  File "/home/liyufeng/miniforge3/envs/safeduo/lib/python3.11/site-packages/isaacsim/extscache/omni.graph.tools-1.79.2+69cbf6ad/omni/graph/tools/_impl/internal/file_utils.py", line 239, in load_module_from_file
    spec.loader.exec_module(module)
  File "<frozen importlib._bootstrap_external>", line 940, in exec_module
  File "<frozen importlib._bootstrap>", line 241, in _call_with_frames_removed
  File "/home/liyufeng/miniforge3/envs/safeduo/lib/python3.11/site-packages/isaacsim/extscache/omni.replicator.core-1.12.27+107.3.3.lx64.r.cp311/omni/replicator/core/ogn/tests/TestOgnScatter3D.py", line 2, in <module>
    import omni.kit.test
  File "/home/liyufeng/miniforge3/envs/safeduo/lib/python3.11/site-packages/isaacsim/extscache/omni.kit.test-2.0.1+69cbf6ad.lx64.r.cp311/omni/kit/test/__init__.py", line 7, in <module>
    from . import unittests
  File "/home/liyufeng/miniforge3/envs/safeduo/lib/python3.11/site-packages/isaacsim/extscache/omni.kit.test-2.0.1+69cbf6ad.lx64.r.cp311/omni/kit/test/unittests.py", line 21, in <module>
    from .async_unittest import AsyncTestSuite, AsyncTextTestRunner, OmniTestResult, AsyncTestCase
  File "/home/liyufeng/miniforge3/envs/safeduo/lib/python3.11/site-packages/isaacsim/extscache/omni.kit.test-2.0.1+69cbf6ad.lx64.r.cp311/omni/kit/test/async_unittest.py", line 25, in <module>
    from .reporter import TestReporter
  File "/home/liyufeng/miniforge3/envs/safeduo/lib/python3.11/site-packages/isaacsim/extscache/omni.kit.test-2.0.1+69cbf6ad.lx64.r.cp311/omni/kit/test/reporter.py", line 27, in <module>
    from .test_coverage import generate_coverage_report
  File "/home/liyufeng/miniforge3/envs/safeduo/lib/python3.11/site-packages/isaacsim/extscache/omni.kit.test-2.0.1+69cbf6ad.lx64.r.cp311/omni/kit/test/test_coverage.py", line 10, in <module>
    import coverage
  File "/home/liyufeng/miniforge3/envs/safeduo/lib/python3.11/site-packages/coverage/__init__.py", line 24, in <module>
    from coverage.control import (
  File "/home/liyufeng/miniforge3/envs/safeduo/lib/python3.11/site-packages/coverage/control.py", line 28, in <module>
    from coverage.collector import Collector, HAS_CTRACER
  File "/home/liyufeng/miniforge3/envs/safeduo/lib/python3.11/site-packages/coverage/collector.py", line 19, in <module>
    from coverage.data import CoverageData
  File "/home/liyufeng/miniforge3/envs/safeduo/lib/python3.11/site-packages/coverage/data.py", line 24, in <module>
    from coverage.sqldata import CoverageData
  File "/home/liyufeng/miniforge3/envs/safeduo/lib/python3.11/site-packages/coverage/sqldata.py", line 16, in <module>
    import sqlite3
  File "/home/liyufeng/miniforge3/envs/safeduo/lib/python3.11/sqlite3/__init__.py", line 57, in <module>
    from sqlite3.dbapi2 import *
  File "/home/liyufeng/miniforge3/envs/safeduo/lib/python3.11/sqlite3/dbapi2.py", line 27, in <module>
    from _sqlite3 import *
ImportError: /lib/x86_64-linux-gnu/libstdc++.so.6: version `CXXABI_1.3.15' not found (required by /home/liyufeng/miniforge3/envs/safeduo/lib/python3.11/lib-dynload/../.././libicui18n.so.78)

2026-10-08T03:43:05Z [7,662ms] [Error] [omni.graph.tools._impl.internal.extension_contents_1_18] Exception while importing test omni.replicator.core.ogn.tests.TestOgnAugPixellateExp: Traceback (most recent call last):
  File "/home/liyufeng/miniforge3/envs/safeduo/lib/python3.11/site-packages/isaacsim/extscache/omni.graph.tools-1.79.2+69cbf6ad/omni/graph/tools/_impl/internal/extension_contents_1_18.py", line 394, in do_import_test_definition
    test_module = load_module_from_file(test_module_name, test_file)
                  ^^^^^^^^^^^^^^^^^^^^^^^^^^^^^^^^^^^^^^^^^^^^^^^^^^
  File "/home/liyufeng/miniforge3/envs/safeduo/lib/python3.11/site-packages/isaacsim/extscache/omni.graph.tools-1.79.2+69cbf6ad/omni/graph/tools/_impl/internal/file_utils.py", line 239, in load_module_from_file
    spec.loader.exec_module(module)
  File "<frozen importlib._bootstrap_external>", line 940, in exec_module
  File "<frozen importlib._bootstrap>", line 241, in _call_with_frames_removed
  File "/home/liyufeng/miniforge3/envs/safeduo/lib/python3.11/site-packages/isaacsim/extscache/omni.replicator.core-1.12.27+107.3.3.lx64.r.cp311/omni/replicator/core/ogn/tests/TestOgnAugPixellateExp.py", line 2, in <module>
    import omni.kit.test
  File "/home/liyufeng/miniforge3/envs/safeduo/lib/python3.11/site-packages/isaacsim/extscache/omni.kit.test-2.0.1+69cbf6ad.lx64.r.cp311/omni/kit/test/__init__.py", line 7, in <module>
    from . import unittests
  File "/home/liyufeng/miniforge3/envs/safeduo/lib/python3.11/site-packages/isaacsim/extscache/omni.kit.test-2.0.1+69cbf6ad.lx64.r.cp311/omni/kit/test/unittests.py", line 21, in <module>
    from .async_unittest import AsyncTestSuite, AsyncTextTestRunner, OmniTestResult, AsyncTestCase
  File "/home/liyufeng/miniforge3/envs/safeduo/lib/python3.11/site-packages/isaacsim/extscache/omni.kit.test-2.0.1+69cbf6ad.lx64.r.cp311/omni/kit/test/async_unittest.py", line 25, in <module>
    from .reporter import TestReporter
  File "/home/liyufeng/miniforge3/envs/safeduo/lib/python3.11/site-packages/isaacsim/extscache/omni.kit.test-2.0.1+69cbf6ad.lx64.r.cp311/omni/kit/test/reporter.py", line 27, in <module>
    from .test_coverage import generate_coverage_report
  File "/home/liyufeng/miniforge3/envs/safeduo/lib/python3.11/site-packages/isaacsim/extscache/omni.kit.test-2.0.1+69cbf6ad.lx64.r.cp311/omni/kit/test/test_coverage.py", line 10, in <module>
    import coverage
  File "/home/liyufeng/miniforge3/envs/safeduo/lib/python3.11/site-packages/coverage/__init__.py", line 24, in <module>
    from coverage.control import (
  File "/home/liyufeng/miniforge3/envs/safeduo/lib/python3.11/site-packages/coverage/control.py", line 28, in <module>
    from coverage.collector import Collector, HAS_CTRACER
  File "/home/liyufeng/miniforge3/envs/safeduo/lib/python3.11/site-packages/coverage/collector.py", line 19, in <module>
    from coverage.data import CoverageData
  File "/home/liyufeng/miniforge3/envs/safeduo/lib/python3.11/site-packages/coverage/data.py", line 24, in <module>
    from coverage.sqldata import CoverageData
  File "/home/liyufeng/miniforge3/envs/safeduo/lib/python3.11/site-packages/coverage/sqldata.py", line 16, in <module>
    import sqlite3
  File "/home/liyufeng/miniforge3/envs/safeduo/lib/python3.11/sqlite3/__init__.py", line 57, in <module>
    from sqlite3.dbapi2 import *
  File "/home/liyufeng/miniforge3/envs/safeduo/lib/python3.11/sqlite3/dbapi2.py", line 27, in <module>
    from _sqlite3 import *
ImportError: /lib/x86_64-linux-gnu/libstdc++.so.6: version `CXXABI_1.3.15' not found (required by /home/liyufeng/miniforge3/envs/safeduo/lib/python3.11/lib-dynload/../.././libicui18n.so.78)

2026-10-08T03:43:05Z [7,674ms] [Error] [omni.graph.tools._impl.internal.extension_contents_1_18] Exception while importing test omni.replicator.core.ogn.tests.TestOgnAugRotateExp: Traceback (most recent call last):
  File "/home/liyufeng/miniforge3/envs/safeduo/lib/python3.11/site-packages/isaacsim/extscache/omni.graph.tools-1.79.2+69cbf6ad/omni/graph/tools/_impl/internal/extension_contents_1_18.py", line 394, in do_import_test_definition
    test_module = load_module_from_file(test_module_name, test_file)
                  ^^^^^^^^^^^^^^^^^^^^^^^^^^^^^^^^^^^^^^^^^^^^^^^^^^
  File "/home/liyufeng/miniforge3/envs/safeduo/lib/python3.11/site-packages/isaacsim/extscache/omni.graph.tools-1.79.2+69cbf6ad/omni/graph/tools/_impl/internal/file_utils.py", line 239, in load_module_from_file
    spec.loader.exec_module(module)
  File "<frozen importlib._bootstrap_external>", line 940, in exec_module
  File "<frozen importlib._bootstrap>", line 241, in _call_with_frames_removed
  File "/home/liyufeng/miniforge3/envs/safeduo/lib/python3.11/site-packages/isaacsim/extscache/omni.replicator.core-1.12.27+107.3.3.lx64.r.cp311/omni/replicator/core/ogn/tests/TestOgnAugRotateExp.py", line 2, in <module>
    import omni.kit.test
  File "/home/liyufeng/miniforge3/envs/safeduo/lib/python3.11/site-packages/isaacsim/extscache/omni.kit.test-2.0.1+69cbf6ad.lx64.r.cp311/omni/kit/test/__init__.py", line 7, in <module>
    from . import unittests
  File "/home/liyufeng/miniforge3/envs/safeduo/lib/python3.11/site-packages/isaacsim/extscache/omni.kit.test-2.0.1+69cbf6ad.lx64.r.cp311/omni/kit/test/unittests.py", line 21, in <module>
    from .async_unittest import AsyncTestSuite, AsyncTextTestRunner, OmniTestResult, AsyncTestCase
  File "/home/liyufeng/miniforge3/envs/safeduo/lib/python3.11/site-packages/isaacsim/extscache/omni.kit.test-2.0.1+69cbf6ad.lx64.r.cp311/omni/kit/test/async_unittest.py", line 25, in <module>
    from .reporter import TestReporter
  File "/home/liyufeng/miniforge3/envs/safeduo/lib/python3.11/site-packages/isaacsim/extscache/omni.kit.test-2.0.1+69cbf6ad.lx64.r.cp311/omni/kit/test/reporter.py", line 27, in <module>
    from .test_coverage import generate_coverage_report
  File "/home/liyufeng/miniforge3/envs/safeduo/lib/python3.11/site-packages/isaacsim/extscache/omni.kit.test-2.0.1+69cbf6ad.lx64.r.cp311/omni/kit/test/test_coverage.py", line 10, in <module>
    import coverage
  File "/home/liyufeng/miniforge3/envs/safeduo/lib/python3.11/site-packages/coverage/__init__.py", line 24, in <module>
    from coverage.control import (
  File "/home/liyufeng/miniforge3/envs/safeduo/lib/python3.11/site-packages/coverage/control.py", line 28, in <module>
    from coverage.collector import Collector, HAS_CTRACER
  File "/home/liyufeng/miniforge3/envs/safeduo/lib/python3.11/site-packages/coverage/collector.py", line 19, in <module>
    from coverage.data import CoverageData
  File "/home/liyufeng/miniforge3/envs/safeduo/lib/python3.11/site-packages/coverage/data.py", line 24, in <module>
    from coverage.sqldata import CoverageData
  File "/home/liyufeng/miniforge3/envs/safeduo/lib/python3.11/site-packages/coverage/sqldata.py", line 16, in <module>
    import sqlite3
  File "/home/liyufeng/miniforge3/envs/safeduo/lib/python3.11/sqlite3/__init__.py", line 57, in <module>
    from sqlite3.dbapi2 import *
  File "/home/liyufeng/miniforge3/envs/safeduo/lib/python3.11/sqlite3/dbapi2.py", line 27, in <module>
    from _sqlite3 import *
ImportError: /lib/x86_64-linux-gnu/libstdc++.so.6: version `CXXABI_1.3.15' not found (required by /home/liyufeng/miniforge3/envs/safeduo/lib/python3.11/lib-dynload/../.././libicui18n.so.78)

2026-10-08T03:43:05Z [7,684ms] [Error] [omni.graph.tools._impl.internal.extension_contents_1_18] Exception while importing test omni.replicator.core.ogn.tests.TestOgnInstanceIdSegmentationLegacy: Traceback (most recent call last):
  File "/home/liyufeng/miniforge3/envs/safeduo/lib/python3.11/site-packages/isaacsim/extscache/omni.graph.tools-1.79.2+69cbf6ad/omni/graph/tools/_impl/internal/extension_contents_1_18.py", line 394, in do_import_test_definition
    test_module = load_module_from_file(test_module_name, test_file)
                  ^^^^^^^^^^^^^^^^^^^^^^^^^^^^^^^^^^^^^^^^^^^^^^^^^^
  File "/home/liyufeng/miniforge3/envs/safeduo/lib/python3.11/site-packages/isaacsim/extscache/omni.graph.tools-1.79.2+69cbf6ad/omni/graph/tools/_impl/internal/file_utils.py", line 239, in load_module_from_file
    spec.loader.exec_module(module)
  File "<frozen importlib._bootstrap_external>", line 940, in exec_module
  File "<frozen importlib._bootstrap>", line 241, in _call_with_frames_removed
  File "/home/liyufeng/miniforge3/envs/safeduo/lib/python3.11/site-packages/isaacsim/extscache/omni.replicator.core-1.12.27+107.3.3.lx64.r.cp311/omni/replicator/core/ogn/tests/TestOgnInstanceIdSegmentationLegacy.py", line 2, in <module>
    import omni.kit.test
  File "/home/liyufeng/miniforge3/envs/safeduo/lib/python3.11/site-packages/isaacsim/extscache/omni.kit.test-2.0.1+69cbf6ad.lx64.r.cp311/omni/kit/test/__init__.py", line 7, in <module>
    from . import unittests
  File "/home/liyufeng/miniforge3/envs/safeduo/lib/python3.11/site-packages/isaacsim/extscache/omni.kit.test-2.0.1+69cbf6ad.lx64.r.cp311/omni/kit/test/unittests.py", line 21, in <module>
    from .async_unittest import AsyncTestSuite, AsyncTextTestRunner, OmniTestResult, AsyncTestCase
  File "/home/liyufeng/miniforge3/envs/safeduo/lib/python3.11/site-packages/isaacsim/extscache/omni.kit.test-2.0.1+69cbf6ad.lx64.r.cp311/omni/kit/test/async_unittest.py", line 25, in <module>
    from .reporter import TestReporter
  File "/home/liyufeng/miniforge3/envs/safeduo/lib/python3.11/site-packages/isaacsim/extscache/omni.kit.test-2.0.1+69cbf6ad.lx64.r.cp311/omni/kit/test/reporter.py", line 27, in <module>
    from .test_coverage import generate_coverage_report
  File "/home/liyufeng/miniforge3/envs/safeduo/lib/python3.11/site-packages/isaacsim/extscache/omni.kit.test-2.0.1+69cbf6ad.lx64.r.cp311/omni/kit/test/test_coverage.py", line 10, in <module>
    import coverage
  File "/home/liyufeng/miniforge3/envs/safeduo/lib/python3.11/site-packages/coverage/__init__.py", line 24, in <module>
    from coverage.control import (
  File "/home/liyufeng/miniforge3/envs/safeduo/lib/python3.11/site-packages/coverage/control.py", line 28, in <module>
    from coverage.collector import Collector, HAS_CTRACER
  File "/home/liyufeng/miniforge3/envs/safeduo/lib/python3.11/site-packages/coverage/collector.py", line 19, in <module>
    from coverage.data import CoverageData
  File "/home/liyufeng/miniforge3/envs/safeduo/lib/python3.11/site-packages/coverage/data.py", line 24, in <module>
    from coverage.sqldata import CoverageData
  File "/home/liyufeng/miniforge3/envs/safeduo/lib/python3.11/site-packages/coverage/sqldata.py", line 16, in <module>
    import sqlite3
  File "/home/liyufeng/miniforge3/envs/safeduo/lib/python3.11/sqlite3/__init__.py", line 57, in <module>
    from sqlite3.dbapi2 import *
  File "/home/liyufeng/miniforge3/envs/safeduo/lib/python3.11/sqlite3/dbapi2.py", line 27, in <module>
    from _sqlite3 import *
ImportError: /lib/x86_64-linux-gnu/libstdc++.so.6: version `CXXABI_1.3.15' not found (required by /home/liyufeng/miniforge3/envs/safeduo/lib/python3.11/lib-dynload/../.././libicui18n.so.78)

2026-10-08T03:43:05Z [7,694ms] [Error] [omni.graph.tools._impl.internal.extension_contents_1_18] Exception while importing test omni.replicator.core.ogn.tests.TestOgnWritePrimAttribute: Traceback (most recent call last):
  File "/home/liyufeng/miniforge3/envs/safeduo/lib/python3.11/site-packages/isaacsim/extscache/omni.graph.tools-1.79.2+69cbf6ad/omni/graph/tools/_impl/internal/extension_contents_1_18.py", line 394, in do_import_test_definition
    test_module = load_module_from_file(test_module_name, test_file)
                  ^^^^^^^^^^^^^^^^^^^^^^^^^^^^^^^^^^^^^^^^^^^^^^^^^^
  File "/home/liyufeng/miniforge3/envs/safeduo/lib/python3.11/site-packages/isaacsim/extscache/omni.graph.tools-1.79.2+69cbf6ad/omni/graph/tools/_impl/internal/file_utils.py", line 239, in load_module_from_file
    spec.loader.exec_module(module)
  File "<frozen importlib._bootstrap_external>", line 940, in exec_module
  File "<frozen importlib._bootstrap>", line 241, in _call_with_frames_removed
  File "/home/liyufeng/miniforge3/envs/safeduo/lib/python3.11/site-packages/isaacsim/extscache/omni.replicator.core-1.12.27+107.3.3.lx64.r.cp311/omni/replicator/core/ogn/tests/TestOgnWritePrimAttribute.py", line 2, in <module>
    import omni.kit.test
  File "/home/liyufeng/miniforge3/envs/safeduo/lib/python3.11/site-packages/isaacsim/extscache/omni.kit.test-2.0.1+69cbf6ad.lx64.r.cp311/omni/kit/test/__init__.py", line 7, in <module>
    from . import unittests
  File "/home/liyufeng/miniforge3/envs/safeduo/lib/python3.11/site-packages/isaacsim/extscache/omni.kit.test-2.0.1+69cbf6ad.lx64.r.cp311/omni/kit/test/unittests.py", line 21, in <module>
    from .async_unittest import AsyncTestSuite, AsyncTextTestRunner, OmniTestResult, AsyncTestCase
  File "/home/liyufeng/miniforge3/envs/safeduo/lib/python3.11/site-packages/isaacsim/extscache/omni.kit.test-2.0.1+69cbf6ad.lx64.r.cp311/omni/kit/test/async_unittest.py", line 25, in <module>
    from .reporter import TestReporter
  File "/home/liyufeng/miniforge3/envs/safeduo/lib/python3.11/site-packages/isaacsim/extscache/omni.kit.test-2.0.1+69cbf6ad.lx64.r.cp311/omni/kit/test/reporter.py", line 27, in <module>
    from .test_coverage import generate_coverage_report
  File "/home/liyufeng/miniforge3/envs/safeduo/lib/python3.11/site-packages/isaacsim/extscache/omni.kit.test-2.0.1+69cbf6ad.lx64.r.cp311/omni/kit/test/test_coverage.py", line 10, in <module>
    import coverage
  File "/home/liyufeng/miniforge3/envs/safeduo/lib/python3.11/site-packages/coverage/__init__.py", line 24, in <module>
    from coverage.control import (
  File "/home/liyufeng/miniforge3/envs/safeduo/lib/python3.11/site-packages/coverage/control.py", line 28, in <module>
    from coverage.collector import Collector, HAS_CTRACER
  File "/home/liyufeng/miniforge3/envs/safeduo/lib/python3.11/site-packages/coverage/collector.py", line 19, in <module>
    from coverage.data import CoverageData
  File "/home/liyufeng/miniforge3/envs/safeduo/lib/python3.11/site-packages/coverage/data.py", line 24, in <module>
    from coverage.sqldata import CoverageData
  File "/home/liyufeng/miniforge3/envs/safeduo/lib/python3.11/site-packages/coverage/sqldata.py", line 16, in <module>
    import sqlite3
  File "/home/liyufeng/miniforge3/envs/safeduo/lib/python3.11/sqlite3/__init__.py", line 57, in <module>
    from sqlite3.dbapi2 import *
  File "/home/liyufeng/miniforge3/envs/safeduo/lib/python3.11/sqlite3/dbapi2.py", line 27, in <module>
    from _sqlite3 import *
ImportError: /lib/x86_64-linux-gnu/libstdc++.so.6: version `CXXABI_1.3.15' not found (required by /home/liyufeng/miniforge3/envs/safeduo/lib/python3.11/lib-dynload/../.././libicui18n.so.78)

2026-10-08T03:43:05Z [7,704ms] [Error] [omni.graph.tools._impl.internal.extension_contents_1_18] Exception while importing test omni.replicator.core.ogn.tests.TestOgnOnFrame: Traceback (most recent call last):
  File "/home/liyufeng/miniforge3/envs/safeduo/lib/python3.11/site-packages/isaacsim/extscache/omni.graph.tools-1.79.2+69cbf6ad/omni/graph/tools/_impl/internal/extension_contents_1_18.py", line 394, in do_import_test_definition
    test_module = load_module_from_file(test_module_name, test_file)
                  ^^^^^^^^^^^^^^^^^^^^^^^^^^^^^^^^^^^^^^^^^^^^^^^^^^
  File "/home/liyufeng/miniforge3/envs/safeduo/lib/python3.11/site-packages/isaacsim/extscache/omni.graph.tools-1.79.2+69cbf6ad/omni/graph/tools/_impl/internal/file_utils.py", line 239, in load_module_from_file
    spec.loader.exec_module(module)
  File "<frozen importlib._bootstrap_external>", line 940, in exec_module
  File "<frozen importlib._bootstrap>", line 241, in _call_with_frames_removed
  File "/home/liyufeng/miniforge3/envs/safeduo/lib/python3.11/site-packages/isaacsim/extscache/omni.replicator.core-1.12.27+107.3.3.lx64.r.cp311/omni/replicator/core/ogn/tests/TestOgnOnFrame.py", line 2, in <module>
    import omni.kit.test
  File "/home/liyufeng/miniforge3/envs/safeduo/lib/python3.11/site-packages/isaacsim/extscache/omni.kit.test-2.0.1+69cbf6ad.lx64.r.cp311/omni/kit/test/__init__.py", line 7, in <module>
    from . import unittests
  File "/home/liyufeng/miniforge3/envs/safeduo/lib/python3.11/site-packages/isaacsim/extscache/omni.kit.test-2.0.1+69cbf6ad.lx64.r.cp311/omni/kit/test/unittests.py", line 21, in <module>
    from .async_unittest import AsyncTestSuite, AsyncTextTestRunner, OmniTestResult, AsyncTestCase
  File "/home/liyufeng/miniforge3/envs/safeduo/lib/python3.11/site-packages/isaacsim/extscache/omni.kit.test-2.0.1+69cbf6ad.lx64.r.cp311/omni/kit/test/async_unittest.py", line 25, in <module>
    from .reporter import TestReporter
  File "/home/liyufeng/miniforge3/envs/safeduo/lib/python3.11/site-packages/isaacsim/extscache/omni.kit.test-2.0.1+69cbf6ad.lx64.r.cp311/omni/kit/test/reporter.py", line 27, in <module>
    from .test_coverage import generate_coverage_report
  File "/home/liyufeng/miniforge3/envs/safeduo/lib/python3.11/site-packages/isaacsim/extscache/omni.kit.test-2.0.1+69cbf6ad.lx64.r.cp311/omni/kit/test/test_coverage.py", line 10, in <module>
    import coverage
  File "/home/liyufeng/miniforge3/envs/safeduo/lib/python3.11/site-packages/coverage/__init__.py", line 24, in <module>
    from coverage.control import (
  File "/home/liyufeng/miniforge3/envs/safeduo/lib/python3.11/site-packages/coverage/control.py", line 28, in <module>
    from coverage.collector import Collector, HAS_CTRACER
  File "/home/liyufeng/miniforge3/envs/safeduo/lib/python3.11/site-packages/coverage/collector.py", line 19, in <module>
    from coverage.data import CoverageData
  File "/home/liyufeng/miniforge3/envs/safeduo/lib/python3.11/site-packages/coverage/data.py", line 24, in <module>
    from coverage.sqldata import CoverageData
  File "/home/liyufeng/miniforge3/envs/safeduo/lib/python3.11/site-packages/coverage/sqldata.py", line 16, in <module>
    import sqlite3
  File "/home/liyufeng/miniforge3/envs/safeduo/lib/python3.11/sqlite3/__init__.py", line 57, in <module>
    from sqlite3.dbapi2 import *
  File "/home/liyufeng/miniforge3/envs/safeduo/lib/python3.11/sqlite3/dbapi2.py", line 27, in <module>
    from _sqlite3 import *
ImportError: /lib/x86_64-linux-gnu/libstdc++.so.6: version `CXXABI_1.3.15' not found (required by /home/liyufeng/miniforge3/envs/safeduo/lib/python3.11/lib-dynload/../.././libicui18n.so.78)

2026-10-08T03:43:05Z [7,727ms] [Error] [omni.graph.tools._impl.internal.extension_contents_1_18] Exception while importing test omni.replicator.core.ogn.tests.TestOgnAugContrastExp: Traceback (most recent call last):
  File "/home/liyufeng/miniforge3/envs/safeduo/lib/python3.11/site-packages/isaacsim/extscache/omni.graph.tools-1.79.2+69cbf6ad/omni/graph/tools/_impl/internal/extension_contents_1_18.py", line 394, in do_import_test_definition
    test_module = load_module_from_file(test_module_name, test_file)
                  ^^^^^^^^^^^^^^^^^^^^^^^^^^^^^^^^^^^^^^^^^^^^^^^^^^
  File "/home/liyufeng/miniforge3/envs/safeduo/lib/python3.11/site-packages/isaacsim/extscache/omni.graph.tools-1.79.2+69cbf6ad/omni/graph/tools/_impl/internal/file_utils.py", line 239, in load_module_from_file
    spec.loader.exec_module(module)
  File "<frozen importlib._bootstrap_external>", line 940, in exec_module
  File "<frozen importlib._bootstrap>", line 241, in _call_with_frames_removed
  File "/home/liyufeng/miniforge3/envs/safeduo/lib/python3.11/site-packages/isaacsim/extscache/omni.replicator.core-1.12.27+107.3.3.lx64.r.cp311/omni/replicator/core/ogn/tests/TestOgnAugContrastExp.py", line 2, in <module>
    import omni.kit.test
  File "/home/liyufeng/miniforge3/envs/safeduo/lib/python3.11/site-packages/isaacsim/extscache/omni.kit.test-2.0.1+69cbf6ad.lx64.r.cp311/omni/kit/test/__init__.py", line 7, in <module>
    from . import unittests
  File "/home/liyufeng/miniforge3/envs/safeduo/lib/python3.11/site-packages/isaacsim/extscache/omni.kit.test-2.0.1+69cbf6ad.lx64.r.cp311/omni/kit/test/unittests.py", line 21, in <module>
    from .async_unittest import AsyncTestSuite, AsyncTextTestRunner, OmniTestResult, AsyncTestCase
  File "/home/liyufeng/miniforge3/envs/safeduo/lib/python3.11/site-packages/isaacsim/extscache/omni.kit.test-2.0.1+69cbf6ad.lx64.r.cp311/omni/kit/test/async_unittest.py", line 25, in <module>
    from .reporter import TestReporter
  File "/home/liyufeng/miniforge3/envs/safeduo/lib/python3.11/site-packages/isaacsim/extscache/omni.kit.test-2.0.1+69cbf6ad.lx64.r.cp311/omni/kit/test/reporter.py", line 27, in <module>
    from .test_coverage import generate_coverage_report
  File "/home/liyufeng/miniforge3/envs/safeduo/lib/python3.11/site-packages/isaacsim/extscache/omni.kit.test-2.0.1+69cbf6ad.lx64.r.cp311/omni/kit/test/test_coverage.py", line 10, in <module>
    import coverage
  File "/home/liyufeng/miniforge3/envs/safeduo/lib/python3.11/site-packages/coverage/__init__.py", line 24, in <module>
    from coverage.control import (
  File "/home/liyufeng/miniforge3/envs/safeduo/lib/python3.11/site-packages/coverage/control.py", line 28, in <module>
    from coverage.collector import Collector, HAS_CTRACER
  File "/home/liyufeng/miniforge3/envs/safeduo/lib/python3.11/site-packages/coverage/collector.py", line 19, in <module>
    from coverage.data import CoverageData
  File "/home/liyufeng/miniforge3/envs/safeduo/lib/python3.11/site-packages/coverage/data.py", line 24, in <module>
    from coverage.sqldata import CoverageData
  File "/home/liyufeng/miniforge3/envs/safeduo/lib/python3.11/site-packages/coverage/sqldata.py", line 16, in <module>
    import sqlite3
  File "/home/liyufeng/miniforge3/envs/safeduo/lib/python3.11/sqlite3/__init__.py", line 57, in <module>
    from sqlite3.dbapi2 import *
  File "/home/liyufeng/miniforge3/envs/safeduo/lib/python3.11/sqlite3/dbapi2.py", line 27, in <module>
    from _sqlite3 import *
ImportError: /lib/x86_64-linux-gnu/libstdc++.so.6: version `CXXABI_1.3.15' not found (required by /home/liyufeng/miniforge3/envs/safeduo/lib/python3.11/lib-dynload/../.././libicui18n.so.78)

2026-10-08T03:43:05Z [7,743ms] [Error] [omni.graph.tools._impl.internal.extension_contents_1_18] Exception while importing test omni.replicator.core.ogn.tests.TestOgnModifyProjectionMaterial: Traceback (most recent call last):
  File "/home/liyufeng/miniforge3/envs/safeduo/lib/python3.11/site-packages/isaacsim/extscache/omni.graph.tools-1.79.2+69cbf6ad/omni/graph/tools/_impl/internal/extension_contents_1_18.py", line 394, in do_import_test_definition
    test_module = load_module_from_file(test_module_name, test_file)
                  ^^^^^^^^^^^^^^^^^^^^^^^^^^^^^^^^^^^^^^^^^^^^^^^^^^
  File "/home/liyufeng/miniforge3/envs/safeduo/lib/python3.11/site-packages/isaacsim/extscache/omni.graph.tools-1.79.2+69cbf6ad/omni/graph/tools/_impl/internal/file_utils.py", line 239, in load_module_from_file
    spec.loader.exec_module(module)
  File "<frozen importlib._bootstrap_external>", line 940, in exec_module
  File "<frozen importlib._bootstrap>", line 241, in _call_with_frames_removed
  File "/home/liyufeng/miniforge3/envs/safeduo/lib/python3.11/site-packages/isaacsim/extscache/omni.replicator.core-1.12.27+107.3.3.lx64.r.cp311/omni/replicator/core/ogn/tests/TestOgnModifyProjectionMaterial.py", line 2, in <module>
    import omni.kit.test
  File "/home/liyufeng/miniforge3/envs/safeduo/lib/python3.11/site-packages/isaacsim/extscache/omni.kit.test-2.0.1+69cbf6ad.lx64.r.cp311/omni/kit/test/__init__.py", line 7, in <module>
    from . import unittests
  File "/home/liyufeng/miniforge3/envs/safeduo/lib/python3.11/site-packages/isaacsim/extscache/omni.kit.test-2.0.1+69cbf6ad.lx64.r.cp311/omni/kit/test/unittests.py", line 21, in <module>
    from .async_unittest import AsyncTestSuite, AsyncTextTestRunner, OmniTestResult, AsyncTestCase
  File "/home/liyufeng/miniforge3/envs/safeduo/lib/python3.11/site-packages/isaacsim/extscache/omni.kit.test-2.0.1+69cbf6ad.lx64.r.cp311/omni/kit/test/async_unittest.py", line 25, in <module>
    from .reporter import TestReporter
  File "/home/liyufeng/miniforge3/envs/safeduo/lib/python3.11/site-packages/isaacsim/extscache/omni.kit.test-2.0.1+69cbf6ad.lx64.r.cp311/omni/kit/test/reporter.py", line 27, in <module>
    from .test_coverage import generate_coverage_report
  File "/home/liyufeng/miniforge3/envs/safeduo/lib/python3.11/site-packages/isaacsim/extscache/omni.kit.test-2.0.1+69cbf6ad.lx64.r.cp311/omni/kit/test/test_coverage.py", line 10, in <module>
    import coverage
  File "/home/liyufeng/miniforge3/envs/safeduo/lib/python3.11/site-packages/coverage/__init__.py", line 24, in <module>
    from coverage.control import (
  File "/home/liyufeng/miniforge3/envs/safeduo/lib/python3.11/site-packages/coverage/control.py", line 28, in <module>
    from coverage.collector import Collector, HAS_CTRACER
  File "/home/liyufeng/miniforge3/envs/safeduo/lib/python3.11/site-packages/coverage/collector.py", line 19, in <module>
    from coverage.data import CoverageData
  File "/home/liyufeng/miniforge3/envs/safeduo/lib/python3.11/site-packages/coverage/data.py", line 24, in <module>
    from coverage.sqldata import CoverageData
  File "/home/liyufeng/miniforge3/envs/safeduo/lib/python3.11/site-packages/coverage/sqldata.py", line 16, in <module>
    import sqlite3
  File "/home/liyufeng/miniforge3/envs/safeduo/lib/python3.11/sqlite3/__init__.py", line 57, in <module>
    from sqlite3.dbapi2 import *
  File "/home/liyufeng/miniforge3/envs/safeduo/lib/python3.11/sqlite3/dbapi2.py", line 27, in <module>
    from _sqlite3 import *
ImportError: /lib/x86_64-linux-gnu/libstdc++.so.6: version `CXXABI_1.3.15' not found (required by /home/liyufeng/miniforge3/envs/safeduo/lib/python3.11/lib-dynload/../.././libicui18n.so.78)

2026-10-08T03:43:05Z [7,757ms] [Error] [omni.graph.tools._impl.internal.extension_contents_1_18] Exception while importing test omni.replicator.core.ogn.tests.TestOgnSampleNormal: Traceback (most recent call last):
  File "/home/liyufeng/miniforge3/envs/safeduo/lib/python3.11/site-packages/isaacsim/extscache/omni.graph.tools-1.79.2+69cbf6ad/omni/graph/tools/_impl/internal/extension_contents_1_18.py", line 394, in do_import_test_definition
    test_module = load_module_from_file(test_module_name, test_file)
                  ^^^^^^^^^^^^^^^^^^^^^^^^^^^^^^^^^^^^^^^^^^^^^^^^^^
  File "/home/liyufeng/miniforge3/envs/safeduo/lib/python3.11/site-packages/isaacsim/extscache/omni.graph.tools-1.79.2+69cbf6ad/omni/graph/tools/_impl/internal/file_utils.py", line 239, in load_module_from_file
    spec.loader.exec_module(module)
  File "<frozen importlib._bootstrap_external>", line 940, in exec_module
  File "<frozen importlib._bootstrap>", line 241, in _call_with_frames_removed
  File "/home/liyufeng/miniforge3/envs/safeduo/lib/python3.11/site-packages/isaacsim/extscache/omni.replicator.core-1.12.27+107.3.3.lx64.r.cp311/omni/replicator/core/ogn/tests/TestOgnSampleNormal.py", line 2, in <module>
    import omni.kit.test
  File "/home/liyufeng/miniforge3/envs/safeduo/lib/python3.11/site-packages/isaacsim/extscache/omni.kit.test-2.0.1+69cbf6ad.lx64.r.cp311/omni/kit/test/__init__.py", line 7, in <module>
    from . import unittests
  File "/home/liyufeng/miniforge3/envs/safeduo/lib/python3.11/site-packages/isaacsim/extscache/omni.kit.test-2.0.1+69cbf6ad.lx64.r.cp311/omni/kit/test/unittests.py", line 21, in <module>
    from .async_unittest import AsyncTestSuite, AsyncTextTestRunner, OmniTestResult, AsyncTestCase
  File "/home/liyufeng/miniforge3/envs/safeduo/lib/python3.11/site-packages/isaacsim/extscache/omni.kit.test-2.0.1+69cbf6ad.lx64.r.cp311/omni/kit/test/async_unittest.py", line 25, in <module>
    from .reporter import TestReporter
  File "/home/liyufeng/miniforge3/envs/safeduo/lib/python3.11/site-packages/isaacsim/extscache/omni.kit.test-2.0.1+69cbf6ad.lx64.r.cp311/omni/kit/test/reporter.py", line 27, in <module>
    from .test_coverage import generate_coverage_report
  File "/home/liyufeng/miniforge3/envs/safeduo/lib/python3.11/site-packages/isaacsim/extscache/omni.kit.test-2.0.1+69cbf6ad.lx64.r.cp311/omni/kit/test/test_coverage.py", line 10, in <module>
    import coverage
  File "/home/liyufeng/miniforge3/envs/safeduo/lib/python3.11/site-packages/coverage/__init__.py", line 24, in <module>
    from coverage.control import (
  File "/home/liyufeng/miniforge3/envs/safeduo/lib/python3.11/site-packages/coverage/control.py", line 28, in <module>
    from coverage.collector import Collector, HAS_CTRACER
  File "/home/liyufeng/miniforge3/envs/safeduo/lib/python3.11/site-packages/coverage/collector.py", line 19, in <module>
    from coverage.data import CoverageData
  File "/home/liyufeng/miniforge3/envs/safeduo/lib/python3.11/site-packages/coverage/data.py", line 24, in <module>
    from coverage.sqldata import CoverageData
  File "/home/liyufeng/miniforge3/envs/safeduo/lib/python3.11/site-packages/coverage/sqldata.py", line 16, in <module>
    import sqlite3
  File "/home/liyufeng/miniforge3/envs/safeduo/lib/python3.11/sqlite3/__init__.py", line 57, in <module>
    from sqlite3.dbapi2 import *
  File "/home/liyufeng/miniforge3/envs/safeduo/lib/python3.11/sqlite3/dbapi2.py", line 27, in <module>
    from _sqlite3 import *
ImportError: /lib/x86_64-linux-gnu/libstdc++.so.6: version `CXXABI_1.3.15' not found (required by /home/liyufeng/miniforge3/envs/safeduo/lib/python3.11/lib-dynload/../.././libicui18n.so.78)

2026-10-08T03:43:05Z [7,775ms] [Error] [omni.graph.tools._impl.internal.extension_contents_1_18] Exception while importing test omni.replicator.core.ogn.tests.TestOgnWritePhysics: Traceback (most recent call last):
  File "/home/liyufeng/miniforge3/envs/safeduo/lib/python3.11/site-packages/isaacsim/extscache/omni.graph.tools-1.79.2+69cbf6ad/omni/graph/tools/_impl/internal/extension_contents_1_18.py", line 394, in do_import_test_definition
    test_module = load_module_from_file(test_module_name, test_file)
                  ^^^^^^^^^^^^^^^^^^^^^^^^^^^^^^^^^^^^^^^^^^^^^^^^^^
  File "/home/liyufeng/miniforge3/envs/safeduo/lib/python3.11/site-packages/isaacsim/extscache/omni.graph.tools-1.79.2+69cbf6ad/omni/graph/tools/_impl/internal/file_utils.py", line 239, in load_module_from_file
    spec.loader.exec_module(module)
  File "<frozen importlib._bootstrap_external>", line 940, in exec_module
  File "<frozen importlib._bootstrap>", line 241, in _call_with_frames_removed
  File "/home/liyufeng/miniforge3/envs/safeduo/lib/python3.11/site-packages/isaacsim/extscache/omni.replicator.core-1.12.27+107.3.3.lx64.r.cp311/omni/replicator/core/ogn/tests/TestOgnWritePhysics.py", line 2, in <module>
    import omni.kit.test
  File "/home/liyufeng/miniforge3/envs/safeduo/lib/python3.11/site-packages/isaacsim/extscache/omni.kit.test-2.0.1+69cbf6ad.lx64.r.cp311/omni/kit/test/__init__.py", line 7, in <module>
    from . import unittests
  File "/home/liyufeng/miniforge3/envs/safeduo/lib/python3.11/site-packages/isaacsim/extscache/omni.kit.test-2.0.1+69cbf6ad.lx64.r.cp311/omni/kit/test/unittests.py", line 21, in <module>
    from .async_unittest import AsyncTestSuite, AsyncTextTestRunner, OmniTestResult, AsyncTestCase
  File "/home/liyufeng/miniforge3/envs/safeduo/lib/python3.11/site-packages/isaacsim/extscache/omni.kit.test-2.0.1+69cbf6ad.lx64.r.cp311/omni/kit/test/async_unittest.py", line 25, in <module>
    from .reporter import TestReporter
  File "/home/liyufeng/miniforge3/envs/safeduo/lib/python3.11/site-packages/isaacsim/extscache/omni.kit.test-2.0.1+69cbf6ad.lx64.r.cp311/omni/kit/test/reporter.py", line 27, in <module>
    from .test_coverage import generate_coverage_report
  File "/home/liyufeng/miniforge3/envs/safeduo/lib/python3.11/site-packages/isaacsim/extscache/omni.kit.test-2.0.1+69cbf6ad.lx64.r.cp311/omni/kit/test/test_coverage.py", line 10, in <module>
    import coverage
  File "/home/liyufeng/miniforge3/envs/safeduo/lib/python3.11/site-packages/coverage/__init__.py", line 24, in <module>
    from coverage.control import (
  File "/home/liyufeng/miniforge3/envs/safeduo/lib/python3.11/site-packages/coverage/control.py", line 28, in <module>
    from coverage.collector import Collector, HAS_CTRACER
  File "/home/liyufeng/miniforge3/envs/safeduo/lib/python3.11/site-packages/coverage/collector.py", line 19, in <module>
    from coverage.data import CoverageData
  File "/home/liyufeng/miniforge3/envs/safeduo/lib/python3.11/site-packages/coverage/data.py", line 24, in <module>
    from coverage.sqldata import CoverageData
  File "/home/liyufeng/miniforge3/envs/safeduo/lib/python3.11/site-packages/coverage/sqldata.py", line 16, in <module>
    import sqlite3
  File "/home/liyufeng/miniforge3/envs/safeduo/lib/python3.11/sqlite3/__init__.py", line 57, in <module>
    from sqlite3.dbapi2 import *
  File "/home/liyufeng/miniforge3/envs/safeduo/lib/python3.11/sqlite3/dbapi2.py", line 27, in <module>
    from _sqlite3 import *
ImportError: /lib/x86_64-linux-gnu/libstdc++.so.6: version `CXXABI_1.3.15' not found (required by /home/liyufeng/miniforge3/envs/safeduo/lib/python3.11/lib-dynload/../.././libicui18n.so.78)

2026-10-08T03:43:05Z [7,787ms] [Error] [omni.graph.tools._impl.internal.extension_contents_1_18] Exception while importing test omni.replicator.core.ogn.tests.TestOgnOnTime: Traceback (most recent call last):
  File "/home/liyufeng/miniforge3/envs/safeduo/lib/python3.11/site-packages/isaacsim/extscache/omni.graph.tools-1.79.2+69cbf6ad/omni/graph/tools/_impl/internal/extension_contents_1_18.py", line 394, in do_import_test_definition
    test_module = load_module_from_file(test_module_name, test_file)
                  ^^^^^^^^^^^^^^^^^^^^^^^^^^^^^^^^^^^^^^^^^^^^^^^^^^
  File "/home/liyufeng/miniforge3/envs/safeduo/lib/python3.11/site-packages/isaacsim/extscache/omni.graph.tools-1.79.2+69cbf6ad/omni/graph/tools/_impl/internal/file_utils.py", line 239, in load_module_from_file
    spec.loader.exec_module(module)
  File "<frozen importlib._bootstrap_external>", line 940, in exec_module
  File "<frozen importlib._bootstrap>", line 241, in _call_with_frames_removed
  File "/home/liyufeng/miniforge3/envs/safeduo/lib/python3.11/site-packages/isaacsim/extscache/omni.replicator.core-1.12.27+107.3.3.lx64.r.cp311/omni/replicator/core/ogn/tests/TestOgnOnTime.py", line 2, in <module>
    import omni.kit.test
  File "/home/liyufeng/miniforge3/envs/safeduo/lib/python3.11/site-packages/isaacsim/extscache/omni.kit.test-2.0.1+69cbf6ad.lx64.r.cp311/omni/kit/test/__init__.py", line 7, in <module>
    from . import unittests
  File "/home/liyufeng/miniforge3/envs/safeduo/lib/python3.11/site-packages/isaacsim/extscache/omni.kit.test-2.0.1+69cbf6ad.lx64.r.cp311/omni/kit/test/unittests.py", line 21, in <module>
    from .async_unittest import AsyncTestSuite, AsyncTextTestRunner, OmniTestResult, AsyncTestCase
  File "/home/liyufeng/miniforge3/envs/safeduo/lib/python3.11/site-packages/isaacsim/extscache/omni.kit.test-2.0.1+69cbf6ad.lx64.r.cp311/omni/kit/test/async_unittest.py", line 25, in <module>
    from .reporter import TestReporter
  File "/home/liyufeng/miniforge3/envs/safeduo/lib/python3.11/site-packages/isaacsim/extscache/omni.kit.test-2.0.1+69cbf6ad.lx64.r.cp311/omni/kit/test/reporter.py", line 27, in <module>
    from .test_coverage import generate_coverage_report
  File "/home/liyufeng/miniforge3/envs/safeduo/lib/python3.11/site-packages/isaacsim/extscache/omni.kit.test-2.0.1+69cbf6ad.lx64.r.cp311/omni/kit/test/test_coverage.py", line 10, in <module>
    import coverage
  File "/home/liyufeng/miniforge3/envs/safeduo/lib/python3.11/site-packages/coverage/__init__.py", line 24, in <module>
    from coverage.control import (
  File "/home/liyufeng/miniforge3/envs/safeduo/lib/python3.11/site-packages/coverage/control.py", line 28, in <module>
    from coverage.collector import Collector, HAS_CTRACER
  File "/home/liyufeng/miniforge3/envs/safeduo/lib/python3.11/site-packages/coverage/collector.py", line 19, in <module>
    from coverage.data import CoverageData
  File "/home/liyufeng/miniforge3/envs/safeduo/lib/python3.11/site-packages/coverage/data.py", line 24, in <module>
    from coverage.sqldata import CoverageData
  File "/home/liyufeng/miniforge3/envs/safeduo/lib/python3.11/site-packages/coverage/sqldata.py", line 16, in <module>
    import sqlite3
  File "/home/liyufeng/miniforge3/envs/safeduo/lib/python3.11/sqlite3/__init__.py", line 57, in <module>
    from sqlite3.dbapi2 import *
  File "/home/liyufeng/miniforge3/envs/safeduo/lib/python3.11/sqlite3/dbapi2.py", line 27, in <module>
    from _sqlite3 import *
ImportError: /lib/x86_64-linux-gnu/libstdc++.so.6: version `CXXABI_1.3.15' not found (required by /home/liyufeng/miniforge3/envs/safeduo/lib/python3.11/lib-dynload/../.././libicui18n.so.78)

2026-10-08T03:43:05Z [7,852ms] [Error] [omni.graph.tools._impl.internal.extension_contents_1_18] Exception while importing test omni.replicator.core.ogn.tests.TestOgnSetTimeline: Traceback (most recent call last):
  File "/home/liyufeng/miniforge3/envs/safeduo/lib/python3.11/site-packages/isaacsim/extscache/omni.graph.tools-1.79.2+69cbf6ad/omni/graph/tools/_impl/internal/extension_contents_1_18.py", line 394, in do_import_test_definition
    test_module = load_module_from_file(test_module_name, test_file)
                  ^^^^^^^^^^^^^^^^^^^^^^^^^^^^^^^^^^^^^^^^^^^^^^^^^^
  File "/home/liyufeng/miniforge3/envs/safeduo/lib/python3.11/site-packages/isaacsim/extscache/omni.graph.tools-1.79.2+69cbf6ad/omni/graph/tools/_impl/internal/file_utils.py", line 239, in load_module_from_file
    spec.loader.exec_module(module)
  File "<frozen importlib._bootstrap_external>", line 940, in exec_module
  File "<frozen importlib._bootstrap>", line 241, in _call_with_frames_removed
  File "/home/liyufeng/miniforge3/envs/safeduo/lib/python3.11/site-packages/isaacsim/extscache/omni.replicator.core-1.12.27+107.3.3.lx64.r.cp311/omni/replicator/core/ogn/tests/TestOgnSetTimeline.py", line 2, in <module>
    import omni.kit.test
  File "/home/liyufeng/miniforge3/envs/safeduo/lib/python3.11/site-packages/isaacsim/extscache/omni.kit.test-2.0.1+69cbf6ad.lx64.r.cp311/omni/kit/test/__init__.py", line 7, in <module>
    from . import unittests
  File "/home/liyufeng/miniforge3/envs/safeduo/lib/python3.11/site-packages/isaacsim/extscache/omni.kit.test-2.0.1+69cbf6ad.lx64.r.cp311/omni/kit/test/unittests.py", line 21, in <module>
    from .async_unittest import AsyncTestSuite, AsyncTextTestRunner, OmniTestResult, AsyncTestCase
  File "/home/liyufeng/miniforge3/envs/safeduo/lib/python3.11/site-packages/isaacsim/extscache/omni.kit.test-2.0.1+69cbf6ad.lx64.r.cp311/omni/kit/test/async_unittest.py", line 25, in <module>
    from .reporter import TestReporter
  File "/home/liyufeng/miniforge3/envs/safeduo/lib/python3.11/site-packages/isaacsim/extscache/omni.kit.test-2.0.1+69cbf6ad.lx64.r.cp311/omni/kit/test/reporter.py", line 27, in <module>
    from .test_coverage import generate_coverage_report
  File "/home/liyufeng/miniforge3/envs/safeduo/lib/python3.11/site-packages/isaacsim/extscache/omni.kit.test-2.0.1+69cbf6ad.lx64.r.cp311/omni/kit/test/test_coverage.py", line 10, in <module>
    import coverage
  File "/home/liyufeng/miniforge3/envs/safeduo/lib/python3.11/site-packages/coverage/__init__.py", line 24, in <module>
    from coverage.control import (
  File "/home/liyufeng/miniforge3/envs/safeduo/lib/python3.11/site-packages/coverage/control.py", line 28, in <module>
    from coverage.collector import Collector, HAS_CTRACER
  File "/home/liyufeng/miniforge3/envs/safeduo/lib/python3.11/site-packages/coverage/collector.py", line 19, in <module>
    from coverage.data import CoverageData
  File "/home/liyufeng/miniforge3/envs/safeduo/lib/python3.11/site-packages/coverage/data.py", line 24, in <module>
    from coverage.sqldata import CoverageData
  File "/home/liyufeng/miniforge3/envs/safeduo/lib/python3.11/site-packages/coverage/sqldata.py", line 16, in <module>
    import sqlite3
  File "/home/liyufeng/miniforge3/envs/safeduo/lib/python3.11/sqlite3/__init__.py", line 57, in <module>
    from sqlite3.dbapi2 import *
  File "/home/liyufeng/miniforge3/envs/safeduo/lib/python3.11/sqlite3/dbapi2.py", line 27, in <module>
    from _sqlite3 import *
ImportError: /lib/x86_64-linux-gnu/libstdc++.so.6: version `CXXABI_1.3.15' not found (required by /home/liyufeng/miniforge3/envs/safeduo/lib/python3.11/lib-dynload/../.././libicui18n.so.78)

2026-10-08T03:43:05Z [7,884ms] [Error] [omni.graph.tools._impl.internal.extension_contents_1_18] Exception while importing test omni.replicator.core.ogn.tests.TestOgnAugBgRandExp: Traceback (most recent call last):
  File "/home/liyufeng/miniforge3/envs/safeduo/lib/python3.11/site-packages/isaacsim/extscache/omni.graph.tools-1.79.2+69cbf6ad/omni/graph/tools/_impl/internal/extension_contents_1_18.py", line 394, in do_import_test_definition
    test_module = load_module_from_file(test_module_name, test_file)
                  ^^^^^^^^^^^^^^^^^^^^^^^^^^^^^^^^^^^^^^^^^^^^^^^^^^
  File "/home/liyufeng/miniforge3/envs/safeduo/lib/python3.11/site-packages/isaacsim/extscache/omni.graph.tools-1.79.2+69cbf6ad/omni/graph/tools/_impl/internal/file_utils.py", line 239, in load_module_from_file
    spec.loader.exec_module(module)
  File "<frozen importlib._bootstrap_external>", line 940, in exec_module
  File "<frozen importlib._bootstrap>", line 241, in _call_with_frames_removed
  File "/home/liyufeng/miniforge3/envs/safeduo/lib/python3.11/site-packages/isaacsim/extscache/omni.replicator.core-1.12.27+107.3.3.lx64.r.cp311/omni/replicator/core/ogn/tests/TestOgnAugBgRandExp.py", line 2, in <module>
    import omni.kit.test
  File "/home/liyufeng/miniforge3/envs/safeduo/lib/python3.11/site-packages/isaacsim/extscache/omni.kit.test-2.0.1+69cbf6ad.lx64.r.cp311/omni/kit/test/__init__.py", line 7, in <module>
    from . import unittests
  File "/home/liyufeng/miniforge3/envs/safeduo/lib/python3.11/site-packages/isaacsim/extscache/omni.kit.test-2.0.1+69cbf6ad.lx64.r.cp311/omni/kit/test/unittests.py", line 21, in <module>
    from .async_unittest import AsyncTestSuite, AsyncTextTestRunner, OmniTestResult, AsyncTestCase
  File "/home/liyufeng/miniforge3/envs/safeduo/lib/python3.11/site-packages/isaacsim/extscache/omni.kit.test-2.0.1+69cbf6ad.lx64.r.cp311/omni/kit/test/async_unittest.py", line 25, in <module>
    from .reporter import TestReporter
  File "/home/liyufeng/miniforge3/envs/safeduo/lib/python3.11/site-packages/isaacsim/extscache/omni.kit.test-2.0.1+69cbf6ad.lx64.r.cp311/omni/kit/test/reporter.py", line 27, in <module>
    from .test_coverage import generate_coverage_report
  File "/home/liyufeng/miniforge3/envs/safeduo/lib/python3.11/site-packages/isaacsim/extscache/omni.kit.test-2.0.1+69cbf6ad.lx64.r.cp311/omni/kit/test/test_coverage.py", line 10, in <module>
    import coverage
  File "/home/liyufeng/miniforge3/envs/safeduo/lib/python3.11/site-packages/coverage/__init__.py", line 24, in <module>
    from coverage.control import (
  File "/home/liyufeng/miniforge3/envs/safeduo/lib/python3.11/site-packages/coverage/control.py", line 28, in <module>
    from coverage.collector import Collector, HAS_CTRACER
  File "/home/liyufeng/miniforge3/envs/safeduo/lib/python3.11/site-packages/coverage/collector.py", line 19, in <module>
    from coverage.data import CoverageData
  File "/home/liyufeng/miniforge3/envs/safeduo/lib/python3.11/site-packages/coverage/data.py", line 24, in <module>
    from coverage.sqldata import CoverageData
  File "/home/liyufeng/miniforge3/envs/safeduo/lib/python3.11/site-packages/coverage/sqldata.py", line 16, in <module>
    import sqlite3
  File "/home/liyufeng/miniforge3/envs/safeduo/lib/python3.11/sqlite3/__init__.py", line 57, in <module>
    from sqlite3.dbapi2 import *
  File "/home/liyufeng/miniforge3/envs/safeduo/lib/python3.11/sqlite3/dbapi2.py", line 27, in <module>
    from _sqlite3 import *
ImportError: /lib/x86_64-linux-gnu/libstdc++.so.6: version `CXXABI_1.3.15' not found (required by /home/liyufeng/miniforge3/envs/safeduo/lib/python3.11/lib-dynload/../.././libicui18n.so.78)

2026-10-08T03:43:05Z [7,894ms] [Error] [omni.graph.tools._impl.internal.extension_contents_1_18] Exception while importing test omni.replicator.core.ogn.tests.TestOgnTriggerGate: Traceback (most recent call last):
  File "/home/liyufeng/miniforge3/envs/safeduo/lib/python3.11/site-packages/isaacsim/extscache/omni.graph.tools-1.79.2+69cbf6ad/omni/graph/tools/_impl/internal/extension_contents_1_18.py", line 394, in do_import_test_definition
    test_module = load_module_from_file(test_module_name, test_file)
                  ^^^^^^^^^^^^^^^^^^^^^^^^^^^^^^^^^^^^^^^^^^^^^^^^^^
  File "/home/liyufeng/miniforge3/envs/safeduo/lib/python3.11/site-packages/isaacsim/extscache/omni.graph.tools-1.79.2+69cbf6ad/omni/graph/tools/_impl/internal/file_utils.py", line 239, in load_module_from_file
    spec.loader.exec_module(module)
  File "<frozen importlib._bootstrap_external>", line 940, in exec_module
  File "<frozen importlib._bootstrap>", line 241, in _call_with_frames_removed
  File "/home/liyufeng/miniforge3/envs/safeduo/lib/python3.11/site-packages/isaacsim/extscache/omni.replicator.core-1.12.27+107.3.3.lx64.r.cp311/omni/replicator/core/ogn/tests/TestOgnTriggerGate.py", line 2, in <module>
    import omni.kit.test
  File "/home/liyufeng/miniforge3/envs/safeduo/lib/python3.11/site-packages/isaacsim/extscache/omni.kit.test-2.0.1+69cbf6ad.lx64.r.cp311/omni/kit/test/__init__.py", line 7, in <module>
    from . import unittests
  File "/home/liyufeng/miniforge3/envs/safeduo/lib/python3.11/site-packages/isaacsim/extscache/omni.kit.test-2.0.1+69cbf6ad.lx64.r.cp311/omni/kit/test/unittests.py", line 21, in <module>
    from .async_unittest import AsyncTestSuite, AsyncTextTestRunner, OmniTestResult, AsyncTestCase
  File "/home/liyufeng/miniforge3/envs/safeduo/lib/python3.11/site-packages/isaacsim/extscache/omni.kit.test-2.0.1+69cbf6ad.lx64.r.cp311/omni/kit/test/async_unittest.py", line 25, in <module>
    from .reporter import TestReporter
  File "/home/liyufeng/miniforge3/envs/safeduo/lib/python3.11/site-packages/isaacsim/extscache/omni.kit.test-2.0.1+69cbf6ad.lx64.r.cp311/omni/kit/test/reporter.py", line 27, in <module>
    from .test_coverage import generate_coverage_report
  File "/home/liyufeng/miniforge3/envs/safeduo/lib/python3.11/site-packages/isaacsim/extscache/omni.kit.test-2.0.1+69cbf6ad.lx64.r.cp311/omni/kit/test/test_coverage.py", line 10, in <module>
    import coverage
  File "/home/liyufeng/miniforge3/envs/safeduo/lib/python3.11/site-packages/coverage/__init__.py", line 24, in <module>
    from coverage.control import (
  File "/home/liyufeng/miniforge3/envs/safeduo/lib/python3.11/site-packages/coverage/control.py", line 28, in <module>
    from coverage.collector import Collector, HAS_CTRACER
  File "/home/liyufeng/miniforge3/envs/safeduo/lib/python3.11/site-packages/coverage/collector.py", line 19, in <module>
    from coverage.data import CoverageData
  File "/home/liyufeng/miniforge3/envs/safeduo/lib/python3.11/site-packages/coverage/data.py", line 24, in <module>
    from coverage.sqldata import CoverageData
  File "/home/liyufeng/miniforge3/envs/safeduo/lib/python3.11/site-packages/coverage/sqldata.py", line 16, in <module>
    import sqlite3
  File "/home/liyufeng/miniforge3/envs/safeduo/lib/python3.11/sqlite3/__init__.py", line 57, in <module>
    from sqlite3.dbapi2 import *
  File "/home/liyufeng/miniforge3/envs/safeduo/lib/python3.11/sqlite3/dbapi2.py", line 27, in <module>
    from _sqlite3 import *
ImportError: /lib/x86_64-linux-gnu/libstdc++.so.6: version `CXXABI_1.3.15' not found (required by /home/liyufeng/miniforge3/envs/safeduo/lib/python3.11/lib-dynload/../.././libicui18n.so.78)

2026-10-08T03:43:05Z [7,903ms] [Error] [omni.graph.tools._impl.internal.extension_contents_1_18] Exception while importing test omni.replicator.core.ogn.tests.TestOgnMeshBoundsDecalPlacement: Traceback (most recent call last):
  File "/home/liyufeng/miniforge3/envs/safeduo/lib/python3.11/site-packages/isaacsim/extscache/omni.graph.tools-1.79.2+69cbf6ad/omni/graph/tools/_impl/internal/extension_contents_1_18.py", line 394, in do_import_test_definition
    test_module = load_module_from_file(test_module_name, test_file)
                  ^^^^^^^^^^^^^^^^^^^^^^^^^^^^^^^^^^^^^^^^^^^^^^^^^^
  File "/home/liyufeng/miniforge3/envs/safeduo/lib/python3.11/site-packages/isaacsim/extscache/omni.graph.tools-1.79.2+69cbf6ad/omni/graph/tools/_impl/internal/file_utils.py", line 239, in load_module_from_file
    spec.loader.exec_module(module)
  File "<frozen importlib._bootstrap_external>", line 940, in exec_module
  File "<frozen importlib._bootstrap>", line 241, in _call_with_frames_removed
  File "/home/liyufeng/miniforge3/envs/safeduo/lib/python3.11/site-packages/isaacsim/extscache/omni.replicator.core-1.12.27+107.3.3.lx64.r.cp311/omni/replicator/core/ogn/tests/TestOgnMeshBoundsDecalPlacement.py", line 2, in <module>
    import omni.kit.test
  File "/home/liyufeng/miniforge3/envs/safeduo/lib/python3.11/site-packages/isaacsim/extscache/omni.kit.test-2.0.1+69cbf6ad.lx64.r.cp311/omni/kit/test/__init__.py", line 7, in <module>
    from . import unittests
  File "/home/liyufeng/miniforge3/envs/safeduo/lib/python3.11/site-packages/isaacsim/extscache/omni.kit.test-2.0.1+69cbf6ad.lx64.r.cp311/omni/kit/test/unittests.py", line 21, in <module>
    from .async_unittest import AsyncTestSuite, AsyncTextTestRunner, OmniTestResult, AsyncTestCase
  File "/home/liyufeng/miniforge3/envs/safeduo/lib/python3.11/site-packages/isaacsim/extscache/omni.kit.test-2.0.1+69cbf6ad.lx64.r.cp311/omni/kit/test/async_unittest.py", line 25, in <module>
    from .reporter import TestReporter
  File "/home/liyufeng/miniforge3/envs/safeduo/lib/python3.11/site-packages/isaacsim/extscache/omni.kit.test-2.0.1+69cbf6ad.lx64.r.cp311/omni/kit/test/reporter.py", line 27, in <module>
    from .test_coverage import generate_coverage_report
  File "/home/liyufeng/miniforge3/envs/safeduo/lib/python3.11/site-packages/isaacsim/extscache/omni.kit.test-2.0.1+69cbf6ad.lx64.r.cp311/omni/kit/test/test_coverage.py", line 10, in <module>
    import coverage
  File "/home/liyufeng/miniforge3/envs/safeduo/lib/python3.11/site-packages/coverage/__init__.py", line 24, in <module>
    from coverage.control import (
  File "/home/liyufeng/miniforge3/envs/safeduo/lib/python3.11/site-packages/coverage/control.py", line 28, in <module>
    from coverage.collector import Collector, HAS_CTRACER
  File "/home/liyufeng/miniforge3/envs/safeduo/lib/python3.11/site-packages/coverage/collector.py", line 19, in <module>
    from coverage.data import CoverageData
  File "/home/liyufeng/miniforge3/envs/safeduo/lib/python3.11/site-packages/coverage/data.py", line 24, in <module>
    from coverage.sqldata import CoverageData
  File "/home/liyufeng/miniforge3/envs/safeduo/lib/python3.11/site-packages/coverage/sqldata.py", line 16, in <module>
    import sqlite3
  File "/home/liyufeng/miniforge3/envs/safeduo/lib/python3.11/sqlite3/__init__.py", line 57, in <module>
    from sqlite3.dbapi2 import *
  File "/home/liyufeng/miniforge3/envs/safeduo/lib/python3.11/sqlite3/dbapi2.py", line 27, in <module>
    from _sqlite3 import *
ImportError: /lib/x86_64-linux-gnu/libstdc++.so.6: version `CXXABI_1.3.15' not found (required by /home/liyufeng/miniforge3/envs/safeduo/lib/python3.11/lib-dynload/../.././libicui18n.so.78)

2026-10-08T03:43:05Z [7,919ms] [Error] [omni.graph.tools._impl.internal.extension_contents_1_18] Exception while importing test omni.replicator.core.ogn.tests.TestOgnGroup: Traceback (most recent call last):
  File "/home/liyufeng/miniforge3/envs/safeduo/lib/python3.11/site-packages/isaacsim/extscache/omni.graph.tools-1.79.2+69cbf6ad/omni/graph/tools/_impl/internal/extension_contents_1_18.py", line 394, in do_import_test_definition
    test_module = load_module_from_file(test_module_name, test_file)
                  ^^^^^^^^^^^^^^^^^^^^^^^^^^^^^^^^^^^^^^^^^^^^^^^^^^
  File "/home/liyufeng/miniforge3/envs/safeduo/lib/python3.11/site-packages/isaacsim/extscache/omni.graph.tools-1.79.2+69cbf6ad/omni/graph/tools/_impl/internal/file_utils.py", line 239, in load_module_from_file
    spec.loader.exec_module(module)
  File "<frozen importlib._bootstrap_external>", line 940, in exec_module
  File "<frozen importlib._bootstrap>", line 241, in _call_with_frames_removed
  File "/home/liyufeng/miniforge3/envs/safeduo/lib/python3.11/site-packages/isaacsim/extscache/omni.replicator.core-1.12.27+107.3.3.lx64.r.cp311/omni/replicator/core/ogn/tests/TestOgnGroup.py", line 2, in <module>
    import omni.kit.test
  File "/home/liyufeng/miniforge3/envs/safeduo/lib/python3.11/site-packages/isaacsim/extscache/omni.kit.test-2.0.1+69cbf6ad.lx64.r.cp311/omni/kit/test/__init__.py", line 7, in <module>
    from . import unittests
  File "/home/liyufeng/miniforge3/envs/safeduo/lib/python3.11/site-packages/isaacsim/extscache/omni.kit.test-2.0.1+69cbf6ad.lx64.r.cp311/omni/kit/test/unittests.py", line 21, in <module>
    from .async_unittest import AsyncTestSuite, AsyncTextTestRunner, OmniTestResult, AsyncTestCase
  File "/home/liyufeng/miniforge3/envs/safeduo/lib/python3.11/site-packages/isaacsim/extscache/omni.kit.test-2.0.1+69cbf6ad.lx64.r.cp311/omni/kit/test/async_unittest.py", line 25, in <module>
    from .reporter import TestReporter
  File "/home/liyufeng/miniforge3/envs/safeduo/lib/python3.11/site-packages/isaacsim/extscache/omni.kit.test-2.0.1+69cbf6ad.lx64.r.cp311/omni/kit/test/reporter.py", line 27, in <module>
    from .test_coverage import generate_coverage_report
  File "/home/liyufeng/miniforge3/envs/safeduo/lib/python3.11/site-packages/isaacsim/extscache/omni.kit.test-2.0.1+69cbf6ad.lx64.r.cp311/omni/kit/test/test_coverage.py", line 10, in <module>
    import coverage
  File "/home/liyufeng/miniforge3/envs/safeduo/lib/python3.11/site-packages/coverage/__init__.py", line 24, in <module>
    from coverage.control import (
  File "/home/liyufeng/miniforge3/envs/safeduo/lib/python3.11/site-packages/coverage/control.py", line 28, in <module>
    from coverage.collector import Collector, HAS_CTRACER
  File "/home/liyufeng/miniforge3/envs/safeduo/lib/python3.11/site-packages/coverage/collector.py", line 19, in <module>
    from coverage.data import CoverageData
  File "/home/liyufeng/miniforge3/envs/safeduo/lib/python3.11/site-packages/coverage/data.py", line 24, in <module>
    from coverage.sqldata import CoverageData
  File "/home/liyufeng/miniforge3/envs/safeduo/lib/python3.11/site-packages/coverage/sqldata.py", line 16, in <module>
    import sqlite3
  File "/home/liyufeng/miniforge3/envs/safeduo/lib/python3.11/sqlite3/__init__.py", line 57, in <module>
    from sqlite3.dbapi2 import *
  File "/home/liyufeng/miniforge3/envs/safeduo/lib/python3.11/sqlite3/dbapi2.py", line 27, in <module>
    from _sqlite3 import *
ImportError: /lib/x86_64-linux-gnu/libstdc++.so.6: version `CXXABI_1.3.15' not found (required by /home/liyufeng/miniforge3/envs/safeduo/lib/python3.11/lib-dynload/../.././libicui18n.so.78)

2026-10-08T03:43:05Z [7,935ms] [Error] [omni.graph.tools._impl.internal.extension_contents_1_18] Exception while importing test omni.replicator.core.ogn.tests.TestOgnSemanticSegmentation: Traceback (most recent call last):
  File "/home/liyufeng/miniforge3/envs/safeduo/lib/python3.11/site-packages/isaacsim/extscache/omni.graph.tools-1.79.2+69cbf6ad/omni/graph/tools/_impl/internal/extension_contents_1_18.py", line 394, in do_import_test_definition
    test_module = load_module_from_file(test_module_name, test_file)
                  ^^^^^^^^^^^^^^^^^^^^^^^^^^^^^^^^^^^^^^^^^^^^^^^^^^
  File "/home/liyufeng/miniforge3/envs/safeduo/lib/python3.11/site-packages/isaacsim/extscache/omni.graph.tools-1.79.2+69cbf6ad/omni/graph/tools/_impl/internal/file_utils.py", line 239, in load_module_from_file
    spec.loader.exec_module(module)
  File "<frozen importlib._bootstrap_external>", line 940, in exec_module
  File "<frozen importlib._bootstrap>", line 241, in _call_with_frames_removed
  File "/home/liyufeng/miniforge3/envs/safeduo/lib/python3.11/site-packages/isaacsim/extscache/omni.replicator.core-1.12.27+107.3.3.lx64.r.cp311/omni/replicator/core/ogn/tests/TestOgnSemanticSegmentation.py", line 2, in <module>
    import omni.kit.test
  File "/home/liyufeng/miniforge3/envs/safeduo/lib/python3.11/site-packages/isaacsim/extscache/omni.kit.test-2.0.1+69cbf6ad.lx64.r.cp311/omni/kit/test/__init__.py", line 7, in <module>
    from . import unittests
  File "/home/liyufeng/miniforge3/envs/safeduo/lib/python3.11/site-packages/isaacsim/extscache/omni.kit.test-2.0.1+69cbf6ad.lx64.r.cp311/omni/kit/test/unittests.py", line 21, in <module>
    from .async_unittest import AsyncTestSuite, AsyncTextTestRunner, OmniTestResult, AsyncTestCase
  File "/home/liyufeng/miniforge3/envs/safeduo/lib/python3.11/site-packages/isaacsim/extscache/omni.kit.test-2.0.1+69cbf6ad.lx64.r.cp311/omni/kit/test/async_unittest.py", line 25, in <module>
    from .reporter import TestReporter
  File "/home/liyufeng/miniforge3/envs/safeduo/lib/python3.11/site-packages/isaacsim/extscache/omni.kit.test-2.0.1+69cbf6ad.lx64.r.cp311/omni/kit/test/reporter.py", line 27, in <module>
    from .test_coverage import generate_coverage_report
  File "/home/liyufeng/miniforge3/envs/safeduo/lib/python3.11/site-packages/isaacsim/extscache/omni.kit.test-2.0.1+69cbf6ad.lx64.r.cp311/omni/kit/test/test_coverage.py", line 10, in <module>
    import coverage
  File "/home/liyufeng/miniforge3/envs/safeduo/lib/python3.11/site-packages/coverage/__init__.py", line 24, in <module>
    from coverage.control import (
  File "/home/liyufeng/miniforge3/envs/safeduo/lib/python3.11/site-packages/coverage/control.py", line 28, in <module>
    from coverage.collector import Collector, HAS_CTRACER
  File "/home/liyufeng/miniforge3/envs/safeduo/lib/python3.11/site-packages/coverage/collector.py", line 19, in <module>
    from coverage.data import CoverageData
  File "/home/liyufeng/miniforge3/envs/safeduo/lib/python3.11/site-packages/coverage/data.py", line 24, in <module>
    from coverage.sqldata import CoverageData
  File "/home/liyufeng/miniforge3/envs/safeduo/lib/python3.11/site-packages/coverage/sqldata.py", line 16, in <module>
    import sqlite3
  File "/home/liyufeng/miniforge3/envs/safeduo/lib/python3.11/sqlite3/__init__.py", line 57, in <module>
    from sqlite3.dbapi2 import *
  File "/home/liyufeng/miniforge3/envs/safeduo/lib/python3.11/sqlite3/dbapi2.py", line 27, in <module>
    from _sqlite3 import *
ImportError: /lib/x86_64-linux-gnu/libstdc++.so.6: version `CXXABI_1.3.15' not found (required by /home/liyufeng/miniforge3/envs/safeduo/lib/python3.11/lib-dynload/../.././libicui18n.so.78)

2026-10-08T03:43:05Z [7,947ms] [Error] [omni.graph.tools._impl.internal.extension_contents_1_18] Exception while importing test omni.replicator.core.ogn.tests.TestOgnPerAxisPose: Traceback (most recent call last):
  File "/home/liyufeng/miniforge3/envs/safeduo/lib/python3.11/site-packages/isaacsim/extscache/omni.graph.tools-1.79.2+69cbf6ad/omni/graph/tools/_impl/internal/extension_contents_1_18.py", line 394, in do_import_test_definition
    test_module = load_module_from_file(test_module_name, test_file)
                  ^^^^^^^^^^^^^^^^^^^^^^^^^^^^^^^^^^^^^^^^^^^^^^^^^^
  File "/home/liyufeng/miniforge3/envs/safeduo/lib/python3.11/site-packages/isaacsim/extscache/omni.graph.tools-1.79.2+69cbf6ad/omni/graph/tools/_impl/internal/file_utils.py", line 239, in load_module_from_file
    spec.loader.exec_module(module)
  File "<frozen importlib._bootstrap_external>", line 940, in exec_module
  File "<frozen importlib._bootstrap>", line 241, in _call_with_frames_removed
  File "/home/liyufeng/miniforge3/envs/safeduo/lib/python3.11/site-packages/isaacsim/extscache/omni.replicator.core-1.12.27+107.3.3.lx64.r.cp311/omni/replicator/core/ogn/tests/TestOgnPerAxisPose.py", line 2, in <module>
    import omni.kit.test
  File "/home/liyufeng/miniforge3/envs/safeduo/lib/python3.11/site-packages/isaacsim/extscache/omni.kit.test-2.0.1+69cbf6ad.lx64.r.cp311/omni/kit/test/__init__.py", line 7, in <module>
    from . import unittests
  File "/home/liyufeng/miniforge3/envs/safeduo/lib/python3.11/site-packages/isaacsim/extscache/omni.kit.test-2.0.1+69cbf6ad.lx64.r.cp311/omni/kit/test/unittests.py", line 21, in <module>
    from .async_unittest import AsyncTestSuite, AsyncTextTestRunner, OmniTestResult, AsyncTestCase
  File "/home/liyufeng/miniforge3/envs/safeduo/lib/python3.11/site-packages/isaacsim/extscache/omni.kit.test-2.0.1+69cbf6ad.lx64.r.cp311/omni/kit/test/async_unittest.py", line 25, in <module>
    from .reporter import TestReporter
  File "/home/liyufeng/miniforge3/envs/safeduo/lib/python3.11/site-packages/isaacsim/extscache/omni.kit.test-2.0.1+69cbf6ad.lx64.r.cp311/omni/kit/test/reporter.py", line 27, in <module>
    from .test_coverage import generate_coverage_report
  File "/home/liyufeng/miniforge3/envs/safeduo/lib/python3.11/site-packages/isaacsim/extscache/omni.kit.test-2.0.1+69cbf6ad.lx64.r.cp311/omni/kit/test/test_coverage.py", line 10, in <module>
    import coverage
  File "/home/liyufeng/miniforge3/envs/safeduo/lib/python3.11/site-packages/coverage/__init__.py", line 24, in <module>
    from coverage.control import (
  File "/home/liyufeng/miniforge3/envs/safeduo/lib/python3.11/site-packages/coverage/control.py", line 28, in <module>
    from coverage.collector import Collector, HAS_CTRACER
  File "/home/liyufeng/miniforge3/envs/safeduo/lib/python3.11/site-packages/coverage/collector.py", line 19, in <module>
    from coverage.data import CoverageData
  File "/home/liyufeng/miniforge3/envs/safeduo/lib/python3.11/site-packages/coverage/data.py", line 24, in <module>
    from coverage.sqldata import CoverageData
  File "/home/liyufeng/miniforge3/envs/safeduo/lib/python3.11/site-packages/coverage/sqldata.py", line 16, in <module>
    import sqlite3
  File "/home/liyufeng/miniforge3/envs/safeduo/lib/python3.11/sqlite3/__init__.py", line 57, in <module>
    from sqlite3.dbapi2 import *
  File "/home/liyufeng/miniforge3/envs/safeduo/lib/python3.11/sqlite3/dbapi2.py", line 27, in <module>
    from _sqlite3 import *
ImportError: /lib/x86_64-linux-gnu/libstdc++.so.6: version `CXXABI_1.3.15' not found (required by /home/liyufeng/miniforge3/envs/safeduo/lib/python3.11/lib-dynload/../.././libicui18n.so.78)

[INFO][AppLauncher]: Using device: cuda:0
[INFO][AppLauncher]: Loading experience file: /home/liyufeng/safeduo_isaaclab/apps/isaaclab.python.headless.rendering.kit
CONSTRUCT_STATIC_DIAGNOSTIC 2 default_thumb 0.35

[36m======================================================================================[0m
[36m[1m[INFO][IsaacLab]: Logging to file: /tmp/isaaclab/logs/isaaclab_2026-10-08_11-43-09.log[0m
[36m======================================================================================[0m

[33m11:43:09 [simulation_context.py] WARNING: The `enable_external_forces_every_iteration` parameter in the PhysxCfg is set to False. If you are experiencing noisy velocities, consider enabling this flag. You may need to slightly increase the number of velocity iterations (setting it to 1 or 2 rather than 0), together with this flag, to improve the accuracy of velocity updates.[0m
[INFO]: Base environment:
	Environment device    : cuda:0
	Environment seed      : 90610761
	Physics step-size     : 0.008333
	Rendering step-size   : 0.016666
	Environment step-size : 0.016666
[33m11:43:12 [prims.py] WARNING: Could not perform 'modify_collision_properties' on any prims under: '/World/envs/env_0/Prop_nist_board'. This might be because of the following reasons:
	(1) The desired attribute does not exist on any of the prims.
	(2) The desired attribute exists on an instanced prim.
		Discovered list of instanced prim paths: ['/World/envs/env_0/Prop_nist_board/visuals', '/World/envs/env_0/Prop_nist_board/collisions'][0m
R35_HAND_TORSION de-instanced hand collision scopes: 50
R35_HAND_TORSION radius=0.02 min=0.01 collision_prims=128
R34_MESH_OBJECT /World/envs/env_0/Obj_beam700: friction 1.5/1.2 on 1 materials, 0 glass meshes rebound, 0 opacity inputs disabled
R34_MESH_OBJECT /World/envs/env_0/Obj_beam300: friction 1.5/1.2 on 1 materials, 0 glass meshes rebound, 0 opacity inputs disabled
2026-10-08T03:43:06Z [8,498ms] [Warning] [omni.kvdb.plugin] Disabling key-value database because another kit process is locking it
2026-10-08T03:43:08Z [10,922ms] [Warning] [omni.fabric.plugin] Warning: attribute viewportHandle not found for bucket id 7

