group,flow,amp,seed,env_id,pair,band,target_direction,before_violation,after_violation,before_min_self_F_mm,after_min_self_F_mm,before_joint_path_rad,after_joint_path_rad
六配对压力 · 5 秒 · 768 尝试,pair_stratified,0.005,0,0,F_L-F_R,warn,approach,False,False,23.081526160240173,23.081526160240173,3.816746711730957,3.814527750015259
六配对压力 · 5 秒 · 768 尝试,pair_stratified,0.005,0,1,F_L-U_L,warn,approach,False,False,23.08201789855957,23.08201789855957,5.530501842498779,5.525979042053223
六配对压力 · 5 秒 · 768 尝试,pair_stratified,0.005,0,2,F_L-U_R,warn,approach,False,False,23.08177947998047,23.08177947998047,5.348414897918701,5.342316627502441
六配对压力 · 5 秒 · 768 尝试,pair_stratified,0.005,0,3,F_R-U_L,warn,approach,False,False,23.081570863723755,23.081570863723755,5.387218952178955,5.383025646209717
六配对压力 · 5 秒 · 768 尝试,pair_stratified,0.005,0,4,F_R-U_R,warn,approach,False,False,23.081764578819275,23.081764578819275,7.336142539978027,7.330567359924316
六配对压力 · 5 秒 · 768 尝试,pair_stratified,0.005,0,5,U_L-U_R,warn,approach,False,False,23.082971572875977,23.082971572875977,4.275755405426025,4.265799522399902
六配对压力 · 5 秒 · 768 尝试,pair_stratified,0.005,0,6,F_L-F_R,warn,recede,False,False,11.396393179893494,11.266753077507019,5.7090277671813965,5.626133918762207
六配对压力 · 5 秒 · 768 尝试,pair_stratified,0.005,0,7,F_L-U_L,warn,recede,False,False,23.081794381141663,23.081794381141663,6.68994140625,6.687692165374756
六配对压力 · 5 秒 · 768 尝试,pair_stratified,0.005,0,8,F_L-U_R,warn,recede,False,False,23.08155596256256,23.08197319507599,5.348261833190918,5.343739986419678
六配对压力 · 5 秒 · 768 尝试,pair_stratified,0.005,0,9,F_R-U_L,warn,recede,False,False,23.081570863723755,23.081570863723755,5.4974141120910645,5.495227813720703
六配对压力 · 5 秒 · 768 尝试,pair_stratified,0.005,0,10,F_R-U_R,warn,recede,False,False,23.082345724105835,23.082420229911804,9.183911323547363,9.176899909973145
六配对压力 · 5 秒 · 768 尝试,pair_stratified,0.005,0,11,U_L-U_R,warn,recede,False,False,23.083388805389404,23.083388805389404,4.683006763458252,4.521364688873291
六配对压力 · 5 秒 · 768 尝试,pair_stratified,0.005,0,12,F_L-F_R,warn,tangent,False,False,9.04819369316101,15.049390494823456,3.5710461139678955,6.798310279846191
六配对压力 · 5 秒 · 768 尝试,pair_stratified,0.005,0,13,F_L-U_L,warn,tangent,False,False,23.08259904384613,23.08259904384613,7.2061614990234375,7.202188968658447
六配对压力 · 5 秒 · 768 尝试,pair_stratified,0.005,0,14,F_L-U_R,warn,tangent,False,False,23.08252453804016,23.082494735717773,5.491140842437744,5.484302997589111
六配对压力 · 5 秒 · 768 尝试,pair_stratified,0.005,0,15,F_R-U_L,warn,tangent,False,False,23.083150386810303,23.083150386810303,5.740817546844482,5.736846923828125
六配对压力 · 5 秒 · 768 尝试,pair_stratified,0.005,0,16,F_R-U_R,warn,tangent,False,False,23.08306097984314,23.08306097984314,9.797402381896973,9.79039192199707
六配对压力 · 5 秒 · 768 尝试,pair_stratified,0.005,0,17,U_L-U_R,warn,tangent,False,False,23.083344101905823,23.083344101905823,5.401950836181641,5.471323013305664
六配对压力 · 5 秒 · 768 尝试,pair_stratified,0.005,0,18,F_L-F_R,near,approach,False,False,23.0829119682312,23.0829119682312,3.9683964252471924,3.963456630706787
六配对压力 · 5 秒 · 768 尝试,pair_stratified,0.005,0,19,F_L-U_L,near,approach,False,False,23.082926869392395,23.082926869392395,5.688126564025879,5.684201240539551
六配对压力 · 5 秒 · 768 尝试,pair_stratified,0.005,0,20,F_L-U_R,near,approach,False,False,23.082822561264038,23.082822561264038,5.556942939758301,5.550326347351074
六配对压力 · 5 秒 · 768 尝试,pair_stratified,0.005,0,21,F_R-U_L,near,approach,False,False,23.082837462425232,23.082837462425232,5.65064811706543,5.646737098693848
六配对压力 · 5 秒 · 768 尝试,pair_stratified,0.005,0,22,F_R-U_R,near,approach,False,False,23.082882165908813,23.082882165908813,7.558454513549805,7.550145626068115
六配对压力 · 5 秒 · 768 尝试,pair_stratified,0.005,0,23,U_L-U_R,near,approach,False,False,23.08318018913269,23.08318018913269,4.391047954559326,4.377103328704834
六配对压力 · 5 秒 · 768 尝试,pair_stratified,0.005,0,24,F_L-F_R,near,recede,False,False,12.955598533153534,12.379534542560577,5.8998212814331055,5.588996410369873
六配对压力 · 5 秒 · 768 尝试,pair_stratified,0.005,0,25,F_L-U_L,near,recede,False,False,23.08201789855957,23.082002997398376,6.690548896789551,6.686418533325195
六配对压力 · 5 秒 · 768 尝试,pair_stratified,0.005,0,26,F_L-U_R,near,recede,False,False,23.082494735717773,23.082494735717773,5.4000935554504395,5.393199920654297
六配对压力 · 5 秒 · 768 尝试,pair_stratified,0.005,0,27,F_R-U_L,near,recede,False,False,23.082539439201355,23.08259904384613,5.6248064041137695,5.6208977699279785
六配对压力 · 5 秒 · 768 尝试,pair_stratified,0.005,0,28,F_R-U_R,near,recede,False,False,23.08247983455658,23.08247983455658,9.538881301879883,9.531867027282715
六配对压力 · 5 秒 · 768 尝试,pair_stratified,0.005,0,29,U_L-U_R,near,recede,False,False,23.083388805389404,23.083388805389404,4.56367301940918,4.741389751434326
六配对压力 · 5 秒 · 768 尝试,pair_stratified,0.005,0,30,F_L-F_R,near,tangent,False,False,8.665822446346283,12.006938457489014,6.375444412231445,6.684710502624512
六配对压力 · 5 秒 · 768 尝试,pair_stratified,0.005,0,31,F_L-U_L,near,tangent,False,False,23.08189868927002,23.08189868927002,7.425326347351074,7.421288013458252
六配对压力 · 5 秒 · 768 尝试,pair_stratified,0.005,1,0,U_L-U_R,contact,approach,False,False,23.082971572875977,23.082971572875977,4.439487457275391,4.439414024353027
六配对压力 · 5 秒 · 768 尝试,pair_stratified,0.005,1,1,F_L-F_R,contact,recede,False,False,11.450797319412231,11.879168450832367,5.953442096710205,5.839128017425537
六配对压力 · 5 秒 · 768 尝试,pair_stratified,0.005,1,2,F_L-U_L,contact,recede,False,False,23.081928491592407,23.081928491592407,6.7520670890808105,6.752179145812988
六配对压力 · 5 秒 · 768 尝试,pair_stratified,0.005,1,3,F_L-U_R,contact,recede,False,False,23.081764578819275,23.08177947998047,5.446256637573242,5.446392059326172
六配对压力 · 5 秒 · 768 尝试,pair_stratified,0.005,1,4,F_R-U_L,contact,recede,False,False,23.08189868927002,23.08189868927002,5.71638822555542,5.716302871704102
六配对压力 · 5 秒 · 768 尝试,pair_stratified,0.005,1,5,F_R-U_R,contact,recede,False,False,23.081660270690918,23.081660270690918,9.743639945983887,9.743622779846191
六配对压力 · 5 秒 · 768 尝试,pair_stratified,0.005,1,6,U_L-U_R,contact,recede,False,False,23.082971572875977,23.082971572875977,4.679780960083008,4.6802287101745605
六配对压力 · 5 秒 · 768 尝试,pair_stratified,0.005,1,7,F_L-F_R,contact,tangent,False,False,9.670428931713104,14.40611481666565,3.6225171089172363,6.74057674407959
六配对压力 · 5 秒 · 768 尝试,pair_stratified,0.005,1,8,F_L-U_L,contact,tangent,False,False,23.08209240436554,23.08209240436554,6.8807501792907715,6.880782127380371
六配对压力 · 5 秒 · 768 尝试,pair_stratified,0.005,1,9,F_L-U_R,contact,tangent,False,False,23.081868886947632,23.081839084625244,5.653595447540283,5.653532028198242
六配对压力 · 5 秒 · 768 尝试,pair_stratified,0.005,1,10,F_R-U_L,contact,tangent,False,False,23.082569241523743,23.082569241523743,5.9013519287109375,5.901618003845215
六配对压力 · 5 秒 · 768 尝试,pair_stratified,0.005,1,11,F_R-U_R,contact,tangent,False,False,23.08259904384613,23.08259904384613,9.979952812194824,9.98061752319336
六配对压力 · 5 秒 · 768 尝试,pair_stratified,0.005,1,12,U_L-U_R,contact,tangent,False,False,23.083433508872986,23.083433508872986,4.134800910949707,5.218040466308594
六配对压力 · 5 秒 · 768 尝试,pair_stratified,0.005,1,13,F_L-F_R,penetration,approach,False,False,17.812304198741913,23.082390427589417,4.23101806640625,4.195404052734375
六配对压力 · 5 秒 · 768 尝试,pair_stratified,0.005,1,14,F_L-U_L,penetration,approach,False,False,23.082584142684937,23.082584142684937,5.899664402008057,5.899868011474609
六配对压力 · 5 秒 · 768 尝试,pair_stratified,0.005,1,15,F_L-U_R,penetration,approach,False,False,23.083001375198364,23.083001375198364,5.676663398742676,5.676828384399414
六配对压力 · 5 秒 · 768 尝试,pair_stratified,0.005,1,16,F_R-U_L,penetration,approach,False,False,23.08313548564911,23.08313548564911,5.72641658782959,5.726672172546387
六配对压力 · 5 秒 · 768 尝试,pair_stratified,0.005,1,17,F_R-U_R,penetration,approach,False,False,23.083150386810303,23.083150386810303,7.85380220413208,7.854046821594238
六配对压力 · 5 秒 · 768 尝试,pair_stratified,0.005,1,18,U_L-U_R,penetration,approach,False,False,23.083314299583435,23.083314299583435,4.486048698425293,4.484619617462158
六配对压力 · 5 秒 · 768 尝试,pair_stratified,0.005,1,19,F_L-F_R,penetration,recede,False,False,11.3639235496521,11.512696743011475,5.9144062995910645,5.808084964752197
六配对压力 · 5 秒 · 768 尝试,pair_stratified,0.005,1,20,F_L-U_L,penetration,recede,False,False,23.08228611946106,23.08228611946106,7.057431221008301,7.05742073059082
六配对压力 · 5 秒 · 768 尝试,pair_stratified,0.005,1,21,F_L-U_R,penetration,recede,False,False,23.082882165908813,23.082882165908813,5.521295070648193,5.521416187286377
六配对压力 · 5 秒 · 768 尝试,pair_stratified,0.005,1,22,F_R-U_L,penetration,recede,False,False,23.082777857780457,23.082777857780457,5.818440914154053,5.818640232086182
六配对压力 · 5 秒 · 768 尝试,pair_stratified,0.005,1,23,F_R-U_R,penetration,recede,False,False,23.082777857780457,23.082777857780457,9.83523178100586,9.835424423217773
六配对压力 · 5 秒 · 768 尝试,pair_stratified,0.005,1,24,U_L-U_R,penetration,recede,False,False,23.08318018913269,23.08318018913269,4.64422607421875,4.7072319984436035
六配对压力 · 5 秒 · 768 尝试,pair_stratified,0.005,1,25,F_L-F_R,penetration,tangent,False,False,9.516067802906036,12.988686561584473,6.5301971435546875,6.451694011688232
六配对压力 · 5 秒 · 768 尝试,pair_stratified,0.005,1,26,F_L-U_L,penetration,tangent,False,False,23.082390427589417,23.082390427589417,6.8675312995910645,6.867556095123291
六配对压力 · 5 秒 · 768 尝试,pair_stratified,0.005,1,27,F_L-U_R,penetration,tangent,False,False,23.08255434036255,23.08252453804016,5.673011302947998,5.673129558563232
六配对压力 · 5 秒 · 768 尝试,pair_stratified,0.005,1,28,F_R-U_L,penetration,tangent,False,False,23.082464933395386,23.082464933395386,6.020793437957764,6.020788192749023
六配对压力 · 5 秒 · 768 尝试,pair_stratified,0.005,1,29,F_R-U_R,penetration,tangent,False,False,23.082032799720764,23.082032799720764,10.027493476867676,10.027935028076172
六配对压力 · 5 秒 · 768 尝试,pair_stratified,0.005,1,30,U_L-U_R,penetration,tangent,False,False,23.082971572875977,23.082971572875977,5.255233287811279,5.238067150115967
六配对压力 · 5 秒 · 768 尝试,pair_stratified,0.005,1,31,F_L-F_R,warn,approach,False,False,23.081690073013306,23.081690073013306,3.8169074058532715,3.816890239715576
六配对压力 · 5 秒 · 768 尝试,pair_stratified,0.005,2,0,F_R-U_R,warn,recede,False,False,23.081913590431213,23.081913590431213,9.183507919311523,9.1884183883667
六配对压力 · 5 秒 · 768 尝试,pair_stratified,0.005,2,1,U_L-U_R,warn,recede,False,False,23.082971572875977,23.082971572875977,4.683139801025391,4.527377605438232
六配对压力 · 5 秒 · 768 尝试,pair_stratified,0.005,2,2,F_L-F_R,warn,tangent,False,False,10.291904211044312,14.046534895896912,6.795510292053223,6.780449867248535
六配对压力 · 5 秒 · 768 尝试,pair_stratified,0.005,2,3,F_L-U_L,warn,tangent,False,False,23.082032799720764,23.082032799720764,7.087319374084473,7.087261199951172
六配对压力 · 5 秒 · 768 尝试,pair_stratified,0.005,2,4,F_L-U_R,warn,tangent,False,False,23.081988096237183,23.081958293914795,5.496470928192139,5.496451377868652
六配对压力 · 5 秒 · 768 尝试,pair_stratified,0.005,2,5,F_R-U_L,warn,tangent,False,False,23.08151125907898,23.08151125907898,5.755842208862305,5.755911827087402
六配对压力 · 5 秒 · 768 尝试,pair_stratified,0.005,2,6,F_R-U_R,warn,tangent,False,False,23.081853985786438,23.081853985786438,9.79679012298584,9.796902656555176
六配对压力 · 5 秒 · 768 尝试,pair_stratified,0.005,2,7,U_L-U_R,warn,tangent,False,False,23.083001375198364,23.083001375198364,5.402833938598633,5.476004123687744
六配对压力 · 5 秒 · 768 尝试,pair_stratified,0.005,2,8,F_L-F_R,near,approach,False,False,23.081719875335693,23.081719875335693,3.967916250228882,3.9656951427459717
六配对压力 · 5 秒 · 768 尝试,pair_stratified,0.005,2,9,F_L-U_L,near,approach,False,False,23.081794381141663,23.081794381141663,5.6884613037109375,5.688442707061768
六配对压力 · 5 秒 · 768 尝试,pair_stratified,0.005,2,10,F_L-U_R,near,approach,False,False,23.082375526428223,23.082375526428223,5.557333946228027,5.5573272705078125
六配对压力 · 5 秒 · 768 尝试,pair_stratified,0.005,2,11,F_R-U_L,near,approach,False,False,23.082569241523743,23.082569241523743,5.650585651397705,5.650566577911377
六配对压力 · 5 秒 · 768 尝试,pair_stratified,0.005,2,12,F_R-U_R,near,approach,False,False,23.082628846168518,23.082628846168518,7.558525562286377,7.558534622192383
六配对压力 · 5 秒 · 768 尝试,pair_stratified,0.005,2,13,U_L-U_R,near,approach,False,False,23.083388805389404,23.083388805389404,4.390810966491699,4.390930652618408
六配对压力 · 5 秒 · 768 尝试,pair_stratified,0.005,2,14,F_L-F_R,near,recede,False,False,12.95289397239685,12.378543615341187,5.897869110107422,5.592954635620117
六配对压力 · 5 秒 · 768 尝试,pair_stratified,0.005,2,15,F_L-U_L,near,recede,False,False,23.082107305526733,23.082107305526733,6.69023323059082,6.690230369567871
六配对压力 · 5 秒 · 768 尝试,pair_stratified,0.005,2,16,F_L-U_R,near,recede,False,False,23.08310568332672,23.08313548564911,5.400283336639404,5.4002861976623535
六配对压力 · 5 秒 · 768 尝试,pair_stratified,0.005,2,17,F_R-U_L,near,recede,False,False,23.083165287971497,23.083165287971497,5.624419212341309,5.624444484710693
六配对压力 · 5 秒 · 768 尝试,pair_stratified,0.005,2,18,F_R-U_R,near,recede,False,False,23.082837462425232,23.082837462425232,9.538374900817871,9.538357734680176
六配对压力 · 5 秒 · 768 尝试,pair_stratified,0.005,2,19,U_L-U_R,near,recede,False,False,23.083314299583435,23.083314299583435,4.563714504241943,4.74741792678833
六配对压力 · 5 秒 · 768 尝试,pair_stratified,0.005,2,20,F_L-F_R,near,tangent,False,False,11.590562760829926,12.086749076843262,6.516565322875977,6.683371067047119
六配对压力 · 5 秒 · 768 尝试,pair_stratified,0.005,2,21,F_L-U_L,near,tangent,False,False,23.082643747329712,23.082643747329712,7.352237224578857,7.352342128753662
六配对压力 · 5 秒 · 768 尝试,pair_stratified,0.005,2,22,F_L-U_R,near,tangent,False,False,23.082762956619263,23.082762956619263,5.605078220367432,5.605196475982666
六配对压力 · 5 秒 · 768 尝试,pair_stratified,0.005,2,23,F_R-U_L,near,tangent,False,False,23.082882165908813,23.082882165908813,5.867134094238281,5.867159843444824
六配对压力 · 5 秒 · 768 尝试,pair_stratified,0.005,2,24,F_R-U_R,near,tangent,False,False,23.08221161365509,23.08221161365509,9.910425186157227,9.909808158874512
六配对压力 · 5 秒 · 768 尝试,pair_stratified,0.005,2,25,U_L-U_R,near,tangent,False,False,23.083388805389404,23.083388805389404,5.392507076263428,5.349053382873535
六配对压力 · 5 秒 · 768 尝试,pair_stratified,0.005,2,26,F_L-F_R,contact,approach,False,False,16.58247411251068,23.082509636878967,4.157975196838379,4.135989189147949
六配对压力 · 5 秒 · 768 尝试,pair_stratified,0.005,2,27,F_L-U_L,contact,approach,False,False,23.082688450813293,23.082688450813293,5.7678046226501465,5.767844200134277
六配对压力 · 5 秒 · 768 尝试,pair_stratified,0.005,2,28,F_L-U_R,contact,approach,False,False,23.082390427589417,23.082420229911804,5.512260913848877,5.5122480392456055
六配对压力 · 5 秒 · 768 尝试,pair_stratified,0.005,2,29,F_R-U_L,contact,approach,False,False,23.082450032234192,23.082450032234192,5.578881740570068,5.578945159912109
六配对压力 · 5 秒 · 768 尝试,pair_stratified,0.005,2,30,F_R-U_R,contact,approach,False,False,23.081660270690918,23.081660270690918,7.709924697875977,7.709840297698975
六配对压力 · 5 秒 · 768 尝试,pair_stratified,0.005,2,31,U_L-U_R,contact,approach,False,False,23.082971572875977,23.082971572875977,4.442226409912109,4.442161560058594
六配对压力 · 5 秒 · 768 尝试,pair_stratified,0.005,3,0,F_R-U_L,contact,tangent,False,False,23.081421852111816,23.081421852111816,5.950046539306641,5.95006799697876
六配对压力 · 5 秒 · 768 尝试,pair_stratified,0.005,3,1,F_R-U_R,contact,tangent,False,False,23.08197319507599,23.08197319507599,9.98048210144043,9.980003356933594
六配对压力 · 5 秒 · 768 尝试,pair_stratified,0.005,3,2,U_L-U_R,contact,tangent,False,False,23.083001375198364,23.083001375198364,4.134019374847412,5.217101573944092
六配对压力 · 5 秒 · 768 尝试,pair_stratified,0.005,3,3,F_L-F_R,penetration,approach,False,False,17.80608296394348,23.081660270690918,4.231405735015869,4.19542121887207
六配对压力 · 5 秒 · 768 尝试,pair_stratified,0.005,3,4,F_L-U_L,penetration,approach,False,False,23.081883788108826,23.081883788108826,5.899777889251709,5.89972448348999
六配对压力 · 5 秒 · 768 尝试,pair_stratified,0.005,3,5,F_L-U_R,penetration,approach,False,False,23.08174967765808,23.08174967765808,5.676557540893555,5.6765522956848145
六配对压力 · 5 秒 · 768 尝试,pair_stratified,0.005,3,6,F_R-U_L,penetration,approach,False,False,23.081660270690918,23.081660270690918,5.726589202880859,5.726597309112549
六配对压力 · 5 秒 · 768 尝试,pair_stratified,0.005,3,7,F_R-U_R,penetration,approach,False,False,23.08201789855957,23.08201789855957,7.853518486022949,7.853560924530029
六配对压力 · 5 秒 · 768 尝试,pair_stratified,0.005,3,8,U_L-U_R,penetration,approach,False,False,23.082971572875977,23.082971572875977,4.486110687255859,4.48471212387085
六配对压力 · 5 秒 · 768 尝试,pair_stratified,0.005,3,9,F_L-F_R,penetration,recede,False,False,11.805392801761627,11.471912264823914,5.9330854415893555,5.81136417388916
六配对压力 · 5 秒 · 768 尝试,pair_stratified,0.005,3,10,F_L-U_L,penetration,recede,False,False,23.08189868927002,23.08189868927002,7.095637798309326,7.095626354217529
六配对压力 · 5 秒 · 768 尝试,pair_stratified,0.005,3,11,F_L-U_R,penetration,recede,False,False,23.082494735717773,23.082450032234192,5.521240711212158,5.521234512329102
六配对压力 · 5 秒 · 768 尝试,pair_stratified,0.005,3,12,F_R-U_L,penetration,recede,False,False,23.082435131072998,23.082435131072998,5.8184003829956055,5.818356990814209
六配对压力 · 5 秒 · 768 尝试,pair_stratified,0.005,3,13,F_R-U_R,penetration,recede,False,False,23.082345724105835,23.082345724105835,9.83521842956543,9.835210800170898
六配对压力 · 5 秒 · 768 尝试,pair_stratified,0.005,3,14,U_L-U_R,penetration,recede,False,False,23.083388805389404,23.083388805389404,4.644202709197998,4.707139015197754
六配对压力 · 5 秒 · 768 尝试,pair_stratified,0.005,3,15,F_L-F_R,penetration,tangent,False,False,10.650888085365295,12.989714741706848,3.6792681217193604,6.451423168182373
六配对压力 · 5 秒 · 768 尝试,pair_stratified,0.005,3,16,F_L-U_L,penetration,tangent,False,False,23.08286726474762,23.08286726474762,6.867100715637207,6.867080211639404
六配对压力 · 5 秒 · 768 尝试,pair_stratified,0.005,3,17,F_L-U_R,penetration,tangent,False,False,23.08318018913269,23.08318018913269,5.684967041015625,5.684968948364258
六配对压力 · 5 秒 · 768 尝试,pair_stratified,0.005,3,18,F_R-U_L,penetration,tangent,False,False,23.083165287971497,23.083165287971497,5.991943359375,5.991990089416504
六配对压力 · 5 秒 · 768 尝试,pair_stratified,0.005,3,19,F_R-U_R,penetration,tangent,False,False,23.082375526428223,23.082375526428223,10.027742385864258,10.02747917175293
六配对压力 · 5 秒 · 768 尝试,pair_stratified,0.005,3,20,U_L-U_R,penetration,tangent,False,False,23.08318018913269,23.08318018913269,5.254300594329834,5.237017631530762
六配对压力 · 5 秒 · 768 尝试,pair_stratified,0.005,3,21,F_L-F_R,warn,approach,False,False,23.082807660102844,23.082807660102844,3.816600799560547,3.8166470527648926
六配对压力 · 5 秒 · 768 尝试,pair_stratified,0.005,3,22,F_L-U_L,warn,approach,False,False,23.0829119682312,23.0829119682312,5.530368804931641,5.530368328094482
六配对压力 · 5 秒 · 768 尝试,pair_stratified,0.005,3,23,F_L-U_R,warn,approach,False,False,23.0829119682312,23.0829119682312,5.348957061767578,5.348962783813477
六配对压力 · 5 秒 · 768 尝试,pair_stratified,0.005,3,24,F_R-U_L,warn,approach,False,False,23.082837462425232,23.082837462425232,5.386977672576904,5.386978626251221
六配对压力 · 5 秒 · 768 尝试,pair_stratified,0.005,3,25,F_R-U_R,warn,approach,False,False,23.082569241523743,23.082569241523743,7.336437702178955,7.336465358734131
六配对压力 · 5 秒 · 768 尝试,pair_stratified,0.005,3,26,U_L-U_R,warn,approach,False,False,23.083388805389404,23.083388805389404,4.279790878295898,4.280027389526367
六配对压力 · 5 秒 · 768 尝试,pair_stratified,0.005,3,27,F_L-F_R,warn,recede,False,False,11.616691946983337,11.130206286907196,5.6875104904174805,5.641087055206299
六配对压力 · 5 秒 · 768 尝试,pair_stratified,0.005,3,28,F_L-U_L,warn,recede,False,False,23.08255434036255,23.08255434036255,6.690257549285889,6.690269947052002
六配对压力 · 5 秒 · 768 尝试,pair_stratified,0.005,3,29,F_L-U_R,warn,recede,False,False,23.08252453804016,23.08240532875061,5.34866189956665,5.348740100860596
六配对压力 · 5 秒 · 768 尝试,pair_stratified,0.005,3,30,F_R-U_L,warn,recede,False,False,23.081570863723755,23.081570863723755,5.497768878936768,5.497749328613281
六配对压力 · 5 秒 · 768 尝试,pair_stratified,0.005,3,31,F_R-U_R,warn,recede,False,False,23.081868886947632,23.081868886947632,9.188887596130371,9.188886642456055
六配对压力 · 5 秒 · 768 尝试,pair_stratified,0.005,4,0,F_L-U_R,near,approach,False,False,23.081913590431213,23.081913590431213,5.556995391845703,5.551268577575684
六配对压力 · 5 秒 · 768 尝试,pair_stratified,0.005,4,1,F_R-U_L,near,approach,False,False,23.081913590431213,23.081913590431213,5.650700092315674,5.6467671394348145
六配对压力 · 5 秒 · 768 尝试,pair_stratified,0.005,4,2,F_R-U_R,near,approach,False,False,23.081839084625244,23.081839084625244,7.558199405670166,7.552447319030762
六配对压力 · 5 秒 · 768 尝试,pair_stratified,0.005,4,3,U_L-U_R,near,approach,False,False,23.08298647403717,23.08298647403717,4.390898704528809,4.376802444458008
六配对压力 · 5 秒 · 768 尝试,pair_stratified,0.005,4,4,F_L-F_R,near,recede,False,False,10.013267397880554,12.377724051475525,5.702733993530273,5.591083526611328
六配对压力 · 5 秒 · 768 尝试,pair_stratified,0.005,4,5,F_L-U_L,near,recede,False,False,23.08174967765808,23.08174967765808,6.69058084487915,6.686528205871582
六配对压力 · 5 秒 · 768 尝试,pair_stratified,0.005,4,6,F_L-U_R,near,recede,False,False,23.08124303817749,23.08124303817749,5.39985466003418,5.395357608795166
六配对压力 · 5 秒 · 768 尝试,pair_stratified,0.005,4,7,F_R-U_L,near,recede,False,False,23.081600666046143,23.081600666046143,5.640818119049072,5.636868000030518
六配对压力 · 5 秒 · 768 尝试,pair_stratified,0.005,4,8,F_R-U_R,near,recede,False,False,23.081839084625244,23.081839084625244,9.538432121276855,9.533860206604004
六配对压力 · 5 秒 · 768 尝试,pair_stratified,0.005,4,9,U_L-U_R,near,recede,False,False,23.08306097984314,23.08306097984314,4.6159749031066895,4.741488933563232
六配对压力 · 5 秒 · 768 尝试,pair_stratified,0.005,4,10,F_L-F_R,near,tangent,False,False,8.665546774864197,14.53101634979248,6.375245571136475,6.20313024520874
六配对压力 · 5 秒 · 768 尝试,pair_stratified,0.005,4,11,F_L-U_L,near,tangent,False,False,23.081928491592407,23.081928491592407,7.425249099731445,7.422616481781006
六配对压力 · 5 秒 · 768 尝试,pair_stratified,0.005,4,12,F_L-U_R,near,tangent,False,False,23.081645369529724,23.08182418346405,5.584511756896973,5.579953193664551
六配对压力 · 5 秒 · 768 尝试,pair_stratified,0.005,4,13,F_R-U_L,near,tangent,False,False,23.081660270690918,23.081660270690918,5.885036468505859,5.882847785949707
六配对压力 · 5 秒 · 768 尝试,pair_stratified,0.005,4,14,F_R-U_R,near,tangent,False,False,23.081928491592407,23.081928491592407,9.909388542175293,9.905411720275879
六配对压力 · 5 秒 · 768 尝试,pair_stratified,0.005,4,15,U_L-U_R,near,tangent,False,False,23.08306097984314,23.08306097984314,5.245094299316406,5.343985080718994
六配对压力 · 5 秒 · 768 尝试,pair_stratified,0.005,4,16,F_L-F_R,contact,approach,False,False,16.38226956129074,23.082196712493896,4.160574436187744,4.133828163146973
六配对压力 · 5 秒 · 768 尝试,pair_stratified,0.005,4,17,F_L-U_L,contact,approach,False,False,23.082315921783447,23.082315921783447,5.767678737640381,5.765549182891846
六配对压力 · 5 秒 · 768 尝试,pair_stratified,0.005,4,18,F_L-U_R,contact,approach,False,False,23.082613945007324,23.082613945007324,5.5123443603515625,5.504127025604248
六配对压力 · 5 秒 · 768 尝试,pair_stratified,0.005,4,19,F_R-U_L,contact,approach,False,False,23.082539439201355,23.082464933395386,5.578819751739502,5.576508045196533
六配对压力 · 5 秒 · 768 尝试,pair_stratified,0.005,4,20,F_R-U_R,contact,approach,False,False,23.082450032234192,23.082450032234192,7.709908485412598,7.702203750610352
六配对压力 · 5 秒 · 768 尝试,pair_stratified,0.005,4,21,U_L-U_R,contact,approach,False,False,23.083388805389404,23.083388805389404,4.439366340637207,4.429013729095459
六配对压力 · 5 秒 · 768 尝试,pair_stratified,0.005,4,22,F_L-F_R,contact,recede,False,False,11.49071753025055,11.878520250320435,5.956859588623047,5.834869861602783
六配对压力 · 5 秒 · 768 尝试,pair_stratified,0.005,4,23,F_L-U_L,contact,recede,False,False,23.082062602043152,23.082062602043152,6.752053260803223,6.749919891357422
六配对压力 · 5 秒 · 768 尝试,pair_stratified,0.005,4,24,F_L-U_R,contact,recede,False,False,23.082807660102844,23.082822561264038,5.468183517456055,5.467320442199707
六配对压力 · 5 秒 · 768 尝试,pair_stratified,0.005,4,25,F_R-U_L,contact,recede,False,False,23.082852363586426,23.08286726474762,5.708159446716309,5.706013202667236
六配对压力 · 5 秒 · 768 尝试,pair_stratified,0.005,4,26,F_R-U_R,contact,recede,False,False,23.08259904384613,23.08259904384613,9.743667602539062,9.738897323608398
六配对压力 · 5 秒 · 768 尝试,pair_stratified,0.005,4,27,U_L-U_R,contact,recede,False,False,23.083209991455078,23.083209991455078,4.6604461669921875,4.6962971687316895
六配对压力 · 5 秒 · 768 尝试,pair_stratified,0.005,4,28,F_L-F_R,contact,tangent,False,False,8.400365710258484,14.405518770217896,3.570220470428467,6.7509613037109375
六配对压力 · 5 秒 · 768 尝试,pair_stratified,0.005,4,29,F_L-U_L,contact,tangent,False,False,23.082658648490906,23.08259904384613,7.636446475982666,7.634164810180664
六配对压力 · 5 秒 · 768 尝试,pair_stratified,0.005,4,30,F_L-U_R,contact,tangent,False,False,23.08274805545807,23.08274805545807,5.6535773277282715,5.64897346496582
六配对压力 · 5 秒 · 768 尝试,pair_stratified,0.005,4,31,F_R-U_L,contact,tangent,False,False,23.082897067070007,23.082882165908813,5.9013261795043945,5.899165153503418
六配对压力 · 5 秒 · 768 尝试,pair_stratified,0.005,4,32,F_R-U_R,contact,tangent,False,False,23.08216691017151,23.08216691017151,9.979537010192871,9.975442886352539
六配对压力 · 5 秒 · 768 尝试,pair_stratified,0.005,4,33,U_L-U_R,contact,tangent,False,False,23.083388805389404,23.083388805389404,5.218593120574951,5.213122367858887
六配对压力 · 5 秒 · 768 尝试,pair_stratified,0.005,4,34,F_L-F_R,penetration,approach,False,False,17.798036336898804,23.082852363586426,4.227762699127197,4.192903518676758
六配对压力 · 5 秒 · 768 尝试,pair_stratified,0.005,4,35,F_L-U_L,penetration,approach,False,False,23.082926869392395,23.082926869392395,5.899660587310791,5.897403240203857
六配对压力 · 5 秒 · 768 尝试,pair_stratified,0.005,4,36,F_L-U_R,penetration,approach,False,False,23.08306097984314,23.08306097984314,5.6763014793396,5.6710333824157715
六配对压力 · 5 秒 · 768 尝试,pair_stratified,0.005,4,37,F_R-U_L,penetration,approach,False,False,23.08298647403717,23.08298647403717,5.7265496253967285,5.724218845367432
六配对压力 · 5 秒 · 768 尝试,pair_stratified,0.005,4,38,F_R-U_R,penetration,approach,False,False,23.08233082294464,23.08233082294464,7.853556156158447,7.847903728485107
六配对压力 · 5 秒 · 768 尝试,pair_stratified,0.005,4,39,U_L-U_R,penetration,approach,False,False,23.083388805389404,23.083388805389404,4.4880146980285645,4.4748148918151855
六配对压力 · 5 秒 · 768 尝试,pair_stratified,0.005,4,40,F_L-F_R,penetration,recede,False,False,12.192189693450928,11.999830603599548,5.919696807861328,5.833852767944336
六配对压力 · 5 秒 · 768 尝试,pair_stratified,0.005,4,41,F_L-U_L,penetration,recede,False,False,23.082196712493896,23.082152009010315,7.095685005187988,7.092857360839844
六配对压力 · 5 秒 · 768 尝试,pair_stratified,0.005,4,42,F_L-U_R,penetration,recede,False,False,23.08255434036255,23.08255434036255,5.520938396453857,5.516363143920898
六配对压力 · 5 秒 · 768 尝试,pair_stratified,0.005,4,43,F_R-U_L,penetration,recede,False,False,23.082435131072998,23.082435131072998,5.818462371826172,5.81622838973999
六配对压力 · 5 秒 · 768 尝试,pair_stratified,0.005,4,44,F_R-U_R,penetration,recede,False,False,23.082509636878967,23.082509636878967,9.835270881652832,9.828256607055664
六配对压力 · 5 秒 · 768 尝试,pair_stratified,0.005,4,45,U_L-U_R,penetration,recede,False,False,23.083388805389404,23.083388805389404,4.7986836433410645,4.849191665649414
六配对压力 · 5 秒 · 768 尝试,pair_stratified,0.005,4,46,F_L-F_R,penetration,tangent,False,False,10.649442672729492,12.988507747650146,3.679375410079956,6.447536945343018
六配对压力 · 5 秒 · 768 尝试,pair_stratified,0.005,4,47,F_L-U_L,penetration,tangent,False,False,23.08182418346405,23.08182418346405,6.867199897766113,6.863318920135498
六配对压力 · 5 秒 · 768 尝试,pair_stratified,0.005,4,48,F_L-U_R,penetration,tangent,False,False,23.08158576488495,23.08158576488495,5.673060894012451,5.6660661697387695
六配对压力 · 5 秒 · 768 尝试,pair_stratified,0.005,4,49,F_R-U_L,penetration,tangent,False,False,23.081347346305847,23.081347346305847,5.9922590255737305,5.988308906555176
六配对压力 · 5 秒 · 768 尝试,pair_stratified,0.005,4,50,F_R-U_R,penetration,tangent,False,False,23.081913590431213,23.081913590431213,10.027483940124512,10.020401000976562
六配对压力 · 5 秒 · 768 尝试,pair_stratified,0.005,4,51,U_L-U_R,penetration,tangent,False,False,23.08298647403717,23.08298647403717,5.255209922790527,5.232330322265625
六配对压力 · 5 秒 · 768 尝试,pair_stratified,0.005,4,52,F_L-F_R,warn,approach,False,False,23.081615567207336,23.081615567207336,3.8170597553253174,3.8129191398620605
六配对压力 · 5 秒 · 768 尝试,pair_stratified,0.005,4,53,F_L-U_L,warn,approach,False,False,23.08174967765808,23.08174967765808,5.530596733093262,5.526553630828857
六配对压力 · 5 秒 · 768 尝试,pair_stratified,0.005,4,54,F_L-U_R,warn,approach,False,False,23.081868886947632,23.081868886947632,5.348525524139404,5.34174108505249
六配对压力 · 5 秒 · 768 尝试,pair_stratified,0.005,4,55,F_R-U_L,warn,approach,False,False,23.0819433927536,23.0819433927536,5.38706111907959,5.383108139038086
六配对压力 · 5 秒 · 768 尝试,pair_stratified,0.005,4,56,F_R-U_R,warn,approach,False,False,23.081839084625244,23.081839084625244,7.336143493652344,7.330489158630371
六配对压力 · 5 秒 · 768 尝试,pair_stratified,0.005,4,57,U_L-U_R,warn,approach,False,False,23.08306097984314,23.08306097984314,4.280184745788574,4.26862096786499
六配对压力 · 5 秒 · 768 尝试,pair_stratified,0.005,4,58,F_L-F_R,warn,recede,False,False,11.620819568634033,11.250495910644531,5.687414169311523,5.62777853012085
六配对压力 · 5 秒 · 768 尝试,pair_stratified,0.005,4,59,F_L-U_L,warn,recede,False,False,23.081868886947632,23.081868886947632,6.690369129180908,6.686150074005127
六配对压力 · 5 秒 · 768 尝试,pair_stratified,0.005,4,60,F_L-U_R,warn,recede,False,False,23.081809282302856,23.081839084625244,5.348644733428955,5.341203212738037
六配对压力 · 5 秒 · 768 尝试,pair_stratified,0.005,4,61,F_R-U_L,warn,recede,False,False,23.081570863723755,23.081570863723755,5.497688293457031,5.493629455566406
六配对压力 · 5 秒 · 768 尝试,pair_stratified,0.005,4,62,F_R-U_R,warn,recede,False,False,23.081660270690918,23.081660270690918,9.194518089294434,9.187515258789062
六配对压力 · 5 秒 · 768 尝试,pair_stratified,0.005,4,63,U_L-U_R,warn,recede,False,False,23.08306097984314,23.08306097984314,4.683202743530273,4.518723011016846
六配对压力 · 5 秒 · 768 尝试,pair_stratified,0.005,5,0,F_L-U_L,penetration,recede,False,False,23.081660270690918,23.081660270690918,7.091944217681885,7.091810703277588
六配对压力 · 5 秒 · 768 尝试,pair_stratified,0.005,5,1,F_L-U_R,penetration,recede,False,False,23.08182418346405,23.08182418346405,5.521271228790283,5.521505832672119
六配对压力 · 5 秒 · 768 尝试,pair_stratified,0.005,5,2,F_R-U_L,penetration,recede,False,False,23.081690073013306,23.081690073013306,5.818619728088379,5.818649768829346
六配对压力 · 5 秒 · 768 尝试,pair_stratified,0.005,5,3,F_R-U_R,penetration,recede,False,False,23.081764578819275,23.081764578819275,9.83525276184082,9.835455894470215
六配对压力 · 5 秒 · 768 尝试,pair_stratified,0.005,5,4,U_L-U_R,penetration,recede,False,False,23.08298647403717,23.08298647403717,4.643747806549072,4.706268310546875
六配对压力 · 5 秒 · 768 尝试,pair_stratified,0.005,5,5,F_L-F_R,penetration,tangent,False,False,11.929474771022797,12.986771762371063,3.7204630374908447,6.451767921447754
六配对压力 · 5 秒 · 768 尝试,pair_stratified,0.005,5,6,F_L-U_L,penetration,tangent,False,False,23.081660270690918,23.081660270690918,6.86741828918457,6.867340564727783
六配对压力 · 5 秒 · 768 尝试,pair_stratified,0.005,5,7,F_L-U_R,penetration,tangent,False,False,23.08158576488495,23.08158576488495,5.673095703125,5.6731462478637695
六配对压力 · 5 秒 · 768 尝试,pair_stratified,0.005,5,8,F_R-U_L,penetration,tangent,False,False,23.081347346305847,23.081347346305847,5.992217540740967,5.992263317108154
六配对压力 · 5 秒 · 768 尝试,pair_stratified,0.005,5,9,F_R-U_R,penetration,tangent,False,False,23.081496357917786,23.081496357917786,10.027962684631348,10.02791690826416
六配对压力 · 5 秒 · 768 尝试,pair_stratified,0.005,5,10,U_L-U_R,penetration,tangent,False,False,23.082971572875977,23.082971572875977,5.257006645202637,5.2327423095703125
六配对压力 · 5 秒 · 768 尝试,pair_stratified,0.005,5,11,F_L-F_R,warn,approach,False,False,23.081526160240173,23.081526160240173,3.816608190536499,3.81657075881958
六配对压力 · 5 秒 · 768 尝试,pair_stratified,0.005,5,12,F_L-U_L,warn,approach,False,False,23.08189868927002,23.08189868927002,5.530627727508545,5.530561447143555
六配对压力 · 5 秒 · 768 尝试,pair_stratified,0.005,5,13,F_L-U_R,warn,approach,False,False,23.081839084625244,23.081839084625244,5.348628520965576,5.348504066467285
六配对压力 · 5 秒 · 768 尝试,pair_stratified,0.005,5,14,F_R-U_L,warn,approach,False,False,23.0819433927536,23.0819433927536,5.387042045593262,5.387141227722168
六配对压力 · 5 秒 · 768 尝试,pair_stratified,0.005,5,15,F_R-U_R,warn,approach,False,False,23.081839084625244,23.081839084625244,7.336131572723389,7.336143970489502
六配对压力 · 5 秒 · 768 尝试,pair_stratified,0.005,5,16,U_L-U_R,warn,approach,False,False,23.08349311351776,23.08349311351776,4.275674343109131,4.275640487670898
六配对压力 · 5 秒 · 768 尝试,pair_stratified,0.005,5,17,F_L-F_R,warn,recede,False,False,11.621080338954926,11.266335844993591,5.687350749969482,5.628374099731445
六配对压力 · 5 秒 · 768 尝试,pair_stratified,0.005,5,18,F_L-U_L,warn,recede,False,False,23.08259904384613,23.08259904384613,6.689934253692627,6.6901655197143555
六配对压力 · 5 秒 · 768 尝试,pair_stratified,0.005,5,19,F_L-U_R,warn,recede,False,False,23.082569241523743,23.082181811332703,5.348328590393066,5.348276615142822
六配对压力 · 5 秒 · 768 尝试,pair_stratified,0.005,5,20,F_R-U_L,warn,recede,False,False,23.08252453804016,23.08252453804016,5.484162330627441,5.484388828277588
六配对压力 · 5 秒 · 768 尝试,pair_stratified,0.005,5,21,F_R-U_R,warn,recede,False,False,23.082375526428223,23.082375526428223,9.17966079711914,9.179647445678711
六配对压力 · 5 秒 · 768 尝试,pair_stratified,0.005,5,22,U_L-U_R,warn,recede,False,False,23.08349311351776,23.08349311351776,4.683114051818848,4.52457857131958
六配对压力 · 5 秒 · 768 尝试,pair_stratified,0.005,5,23,F_L-F_R,warn,tangent,False,False,10.143913328647614,15.047416090965271,6.820052623748779,6.802271842956543
六配对压力 · 5 秒 · 768 尝试,pair_stratified,0.005,5,24,F_L-U_L,warn,tangent,False,False,23.082256317138672,23.082256317138672,7.2040300369262695,7.204295635223389
六配对压力 · 5 秒 · 768 尝试,pair_stratified,0.005,5,25,F_L-U_R,warn,tangent,False,False,23.082882165908813,23.082882165908813,5.490902423858643,5.4908576011657715
六配对压力 · 5 秒 · 768 尝试,pair_stratified,0.005,5,26,F_R-U_L,warn,tangent,False,False,23.082852363586426,23.082852363586426,5.746020317077637,5.746034145355225
六配对压力 · 5 秒 · 768 尝试,pair_stratified,0.005,5,27,F_R-U_R,warn,tangent,False,False,23.082837462425232,23.082837462425232,9.796727180480957,9.796711921691895
六配对压力 · 5 秒 · 768 尝试,pair_stratified,0.005,5,28,U_L-U_R,warn,tangent,False,False,23.083209991455078,23.083209991455078,5.108355522155762,5.470709800720215
六配对压力 · 5 秒 · 768 尝试,pair_stratified,0.005,5,29,F_L-F_R,near,approach,False,False,23.08274805545807,23.082733154296875,3.968418598175049,3.9660868644714355
六配对压力 · 5 秒 · 768 尝试,pair_stratified,0.005,5,30,F_L-U_L,near,approach,False,False,23.082420229911804,23.082420229911804,5.6884379386901855,5.6884660720825195
六配对压力 · 5 秒 · 768 尝试,pair_stratified,0.005,5,31,F_L-U_R,near,approach,False,False,23.082822561264038,23.082822561264038,5.556944370269775,5.556971549987793
六配对压力 · 5 秒 · 768 尝试,pair_stratified,0.005,5,32,F_R-U_L,near,approach,False,False,23.082971572875977,23.082971572875977,5.650522232055664,5.650644779205322
六配对压力 · 5 秒 · 768 尝试,pair_stratified,0.005,5,33,F_R-U_R,near,approach,False,False,23.08271825313568,23.08271825313568,7.5582051277160645,7.55820894241333
六配对压力 · 5 秒 · 768 尝试,pair_stratified,0.005,5,34,U_L-U_R,near,approach,False,False,23.083284497261047,23.083284497261047,4.3870978355407715,4.387027263641357
六配对压力 · 5 秒 · 768 尝试,pair_stratified,0.005,5,35,F_L-F_R,near,recede,False,False,12.956328690052032,11.719338595867157,5.899718761444092,5.577818393707275
六配对压力 · 5 秒 · 768 尝试,pair_stratified,0.005,5,36,F_L-U_L,near,recede,False,False,23.083031177520752,23.083031177520752,6.690279483795166,6.6902852058410645
六配对压力 · 5 秒 · 768 尝试,pair_stratified,0.005,5,37,F_L-U_R,near,recede,False,False,23.083046078681946,23.083046078681946,5.400010585784912,5.399974346160889
六配对压力 · 5 秒 · 768 尝试,pair_stratified,0.005,5,38,F_R-U_L,near,recede,False,False,23.083046078681946,23.083046078681946,5.624472141265869,5.624597072601318
六配对压力 · 5 秒 · 768 尝试,pair_stratified,0.005,5,39,F_R-U_R,near,recede,False,False,23.082420229911804,23.082420229911804,9.53886890411377,9.539085388183594
六配对压力 · 5 秒 · 768 尝试,pair_stratified,0.005,5,40,U_L-U_R,near,recede,False,False,23.08349311351776,23.08349311351776,4.6149516105651855,4.746119976043701
六配对压力 · 5 秒 · 768 尝试,pair_stratified,0.005,5,41,F_L-F_R,near,tangent,False,False,11.591166257858276,12.006409466266632,6.517574787139893,6.68861198425293
六配对压力 · 5 秒 · 768 尝试,pair_stratified,0.005,5,42,F_L-U_L,near,tangent,False,False,23.082450032234192,23.082450032234192,7.427013874053955,7.4270758628845215
六配对压力 · 5 秒 · 768 尝试,pair_stratified,0.005,5,43,F_L-U_R,near,tangent,False,False,23.082375526428223,23.082375526428223,5.584497928619385,5.58444356918335
六配对压力 · 5 秒 · 768 尝试,pair_stratified,0.005,5,44,F_R-U_L,near,tangent,False,False,23.082450032234192,23.082450032234192,5.884860992431641,5.885075092315674
六配对压力 · 5 秒 · 768 尝试,pair_stratified,0.005,5,45,F_R-U_R,near,tangent,False,False,23.08247983455658,23.08247983455658,9.910032272338867,9.910600662231445
六配对压力 · 5 秒 · 768 尝试,pair_stratified,0.005,5,46,U_L-U_R,near,tangent,False,False,23.08349311351776,23.08349311351776,5.246023654937744,5.349099636077881
六配对压力 · 5 秒 · 768 尝试,pair_stratified,0.005,5,47,F_L-F_R,contact,approach,False,False,16.38226956129074,23.082196712493896,4.160573482513428,4.136122703552246
六配对压力 · 5 秒 · 768 尝试,pair_stratified,0.005,5,48,F_L-U_L,contact,approach,False,False,23.08163046836853,23.08163046836853,5.767960548400879,5.768065452575684
六配对压力 · 5 秒 · 768 尝试,pair_stratified,0.005,5,49,F_L-U_R,contact,approach,False,False,23.081913590431213,23.081913590431213,5.512535095214844,5.512701511383057
六配对压力 · 5 秒 · 768 尝试,pair_stratified,0.005,5,50,F_R-U_L,contact,approach,False,False,23.08182418346405,23.08182418346405,5.578718185424805,5.578710556030273
六配对压力 · 5 秒 · 768 尝试,pair_stratified,0.005,5,51,F_R-U_R,contact,approach,False,False,23.081868886947632,23.081868886947632,7.709902763366699,7.710140228271484
六配对压力 · 5 秒 · 768 尝试,pair_stratified,0.005,5,52,U_L-U_R,contact,approach,False,False,23.08298647403717,23.08298647403717,4.442831993103027,4.442835330963135
六配对压力 · 5 秒 · 768 尝试,pair_stratified,0.005,5,53,F_L-F_R,contact,recede,False,False,12.525342404842377,11.88039779663086,5.783270359039307,5.839133262634277
六配对压力 · 5 秒 · 768 尝试,pair_stratified,0.005,5,54,F_L-U_L,contact,recede,False,False,23.08201789855957,23.08201789855957,6.7521491050720215,6.752091884613037
六配对压力 · 5 秒 · 768 尝试,pair_stratified,0.005,5,55,F_L-U_R,contact,recede,False,False,23.082002997398376,23.082002997398376,5.446354389190674,5.446434497833252
六配对压力 · 5 秒 · 768 尝试,pair_stratified,0.005,5,56,F_R-U_L,contact,recede,False,False,23.08189868927002,23.08189868927002,5.716447353363037,5.716403484344482
六配对压力 · 5 秒 · 768 尝试,pair_stratified,0.005,5,57,F_R-U_R,contact,recede,False,False,23.08151125907898,23.08151125907898,9.744123458862305,9.744302749633789
六配对压力 · 5 秒 · 768 尝试,pair_stratified,0.005,5,58,U_L-U_R,contact,recede,False,False,23.082971572875977,23.082971572875977,4.653137683868408,4.68029260635376
六配对压力 · 5 秒 · 768 尝试,pair_stratified,0.005,5,59,F_L-F_R,contact,tangent,False,False,9.670816361904144,14.406472444534302,3.6227896213531494,6.74090051651001
六配对压力 · 5 秒 · 768 尝试,pair_stratified,0.005,5,60,F_L-U_L,contact,tangent,False,False,23.08213710784912,23.08213710784912,6.88100528717041,6.881320953369141
六配对压力 · 5 秒 · 768 尝试,pair_stratified,0.005,5,61,F_L-U_R,contact,tangent,False,False,23.081526160240173,23.081570863723755,5.653878211975098,5.654059886932373
六配对压力 · 5 秒 · 768 尝试,pair_stratified,0.005,5,62,F_R-U_L,contact,tangent,False,False,23.08158576488495,23.08158576488495,5.950247287750244,5.9502482414245605
六配对压力 · 5 秒 · 768 尝试,pair_stratified,0.005,5,63,F_R-U_R,contact,tangent,False,False,23.08177947998047,23.08177947998047,9.979474067687988,9.98067855834961
六配对压力 · 5 秒 · 768 尝试,pair_stratified,0.005,6,0,F_L-F_R,near,tangent,False,False,11.589780449867249,14.528587460517883,6.466374397277832,6.217319011688232
六配对压力 · 5 秒 · 768 尝试,pair_stratified,0.005,6,1,F_L-U_L,near,tangent,False,False,23.081764578819275,23.081764578819275,7.427319049835205,7.427312850952148
六配对压力 · 5 秒 · 768 尝试,pair_stratified,0.005,6,2,F_L-U_R,near,tangent,False,False,23.08163046836853,23.081600666046143,5.584397315979004,5.58441686630249
六配对压力 · 5 秒 · 768 尝试,pair_stratified,0.005,6,3,F_R-U_L,near,tangent,False,False,23.081660270690918,23.081660270690918,5.8852338790893555,5.88516902923584
六配对压力 · 5 秒 · 768 尝试,pair_stratified,0.005,6,4,F_R-U_R,near,tangent,False,False,23.081928491592407,23.081928491592407,9.909380912780762,9.9093656539917
六配对压力 · 5 秒 · 768 尝试,pair_stratified,0.005,6,5,U_L-U_R,near,tangent,False,False,23.082971572875977,23.082971572875977,5.246049404144287,5.3490447998046875
六配对压力 · 5 秒 · 768 尝试,pair_stratified,0.005,6,6,F_L-F_R,contact,approach,False,False,16.966447234153748,23.08136224746704,4.154392719268799,4.136118412017822
六配对压力 · 5 秒 · 768 尝试,pair_stratified,0.005,6,7,F_L-U_L,contact,approach,False,False,23.08163046836853,23.08163046836853,5.767960548400879,5.767953872680664
六配对压力 · 5 秒 · 768 尝试,pair_stratified,0.005,6,8,F_L-U_R,contact,approach,False,False,23.081913590431213,23.081913590431213,5.512208461761475,5.512211799621582
六配对压力 · 5 秒 · 768 尝试,pair_stratified,0.005,6,9,F_R-U_L,contact,approach,False,False,23.08177947998047,23.08177947998047,5.579213619232178,5.579096794128418
六配对压力 · 5 秒 · 768 尝试,pair_stratified,0.005,6,10,F_R-U_R,contact,approach,False,False,23.08201789855957,23.08201789855957,7.709590911865234,7.709571838378906
六配对压力 · 5 秒 · 768 尝试,pair_stratified,0.005,6,11,U_L-U_R,contact,approach,False,False,23.08298647403717,23.08298647403717,4.43934965133667,4.439340114593506
六配对压力 · 5 秒 · 768 尝试,pair_stratified,0.005,6,12,F_L-F_R,contact,recede,False,False,12.52380758523941,11.880487203598022,5.782964706420898,5.838906288146973
六配对压力 · 5 秒 · 768 尝试,pair_stratified,0.005,6,13,F_L-U_L,contact,recede,False,False,23.08174967765808,23.08174967765808,6.752148151397705,6.7521772384643555
六配对压力 · 5 秒 · 768 尝试,pair_stratified,0.005,6,14,F_L-U_R,contact,recede,False,False,23.08197319507599,23.08197319507599,5.445955753326416,5.445970058441162
六配对压力 · 5 秒 · 768 尝试,pair_stratified,0.005,6,15,F_R-U_L,contact,recede,False,False,23.08189868927002,23.08189868927002,5.716395854949951,5.7163286209106445
六配对压力 · 5 秒 · 768 尝试,pair_stratified,0.005,6,16,F_R-U_R,contact,recede,False,False,23.08201789855957,23.08201789855957,9.74365520477295,9.743654251098633
六配对压力 · 5 秒 · 768 尝试,pair_stratified,0.005,6,17,U_L-U_R,contact,recede,False,False,23.08349311351776,23.08349311351776,4.653083801269531,4.681979179382324
六配对压力 · 5 秒 · 768 尝试,pair_stratified,0.005,6,18,F_L-F_R,contact,tangent,False,False,9.671777486801147,14.406323432922363,3.6225013732910156,6.747281551361084
六配对压力 · 5 秒 · 768 尝试,pair_stratified,0.005,6,19,F_L-U_L,contact,tangent,False,False,23.082464933395386,23.082464933395386,7.604901313781738,7.604912757873535
六配对压力 · 5 秒 · 768 尝试,pair_stratified,0.005,6,20,F_L-U_R,contact,tangent,False,False,23.082509636878967,23.08252453804016,5.653929233551025,5.6538987159729
六配对压力 · 5 秒 · 768 尝试,pair_stratified,0.005,6,21,F_R-U_L,contact,tangent,False,False,23.08247983455658,23.08247983455658,5.978781700134277,5.9788007736206055
六配对压力 · 5 秒 · 768 尝试,pair_stratified,0.005,6,22,F_R-U_R,contact,tangent,False,False,23.08233082294464,23.08233082294464,9.980454444885254,9.980453491210938
六配对压力 · 5 秒 · 768 尝试,pair_stratified,0.005,6,23,U_L-U_R,contact,tangent,False,False,23.08349311351776,23.08349311351776,5.2185516357421875,5.2170729637146
六配对压力 · 5 秒 · 768 尝试,pair_stratified,0.005,6,24,F_L-F_R,penetration,approach,False,False,17.810434103012085,23.082420229911804,4.227740287780762,4.195219039916992
六配对压力 · 5 秒 · 768 尝试,pair_stratified,0.005,6,25,F_L-U_L,penetration,approach,False,False,23.082464933395386,23.082464933395386,5.899625778198242,5.899664878845215
六配对压力 · 5 秒 · 768 尝试,pair_stratified,0.005,6,26,F_L-U_R,penetration,approach,False,False,23.082926869392395,23.082926869392395,5.676302433013916,5.676275253295898
六配对压力 · 5 秒 · 768 尝试,pair_stratified,0.005,6,27,F_R-U_L,penetration,approach,False,False,23.08286726474762,23.08286726474762,5.726545810699463,5.726587295532227
六配对压力 · 5 秒 · 768 尝试,pair_stratified,0.005,6,28,F_R-U_R,penetration,approach,False,False,23.08279275894165,23.08279275894165,7.853514671325684,7.85349702835083
六配对压力 · 5 秒 · 768 尝试,pair_stratified,0.005,6,29,U_L-U_R,penetration,approach,False,False,23.08318018913269,23.08318018913269,4.486037731170654,4.484661102294922
六配对压力 · 5 秒 · 768 尝试,pair_stratified,0.005,6,30,F_L-F_R,penetration,recede,False,False,11.367790400981903,15.272118151187897,5.914396286010742,5.898528575897217
六配对压力 · 5 秒 · 768 尝试,pair_stratified,0.005,6,31,F_L-U_L,penetration,recede,False,False,23.082032799720764,23.082032799720764,7.091599464416504,7.091701984405518
六配对压力 · 5 秒 · 768 尝试,pair_stratified,0.005,6,32,F_L-U_R,penetration,recede,False,False,23.082971572875977,23.082971572875977,5.520991325378418,5.520957946777344
六配对压力 · 5 秒 · 768 尝试,pair_stratified,0.005,6,33,F_R-U_L,penetration,recede,False,False,23.083016276359558,23.083016276359558,5.779764175415039,5.779876232147217
六配对压力 · 5 秒 · 768 尝试,pair_stratified,0.005,6,34,F_R-U_R,penetration,recede,False,False,23.082762956619263,23.082762956619263,9.834770202636719,9.834776878356934
六配对压力 · 5 秒 · 768 尝试,pair_stratified,0.005,6,35,U_L-U_R,penetration,recede,False,False,23.083314299583435,23.083314299583435,4.648597240447998,4.713407516479492
六配对压力 · 5 秒 · 768 尝试,pair_stratified,0.005,6,36,F_L-F_R,penetration,tangent,False,False,10.650575160980225,12.988001108169556,3.679328441619873,6.4514288902282715
六配对压力 · 5 秒 · 768 尝试,pair_stratified,0.005,6,37,F_L-U_L,penetration,tangent,False,False,23.082688450813293,23.082688450813293,6.86715841293335,6.867172718048096
六配对压力 · 5 秒 · 768 尝试,pair_stratified,0.005,6,38,F_L-U_R,penetration,tangent,False,False,23.083001375198364,23.083001375198364,5.684728145599365,5.6846795082092285
六配对压力 · 5 秒 · 768 尝试,pair_stratified,0.005,6,39,F_R-U_L,penetration,tangent,False,False,23.083016276359558,23.083016276359558,5.992009162902832,5.991974830627441
六配对压力 · 5 秒 · 768 尝试,pair_stratified,0.005,6,40,F_R-U_R,penetration,tangent,False,False,23.081839084625244,23.081839084625244,10.027277946472168,10.027262687683105
六配对压力 · 5 秒 · 768 尝试,pair_stratified,0.005,6,41,U_L-U_R,penetration,tangent,False,False,23.08349311351776,23.08349311351776,5.256988525390625,5.232763290405273
六配对压力 · 5 秒 · 768 尝试,pair_stratified,0.005,6,42,F_L-F_R,warn,approach,False,False,23.082435131072998,23.082435131072998,3.8166136741638184,3.816646099090576
六配对压力 · 5 秒 · 768 尝试,pair_stratified,0.005,6,43,F_L-U_L,warn,approach,False,False,23.082643747329712,23.082643747329712,5.530231952667236,5.5302839279174805
六配对压力 · 5 秒 · 768 尝试,pair_stratified,0.005,6,44,F_L-U_R,warn,approach,False,False,23.082464933395386,23.082464933395386,5.348967552185059,5.3490095138549805
六配对压力 · 5 秒 · 768 尝试,pair_stratified,0.005,6,45,F_R-U_L,warn,approach,False,False,23.08247983455658,23.08247983455658,5.3868818283081055,5.38689661026001
六配对压力 · 5 秒 · 768 尝试,pair_stratified,0.005,6,46,F_R-U_R,warn,approach,False,False,23.082464933395386,23.082464933395386,7.336407661437988,7.336396217346191
六配对压力 · 5 秒 · 768 尝试,pair_stratified,0.005,6,47,U_L-U_R,warn,approach,False,False,23.08349311351776,23.08349311351776,4.280043125152588,4.280050754547119
六配对压力 · 5 秒 · 768 尝试,pair_stratified,0.005,6,48,F_L-F_R,warn,recede,False,False,11.400654911994934,11.234790086746216,5.709280967712402,5.631702899932861
六配对压力 · 5 秒 · 768 尝试,pair_stratified,0.005,6,49,F_L-U_L,warn,recede,False,False,23.081481456756592,23.081481456756592,6.690291404724121,6.690157890319824
六配对压力 · 5 秒 · 768 尝试,pair_stratified,0.005,6,50,F_L-U_R,warn,recede,False,False,23.081883788108826,23.081853985786438,5.348643779754639,5.348647117614746
六配对压力 · 5 秒 · 768 尝试,pair_stratified,0.005,6,51,F_R-U_L,warn,recede,False,False,23.081600666046143,23.081600666046143,5.497753620147705,5.49767541885376
六配对压力 · 5 秒 · 768 尝试,pair_stratified,0.005,6,52,F_R-U_R,warn,recede,False,False,23.08189868927002,23.08189868927002,9.189107894897461,9.194759368896484
六配对压力 · 5 秒 · 768 尝试,pair_stratified,0.005,6,53,U_L-U_R,warn,recede,False,False,23.082971572875977,23.082971572875977,4.683126926422119,4.524487018585205
六配对压力 · 5 秒 · 768 尝试,pair_stratified,0.005,6,54,F_L-F_R,warn,tangent,False,False,9.047448635101318,15.044547617435455,3.5711772441864014,6.802283763885498
六配对压力 · 5 秒 · 768 尝试,pair_stratified,0.005,6,55,F_L-U_L,warn,tangent,False,False,23.081570863723755,23.081570863723755,7.204398155212402,7.2043914794921875
六配对压力 · 5 秒 · 768 尝试,pair_stratified,0.005,6,56,F_L-U_R,warn,tangent,False,False,23.082047700881958,23.082032799720764,5.496430397033691,5.4964599609375
六配对压力 · 5 秒 · 768 尝试,pair_stratified,0.005,6,57,F_R-U_L,warn,tangent,False,False,23.081496357917786,23.081496357917786,5.756211280822754,5.7560248374938965
六配对压力 · 5 秒 · 768 尝试,pair_stratified,0.005,6,58,F_R-U_R,warn,tangent,False,False,23.081839084625244,23.081839084625244,9.79679012298584,9.796777725219727
六配对压力 · 5 秒 · 768 尝试,pair_stratified,0.005,6,59,U_L-U_R,warn,tangent,False,False,23.08298647403717,23.08298647403717,5.402035713195801,5.477002143859863
六配对压力 · 5 秒 · 768 尝试,pair_stratified,0.005,6,60,F_L-F_R,near,approach,False,False,23.0817049741745,23.0817049741745,3.9685447216033936,3.966259241104126
六配对压力 · 5 秒 · 768 尝试,pair_stratified,0.005,6,61,F_L-U_L,near,approach,False,False,23.08177947998047,23.08177947998047,5.688412666320801,5.688448905944824
六配对压力 · 5 秒 · 768 尝试,pair_stratified,0.005,6,62,F_L-U_R,near,approach,False,False,23.081913590431213,23.081913590431213,5.557295322418213,5.5573248863220215
六配对压力 · 5 秒 · 768 尝试,pair_stratified,0.005,6,63,F_R-U_L,near,approach,False,False,23.081913590431213,23.081913590431213,5.6508708000183105,5.650706768035889
六配对压力 · 5 秒 · 768 尝试,pair_stratified,0.005,7,0,U_L-U_R,penetration,tangent,False,False,23.08306097984314,23.08306097984314,5.257011413574219,5.232781410217285
六配对压力 · 5 秒 · 768 尝试,pair_stratified,0.005,7,1,F_L-F_R,warn,approach,False,False,23.081615567207336,23.081615567207336,3.8168137073516846,3.8165969848632812
六配对压力 · 5 秒 · 768 尝试,pair_stratified,0.005,7,2,F_L-U_L,warn,approach,False,False,23.08174967765808,23.08174967765808,5.530546188354492,5.530416488647461
六配对压力 · 5 秒 · 768 尝试,pair_stratified,0.005,7,3,F_L-U_R,warn,approach,False,False,23.081839084625244,23.081839084625244,5.349023342132568,5.349071502685547
六配对压力 · 5 秒 · 768 尝试,pair_stratified,0.005,7,4,F_R-U_L,warn,approach,False,False,23.081734776496887,23.081734776496887,5.387085437774658,5.387116432189941
六配对压力 · 5 秒 · 768 尝试,pair_stratified,0.005,7,5,F_R-U_R,warn,approach,False,False,23.081988096237183,23.081988096237183,7.336436748504639,7.336476802825928
六配对压力 · 5 秒 · 768 尝试,pair_stratified,0.005,7,6,U_L-U_R,warn,approach,False,False,23.08306097984314,23.08306097984314,4.275847911834717,4.275683879852295
六配对压力 · 5 秒 · 768 尝试,pair_stratified,0.005,7,7,F_L-F_R,warn,recede,False,False,11.400558054447174,11.234790086746216,5.709278583526611,5.631641864776611
六配对压力 · 5 秒 · 768 尝试,pair_stratified,0.005,7,8,F_L-U_L,warn,recede,False,False,23.081481456756592,23.081481456756592,6.690060615539551,6.69013786315918
六配对压力 · 5 秒 · 768 尝试,pair_stratified,0.005,7,9,F_L-U_R,warn,recede,False,False,23.081645369529724,23.081883788108826,5.348881721496582,5.348861217498779
六配对压力 · 5 秒 · 768 尝试,pair_stratified,0.005,7,10,F_R-U_L,warn,recede,False,False,23.081570863723755,23.081570863723755,5.497617244720459,5.497504234313965
六配对压力 · 5 秒 · 768 尝试,pair_stratified,0.005,7,11,F_R-U_R,warn,recede,False,False,23.08182418346405,23.08182418346405,9.167641639709473,9.167627334594727
六配对压力 · 5 秒 · 768 尝试,pair_stratified,0.005,7,12,U_L-U_R,warn,recede,False,False,23.08298647403717,23.08298647403717,4.681954383850098,4.291485786437988
六配对压力 · 5 秒 · 768 尝试,pair_stratified,0.005,7,13,F_L-F_R,warn,tangent,False,False,9.04884934425354,14.047838747501373,3.571159601211548,6.780374050140381
六配对压力 · 5 秒 · 768 尝试,pair_stratified,0.005,7,14,F_L-U_L,warn,tangent,False,False,23.081570863723755,23.081570863723755,7.204214096069336,7.204366683959961
六配对压力 · 5 秒 · 768 尝试,pair_stratified,0.005,7,15,F_L-U_R,warn,tangent,False,False,23.08201789855957,23.082032799720764,5.496473789215088,5.496461868286133
六配对压力 · 5 秒 · 768 尝试,pair_stratified,0.005,7,16,F_R-U_L,warn,tangent,False,False,23.08255434036255,23.08255434036255,5.725831508636475,5.72584867477417
六配对压力 · 5 秒 · 768 尝试,pair_stratified,0.005,7,17,F_R-U_R,warn,tangent,False,False,23.082047700881958,23.082047700881958,9.79676342010498,9.796756744384766
六配对压力 · 5 秒 · 768 尝试,pair_stratified,0.005,7,18,U_L-U_R,warn,tangent,False,False,23.083388805389404,23.083388805389404,5.402082443237305,5.4769816398620605
六配对压力 · 5 秒 · 768 尝试,pair_stratified,0.005,7,19,F_L-F_R,near,approach,False,False,23.08247983455658,23.08247983455658,3.9682655334472656,3.965916156768799
六配对压力 · 5 秒 · 768 尝试,pair_stratified,0.005,7,20,F_L-U_L,near,approach,False,False,23.082435131072998,23.082435131072998,5.688093662261963,5.688138961791992
六配对压力 · 5 秒 · 768 尝试,pair_stratified,0.005,7,21,F_L-U_R,near,approach,False,False,23.0826735496521,23.0826735496521,5.556994915008545,5.55697774887085
六配对压力 · 5 秒 · 768 尝试,pair_stratified,0.005,7,22,F_R-U_L,near,approach,False,False,23.082420229911804,23.082420229911804,5.650641918182373,5.650590419769287
六配对压力 · 5 秒 · 768 尝试,pair_stratified,0.005,7,23,F_R-U_R,near,approach,False,False,23.082464933395386,23.082464933395386,7.55816650390625,7.558163166046143
六配对压力 · 5 秒 · 768 尝试,pair_stratified,0.005,7,24,U_L-U_R,near,approach,False,False,23.083284497261047,23.083284497261047,4.390923500061035,4.390860080718994
六配对压力 · 5 秒 · 768 尝试,pair_stratified,0.005,7,25,F_L-F_R,near,recede,False,False,12.955829501152039,12.378983199596405,5.899711608886719,5.592891693115234
六配对压力 · 5 秒 · 768 尝试,pair_stratified,0.005,7,26,F_L-U_L,near,recede,False,False,23.082509636878967,23.082509636878967,6.690251350402832,6.690248012542725
六配对压力 · 5 秒 · 768 尝试,pair_stratified,0.005,7,27,F_L-U_R,near,recede,False,False,23.082807660102844,23.082837462425232,5.399787425994873,5.3997578620910645
六配对压力 · 5 秒 · 768 尝试,pair_stratified,0.005,7,28,F_R-U_L,near,recede,False,False,23.082852363586426,23.082852363586426,5.640578746795654,5.640593528747559
六配对压力 · 5 秒 · 768 尝试,pair_stratified,0.005,7,29,F_R-U_R,near,recede,False,False,23.08279275894165,23.08279275894165,9.538426399230957,9.538407325744629
六配对压力 · 5 秒 · 768 尝试,pair_stratified,0.005,7,30,U_L-U_R,near,recede,False,False,23.083284497261047,23.083284497261047,4.614893913269043,4.746119499206543
六配对压力 · 5 秒 · 768 尝试,pair_stratified,0.005,7,31,F_L-F_R,near,tangent,False,False,11.590085923671722,12.006878852844238,6.466153621673584,6.688575267791748
六配对压力 · 5 秒 · 768 尝试,pair_stratified,0.005,7,32,F_L-U_L,near,tangent,False,False,23.082301020622253,23.082301020622253,7.426963806152344,7.427064418792725
六配对压力 · 5 秒 · 768 尝试,pair_stratified,0.005,7,33,F_L-U_R,near,tangent,False,False,23.082852363586426,23.082852363586426,5.611147403717041,5.611138820648193
六配对压力 · 5 秒 · 768 尝试,pair_stratified,0.005,7,34,F_R-U_L,near,tangent,False,False,23.083001375198364,23.083001375198364,5.872226715087891,5.872237205505371
六配对压力 · 5 秒 · 768 尝试,pair_stratified,0.005,7,35,F_R-U_R,near,tangent,False,False,23.083016276359558,23.083016276359558,9.90933609008789,9.909323692321777
六配对压力 · 5 秒 · 768 尝试,pair_stratified,0.005,7,36,U_L-U_R,near,tangent,False,False,23.083314299583435,23.083314299583435,5.2451066970825195,5.347940921783447
六配对压力 · 5 秒 · 768 尝试,pair_stratified,0.005,7,37,F_L-F_R,contact,approach,False,False,17.009899020195007,23.082762956619263,4.15431547164917,4.136102676391602
六配对压力 · 5 秒 · 768 尝试,pair_stratified,0.005,7,38,F_L-U_L,contact,approach,False,False,23.08236062526703,23.08236062526703,5.767620086669922,5.767728328704834
六配对压力 · 5 秒 · 768 尝试,pair_stratified,0.005,7,39,F_L-U_R,contact,approach,False,False,23.08298647403717,23.08298647403717,5.512530326843262,5.512521743774414
六配对压力 · 5 秒 · 768 尝试,pair_stratified,0.005,7,40,F_R-U_L,contact,approach,False,False,23.08247983455658,23.08247983455658,5.578799724578857,5.578793048858643
六配对压力 · 5 秒 · 768 尝试,pair_stratified,0.005,7,41,F_R-U_R,contact,approach,False,False,23.082450032234192,23.082450032234192,7.709596633911133,7.70958948135376
六配对压力 · 5 秒 · 768 尝试,pair_stratified,0.005,7,42,U_L-U_R,contact,approach,False,False,23.083388805389404,23.083388805389404,4.439496040344238,4.439314842224121
六配对压力 · 5 秒 · 768 尝试,pair_stratified,0.005,7,43,F_L-F_R,contact,recede,False,False,11.613048613071442,11.87906414270401,5.96486234664917,5.838737964630127
六配对压力 · 5 秒 · 768 尝试,pair_stratified,0.005,7,44,F_L-U_L,contact,recede,False,False,23.082509636878967,23.082509636878967,6.7519683837890625,6.751965045928955
六配对压力 · 5 秒 · 768 尝试,pair_stratified,0.005,7,45,F_L-U_R,contact,recede,False,False,23.082569241523743,23.082643747329712,5.451604843139648,5.451600551605225
六配对压力 · 5 秒 · 768 尝试,pair_stratified,0.005,7,46,F_R-U_L,contact,recede,False,False,23.082464933395386,23.082464933395386,5.708242416381836,5.708250045776367
六配对压力 · 5 秒 · 768 尝试,pair_stratified,0.005,7,47,F_R-U_R,contact,recede,False,False,23.08201789855957,23.08201789855957,9.744091987609863,9.74410343170166
六配对压力 · 5 秒 · 768 尝试,pair_stratified,0.005,7,48,U_L-U_R,contact,recede,False,False,23.08306097984314,23.08306097984314,4.6529669761657715,4.681352138519287
六配对压力 · 5 秒 · 768 尝试,pair_stratified,0.005,7,49,F_L-F_R,contact,tangent,False,False,11.509105563163757,14.406979084014893,6.49595308303833,6.7408528327941895
六配对压力 · 5 秒 · 768 尝试,pair_stratified,0.005,7,50,F_L-U_L,contact,tangent,False,False,23.08189868927002,23.08189868927002,7.636652946472168,7.636796474456787
六配对压力 · 5 秒 · 768 尝试,pair_stratified,0.005,7,51,F_L-U_R,contact,tangent,False,False,23.08155596256256,23.08155596256256,5.653879165649414,5.65388298034668
六配对压力 · 5 秒 · 768 尝试,pair_stratified,0.005,7,52,F_R-U_L,contact,tangent,False,False,23.081719875335693,23.081719875335693,5.950141906738281,5.950118064880371
六配对压力 · 5 秒 · 768 尝试,pair_stratified,0.005,7,53,F_R-U_R,contact,tangent,False,False,23.082047700881958,23.082047700881958,9.979488372802734,9.979485511779785
六配对压力 · 5 秒 · 768 尝试,pair_stratified,0.005,7,54,U_L-U_R,contact,tangent,False,False,23.08306097984314,23.08306097984314,5.218632221221924,5.217113494873047
六配对压力 · 5 秒 · 768 尝试,pair_stratified,0.005,7,55,F_L-F_R,penetration,approach,False,False,17.789579927921295,23.08189868927002,4.231407642364502,4.195273399353027
六配对压力 · 5 秒 · 768 尝试,pair_stratified,0.005,7,56,F_L-U_L,penetration,approach,False,False,23.081615567207336,23.081615567207336,5.899834156036377,5.89987850189209
六配对压力 · 5 秒 · 768 尝试,pair_stratified,0.005,7,57,F_L-U_R,penetration,approach,False,False,23.08177947998047,23.08177947998047,5.676772117614746,5.676815986633301
六配对压力 · 5 秒 · 768 尝试,pair_stratified,0.005,7,58,F_R-U_L,penetration,approach,False,False,23.08174967765808,23.08174967765808,5.726720809936523,5.726799488067627
六配对压力 · 5 秒 · 768 尝试,pair_stratified,0.005,7,59,F_R-U_R,penetration,approach,False,False,23.081794381141663,23.081794381141663,7.853872776031494,7.853865146636963
六配对压力 · 5 秒 · 768 尝试,pair_stratified,0.005,7,60,U_L-U_R,penetration,approach,False,False,23.08298647403717,23.08298647403717,4.48793363571167,4.486527442932129
六配对压力 · 5 秒 · 768 尝试,pair_stratified,0.005,7,61,F_L-F_R,penetration,recede,False,False,11.16430014371872,13.534285128116608,5.707390308380127,5.870207786560059
六配对压力 · 5 秒 · 768 尝试,pair_stratified,0.005,7,62,F_L-U_L,penetration,recede,False,False,23.081660270690918,23.081660270690918,7.092005729675293,7.0920186042785645
六配对压力 · 5 秒 · 768 尝试,pair_stratified,0.005,7,63,F_L-U_R,penetration,recede,False,False,23.08182418346405,23.08182418346405,5.521271228790283,5.521364688873291
六配对压力 · 5 秒 · 768 尝试,pair_stratified,0.015,0,0,F_L-F_R,warn,approach,False,False,23.081615567207336,23.081615567207336,4.031191349029541,4.031182765960693
六配对压力 · 5 秒 · 768 尝试,pair_stratified,0.015,0,1,F_L-U_L,warn,approach,False,False,23.081839084625244,23.081839084625244,6.75332498550415,6.753220558166504
六配对压力 · 5 秒 · 768 尝试,pair_stratified,0.015,0,2,F_L-U_R,warn,approach,False,False,23.082002997398376,23.082002997398376,5.755514144897461,5.755584239959717
六配对压力 · 5 秒 · 768 尝试,pair_stratified,0.015,0,3,F_R-U_L,warn,approach,False,False,23.081958293914795,23.081958293914795,5.801084041595459,5.801053047180176
六配对压力 · 5 秒 · 768 尝试,pair_stratified,0.015,0,4,F_R-U_R,warn,approach,False,False,23.08189868927002,23.08189868927002,7.3890838623046875,7.389029502868652
六配对压力 · 5 秒 · 768 尝试,pair_stratified,0.015,0,5,U_L-U_R,warn,approach,False,False,23.082971572875977,23.082971572875977,5.126911163330078,5.126888751983643
六配对压力 · 5 秒 · 768 尝试,pair_stratified,0.015,0,6,F_L-F_R,warn,recede,True,False,-1.4830529689788818,17.095446586608887,4.961624622344971,6.043824672698975
六配对压力 · 5 秒 · 768 尝试,pair_stratified,0.015,0,7,F_L-U_L,warn,recede,False,False,23.082032799720764,23.082032799720764,7.073616027832031,7.073650360107422
六配对压力 · 5 秒 · 768 尝试,pair_stratified,0.015,0,8,F_L-U_R,warn,recede,False,False,23.082032799720764,23.082032799720764,5.644583225250244,5.644532680511475
六配对压力 · 5 秒 · 768 尝试,pair_stratified,0.015,0,9,F_R-U_L,warn,recede,False,False,23.0819433927536,23.0819433927536,5.482886791229248,5.48286247253418
六配对压力 · 5 秒 · 768 尝试,pair_stratified,0.015,0,10,F_R-U_R,warn,recede,False,False,23.082464933395386,23.082464933395386,10.29290771484375,10.309319496154785
六配对压力 · 5 秒 · 768 尝试,pair_stratified,0.015,0,11,U_L-U_R,warn,recede,False,False,23.083388805389404,23.083388805389404,6.266291618347168,6.966980934143066
六配对压力 · 5 秒 · 768 尝试,pair_stratified,0.015,0,12,F_L-F_R,warn,tangent,True,False,-6.41043484210968,13.866819441318512,7.024884223937988,5.440586566925049
六配对压力 · 5 秒 · 768 尝试,pair_stratified,0.015,0,13,F_L-U_L,warn,tangent,False,False,23.082539439201355,23.082539439201355,7.537529945373535,7.537608623504639
六配对压力 · 5 秒 · 768 尝试,pair_stratified,0.015,0,14,F_L-U_R,warn,tangent,False,False,23.08259904384613,23.082584142684937,5.9006524085998535,5.900661468505859
六配对压力 · 5 秒 · 768 尝试,pair_stratified,0.015,0,15,F_R-U_L,warn,tangent,False,False,23.08313548564911,23.08313548564911,5.867028713226318,5.867028713226318
六配对压力 · 5 秒 · 768 尝试,pair_stratified,0.015,0,16,F_R-U_R,warn,tangent,False,False,23.08306097984314,23.08306097984314,10.157681465148926,10.157381057739258
六配对压力 · 5 秒 · 768 尝试,pair_stratified,0.015,0,17,U_L-U_R,warn,tangent,False,False,23.083344101905823,23.083344101905823,5.127955436706543,5.531752586364746
六配对压力 · 5 秒 · 768 尝试,pair_stratified,0.015,0,18,F_L-F_R,near,approach,False,False,23.0829119682312,23.082897067070007,4.159667491912842,4.155436038970947
六配对压力 · 5 秒 · 768 尝试,pair_stratified,0.015,0,19,F_L-U_L,near,approach,False,False,23.082926869392395,23.082926869392395,6.927356719970703,6.927347183227539
六配对压力 · 5 秒 · 768 尝试,pair_stratified,0.015,0,20,F_L-U_R,near,approach,False,False,23.082897067070007,23.082897067070007,6.006629943847656,6.006539821624756
六配对压力 · 5 秒 · 768 尝试,pair_stratified,0.015,0,21,F_R-U_L,near,approach,False,False,23.082926869392395,23.082926869392395,6.020453453063965,6.0204291343688965
六配对压力 · 5 秒 · 768 尝试,pair_stratified,0.015,0,22,F_R-U_R,near,approach,False,False,23.08294177055359,23.08294177055359,7.578104019165039,7.577984809875488
六配对压力 · 5 秒 · 768 尝试,pair_stratified,0.015,0,23,U_L-U_R,near,approach,False,False,23.08318018913269,23.08318018913269,5.230698108673096,5.23070764541626
六配对压力 · 5 秒 · 768 尝试,pair_stratified,0.015,0,24,F_L-F_R,near,recede,True,False,-1.5737861394882202,12.487895786762238,5.7341485023498535,5.672297954559326
六配对压力 · 5 秒 · 768 尝试,pair_stratified,0.015,0,25,F_L-U_L,near,recede,False,False,23.082450032234192,23.082226514816284,7.394037246704102,7.393921852111816
六配对压力 · 5 秒 · 768 尝试,pair_stratified,0.015,0,26,F_L-U_R,near,recede,False,False,23.082539439201355,23.08247983455658,6.073398590087891,6.073256492614746
六配对压力 · 5 秒 · 768 尝试,pair_stratified,0.015,0,27,F_R-U_L,near,recede,False,False,23.082464933395386,23.082464933395386,5.650253772735596,5.65016508102417
六配对压力 · 5 秒 · 768 尝试,pair_stratified,0.015,0,28,F_R-U_R,near,recede,False,False,23.082420229911804,23.08216691017151,10.009379386901855,10.009397506713867
六配对压力 · 5 秒 · 768 尝试,pair_stratified,0.015,0,29,U_L-U_R,near,recede,False,False,23.083388805389404,23.083388805389404,5.049560546875,5.355934143066406
六配对压力 · 5 秒 · 768 尝试,pair_stratified,0.015,0,30,F_L-F_R,near,tangent,False,False,3.281041979789734,13.250857591629028,3.635136127471924,6.75018310546875
六配对压力 · 5 秒 · 768 尝试,pair_stratified,0.015,0,31,F_L-U_L,near,tangent,False,False,23.082002997398376,23.082002997398376,7.883219242095947,7.883229732513428
六配对压力 · 5 秒 · 768 尝试,pair_stratified,0.015,1,0,U_L-U_R,contact,approach,False,False,23.082971572875977,23.082971572875977,5.3377580642700195,5.337852478027344
六配对压力 · 5 秒 · 768 尝试,pair_stratified,0.015,1,1,F_L-F_R,contact,recede,True,False,-1.6591176390647888,13.12873512506485,6.048412322998047,5.23008394241333
六配对压力 · 5 秒 · 768 尝试,pair_stratified,0.015,1,2,F_L-U_L,contact,recede,False,False,23.082122206687927,23.082122206687927,7.688665866851807,7.688837051391602
六配对压力 · 5 秒 · 768 尝试,pair_stratified,0.015,1,3,F_L-U_R,contact,recede,False,False,23.082002997398376,23.081839084625244,6.347039222717285,6.34721040725708
六配对压力 · 5 秒 · 768 尝试,pair_stratified,0.015,1,4,F_R-U_L,contact,recede,False,False,23.081600666046143,23.081600666046143,5.662943363189697,5.662973880767822
六配对压力 · 5 秒 · 768 尝试,pair_stratified,0.015,1,5,F_R-U_R,contact,recede,False,False,23.08174967765808,23.08174967765808,10.771400451660156,10.771427154541016
六配对压力 · 5 秒 · 768 尝试,pair_stratified,0.015,1,6,U_L-U_R,contact,recede,False,False,23.082971572875977,23.082971572875977,5.776087284088135,6.792389869689941
六配对压力 · 5 秒 · 768 尝试,pair_stratified,0.015,1,7,F_L-F_R,contact,tangent,False,False,2.440124750137329,12.290887534618378,3.6147561073303223,6.599794387817383
六配对压力 · 5 秒 · 768 尝试,pair_stratified,0.015,1,8,F_L-U_L,contact,tangent,False,False,23.081809282302856,23.081809282302856,8.212227821350098,8.212241172790527
六配对压力 · 5 秒 · 768 尝试,pair_stratified,0.015,1,9,F_L-U_R,contact,tangent,False,False,23.081988096237183,23.082002997398376,6.44509220123291,6.445123195648193
六配对压力 · 5 秒 · 768 尝试,pair_stratified,0.015,1,10,F_R-U_L,contact,tangent,False,False,23.08252453804016,23.08252453804016,6.2416911125183105,6.2417893409729
六配对压力 · 5 秒 · 768 尝试,pair_stratified,0.015,1,11,F_R-U_R,contact,tangent,False,False,23.08259904384613,23.08259904384613,11.666990280151367,11.666837692260742
六配对压力 · 5 秒 · 768 尝试,pair_stratified,0.015,1,12,U_L-U_R,contact,tangent,False,False,23.083433508872986,23.083433508872986,6.771056175231934,5.8393049240112305
六配对压力 · 5 秒 · 768 尝试,pair_stratified,0.015,1,13,F_L-F_R,penetration,approach,False,False,1.4193281531333923,19.742317497730255,4.261050224304199,4.317765235900879
六配对压力 · 5 秒 · 768 尝试,pair_stratified,0.015,1,14,F_L-U_L,penetration,approach,False,False,23.082584142684937,23.082584142684937,7.167496681213379,7.167511940002441
六配对压力 · 5 秒 · 768 尝试,pair_stratified,0.015,1,15,F_L-U_R,penetration,approach,False,False,23.083090782165527,23.083090782165527,6.238407611846924,6.238412380218506
六配对压力 · 5 秒 · 768 尝试,pair_stratified,0.015,1,16,F_R-U_L,penetration,approach,False,False,23.083150386810303,23.083150386810303,6.2087249755859375,6.208737373352051
六配对压力 · 5 秒 · 768 尝试,pair_stratified,0.015,1,17,F_R-U_R,penetration,approach,False,False,23.08313548564911,23.08313548564911,7.8366379737854,7.836640357971191
六配对压力 · 5 秒 · 768 尝试,pair_stratified,0.015,1,18,U_L-U_R,penetration,approach,False,False,23.083314299583435,23.083314299583435,5.405384540557861,5.405431747436523
六配对压力 · 5 秒 · 768 尝试,pair_stratified,0.015,1,19,F_L-F_R,penetration,recede,True,False,-2.4812817573547363,12.30446994304657,5.584062099456787,5.434291839599609
六配对压力 · 5 秒 · 768 尝试,pair_stratified,0.015,1,20,F_L-U_L,penetration,recede,False,False,23.082345724105835,23.082345724105835,7.875471591949463,7.875408172607422
六配对压力 · 5 秒 · 768 尝试,pair_stratified,0.015,1,21,F_L-U_R,penetration,recede,False,False,23.082852363586426,23.082897067070007,6.2638139724731445,6.363750457763672
六配对压力 · 5 秒 · 768 尝试,pair_stratified,0.015,1,22,F_R-U_L,penetration,recede,False,False,23.082882165908813,23.082882165908813,5.806238174438477,5.806228160858154
六配对压力 · 5 秒 · 768 尝试,pair_stratified,0.015,1,23,F_R-U_R,penetration,recede,False,False,23.082703351974487,23.082688450813293,10.486676216125488,10.486685752868652
六配对压力 · 5 秒 · 768 尝试,pair_stratified,0.015,1,24,U_L-U_R,penetration,recede,False,False,23.08318018913269,23.08318018913269,6.8865647315979,6.759729862213135
六配对压力 · 5 秒 · 768 尝试,pair_stratified,0.015,1,25,F_L-F_R,penetration,tangent,False,False,1.8302425742149353,16.539856791496277,3.5899906158447266,5.474977970123291
六配对压力 · 5 秒 · 768 尝试,pair_stratified,0.015,1,26,F_L-U_L,penetration,tangent,False,False,23.082509636878967,23.08255434036255,8.383160591125488,8.383112907409668
六配对压力 · 5 秒 · 768 尝试,pair_stratified,0.015,1,27,F_L-U_R,penetration,tangent,False,False,23.08247983455658,23.082315921783447,6.80806827545166,6.844067573547363
六配对压力 · 5 秒 · 768 尝试,pair_stratified,0.015,1,28,F_R-U_L,penetration,tangent,False,False,23.08259904384613,23.08259904384613,6.294332504272461,6.294323444366455
六配对压力 · 5 秒 · 768 尝试,pair_stratified,0.015,1,29,F_R-U_R,penetration,tangent,False,False,23.0819433927536,23.0819433927536,11.832086563110352,11.831942558288574
六配对压力 · 5 秒 · 768 尝试,pair_stratified,0.015,1,30,U_L-U_R,penetration,tangent,False,False,23.082971572875977,23.082971572875977,5.606866359710693,5.844257354736328
六配对压力 · 5 秒 · 768 尝试,pair_stratified,0.015,1,31,F_L-F_R,warn,approach,False,False,23.08158576488495,23.08158576488495,4.031223773956299,4.031167507171631
六配对压力 · 5 秒 · 768 尝试,pair_stratified,0.015,2,0,F_R-U_R,warn,recede,False,False,23.081764578819275,23.081764578819275,10.349924087524414,10.35145378112793
六配对压力 · 5 秒 · 768 尝试,pair_stratified,0.015,2,1,U_L-U_R,warn,recede,False,False,23.082971572875977,23.082971572875977,6.267596244812012,6.967060565948486
六配对压力 · 5 秒 · 768 尝试,pair_stratified,0.015,2,2,F_L-F_R,warn,tangent,False,False,3.261275589466095,13.866253197193146,7.025732517242432,6.396549224853516
六配对压力 · 5 秒 · 768 尝试,pair_stratified,0.015,2,3,F_L-U_L,warn,tangent,False,False,23.08201789855957,23.08201789855957,7.537928104400635,7.5378947257995605
六配对压力 · 5 秒 · 768 尝试,pair_stratified,0.015,2,4,F_L-U_R,warn,tangent,False,False,23.081958293914795,23.081958293914795,5.900371074676514,5.900330543518066
六配对压力 · 5 秒 · 768 尝试,pair_stratified,0.015,2,5,F_R-U_L,warn,tangent,False,False,23.081734776496887,23.081675171852112,5.867221832275391,5.8671875
六配对压力 · 5 秒 · 768 尝试,pair_stratified,0.015,2,6,F_R-U_R,warn,tangent,False,False,23.081734776496887,23.081734776496887,10.15699577331543,10.156927108764648
六配对压力 · 5 秒 · 768 尝试,pair_stratified,0.015,2,7,U_L-U_R,warn,tangent,False,False,23.083001375198364,23.083001375198364,5.127000331878662,5.530783653259277
六配对压力 · 5 秒 · 768 尝试,pair_stratified,0.015,2,8,F_L-F_R,near,approach,False,False,23.081570863723755,23.081570863723755,4.1598896980285645,4.155588626861572
六配对压力 · 5 秒 · 768 尝试,pair_stratified,0.015,2,9,F_L-U_L,near,approach,False,False,23.081853985786438,23.081853985786438,6.92732048034668,6.927316665649414
六配对压力 · 5 秒 · 768 尝试,pair_stratified,0.015,2,10,F_L-U_R,near,approach,False,False,23.082375526428223,23.082375526428223,6.0069475173950195,6.006959438323975
六配对压力 · 5 秒 · 768 尝试,pair_stratified,0.015,2,11,F_R-U_L,near,approach,False,False,23.082688450813293,23.082688450813293,6.0204243659973145,6.020444393157959
六配对压力 · 5 秒 · 768 尝试,pair_stratified,0.015,2,12,F_R-U_R,near,approach,False,False,23.082584142684937,23.082584142684937,7.578123092651367,7.578133583068848
六配对压力 · 5 秒 · 768 尝试,pair_stratified,0.015,2,13,U_L-U_R,near,approach,False,False,23.083388805389404,23.083388805389404,5.230706214904785,5.2306742668151855
六配对压力 · 5 秒 · 768 尝试,pair_stratified,0.015,2,14,F_L-F_R,near,recede,True,False,-1.5743151307106018,12.490518391132355,5.739674091339111,5.672236442565918
六配对压力 · 5 秒 · 768 尝试,pair_stratified,0.015,2,15,F_L-U_L,near,recede,False,False,23.082494735717773,23.082301020622253,7.381224155426025,7.381204605102539
六配对压力 · 5 秒 · 768 尝试,pair_stratified,0.015,2,16,F_L-U_R,near,recede,False,False,23.083150386810303,23.083165287971497,6.0734124183654785,6.073456764221191
六配对压力 · 5 秒 · 768 尝试,pair_stratified,0.015,2,17,F_R-U_L,near,recede,False,False,23.083150386810303,23.083150386810303,5.649878025054932,5.649884223937988
六配对压力 · 5 秒 · 768 尝试,pair_stratified,0.015,2,18,F_R-U_R,near,recede,False,False,23.082762956619263,23.082762956619263,10.009084701538086,10.009100914001465
六配对压力 · 5 秒 · 768 尝试,pair_stratified,0.015,2,19,U_L-U_R,near,recede,False,False,23.083314299583435,23.083314299583435,5.049653053283691,5.355995178222656
六配对压力 · 5 秒 · 768 尝试,pair_stratified,0.015,2,20,F_L-F_R,near,tangent,False,False,3.280751407146454,13.25169950723648,3.634856939315796,6.729801177978516
六配对压力 · 5 秒 · 768 尝试,pair_stratified,0.015,2,21,F_L-U_L,near,tangent,False,False,23.082584142684937,23.082584142684937,7.882987976074219,7.883087158203125
六配对压力 · 5 秒 · 768 尝试,pair_stratified,0.015,2,22,F_L-U_R,near,tangent,False,False,23.08271825313568,23.08271825313568,5.803195953369141,5.803191661834717
六配对压力 · 5 秒 · 768 尝试,pair_stratified,0.015,2,23,F_R-U_L,near,tangent,False,False,23.0829119682312,23.0829119682312,5.990916728973389,5.990880489349365
六配对压力 · 5 秒 · 768 尝试,pair_stratified,0.015,2,24,F_R-U_R,near,tangent,False,False,23.08228611946106,23.082047700881958,11.074468612670898,11.074472427368164
六配对压力 · 5 秒 · 768 尝试,pair_stratified,0.015,2,25,U_L-U_R,near,tangent,False,False,23.083388805389404,23.083388805389404,5.239940643310547,5.832902908325195
六配对压力 · 5 秒 · 768 尝试,pair_stratified,0.015,2,26,F_L-F_R,contact,approach,False,False,23.08236062526703,23.08236062526703,4.266083240509033,4.25208044052124
六配对压力 · 5 秒 · 768 尝试,pair_stratified,0.015,2,27,F_L-U_L,contact,approach,False,False,23.08255434036255,23.08255434036255,7.063806056976318,7.063812732696533
六配对压力 · 5 秒 · 768 尝试,pair_stratified,0.015,2,28,F_L-U_R,contact,approach,False,False,23.082509636878967,23.082509636878967,6.166029453277588,6.166036128997803
六配对压力 · 5 秒 · 768 尝试,pair_stratified,0.015,2,29,F_R-U_L,contact,approach,False,False,23.08255434036255,23.08255434036255,6.174863338470459,6.174970626831055
六配对压力 · 5 秒 · 768 尝试,pair_stratified,0.015,2,30,F_R-U_R,contact,approach,False,False,23.081734776496887,23.081734776496887,7.719517707824707,7.7195329666137695
六配对压力 · 5 秒 · 768 尝试,pair_stratified,0.015,2,31,U_L-U_R,contact,approach,False,False,23.082971572875977,23.082971572875977,5.342381954193115,5.342382431030273
六配对压力 · 5 秒 · 768 尝试,pair_stratified,0.015,3,0,F_R-U_L,contact,tangent,False,False,23.0817049741745,23.0817049741745,6.126550197601318,6.12654972076416
六配对压力 · 5 秒 · 768 尝试,pair_stratified,0.015,3,1,F_R-U_R,contact,tangent,False,False,23.081809282302856,23.081839084625244,11.667061805725098,11.667038917541504
六配对压力 · 5 秒 · 768 尝试,pair_stratified,0.015,3,2,U_L-U_R,contact,tangent,False,False,23.083001375198364,23.083001375198364,6.769998073577881,5.838241100311279
六配对压力 · 5 秒 · 768 尝试,pair_stratified,0.015,3,3,F_L-F_R,penetration,approach,False,False,1.4404207468032837,19.737713038921356,4.261406421661377,4.318113327026367
六配对压力 · 5 秒 · 768 尝试,pair_stratified,0.015,3,4,F_L-U_L,penetration,approach,False,False,23.081615567207336,23.081615567207336,7.167543888092041,7.167547225952148
六配对压力 · 5 秒 · 768 尝试,pair_stratified,0.015,3,5,F_L-U_R,penetration,approach,False,False,23.08182418346405,23.08182418346405,6.239820957183838,6.239524841308594
六配对压力 · 5 秒 · 768 尝试,pair_stratified,0.015,3,6,F_R-U_L,penetration,approach,False,False,23.081719875335693,23.081719875335693,6.220943927764893,6.220973491668701
六配对压力 · 5 秒 · 768 尝试,pair_stratified,0.015,3,7,F_R-U_R,penetration,approach,False,False,23.08213710784912,23.08213710784912,7.845440864562988,7.8454766273498535
六配对压力 · 5 秒 · 768 尝试,pair_stratified,0.015,3,8,U_L-U_R,penetration,approach,False,False,23.082971572875977,23.082971572875977,5.405444622039795,5.405404567718506
六配对压力 · 5 秒 · 768 尝试,pair_stratified,0.015,3,9,F_L-F_R,penetration,recede,True,False,-2.4820342659950256,12.304730713367462,5.5840301513671875,5.434337615966797
六配对压力 · 5 秒 · 768 尝试,pair_stratified,0.015,3,10,F_L-U_L,penetration,recede,False,False,23.082196712493896,23.081988096237183,7.8753743171691895,7.875409126281738
六配对压力 · 5 秒 · 768 尝试,pair_stratified,0.015,3,11,F_L-U_R,penetration,recede,False,False,23.082509636878967,23.082584142684937,6.263735771179199,6.30031681060791
六配对压力 · 5 秒 · 768 尝试,pair_stratified,0.015,3,12,F_R-U_L,penetration,recede,False,False,23.08255434036255,23.08255434036255,5.786200046539307,5.786201000213623
六配对压力 · 5 秒 · 768 尝试,pair_stratified,0.015,3,13,F_R-U_R,penetration,recede,False,False,23.082584142684937,23.082584142684937,10.486139297485352,10.4861421585083
六配对压力 · 5 秒 · 768 尝试,pair_stratified,0.015,3,14,U_L-U_R,penetration,recede,False,False,23.083388805389404,23.083388805389404,6.886465549468994,6.759761333465576
六配对压力 · 5 秒 · 768 尝试,pair_stratified,0.015,3,15,F_L-F_R,penetration,tangent,False,False,1.8300935626029968,16.53936505317688,3.589592695236206,5.474553108215332
六配对压力 · 5 秒 · 768 尝试,pair_stratified,0.015,3,16,F_L-U_L,penetration,tangent,False,False,23.082807660102844,23.082643747329712,8.382827758789062,8.38283920288086
六配对压力 · 5 秒 · 768 尝试,pair_stratified,0.015,3,17,F_L-U_R,penetration,tangent,False,False,23.083150386810303,23.083150386810303,6.808062553405762,6.808089256286621
六配对压力 · 5 秒 · 768 尝试,pair_stratified,0.015,3,18,F_R-U_L,penetration,tangent,False,False,23.08310568332672,23.08310568332672,6.293842792510986,6.293857097625732
六配对压力 · 5 秒 · 768 尝试,pair_stratified,0.015,3,19,F_R-U_R,penetration,tangent,False,False,23.082420229911804,23.082420229911804,11.832090377807617,11.83194351196289
六配对压力 · 5 秒 · 768 尝试,pair_stratified,0.015,3,20,U_L-U_R,penetration,tangent,False,False,23.08318018913269,23.08318018913269,5.605829238891602,5.843164920806885
六配对压力 · 5 秒 · 768 尝试,pair_stratified,0.015,3,21,F_L-F_R,warn,approach,False,False,23.082762956619263,23.082762956619263,4.030982971191406,4.030980587005615
六配对压力 · 5 秒 · 768 尝试,pair_stratified,0.015,3,22,F_L-U_L,warn,approach,False,False,23.082956671714783,23.082956671714783,6.7530903816223145,6.753087520599365
六配对压力 · 5 秒 · 768 尝试,pair_stratified,0.015,3,23,F_L-U_R,warn,approach,False,False,23.082852363586426,23.082852363586426,5.754701137542725,5.754693984985352
六配对压力 · 5 秒 · 768 尝试,pair_stratified,0.015,3,24,F_R-U_L,warn,approach,False,False,23.08286726474762,23.08286726474762,5.800743103027344,5.800765514373779
六配对压力 · 5 秒 · 768 尝试,pair_stratified,0.015,3,25,F_R-U_R,warn,approach,False,False,23.082464933395386,23.082464933395386,7.385995864868164,7.385798931121826
六配对压力 · 5 秒 · 768 尝试,pair_stratified,0.015,3,26,U_L-U_R,warn,approach,False,False,23.083388805389404,23.083388805389404,5.112071514129639,5.112075328826904
六配对压力 · 5 秒 · 768 尝试,pair_stratified,0.015,3,27,F_L-F_R,warn,recede,True,False,-1.4841854572296143,17.108425498008728,4.967888355255127,6.044276714324951
六配对压力 · 5 秒 · 768 尝试,pair_stratified,0.015,3,28,F_L-U_L,warn,recede,False,False,23.082539439201355,23.08259904384613,7.073922157287598,7.073798656463623
六配对压力 · 5 秒 · 768 尝试,pair_stratified,0.015,3,29,F_L-U_R,warn,recede,False,False,23.08274805545807,23.082539439201355,5.482450485229492,5.482452392578125
六配对压力 · 5 秒 · 768 尝试,pair_stratified,0.015,3,30,F_R-U_L,warn,recede,False,False,23.082077503204346,23.082077503204346,5.4832234382629395,5.483226776123047
六配对压力 · 5 秒 · 768 尝试,pair_stratified,0.015,3,31,F_R-U_R,warn,recede,False,False,23.081794381141663,23.081690073013306,10.30388355255127,10.276834487915039
六配对压力 · 5 秒 · 768 尝试,pair_stratified,0.015,4,0,F_L-U_R,near,approach,False,False,23.082062602043152,23.082062602043152,6.006742000579834,6.00662899017334
六配对压力 · 5 秒 · 768 尝试,pair_stratified,0.015,4,1,F_R-U_L,near,approach,False,False,23.081958293914795,23.081958293914795,6.0207977294921875,6.020808219909668
六配对压力 · 5 秒 · 768 尝试,pair_stratified,0.015,4,2,F_R-U_R,near,approach,False,False,23.081958293914795,23.081958293914795,7.5757551193237305,7.57572078704834
六配对压力 · 5 秒 · 768 尝试,pair_stratified,0.015,4,3,U_L-U_R,near,approach,False,False,23.08298647403717,23.08298647403717,5.2306623458862305,5.230644702911377
六配对压力 · 5 秒 · 768 尝试,pair_stratified,0.015,4,4,F_L-F_R,near,recede,True,False,-1.5753209590911865,12.486465275287628,5.734082221984863,5.67238187789917
六配对压力 · 5 秒 · 768 尝试,pair_stratified,0.015,4,5,F_L-U_L,near,recede,False,False,23.08201789855957,23.08201789855957,7.3815412521362305,7.381587505340576
六配对压力 · 5 秒 · 768 尝试,pair_stratified,0.015,4,6,F_L-U_R,near,recede,False,False,23.08182418346405,23.081764578819275,6.073071479797363,6.073070526123047
六配对压力 · 5 秒 · 768 尝试,pair_stratified,0.015,4,7,F_R-U_L,near,recede,False,False,23.082032799720764,23.081660270690918,5.650365829467773,5.650382041931152
六配对压力 · 5 秒 · 768 尝试,pair_stratified,0.015,4,8,F_R-U_R,near,recede,False,False,23.0817049741745,23.081690073013306,10.478251457214355,10.478227615356445
六配对压力 · 5 秒 · 768 尝试,pair_stratified,0.015,4,9,U_L-U_R,near,recede,False,False,23.08306097984314,23.08306097984314,5.049639701843262,5.356134414672852
六配对压力 · 5 秒 · 768 尝试,pair_stratified,0.015,4,10,F_L-F_R,near,tangent,False,False,2.7738139033317566,13.249903917312622,3.615877866744995,6.746764659881592
六配对压力 · 5 秒 · 768 尝试,pair_stratified,0.015,4,11,F_L-U_L,near,tangent,False,False,23.082077503204346,23.081868886947632,7.883169651031494,7.8832268714904785
六配对压力 · 5 秒 · 768 尝试,pair_stratified,0.015,4,12,F_L-U_R,near,tangent,False,False,23.0817049741745,23.081690073013306,5.9151482582092285,5.915146350860596
六配对压力 · 5 秒 · 768 尝试,pair_stratified,0.015,4,13,F_R-U_L,near,tangent,False,False,23.081526160240173,23.081526160240173,5.990420341491699,5.990344524383545
六配对压力 · 5 秒 · 768 尝试,pair_stratified,0.015,4,14,F_R-U_R,near,tangent,False,False,23.081853985786438,23.081853985786438,11.074292182922363,11.074203491210938
六配对压力 · 5 秒 · 768 尝试,pair_stratified,0.015,4,15,U_L-U_R,near,tangent,False,False,23.08306097984314,23.08306097984314,5.239113807678223,5.831943035125732
六配对压力 · 5 秒 · 768 尝试,pair_stratified,0.015,4,16,F_L-F_R,contact,approach,False,False,23.082241415977478,23.08209240436554,4.2658891677856445,4.251632213592529
六配对压力 · 5 秒 · 768 尝试,pair_stratified,0.015,4,17,F_L-U_L,contact,approach,False,False,23.082271218299866,23.082271218299866,7.0634989738464355,7.063542366027832
六配对压力 · 5 秒 · 768 尝试,pair_stratified,0.015,4,18,F_L-U_R,contact,approach,False,False,23.082613945007324,23.082613945007324,6.16606330871582,6.166057586669922
六配对压力 · 5 秒 · 768 尝试,pair_stratified,0.015,4,19,F_R-U_L,contact,approach,False,False,23.08255434036255,23.08255434036255,6.174444675445557,6.1744232177734375
六配对压力 · 5 秒 · 768 尝试,pair_stratified,0.015,4,20,F_R-U_R,contact,approach,False,False,23.082643747329712,23.082643747329712,7.719506740570068,7.719525337219238
六配对压力 · 5 秒 · 768 尝试,pair_stratified,0.015,4,21,U_L-U_R,contact,approach,False,False,23.083388805389404,23.083388805389404,5.33786678314209,5.337845325469971
六配对压力 · 5 秒 · 768 尝试,pair_stratified,0.015,4,22,F_L-F_R,contact,recede,True,False,-1.658707857131958,13.12972605228424,6.048607349395752,5.229898929595947
六配对压力 · 5 秒 · 768 尝试,pair_stratified,0.015,4,23,F_L-U_L,contact,recede,False,False,23.082301020622253,23.081809282302856,7.67645788192749,7.676466941833496
六配对压力 · 5 秒 · 768 尝试,pair_stratified,0.015,4,24,F_L-U_R,contact,recede,False,False,23.082807660102844,23.082852363586426,6.3471245765686035,6.363539218902588
六配对压力 · 5 秒 · 768 尝试,pair_stratified,0.015,4,25,F_R-U_L,contact,recede,False,False,23.082882165908813,23.082897067070007,5.661925315856934,5.661903381347656
六配对压力 · 5 秒 · 768 尝试,pair_stratified,0.015,4,26,F_R-U_R,contact,recede,False,False,23.0826735496521,23.0826735496521,10.806349754333496,10.806305885314941
六配对压力 · 5 秒 · 768 尝试,pair_stratified,0.015,4,27,U_L-U_R,contact,recede,False,False,23.083209991455078,23.083209991455078,6.2130231857299805,6.792420387268066
六配对压力 · 5 秒 · 768 尝试,pair_stratified,0.015,4,28,F_L-F_R,contact,tangent,False,False,2.440124750137329,17.827682197093964,3.614677906036377,5.308266639709473
六配对压力 · 5 秒 · 768 尝试,pair_stratified,0.015,4,29,F_L-U_L,contact,tangent,False,False,23.082628846168518,23.082628846168518,8.212193489074707,8.212250709533691
六配对压力 · 5 秒 · 768 尝试,pair_stratified,0.015,4,30,F_L-U_R,contact,tangent,False,False,23.08274805545807,23.082807660102844,6.445103645324707,6.44511079788208
六配对压力 · 5 秒 · 768 尝试,pair_stratified,0.015,4,31,F_R-U_L,contact,tangent,False,False,23.082897067070007,23.082897067070007,6.2416558265686035,6.241692066192627
六配对压力 · 5 秒 · 768 尝试,pair_stratified,0.015,4,32,F_R-U_R,contact,tangent,False,False,23.082420229911804,23.082420229911804,11.666767120361328,11.666730880737305
六配对压力 · 5 秒 · 768 尝试,pair_stratified,0.015,4,33,U_L-U_R,contact,tangent,False,False,23.083388805389404,23.083388805389404,5.528768062591553,5.786962032318115
六配对压力 · 5 秒 · 768 尝试,pair_stratified,0.015,4,34,F_L-F_R,penetration,approach,False,False,1.417510211467743,19.743017852306366,4.261026859283447,4.317717552185059
六配对压力 · 5 秒 · 768 尝试,pair_stratified,0.015,4,35,F_L-U_L,penetration,approach,False,False,23.082956671714783,23.082956671714783,7.167604923248291,7.167686462402344
六配对压力 · 5 秒 · 768 尝试,pair_stratified,0.015,4,36,F_L-U_R,penetration,approach,False,False,23.083046078681946,23.083046078681946,6.239795684814453,6.239459991455078
六配对压力 · 5 秒 · 768 尝试,pair_stratified,0.015,4,37,F_R-U_L,penetration,approach,False,False,23.08298647403717,23.08298647403717,6.208715438842773,6.208771228790283
六配对压力 · 5 秒 · 768 尝试,pair_stratified,0.015,4,38,F_R-U_R,penetration,approach,False,False,23.08247983455658,23.08247983455658,7.845306873321533,7.845244884490967
六配对压力 · 5 秒 · 768 尝试,pair_stratified,0.015,4,39,U_L-U_R,penetration,approach,False,False,23.083388805389404,23.083388805389404,5.409689426422119,5.409692287445068
六配对压力 · 5 秒 · 768 尝试,pair_stratified,0.015,4,40,F_L-F_R,penetration,recede,True,False,-2.481512725353241,12.273527681827545,5.584075927734375,5.434634685516357
六配对压力 · 5 秒 · 768 尝试,pair_stratified,0.015,4,41,F_L-U_L,penetration,recede,False,False,23.082196712493896,23.082196712493896,7.875463962554932,7.875523567199707
六配对压力 · 5 秒 · 768 尝试,pair_stratified,0.015,4,42,F_L-U_R,penetration,recede,False,False,23.08252453804016,23.08259904384613,6.263533592224121,6.263514518737793
六配对压力 · 5 秒 · 768 尝试,pair_stratified,0.015,4,43,F_R-U_L,penetration,recede,False,False,23.08259904384613,23.08259904384613,5.786294460296631,5.786259651184082
六配对压力 · 5 秒 · 768 尝试,pair_stratified,0.015,4,44,F_R-U_R,penetration,recede,False,False,23.082464933395386,23.082464933395386,10.486183166503906,10.486180305480957
六配对压力 · 5 秒 · 768 尝试,pair_stratified,0.015,4,45,U_L-U_R,penetration,recede,False,False,23.083388805389404,23.083388805389404,6.886436939239502,6.7597455978393555
六配对压力 · 5 秒 · 768 尝试,pair_stratified,0.015,4,46,F_L-F_R,penetration,tangent,False,False,1.829780638217926,14.463871717453003,3.5896942615509033,7.102329730987549
六配对压力 · 5 秒 · 768 尝试,pair_stratified,0.015,4,47,F_L-U_L,penetration,tangent,False,False,23.08236062526703,23.082345724105835,8.382946968078613,8.383030891418457
六配对压力 · 5 秒 · 768 尝试,pair_stratified,0.015,4,48,F_L-U_R,penetration,tangent,False,False,23.081883788108826,23.081615567207336,6.844119548797607,6.8441338539123535
六配对压力 · 5 秒 · 768 尝试,pair_stratified,0.015,4,49,F_R-U_L,penetration,tangent,False,False,23.08151125907898,23.08151125907898,6.201585292816162,6.20158576965332
六配对压力 · 5 秒 · 768 尝试,pair_stratified,0.015,4,50,F_R-U_R,penetration,tangent,False,False,23.081526160240173,23.081526160240173,11.832074165344238,11.832083702087402
六配对压力 · 5 秒 · 768 尝试,pair_stratified,0.015,4,51,U_L-U_R,penetration,tangent,False,False,23.08298647403717,23.08298647403717,5.607016563415527,5.844244480133057
六配对压力 · 5 秒 · 768 尝试,pair_stratified,0.015,4,52,F_L-F_R,warn,approach,False,False,23.081883788108826,23.081883788108826,4.03143835067749,4.031418800354004
六配对压力 · 5 秒 · 768 尝试,pair_stratified,0.015,4,53,F_L-U_L,warn,approach,False,False,23.081853985786438,23.081853985786438,6.753358364105225,6.7532429695129395
六配对压力 · 5 秒 · 768 尝试,pair_stratified,0.015,4,54,F_L-U_R,warn,approach,False,False,23.081541061401367,23.081541061401367,5.7555718421936035,5.7555766105651855
六配对压力 · 5 秒 · 768 尝试,pair_stratified,0.015,4,55,F_R-U_L,warn,approach,False,False,23.0819433927536,23.0819433927536,5.801107883453369,5.801120758056641
六配对压力 · 5 秒 · 768 尝试,pair_stratified,0.015,4,56,F_R-U_R,warn,approach,False,False,23.08174967765808,23.08174967765808,7.389100074768066,7.3890485763549805
六配对压力 · 5 秒 · 768 尝试,pair_stratified,0.015,4,57,U_L-U_R,warn,approach,False,False,23.08306097984314,23.08306097984314,5.111944198608398,5.11189603805542
六配对压力 · 5 秒 · 768 尝试,pair_stratified,0.015,4,58,F_L-F_R,warn,recede,True,False,-1.4830529689788818,17.06351339817047,4.961729049682617,6.047139644622803
六配对压力 · 5 秒 · 768 尝试,pair_stratified,0.015,4,59,F_L-U_L,warn,recede,False,False,23.08201789855957,23.08201789855957,7.073925495147705,7.073841094970703
六配对压力 · 5 秒 · 768 尝试,pair_stratified,0.015,4,60,F_L-U_R,warn,recede,False,False,23.082032799720764,23.082032799720764,5.684689521789551,5.684812545776367
六配对压力 · 5 秒 · 768 尝试,pair_stratified,0.015,4,61,F_R-U_L,warn,recede,False,False,23.082122206687927,23.082122206687927,5.483248233795166,5.4831132888793945
六配对压力 · 5 秒 · 768 尝试,pair_stratified,0.015,4,62,F_R-U_R,warn,recede,False,False,23.081675171852112,23.081675171852112,10.350340843200684,10.33403205871582
六配对压力 · 5 秒 · 768 尝试,pair_stratified,0.015,4,63,U_L-U_R,warn,recede,False,False,23.08306097984314,23.08306097984314,6.6456618309021,6.966955184936523
六配对压力 · 5 秒 · 768 尝试,pair_stratified,0.015,5,0,F_L-U_L,penetration,recede,False,False,23.08151125907898,23.08151125907898,7.875604629516602,7.875622749328613
六配对压力 · 5 秒 · 768 尝试,pair_stratified,0.015,5,1,F_L-U_R,penetration,recede,False,False,23.081675171852112,23.081675171852112,6.3004984855651855,6.300419330596924
六配对压力 · 5 秒 · 768 尝试,pair_stratified,0.015,5,2,F_R-U_L,penetration,recede,False,False,23.08158576488495,23.08158576488495,5.806428909301758,5.8064045906066895
六配对压力 · 5 秒 · 768 尝试,pair_stratified,0.015,5,3,F_R-U_R,penetration,recede,False,False,23.081615567207336,23.081690073013306,10.4861478805542,10.486163139343262
六配对压力 · 5 秒 · 768 尝试,pair_stratified,0.015,5,4,U_L-U_R,penetration,recede,False,False,23.08298647403717,23.08298647403717,6.885524272918701,6.758727550506592
六配对压力 · 5 秒 · 768 尝试,pair_stratified,0.015,5,5,F_L-F_R,penetration,tangent,False,False,1.0006725788116455,16.53827726840973,3.5715508460998535,5.474843978881836
六配对压力 · 5 秒 · 768 尝试,pair_stratified,0.015,5,6,F_L-U_L,penetration,tangent,False,False,23.08177947998047,23.08177947998047,8.38314151763916,8.383146286010742
六配对压力 · 5 秒 · 768 尝试,pair_stratified,0.015,5,7,F_L-U_R,penetration,tangent,False,False,23.081734776496887,23.081839084625244,6.808242321014404,6.808333873748779
六配对压力 · 5 秒 · 768 尝试,pair_stratified,0.015,5,8,F_R-U_L,penetration,tangent,False,False,23.08151125907898,23.08151125907898,6.201401710510254,6.201441287994385
六配对压力 · 5 秒 · 768 尝试,pair_stratified,0.015,5,9,F_R-U_R,penetration,tangent,False,False,23.081734776496887,23.081734776496887,11.832305908203125,11.832311630249023
六配对压力 · 5 秒 · 768 尝试,pair_stratified,0.015,5,10,U_L-U_R,penetration,tangent,False,False,23.082971572875977,23.082971572875977,5.605891704559326,6.017627239227295
六配对压力 · 5 秒 · 768 尝试,pair_stratified,0.015,5,11,F_L-F_R,warn,approach,False,False,23.081928491592407,23.081928491592407,4.0310492515563965,4.0311126708984375
六配对压力 · 5 秒 · 768 尝试,pair_stratified,0.015,5,12,F_L-U_L,warn,approach,False,False,23.082107305526733,23.082107305526733,6.7530293464660645,6.75319242477417
六配对压力 · 5 秒 · 768 尝试,pair_stratified,0.015,5,13,F_L-U_R,warn,approach,False,False,23.08174967765808,23.08174967765808,5.755554676055908,5.75554895401001
六配对压力 · 5 秒 · 768 尝试,pair_stratified,0.015,5,14,F_R-U_L,warn,approach,False,False,23.0819433927536,23.0819433927536,5.8009138107299805,5.800952911376953
六配对压力 · 5 秒 · 768 尝试,pair_stratified,0.015,5,15,F_R-U_R,warn,approach,False,False,23.08174967765808,23.08174967765808,7.389120101928711,7.389075756072998
六配对压力 · 5 秒 · 768 尝试,pair_stratified,0.015,5,16,U_L-U_R,warn,approach,False,False,23.08349311351776,23.08349311351776,5.126802921295166,5.126779556274414
六配对压力 · 5 秒 · 768 尝试,pair_stratified,0.015,5,17,F_L-F_R,warn,recede,True,False,-1.4822408556938171,17.061538994312286,4.961580753326416,6.046975612640381
六配对压力 · 5 秒 · 768 尝试,pair_stratified,0.015,5,18,F_L-U_L,warn,recede,False,False,23.08259904384613,23.08259904384613,7.0736002922058105,7.073652744293213
六配对压力 · 5 秒 · 768 尝试,pair_stratified,0.015,5,19,F_L-U_R,warn,recede,False,False,23.08255434036255,23.08255434036255,5.482222080230713,5.493379592895508
六配对压力 · 5 秒 · 768 尝试,pair_stratified,0.015,5,20,F_R-U_L,warn,recede,False,False,23.082539439201355,23.082539439201355,5.482875823974609,5.482846260070801
六配对压力 · 5 秒 · 768 尝试,pair_stratified,0.015,5,21,F_R-U_R,warn,recede,False,False,23.082464933395386,23.082390427589417,10.309163093566895,10.303632736206055
六配对压力 · 5 秒 · 768 尝试,pair_stratified,0.015,5,22,U_L-U_R,warn,recede,False,False,23.08349311351776,23.08349311351776,6.645512580871582,6.9670257568359375
六配对压力 · 5 秒 · 768 尝试,pair_stratified,0.015,5,23,F_L-F_R,warn,tangent,False,False,0.5931034684181213,13.6655792593956,7.015559196472168,5.907107353210449
六配对压力 · 5 秒 · 768 尝试,pair_stratified,0.015,5,24,F_L-U_L,warn,tangent,False,False,23.082122206687927,23.08240532875061,7.5376176834106445,7.537618160247803
六配对压力 · 5 秒 · 768 尝试,pair_stratified,0.015,5,25,F_L-U_R,warn,tangent,False,False,23.082807660102844,23.08294177055359,5.900383472442627,5.900335788726807
六配对压力 · 5 秒 · 768 尝试,pair_stratified,0.015,5,26,F_R-U_L,warn,tangent,False,False,23.082837462425232,23.082837462425232,5.820858478546143,5.820846080780029
六配对压力 · 5 秒 · 768 尝试,pair_stratified,0.015,5,27,F_R-U_R,warn,tangent,False,False,23.08294177055359,23.08294177055359,10.15693473815918,10.156905174255371
六配对压力 · 5 秒 · 768 尝试,pair_stratified,0.015,5,28,U_L-U_R,warn,tangent,False,False,23.083209991455078,23.083209991455078,5.1270575523376465,5.530811786651611
六配对压力 · 5 秒 · 768 尝试,pair_stratified,0.015,5,29,F_L-F_R,near,approach,False,False,23.082762956619263,23.082762956619263,4.159766674041748,4.1554975509643555
六配对压力 · 5 秒 · 768 尝试,pair_stratified,0.015,5,30,F_L-U_L,near,approach,False,False,23.082494735717773,23.082494735717773,6.927368640899658,6.927489280700684
六配对压力 · 5 秒 · 768 尝试,pair_stratified,0.015,5,31,F_L-U_R,near,approach,False,False,23.082897067070007,23.082897067070007,6.006617546081543,6.006645679473877
六配对压力 · 5 秒 · 768 尝试,pair_stratified,0.015,5,32,F_R-U_L,near,approach,False,False,23.083031177520752,23.083031177520752,6.020463466644287,6.020583152770996
六配对压力 · 5 秒 · 768 尝试,pair_stratified,0.015,5,33,F_R-U_R,near,approach,False,False,23.08255434036255,23.08255434036255,7.575778007507324,7.575756072998047
六配对压力 · 5 秒 · 768 尝试,pair_stratified,0.015,5,34,U_L-U_R,near,approach,False,False,23.083284497261047,23.083284497261047,5.226020812988281,5.22601318359375
六配对压力 · 5 秒 · 768 尝试,pair_stratified,0.015,5,35,F_L-F_R,near,recede,True,False,-1.574881374835968,12.487590312957764,5.73419713973999,5.672226428985596
六配对压力 · 5 秒 · 768 尝试,pair_stratified,0.015,5,36,F_L-U_L,near,recede,False,False,23.083016276359558,23.08306097984314,7.381256103515625,7.381290912628174
六配对压力 · 5 秒 · 768 尝试,pair_stratified,0.015,5,37,F_L-U_R,near,recede,False,False,23.08306097984314,23.083075881004333,6.073237895965576,6.073235511779785
六配对压力 · 5 秒 · 768 尝试,pair_stratified,0.015,5,38,F_R-U_L,near,recede,False,False,23.083031177520752,23.083031177520752,5.6499810218811035,5.650038242340088
六配对压力 · 5 秒 · 768 尝试,pair_stratified,0.015,5,39,F_R-U_R,near,recede,False,False,23.082315921783447,23.082375526428223,10.009431838989258,10.009472846984863
六配对压力 · 5 秒 · 768 尝试,pair_stratified,0.015,5,40,U_L-U_R,near,recede,False,False,23.08349311351776,23.08349311351776,5.048640727996826,5.35500955581665
六配对压力 · 5 秒 · 768 尝试,pair_stratified,0.015,5,41,F_L-F_R,near,tangent,False,False,3.27908992767334,13.250857591629028,3.6348843574523926,6.725162029266357
六配对压力 · 5 秒 · 768 尝试,pair_stratified,0.015,5,42,F_L-U_L,near,tangent,False,False,23.08240532875061,23.08240532875061,7.883080005645752,7.883097171783447
六配对压力 · 5 秒 · 768 尝试,pair_stratified,0.015,5,43,F_L-U_R,near,tangent,False,False,23.082464933395386,23.08259904384613,5.915197372436523,5.9151763916015625
六配对压力 · 5 秒 · 768 尝试,pair_stratified,0.015,5,44,F_R-U_L,near,tangent,False,False,23.082464933395386,23.082464933395386,6.063089847564697,6.063102722167969
六配对压力 · 5 秒 · 768 尝试,pair_stratified,0.015,5,45,F_R-U_R,near,tangent,False,False,23.082435131072998,23.082509636878967,11.07444953918457,11.074482917785645
六配对压力 · 5 秒 · 768 尝试,pair_stratified,0.015,5,46,U_L-U_R,near,tangent,False,False,23.08349311351776,23.08349311351776,5.240085124969482,5.832873821258545
六配对压力 · 5 秒 · 768 尝试,pair_stratified,0.015,5,47,F_L-F_R,contact,approach,False,False,23.082241415977478,23.08209240436554,4.265857696533203,4.2516279220581055
六配对压力 · 5 秒 · 768 尝试,pair_stratified,0.015,5,48,F_L-U_L,contact,approach,False,False,23.08174967765808,23.08174967765808,7.063765525817871,7.063704013824463
六配对压力 · 5 秒 · 768 尝试,pair_stratified,0.015,5,49,F_L-U_R,contact,approach,False,False,23.081928491592407,23.081928491592407,6.166060924530029,6.1660356521606445
六配对压力 · 5 秒 · 768 尝试,pair_stratified,0.015,5,50,F_R-U_L,contact,approach,False,False,23.08182418346405,23.08182418346405,6.174896717071533,6.174906253814697
六配对压力 · 5 秒 · 768 尝试,pair_stratified,0.015,5,51,F_R-U_R,contact,approach,False,False,23.081958293914795,23.081958293914795,7.719536781311035,7.719514846801758
六配对压力 · 5 秒 · 768 尝试,pair_stratified,0.015,5,52,U_L-U_R,contact,approach,False,False,23.08298647403717,23.08298647403717,5.342587471008301,5.342559814453125
六配对压力 · 5 秒 · 768 尝试,pair_stratified,0.015,5,53,F_L-F_R,contact,recede,True,False,-1.6595125198364258,13.129375874996185,6.049396991729736,5.2301106452941895
六配对压力 · 5 秒 · 768 尝试,pair_stratified,0.015,5,54,F_L-U_L,contact,recede,False,False,23.08158576488495,23.08158576488495,7.676630020141602,7.676490783691406
六配对压力 · 5 秒 · 768 尝试,pair_stratified,0.015,5,55,F_L-U_R,contact,recede,False,False,23.08182418346405,23.081794381141663,6.347067832946777,6.3470964431762695
六配对压力 · 5 秒 · 768 尝试,pair_stratified,0.015,5,56,F_R-U_L,contact,recede,False,False,23.081600666046143,23.081600666046143,5.6270647048950195,5.627086162567139
六配对压力 · 5 秒 · 768 尝试,pair_stratified,0.015,5,57,F_R-U_R,contact,recede,False,False,23.08174967765808,23.08174967765808,10.84394645690918,10.843975067138672
六配对压力 · 5 秒 · 768 尝试,pair_stratified,0.015,5,58,U_L-U_R,contact,recede,False,False,23.082971572875977,23.082971572875977,5.242210865020752,6.792392730712891
六配对压力 · 5 秒 · 768 尝试,pair_stratified,0.015,5,59,F_L-F_R,contact,tangent,False,False,2.440139651298523,12.290656566619873,3.615079641342163,6.600125789642334
六配对压力 · 5 秒 · 768 尝试,pair_stratified,0.015,5,60,F_L-U_L,contact,tangent,False,False,23.081988096237183,23.081988096237183,8.212442398071289,8.212618827819824
六配对压力 · 5 秒 · 768 尝试,pair_stratified,0.015,5,61,F_L-U_R,contact,tangent,False,False,23.082002997398376,23.081913590431213,6.445313453674316,6.445329189300537
六配对压力 · 5 秒 · 768 尝试,pair_stratified,0.015,5,62,F_R-U_L,contact,tangent,False,False,23.082002997398376,23.082002997398376,6.126739025115967,6.126522064208984
六配对压力 · 5 秒 · 768 尝试,pair_stratified,0.015,5,63,F_R-U_R,contact,tangent,False,False,23.08163046836853,23.08163046836853,11.667035102844238,11.666874885559082
六配对压力 · 5 秒 · 768 尝试,pair_stratified,0.015,6,0,F_L-F_R,near,tangent,False,False,2.7739182114601135,14.172688126564026,3.615894079208374,5.117077827453613
六配对压力 · 5 秒 · 768 尝试,pair_stratified,0.015,6,1,F_L-U_L,near,tangent,False,False,23.08143675327301,23.08143675327301,7.883439540863037,7.88343620300293
六配对压力 · 5 秒 · 768 尝试,pair_stratified,0.015,6,2,F_L-U_R,near,tangent,False,False,23.08155596256256,23.081690073013306,5.8030900955200195,5.915122032165527
六配对压力 · 5 秒 · 768 尝试,pair_stratified,0.015,6,3,F_R-U_L,near,tangent,False,False,23.081526160240173,23.081526160240173,5.990524768829346,5.990427017211914
六配对压力 · 5 秒 · 768 尝试,pair_stratified,0.015,6,4,F_R-U_R,near,tangent,False,False,23.08174967765808,23.08174967765808,11.074289321899414,11.074288368225098
六配对压力 · 5 秒 · 768 尝试,pair_stratified,0.015,6,5,U_L-U_R,near,tangent,False,False,23.082971572875977,23.082971572875977,5.240109443664551,5.832916736602783
六配对压力 · 5 秒 · 768 尝试,pair_stratified,0.015,6,6,F_L-F_R,contact,approach,False,False,23.08177947998047,23.08177947998047,4.265999794006348,4.251729488372803
六配对压力 · 5 秒 · 768 尝试,pair_stratified,0.015,6,7,F_L-U_L,contact,approach,False,False,23.08174967765808,23.08174967765808,7.063765525817871,7.063543796539307
六配对压力 · 5 秒 · 768 尝试,pair_stratified,0.015,6,8,F_L-U_R,contact,approach,False,False,23.081541061401367,23.08189868927002,6.168530464172363,6.168624401092529
六配对压力 · 5 秒 · 768 尝试,pair_stratified,0.015,6,9,F_R-U_L,contact,approach,False,False,23.081764578819275,23.081764578819275,6.175085067749023,6.174896240234375
六配对压力 · 5 秒 · 768 尝试,pair_stratified,0.015,6,10,F_R-U_R,contact,approach,False,False,23.081719875335693,23.081719875335693,7.716379165649414,7.716403007507324
六配对压力 · 5 秒 · 768 尝试,pair_stratified,0.015,6,11,U_L-U_R,contact,approach,False,False,23.08298647403717,23.08298647403717,5.33779764175415,5.337745189666748
六配对压力 · 5 秒 · 768 尝试,pair_stratified,0.015,6,12,F_L-F_R,contact,recede,True,False,-1.658797264099121,13.108104467391968,6.044440746307373,5.218164920806885
六配对压力 · 5 秒 · 768 尝试,pair_stratified,0.015,6,13,F_L-U_L,contact,recede,False,False,23.081645369529724,23.082152009010315,7.688773155212402,7.688788890838623
六配对压力 · 5 秒 · 768 尝试,pair_stratified,0.015,6,14,F_L-U_R,contact,recede,False,False,23.081645369529724,23.082062602043152,6.346878528594971,6.346883773803711
六配对压力 · 5 秒 · 768 尝试,pair_stratified,0.015,6,15,F_R-U_L,contact,recede,False,False,23.081600666046143,23.081600666046143,5.626936912536621,5.626924514770508
六配对压力 · 5 秒 · 768 尝试,pair_stratified,0.015,6,16,F_R-U_R,contact,recede,False,False,23.081958293914795,23.082122206687927,10.843660354614258,10.843707084655762
六配对压力 · 5 秒 · 768 尝试,pair_stratified,0.015,6,17,U_L-U_R,contact,recede,False,False,23.08349311351776,23.08349311351776,5.2423095703125,6.7923736572265625
六配对压力 · 5 秒 · 768 尝试,pair_stratified,0.015,6,18,F_L-F_R,contact,tangent,False,False,2.440325915813446,17.82849431037903,3.6147046089172363,5.308363437652588
六配对压力 · 5 秒 · 768 尝试,pair_stratified,0.015,6,19,F_L-U_L,contact,tangent,False,False,23.082643747329712,23.082643747329712,8.21219539642334,8.212225914001465
六配对压力 · 5 秒 · 768 尝试,pair_stratified,0.015,6,20,F_L-U_R,contact,tangent,False,False,23.082688450813293,23.082643747329712,6.445361137390137,6.445374965667725
六配对压力 · 5 秒 · 768 尝试,pair_stratified,0.015,6,21,F_R-U_L,contact,tangent,False,False,23.082584142684937,23.082584142684937,6.0450334548950195,6.045013427734375
六配对压力 · 5 秒 · 768 尝试,pair_stratified,0.015,6,22,F_R-U_R,contact,tangent,False,False,23.08209240436554,23.082152009010315,11.667020797729492,11.660526275634766
六配对压力 · 5 秒 · 768 尝试,pair_stratified,0.015,6,23,U_L-U_R,contact,tangent,False,False,23.08349311351776,23.08349311351776,5.528755187988281,5.786928176879883
六配对压力 · 5 秒 · 768 尝试,pair_stratified,0.015,6,24,F_L-F_R,penetration,approach,False,False,1.4047399163246155,19.746921956539154,4.260971546173096,4.317692756652832
六配对压力 · 5 秒 · 768 尝试,pair_stratified,0.015,6,25,F_L-U_L,penetration,approach,False,False,23.08252453804016,23.08252453804016,7.1674604415893555,7.167516231536865
六配对压力 · 5 秒 · 768 尝试,pair_stratified,0.015,6,26,F_L-U_R,penetration,approach,False,False,23.08286726474762,23.08286726474762,6.239473819732666,6.239460468292236
六配对压力 · 5 秒 · 768 尝试,pair_stratified,0.015,6,27,F_R-U_L,penetration,approach,False,False,23.08294177055359,23.08294177055359,6.220828533172607,6.220868110656738
六配对压力 · 5 秒 · 768 尝试,pair_stratified,0.015,6,28,F_R-U_R,penetration,approach,False,False,23.082926869392395,23.082926869392395,7.845449924468994,7.845373630523682
六配对压力 · 5 秒 · 768 尝试,pair_stratified,0.015,6,29,U_L-U_R,penetration,approach,False,False,23.08318018913269,23.08318018913269,5.40540885925293,5.405447006225586
六配对压力 · 5 秒 · 768 尝试,pair_stratified,0.015,6,30,F_L-F_R,penetration,recede,True,False,-2.4818256497383118,12.274883687496185,5.583982944488525,5.4345550537109375
六配对压力 · 5 秒 · 768 尝试,pair_stratified,0.015,6,31,F_L-U_L,penetration,recede,False,False,23.08189868927002,23.08233082294464,7.8753485679626465,7.875371932983398
六配对压力 · 5 秒 · 768 尝试,pair_stratified,0.015,6,32,F_L-U_R,penetration,recede,False,False,23.083001375198364,23.083031177520752,6.3635430335998535,6.30010461807251
六配对压力 · 5 秒 · 768 尝试,pair_stratified,0.015,6,33,F_R-U_L,penetration,recede,False,False,23.083090782165527,23.083090782165527,5.786191940307617,5.786313533782959
六配对压力 · 5 秒 · 768 尝试,pair_stratified,0.015,6,34,F_R-U_R,penetration,recede,False,False,23.082882165908813,23.082837462425232,10.802863121032715,10.802840232849121
六配对压力 · 5 秒 · 768 尝试,pair_stratified,0.015,6,35,U_L-U_R,penetration,recede,False,False,23.083314299583435,23.083314299583435,5.392409324645996,6.758713245391846
六配对压力 · 5 秒 · 768 尝试,pair_stratified,0.015,6,36,F_L-F_R,penetration,tangent,False,False,1.0007545351982117,16.5385901927948,3.5712010860443115,5.474599838256836
六配对压力 · 5 秒 · 768 尝试,pair_stratified,0.015,6,37,F_L-U_L,penetration,tangent,False,False,23.082688450813293,23.082777857780457,8.382918357849121,8.382941246032715
六配对压力 · 5 秒 · 768 尝试,pair_stratified,0.015,6,38,F_L-U_R,penetration,tangent,False,False,23.082897067070007,23.083016276359558,6.807911396026611,6.807916164398193
六配对压力 · 5 秒 · 768 尝试,pair_stratified,0.015,6,39,F_R-U_L,penetration,tangent,False,False,23.08306097984314,23.08306097984314,6.293869972229004,6.293934345245361
六配对压力 · 5 秒 · 768 尝试,pair_stratified,0.015,6,40,F_R-U_R,penetration,tangent,False,False,23.0819433927536,23.0819433927536,11.831792831420898,11.831781387329102
六配对压力 · 5 秒 · 768 尝试,pair_stratified,0.015,6,41,U_L-U_R,penetration,tangent,False,False,23.08349311351776,23.08349311351776,5.605925559997559,6.01763916015625
六配对压力 · 5 秒 · 768 尝试,pair_stratified,0.015,6,42,F_L-F_R,warn,approach,False,False,23.082420229911804,23.082420229911804,4.0310187339782715,4.031003952026367
六配对压力 · 5 秒 · 768 尝试,pair_stratified,0.015,6,43,F_L-U_L,warn,approach,False,False,23.08252453804016,23.08252453804016,6.753068923950195,6.753104209899902
六配对压力 · 5 秒 · 768 尝试,pair_stratified,0.015,6,44,F_L-U_R,warn,approach,False,False,23.082464933395386,23.082464933395386,5.754737854003906,5.754752159118652
六配对压力 · 5 秒 · 768 尝试,pair_stratified,0.015,6,45,F_R-U_L,warn,approach,False,False,23.082435131072998,23.082435131072998,5.800747394561768,5.800781726837158
六配对压力 · 5 秒 · 768 尝试,pair_stratified,0.015,6,46,F_R-U_R,warn,approach,False,False,23.082315921783447,23.082315921783447,7.38596773147583,7.385802268981934
六配对压力 · 5 秒 · 768 尝试,pair_stratified,0.015,6,47,U_L-U_R,warn,approach,False,False,23.08349311351776,23.08349311351776,5.111966133117676,5.1118927001953125
六配对压力 · 5 秒 · 768 尝试,pair_stratified,0.015,6,48,F_L-F_R,warn,recede,True,False,-1.4819726347923279,17.059244215488434,4.961830139160156,6.047121047973633
六配对压力 · 5 秒 · 768 尝试,pair_stratified,0.015,6,49,F_L-U_L,warn,recede,False,False,23.081883788108826,23.081883788108826,7.073999404907227,7.073733806610107
六配对压力 · 5 秒 · 768 尝试,pair_stratified,0.015,6,50,F_L-U_R,warn,recede,False,False,23.082062602043152,23.082062602043152,5.684682846069336,5.684787750244141
六配对压力 · 5 秒 · 768 尝试,pair_stratified,0.015,6,51,F_R-U_L,warn,recede,False,False,23.081988096237183,23.081988096237183,5.483219146728516,5.483156681060791
六配对压力 · 5 秒 · 768 尝试,pair_stratified,0.015,6,52,F_R-U_R,warn,recede,False,False,23.081988096237183,23.08163046836853,10.309571266174316,10.273215293884277
六配对压力 · 5 秒 · 768 尝试,pair_stratified,0.015,6,53,U_L-U_R,warn,recede,False,False,23.082971572875977,23.082971572875977,6.645910263061523,6.967013835906982
六配对压力 · 5 秒 · 768 尝试,pair_stratified,0.015,6,54,F_L-F_R,warn,tangent,False,False,3.261186182498932,13.86648416519165,7.038917064666748,5.440627574920654
六配对压力 · 5 秒 · 768 尝试,pair_stratified,0.015,6,55,F_L-U_L,warn,tangent,False,False,23.081958293914795,23.081719875335693,7.537994384765625,7.538006782531738
六配对压力 · 5 秒 · 768 尝试,pair_stratified,0.015,6,56,F_L-U_R,warn,tangent,False,False,23.08201789855957,23.081809282302856,5.900352954864502,5.900306701660156
六配对压力 · 5 秒 · 768 尝试,pair_stratified,0.015,6,57,F_R-U_L,warn,tangent,False,False,23.081660270690918,23.081660270690918,5.867486953735352,5.867274761199951
六配对压力 · 5 秒 · 768 尝试,pair_stratified,0.015,6,58,F_R-U_R,warn,tangent,False,False,23.0817049741745,23.0817049741745,10.15700626373291,10.156936645507812
六配对压力 · 5 秒 · 768 尝试,pair_stratified,0.015,6,59,U_L-U_R,warn,tangent,False,False,23.08298647403717,23.08298647403717,5.128064155578613,5.5318098068237305
六配对压力 · 5 秒 · 768 尝试,pair_stratified,0.015,6,60,F_L-F_R,near,approach,False,False,23.08158576488495,23.08158576488495,4.159924507141113,4.155879020690918
六配对压力 · 5 秒 · 768 尝试,pair_stratified,0.015,6,61,F_L-U_L,near,approach,False,False,23.08209240436554,23.08209240436554,6.927497386932373,6.927558422088623
六配对压力 · 5 秒 · 768 尝试,pair_stratified,0.015,6,62,F_L-U_R,near,approach,False,False,23.082062602043152,23.082062602043152,6.0070390701293945,6.007069110870361
六配对压力 · 5 秒 · 768 尝试,pair_stratified,0.015,6,63,F_R-U_L,near,approach,False,False,23.081958293914795,23.081958293914795,6.0207839012146,6.020674228668213
六配对压力 · 5 秒 · 768 尝试,pair_stratified,0.015,7,0,U_L-U_R,penetration,tangent,False,False,23.08306097984314,23.08306097984314,5.605949401855469,6.017607688903809
六配对压力 · 5 秒 · 768 尝试,pair_stratified,0.015,7,1,F_L-F_R,warn,approach,False,False,23.08174967765808,23.08174967765808,4.0313239097595215,4.031125068664551
六配对压力 · 5 秒 · 768 尝试,pair_stratified,0.015,7,2,F_L-U_L,warn,approach,False,False,23.081853985786438,23.081853985786438,6.753121376037598,6.753191947937012
六配对压力 · 5 秒 · 768 尝试,pair_stratified,0.015,7,3,F_L-U_R,warn,approach,False,False,23.081734776496887,23.081734776496887,5.75473690032959,5.754746913909912
六配对压力 · 5 秒 · 768 尝试,pair_stratified,0.015,7,4,F_R-U_L,warn,approach,False,False,23.08197319507599,23.08197319507599,5.800887107849121,5.800951957702637
六配对压力 · 5 秒 · 768 尝试,pair_stratified,0.015,7,5,F_R-U_R,warn,approach,False,False,23.081988096237183,23.081988096237183,7.386063098907471,7.386050224304199
六配对压力 · 5 秒 · 768 尝试,pair_stratified,0.015,7,6,U_L-U_R,warn,approach,False,False,23.08306097984314,23.08306097984314,5.126884937286377,5.12683629989624
六配对压力 · 5 秒 · 768 尝试,pair_stratified,0.015,7,7,F_L-F_R,warn,recede,True,False,-1.4819726347923279,17.06124097108841,4.961861610412598,6.047172546386719
六配对压力 · 5 秒 · 768 尝试,pair_stratified,0.015,7,8,F_L-U_L,warn,recede,False,False,23.081883788108826,23.081868886947632,7.073801517486572,7.07394552230835
六配对压力 · 5 秒 · 768 尝试,pair_stratified,0.015,7,9,F_L-U_R,warn,recede,False,False,23.08201789855957,23.08201789855957,5.685061931610107,5.685013294219971
六配对压力 · 5 秒 · 768 尝试,pair_stratified,0.015,7,10,F_R-U_L,warn,recede,False,False,23.082122206687927,23.082122206687927,5.483034133911133,5.483083724975586
六配对压力 · 5 秒 · 768 尝试,pair_stratified,0.015,7,11,F_R-U_R,warn,recede,False,False,23.082032799720764,23.082032799720764,10.281966209411621,10.28555965423584
六配对压力 · 5 秒 · 768 尝试,pair_stratified,0.015,7,12,U_L-U_R,warn,recede,False,False,23.08298647403717,23.08298647403717,6.6438212394714355,6.965869426727295
六配对压力 · 5 秒 · 768 尝试,pair_stratified,0.015,7,13,F_L-F_R,warn,tangent,False,False,0.40809065103530884,13.865873217582703,7.004455089569092,6.6094560623168945
六配对压力 · 5 秒 · 768 尝试,pair_stratified,0.015,7,14,F_L-U_L,warn,tangent,False,False,23.081913590431213,23.08174967765808,7.53777551651001,7.537858009338379
六配对压力 · 5 秒 · 768 尝试,pair_stratified,0.015,7,15,F_L-U_R,warn,tangent,False,False,23.08197319507599,23.081809282302856,5.900367259979248,5.900318622589111
六配对压力 · 5 秒 · 768 尝试,pair_stratified,0.015,7,16,F_R-U_L,warn,tangent,False,False,23.082584142684937,23.082584142684937,5.86721134185791,5.867166042327881
六配对压力 · 5 秒 · 768 尝试,pair_stratified,0.015,7,17,F_R-U_R,warn,tangent,False,False,23.08213710784912,23.082152009010315,10.156987190246582,10.156942367553711
六配对压力 · 5 秒 · 768 尝试,pair_stratified,0.015,7,18,U_L-U_R,warn,tangent,False,False,23.083388805389404,23.083388805389404,5.127956390380859,5.531858444213867
六配对压力 · 5 秒 · 768 尝试,pair_stratified,0.015,7,19,F_L-F_R,near,approach,False,False,23.08259904384613,23.08259904384613,4.159754276275635,4.155539035797119
六配对压力 · 5 秒 · 768 尝试,pair_stratified,0.015,7,20,F_L-U_L,near,approach,False,False,23.082584142684937,23.082584142684937,6.927483558654785,6.927435874938965
六配对压力 · 5 秒 · 768 尝试,pair_stratified,0.015,7,21,F_L-U_R,near,approach,False,False,23.082464933395386,23.082464933395386,6.006644248962402,6.00662088394165
六配对压力 · 5 秒 · 768 尝试,pair_stratified,0.015,7,22,F_R-U_L,near,approach,False,False,23.08252453804016,23.08252453804016,6.020520210266113,6.020526885986328
六配对压力 · 5 秒 · 768 尝试,pair_stratified,0.015,7,23,F_R-U_R,near,approach,False,False,23.082375526428223,23.082375526428223,7.575758457183838,7.575757026672363
六配对压力 · 5 秒 · 768 尝试,pair_stratified,0.015,7,24,U_L-U_R,near,approach,False,False,23.083284497261047,23.083284497261047,5.230646133422852,5.230679035186768
六配对压力 · 5 秒 · 768 尝试,pair_stratified,0.015,7,25,F_L-F_R,near,recede,True,False,-1.5740171074867249,12.484237551689148,5.72844123840332,5.6722283363342285
六配对压力 · 5 秒 · 768 尝试,pair_stratified,0.015,7,26,F_L-U_L,near,recede,False,False,23.082688450813293,23.082703351974487,7.381246566772461,7.381253242492676
六配对压力 · 5 秒 · 768 尝试,pair_stratified,0.015,7,27,F_L-U_R,near,recede,False,False,23.082882165908813,23.082882165908813,6.07302713394165,6.072990894317627
六配对压力 · 5 秒 · 768 尝试,pair_stratified,0.015,7,28,F_R-U_L,near,recede,False,False,23.082882165908813,23.082852363586426,5.649929046630859,5.64992618560791
六配对压力 · 5 秒 · 768 尝试,pair_stratified,0.015,7,29,F_R-U_R,near,recede,False,False,23.082688450813293,23.082688450813293,10.489566802978516,10.4851713180542
六配对压力 · 5 秒 · 768 尝试,pair_stratified,0.015,7,30,U_L-U_R,near,recede,False,False,23.083284497261047,23.083284497261047,5.048632621765137,5.354950904846191
六配对压力 · 5 秒 · 768 尝试,pair_stratified,0.015,7,31,F_L-F_R,near,tangent,False,False,3.2791867852211,13.250604271888733,3.6348092555999756,6.701961994171143
六配对压力 · 5 秒 · 768 尝试,pair_stratified,0.015,7,32,F_L-U_L,near,tangent,False,False,23.08236062526703,23.08236062526703,7.883010387420654,7.883127212524414
六配对压力 · 5 秒 · 768 尝试,pair_stratified,0.015,7,33,F_L-U_R,near,tangent,False,False,23.08298647403717,23.08298647403717,5.915171146392822,5.915144920349121
六配对压力 · 5 秒 · 768 尝试,pair_stratified,0.015,7,34,F_R-U_L,near,tangent,False,False,23.08306097984314,23.08306097984314,6.025988578796387,6.025940895080566
六配对压力 · 5 秒 · 768 尝试,pair_stratified,0.015,7,35,F_R-U_R,near,tangent,False,False,23.083075881004333,23.083075881004333,11.074272155761719,11.074262619018555
六配对压力 · 5 秒 · 768 尝试,pair_stratified,0.015,7,36,U_L-U_R,near,tangent,False,False,23.083314299583435,23.083314299583435,5.238946437835693,5.831778526306152
六配对压力 · 5 秒 · 768 尝试,pair_stratified,0.015,7,37,F_L-F_R,contact,approach,False,False,23.082733154296875,23.082733154296875,4.266118049621582,4.251944541931152
六配对压力 · 5 秒 · 768 尝试,pair_stratified,0.015,7,38,F_L-U_L,contact,approach,False,False,23.082420229911804,23.082420229911804,7.063513278961182,7.0635809898376465
六配对压力 · 5 秒 · 768 尝试,pair_stratified,0.015,7,39,F_L-U_R,contact,approach,False,False,23.08306097984314,23.08306097984314,6.166079998016357,6.166065216064453
六配对压力 · 5 秒 · 768 尝试,pair_stratified,0.015,7,40,F_R-U_L,contact,approach,False,False,23.08259904384613,23.08259904384613,6.174656867980957,6.174614429473877
六配对压力 · 5 秒 · 768 尝试,pair_stratified,0.015,7,41,F_R-U_R,contact,approach,False,False,23.082420229911804,23.082420229911804,7.716382026672363,7.716334342956543
六配对压力 · 5 秒 · 768 尝试,pair_stratified,0.015,7,42,U_L-U_R,contact,approach,False,False,23.083388805389404,23.083388805389404,5.337802410125732,5.337794303894043
六配对压力 · 5 秒 · 768 尝试,pair_stratified,0.015,7,43,F_L-F_R,contact,recede,True,False,-1.6580522060394287,13.107895851135254,6.0391998291015625,5.218009948730469
六配对压力 · 5 秒 · 768 尝试,pair_stratified,0.015,7,44,F_L-U_L,contact,recede,False,False,23.082658648490906,23.082658648490906,7.676417350769043,7.676387786865234
六配对压力 · 5 秒 · 768 尝试,pair_stratified,0.015,7,45,F_L-U_R,contact,recede,False,False,23.082643747329712,23.082643747329712,6.363455772399902,6.363531589508057
六配对压力 · 5 秒 · 768 尝试,pair_stratified,0.015,7,46,F_R-U_L,contact,recede,False,False,23.08255434036255,23.08255434036255,5.6274638175964355,5.627448558807373
六配对压力 · 5 秒 · 768 尝试,pair_stratified,0.015,7,47,F_R-U_R,contact,recede,False,False,23.082375526428223,23.082107305526733,10.84392261505127,10.843944549560547
六配对压力 · 5 秒 · 768 尝试,pair_stratified,0.015,7,48,U_L-U_R,contact,recede,False,False,23.08306097984314,23.08306097984314,5.243375778198242,6.793480396270752
六配对压力 · 5 秒 · 768 尝试,pair_stratified,0.015,7,49,F_L-F_R,contact,tangent,False,False,2.4397969245910645,12.29492574930191,3.6150457859039307,6.600039005279541
六配对压力 · 5 秒 · 768 尝试,pair_stratified,0.015,7,50,F_L-U_L,contact,tangent,False,False,23.081988096237183,23.081988096237183,8.212519645690918,8.212594032287598
六配对压力 · 5 秒 · 768 尝试,pair_stratified,0.015,7,51,F_L-U_R,contact,tangent,False,False,23.082002997398376,23.082002997398376,6.445436477661133,6.445400238037109
六配对压力 · 5 秒 · 768 尝试,pair_stratified,0.015,7,52,F_R-U_L,contact,tangent,False,False,23.08177947998047,23.08177947998047,6.024967193603516,6.024996280670166
六配对压力 · 5 秒 · 768 尝试,pair_stratified,0.015,7,53,F_R-U_R,contact,tangent,False,False,23.082002997398376,23.081988096237183,11.667071342468262,11.666901588439941
六配对压力 · 5 秒 · 768 尝试,pair_stratified,0.015,7,54,U_L-U_R,contact,tangent,False,False,23.08306097984314,23.08306097984314,5.528735160827637,5.786968231201172
六配对压力 · 5 秒 · 768 尝试,pair_stratified,0.015,7,55,F_L-F_R,penetration,approach,False,False,1.4642775058746338,19.73331719636917,4.261373043060303,4.317975997924805
六配对压力 · 5 秒 · 768 尝试,pair_stratified,0.015,7,56,F_L-U_L,penetration,approach,False,False,23.081615567207336,23.081615567207336,7.167598247528076,7.167611598968506
六配对压力 · 5 秒 · 768 尝试,pair_stratified,0.015,7,57,F_L-U_R,penetration,approach,False,False,23.081839084625244,23.081839084625244,6.238104820251465,6.238143444061279
六配对压力 · 5 秒 · 768 尝试,pair_stratified,0.015,7,58,F_R-U_L,penetration,approach,False,False,23.081839084625244,23.081839084625244,6.213656902313232,6.213665008544922
六配对压力 · 5 秒 · 768 尝试,pair_stratified,0.015,7,59,F_R-U_R,penetration,approach,False,False,23.081615567207336,23.081615567207336,7.836718559265137,7.83667516708374
六配对压力 · 5 秒 · 768 尝试,pair_stratified,0.015,7,60,U_L-U_R,penetration,approach,False,False,23.08298647403717,23.08298647403717,5.4096999168396,5.40971565246582
六配对压力 · 5 秒 · 768 尝试,pair_stratified,0.015,7,61,F_L-F_R,penetration,recede,True,False,-2.482578158378601,12.304671108722687,5.5843377113342285,5.434629440307617
六配对压力 · 5 秒 · 768 尝试,pair_stratified,0.015,7,62,F_L-U_L,penetration,recede,False,False,23.08151125907898,23.08151125907898,7.8757710456848145,7.875779151916504
六配对压力 · 5 秒 · 768 尝试,pair_stratified,0.015,7,63,F_L-U_R,penetration,recede,False,False,23.081675171852112,23.081675171852112,6.300505638122559,6.263774394989014
六配对压力 · 延长到 10 秒,pair_stratified,0.015,0,0,F_L-F_R,warn,approach,False,False,4.404321312904358,15.36327600479126,6.2409820556640625,6.938314437866211
六配对压力 · 延长到 10 秒,pair_stratified,0.015,0,1,F_L-U_L,warn,approach,False,False,23.081839084625244,23.081839084625244,9.197029113769531,9.19705581665039
六配对压力 · 延长到 10 秒,pair_stratified,0.015,0,2,F_L-U_R,warn,approach,False,False,23.081764578819275,23.082002997398376,6.911429405212402,6.989808559417725
六配对压力 · 延长到 10 秒,pair_stratified,0.015,0,3,F_R-U_L,warn,approach,False,False,23.08177947998047,23.081481456756592,8.086910247802734,8.060566902160645
六配对压力 · 延长到 10 秒,pair_stratified,0.015,0,4,F_R-U_R,warn,approach,False,False,23.081868886947632,23.081660270690918,10.389348983764648,10.389171600341797
六配对压力 · 延长到 10 秒,pair_stratified,0.015,0,5,U_L-U_R,warn,approach,False,False,23.082971572875977,23.082971572875977,9.214614868164062,9.220254898071289
六配对压力 · 延长到 10 秒,pair_stratified,0.015,0,6,F_L-F_R,warn,recede,True,False,-1.4830529689788818,6.47938996553421,4.95959997177124,8.95455551147461
六配对压力 · 延长到 10 秒,pair_stratified,0.015,0,7,F_L-U_L,warn,recede,False,False,23.082032799720764,23.082032799720764,7.0715460777282715,7.071597099304199
六配对压力 · 延长到 10 秒,pair_stratified,0.015,0,8,F_L-U_R,warn,recede,False,False,23.082032799720764,23.082032799720764,5.640905857086182,5.641033172607422
六配对压力 · 延长到 10 秒,pair_stratified,0.015,0,9,F_R-U_L,warn,recede,False,False,23.0819433927536,23.0819433927536,5.4809136390686035,5.4809136390686035
六配对压力 · 延长到 10 秒,pair_stratified,0.015,0,10,F_R-U_R,warn,recede,False,False,23.08255434036255,23.082315921783447,11.652396202087402,11.831737518310547
六配对压力 · 延长到 10 秒,pair_stratified,0.015,0,11,U_L-U_R,warn,recede,False,False,23.083388805389404,23.083388805389404,10.280536651611328,10.93591022491455
六配对压力 · 延长到 10 秒,pair_stratified,0.015,0,12,F_L-F_R,warn,tangent,True,False,-8.579656481742859,13.866819441318512,9.891002655029297,5.436713695526123
六配对压力 · 延长到 10 秒,pair_stratified,0.015,0,13,F_L-U_L,warn,tangent,False,False,23.082539439201355,23.082539439201355,7.533722400665283,7.5338239669799805
六配对压力 · 延长到 10 秒,pair_stratified,0.015,0,14,F_L-U_R,warn,tangent,False,False,23.082509636878967,23.08252453804016,5.894848823547363,5.894857406616211
六配对压力 · 延长到 10 秒,pair_stratified,0.015,0,15,F_R-U_L,warn,tangent,False,False,23.08313548564911,23.08313548564911,5.863070011138916,5.863070011138916
六配对压力 · 延长到 10 秒,pair_stratified,0.015,0,16,F_R-U_R,warn,tangent,False,False,23.083046078681946,23.083046078681946,10.152002334594727,10.152006149291992
六配对压力 · 延长到 10 秒,pair_stratified,0.015,0,17,U_L-U_R,warn,tangent,False,False,23.083344101905823,23.083344101905823,5.12235164642334,5.526190280914307
六配对压力 · 延长到 10 秒,pair_stratified,0.015,0,18,F_L-F_R,near,approach,False,False,8.163563907146454,14.888755977153778,6.865016460418701,6.8149590492248535
六配对压力 · 延长到 10 秒,pair_stratified,0.015,0,19,F_L-U_L,near,approach,False,False,23.082852363586426,23.082822561264038,9.523283958435059,9.523284912109375
六配对压力 · 延长到 10 秒,pair_stratified,0.015,0,20,F_L-U_R,near,approach,False,False,23.082852363586426,23.082852363586426,6.944299221038818,6.944299221038818
六配对压力 · 延长到 10 秒,pair_stratified,0.015,0,21,F_R-U_L,near,approach,False,False,23.082852363586426,23.082852363586426,7.138030529022217,7.138028144836426
六配对压力 · 延长到 10 秒,pair_stratified,0.015,0,22,F_R-U_R,near,approach,False,False,23.082926869392395,23.08294177055359,10.436092376708984,10.440912246704102
六配对压力 · 延长到 10 秒,pair_stratified,0.015,0,23,U_L-U_R,near,approach,False,False,23.08318018913269,23.08318018913269,9.040547370910645,9.36424446105957
六配对压力 · 延长到 10 秒,pair_stratified,0.015,0,24,F_L-F_R,near,recede,True,False,-1.5737861394882202,12.487895786762238,5.732216835021973,5.668468475341797
六配对压力 · 延长到 10 秒,pair_stratified,0.015,0,25,F_L-U_L,near,recede,False,False,23.082256317138672,23.081988096237183,7.39005184173584,7.390032768249512
六配对压力 · 延长到 10 秒,pair_stratified,0.015,0,26,F_L-U_R,near,recede,False,False,23.082539439201355,23.082643747329712,6.067659854888916,6.067305564880371
六配对压力 · 延长到 10 秒,pair_stratified,0.015,0,27,F_R-U_L,near,recede,False,False,23.082464933395386,23.082464933395386,5.646917343139648,5.6469011306762695
六配对压力 · 延长到 10 秒,pair_stratified,0.015,0,28,F_R-U_R,near,recede,False,False,23.082301020622253,23.08240532875061,10.003984451293945,10.003986358642578
六配对压力 · 延长到 10 秒,pair_stratified,0.015,0,29,U_L-U_R,near,recede,False,False,23.083388805389404,23.083388805389404,5.04441499710083,5.350798606872559
六配对压力 · 延长到 10 秒,pair_stratified,0.015,0,30,F_L-F_R,near,tangent,False,False,3.281041979789734,12.368164956569672,3.6312685012817383,8.087546348571777
六配对压力 · 延长到 10 秒,pair_stratified,0.015,0,31,F_L-U_L,near,tangent,False,False,23.082002997398376,23.082002997398376,7.879587650299072,7.879627227783203
四臂同时运动 · 工作空间目标流,directed_all,0.015,8,0,,,,False,False,23.081883788108826,23.081883788108826,7.858849048614502,7.858854293823242
四臂同时运动 · 工作空间目标流,directed_all,0.015,8,1,,,,False,False,23.082002997398376,23.082002997398376,9.603228569030762,9.603184700012207
四臂同时运动 · 工作空间目标流,directed_all,0.015,8,2,,,,False,False,23.08163046836853,23.0817049741745,4.628452301025391,4.628476619720459
四臂同时运动 · 工作空间目标流,directed_all,0.015,8,3,,,,False,False,23.08177947998047,23.08177947998047,7.248934745788574,7.046529293060303
四臂同时运动 · 工作空间目标流,directed_all,0.015,8,4,,,,False,False,23.082077503204346,23.082077503204346,6.835015773773193,6.834778308868408
四臂同时运动 · 工作空间目标流,directed_all,0.015,8,5,,,,False,False,23.082971572875977,23.082971572875977,6.6466383934021,6.646617889404297
四臂同时运动 · 工作空间目标流,directed_all,0.015,8,6,,,,False,False,23.08163046836853,23.0817049741745,9.708406448364258,9.71665096282959
四臂同时运动 · 工作空间目标流,directed_all,0.015,8,7,,,,False,False,23.08189868927002,23.08189868927002,5.016720294952393,5.016672611236572
四臂同时运动 · 工作空间目标流,directed_all,0.015,8,8,,,,False,False,23.081496357917786,23.081496357917786,4.835679531097412,4.83571195602417
四臂同时运动 · 工作空间目标流,directed_all,0.015,8,9,,,,False,False,23.08216691017151,23.08216691017151,7.12769079208374,7.127693176269531
四臂同时运动 · 工作空间目标流,directed_all,0.015,8,10,,,,False,False,23.082584142684937,23.082584142684937,5.301767349243164,5.301667213439941
四臂同时运动 · 工作空间目标流,directed_all,0.015,8,11,,,,False,False,23.08274805545807,23.08274805545807,11.387025833129883,11.38892936706543
四臂同时运动 · 工作空间目标流,directed_all,0.015,8,12,,,,False,False,23.082569241523743,23.08259904384613,36.27494430541992,39.804893493652344
四臂同时运动 · 工作空间目标流,directed_all,0.015,8,13,,,,False,False,23.083388805389404,23.083388805389404,4.226168632507324,4.226181507110596
四臂同时运动 · 工作空间目标流,directed_all,0.015,8,14,,,,False,False,23.082643747329712,23.082569241523743,6.624486923217773,6.624484539031982
四臂同时运动 · 工作空间目标流,directed_all,0.015,8,15,,,,False,False,23.083314299583435,23.083314299583435,3.5031511783599854,4.613138198852539
四臂同时运动 · 工作空间目标流,directed_all,0.015,8,16,,,,False,False,13.204619288444519,13.456881046295166,29.654951095581055,29.43086814880371
四臂同时运动 · 工作空间目标流,directed_all,0.015,8,17,,,,False,False,23.083150386810303,23.083150386810303,5.545682430267334,5.545681953430176
四臂同时运动 · 工作空间目标流,directed_all,0.015,8,18,,,,False,False,23.08313548564911,23.083120584487915,4.811661243438721,4.81168270111084
四臂同时运动 · 工作空间目标流,directed_all,0.015,8,19,,,,False,False,16.151785850524902,15.743225812911987,35.23810958862305,36.61661911010742
四臂同时运动 · 工作空间目标流,directed_all,0.015,8,20,,,,False,False,23.082703351974487,23.08274805545807,7.102100849151611,7.151841640472412
四臂同时运动 · 工作空间目标流,directed_all,0.015,8,21,,,,False,False,23.082822561264038,23.082822561264038,11.130003929138184,11.129975318908691
四臂同时运动 · 工作空间目标流,directed_all,0.015,8,22,,,,False,False,23.082926869392395,23.082926869392395,8.042848587036133,8.042891502380371
四臂同时运动 · 工作空间目标流,directed_all,0.015,8,23,,,,False,False,23.082926869392395,23.082926869392395,5.44490909576416,5.444913864135742
四臂同时运动 · 工作空间目标流,directed_all,0.015,8,24,,,,False,False,12.626215815544128,14.881521463394165,25.96099090576172,29.219802856445312
四臂同时运动 · 工作空间目标流,directed_all,0.015,8,25,,,,False,False,23.082152009010315,23.082539439201355,6.8215508460998535,6.8207526206970215
四臂同时运动 · 工作空间目标流,directed_all,0.015,8,26,,,,False,False,23.08197319507599,23.08197319507599,10.79563045501709,10.79576587677002
四臂同时运动 · 工作空间目标流,directed_all,0.015,8,27,,,,False,False,11.736452579498291,14.93912935256958,29.250085830688477,29.76956558227539
四臂同时运动 · 工作空间目标流,directed_all,0.015,8,28,,,,False,False,23.083388805389404,23.083388805389404,5.610983371734619,4.497584819793701
四臂同时运动 · 工作空间目标流,directed_all,0.015,8,29,,,,False,False,23.082226514816284,23.082241415977478,6.409927845001221,6.409945964813232
四臂同时运动 · 工作空间目标流,directed_all,0.015,8,30,,,,False,False,23.082107305526733,23.082107305526733,9.32105827331543,9.321052551269531
四臂同时运动 · 工作空间目标流,directed_all,0.015,8,31,,,,False,False,23.081809282302856,23.081809282302856,33.338218688964844,33.24264907836914
四臂同时运动 · 工作空间目标流,l1_full,0.015,8,0,,,,False,False,23.081853985786438,23.081570863723755,36.42166519165039,35.27427673339844
四臂同时运动 · 工作空间目标流,l1_full,0.015,8,1,,,,False,False,23.081794381141663,23.081868886947632,26.818693161010742,27.07357406616211
四臂同时运动 · 工作空间目标流,l1_full,0.015,8,2,,,,False,False,23.081719875335693,23.082002997398376,25.763010025024414,24.751977920532227
四臂同时运动 · 工作空间目标流,l1_full,0.015,8,3,,,,True,True,18.86853575706482,21.498456597328186,30.313915252685547,29.557823181152344
四臂同时运动 · 工作空间目标流,l1_full,0.015,8,4,,,,True,False,-4.761584103107452,1.7742514610290527,23.507112503051758,23.980852127075195
四臂同时运动 · 工作空间目标流,l1_full,0.015,8,5,,,,False,False,23.08158576488495,23.081868886947632,21.589048385620117,19.951005935668945
四臂同时运动 · 工作空间目标流,l1_full,0.015,8,6,,,,False,False,23.081690073013306,23.08177947998047,27.3606014251709,28.377405166625977
四臂同时运动 · 工作空间目标流,l1_full,0.015,8,7,,,,False,False,23.082152009010315,23.082152009010315,27.067373275756836,25.79302978515625
四臂同时运动 · 工作空间目标流,l1_full,0.015,8,8,,,,False,False,23.081839084625244,23.081839084625244,22.094255447387695,27.54962921142578
四臂同时运动 · 工作空间目标流,l1_full,0.015,8,9,,,,False,False,17.798230051994324,19.149690866470337,27.33001136779785,27.022192001342773
四臂同时运动 · 工作空间目标流,l1_full,0.015,8,10,,,,False,False,23.08255434036255,23.08255434036255,24.154651641845703,28.87944221496582
四臂同时运动 · 工作空间目标流,l1_full,0.015,8,11,,,,False,False,14.537155628204346,15.257000923156738,34.29444885253906,32.54956817626953
四臂同时运动 · 工作空间目标流,l1_full,0.015,8,12,,,,False,False,23.082509636878967,23.082509636878967,27.135147094726562,28.15716552734375
四臂同时运动 · 工作空间目标流,l1_full,0.015,8,13,,,,False,False,9.065836668014526,16.88171923160553,32.3518180847168,33.61336898803711
四臂同时运动 · 工作空间目标流,l1_full,0.015,8,14,,,,False,True,9.348168969154358,20.317912101745605,27.20756721496582,35.554603576660156
四臂同时运动 · 工作空间目标流,l1_full,0.015,8,15,,,,False,False,23.082271218299866,23.082032799720764,30.8065128326416,27.469343185424805
四臂同时运动 · 工作空间目标流,l1_full,0.015,8,16,,,,False,False,23.082539439201355,23.082539439201355,26.406051635742188,28.20798110961914
四臂同时运动 · 工作空间目标流,l1_full,0.015,8,17,,,,True,True,23.08306097984314,23.08310568332672,27.016714096069336,26.909364700317383
四臂同时运动 · 工作空间目标流,l1_full,0.015,8,18,,,,False,False,16.50397479534149,23.082703351974487,23.58057403564453,21.899179458618164
四臂同时运动 · 工作空间目标流,l1_full,0.015,8,19,,,,True,False,-18.381044268608093,11.574164032936096,33.31060791015625,33.848594665527344
四臂同时运动 · 工作空间目标流,l1_full,0.015,8,20,,,,True,False,23.081853985786438,23.081853985786438,23.242481231689453,22.494503021240234
四臂同时运动 · 工作空间目标流,l1_full,0.015,8,21,,,,False,False,23.082807660102844,23.082926869392395,26.723979949951172,24.74696922302246
四臂同时运动 · 工作空间目标流,l1_full,0.015,8,22,,,,True,False,-24.18016642332077,9.178787469863892,25.044124603271484,28.818374633789062
四臂同时运动 · 工作空间目标流,l1_full,0.015,8,23,,,,False,True,23.082822561264038,23.082777857780457,31.32123374938965,33.9624137878418
四臂同时运动 · 工作空间目标流,l1_full,0.015,8,24,,,,False,False,0.16517937183380127,20.592927932739258,26.09730339050293,32.27810287475586
四臂同时运动 · 工作空间目标流,l1_full,0.015,8,25,,,,False,False,23.082435131072998,23.08259904384613,22.714677810668945,21.45814323425293
四臂同时运动 · 工作空间目标流,l1_full,0.015,8,26,,,,False,False,23.082464933395386,23.082464933395386,21.767322540283203,22.221284866333008
四臂同时运动 · 工作空间目标流,l1_full,0.015,8,27,,,,False,False,13.11945915222168,17.536252737045288,35.18064880371094,35.29973220825195
四臂同时运动 · 工作空间目标流,l1_full,0.015,8,28,,,,True,True,12.426167726516724,16.18984341621399,24.733774185180664,28.034759521484375
四臂同时运动 · 工作空间目标流,l1_full,0.015,8,29,,,,False,False,22.763758897781372,17.56371557712555,29.46799659729004,29.156064987182617
四臂同时运动 · 工作空间目标流,l1_full,0.015,8,30,,,,False,False,23.08177947998047,23.081928491592407,23.154006958007812,22.99869155883789
四臂同时运动 · 工作空间目标流,l1_full,0.015,8,31,,,,False,False,20.35665512084961,23.081719875335693,26.81607437133789,26.45099639892578
纯 IID 均匀随机 · 10 秒,uniform_random,0.005,8,0,,,,False,False,23.08174967765808,23.08174967765808,9.719191551208496,9.719191551208496
纯 IID 均匀随机 · 10 秒,uniform_random,0.005,8,1,,,,False,False,23.081660270690918,23.081660270690918,9.876420974731445,9.876420974731445
纯 IID 均匀随机 · 10 秒,uniform_random,0.005,8,2,,,,False,False,23.08174967765808,23.08174967765808,9.966711044311523,9.966711044311523
纯 IID 均匀随机 · 10 秒,uniform_random,0.005,8,3,,,,False,False,23.081421852111816,23.081421852111816,9.57896614074707,9.57896614074707
纯 IID 均匀随机 · 10 秒,uniform_random,0.005,8,4,,,,False,False,23.08177947998047,23.08177947998047,9.632050514221191,9.632050514221191
纯 IID 均匀随机 · 10 秒,uniform_random,0.005,8,5,,,,False,False,23.081496357917786,23.081496357917786,9.680001258850098,9.680001258850098
纯 IID 均匀随机 · 10 秒,uniform_random,0.005,8,6,,,,False,False,23.081645369529724,23.081645369529724,9.730415344238281,9.730415344238281
纯 IID 均匀随机 · 10 秒,uniform_random,0.005,8,7,,,,False,False,23.08151125907898,23.08151125907898,10.012939453125,10.012939453125
纯 IID 均匀随机 · 10 秒,uniform_random,0.005,8,8,,,,False,False,23.081466555595398,23.081466555595398,10.06409740447998,10.06409740447998
纯 IID 均匀随机 · 10 秒,uniform_random,0.005,8,9,,,,False,False,23.08182418346405,23.08182418346405,9.814053535461426,9.814053535461426
纯 IID 均匀随机 · 10 秒,uniform_random,0.005,8,10,,,,False,False,23.082420229911804,23.082420229911804,9.678208351135254,9.678208351135254
纯 IID 均匀随机 · 10 秒,uniform_random,0.005,8,11,,,,False,False,23.082375526428223,23.082375526428223,9.80648422241211,9.80648422241211
纯 IID 均匀随机 · 10 秒,uniform_random,0.005,8,12,,,,False,False,23.082420229911804,23.082420229911804,9.694146156311035,9.694146156311035
纯 IID 均匀随机 · 10 秒,uniform_random,0.005,8,13,,,,False,False,23.08247983455658,23.08247983455658,10.1075439453125,10.1075439453125
纯 IID 均匀随机 · 10 秒,uniform_random,0.005,8,14,,,,False,False,23.082494735717773,23.082494735717773,9.58388900756836,9.58388900756836
纯 IID 均匀随机 · 10 秒,uniform_random,0.005,8,15,,,,False,False,23.08310568332672,23.08310568332672,9.76517105102539,9.76517105102539
纯 IID 均匀随机 · 10 秒,uniform_random,0.005,8,16,,,,False,False,23.083046078681946,23.083046078681946,9.975890159606934,9.975890159606934
纯 IID 均匀随机 · 10 秒,uniform_random,0.005,8,17,,,,False,False,23.08310568332672,23.08310568332672,9.625849723815918,9.625849723815918
纯 IID 均匀随机 · 10 秒,uniform_random,0.005,8,18,,,,False,False,23.08298647403717,23.08298647403717,9.873695373535156,9.873695373535156
纯 IID 均匀随机 · 10 秒,uniform_random,0.005,8,19,,,,False,False,23.082971572875977,23.082971572875977,9.471333503723145,9.471333503723145
纯 IID 均匀随机 · 10 秒,uniform_random,0.005,8,20,,,,False,False,23.082837462425232,23.082837462425232,9.804614067077637,9.804614067077637
纯 IID 均匀随机 · 10 秒,uniform_random,0.005,8,21,,,,False,False,23.082882165908813,23.082882165908813,9.821342468261719,9.821342468261719
纯 IID 均匀随机 · 10 秒,uniform_random,0.005,8,22,,,,False,False,23.082837462425232,23.082837462425232,9.586448669433594,9.586448669433594
纯 IID 均匀随机 · 10 秒,uniform_random,0.005,8,23,,,,False,False,23.082733154296875,23.082733154296875,9.86064624786377,9.86064624786377
纯 IID 均匀随机 · 10 秒,uniform_random,0.005,8,24,,,,False,False,23.082837462425232,23.082837462425232,9.613768577575684,9.613768577575684
纯 IID 均匀随机 · 10 秒,uniform_random,0.005,8,25,,,,False,False,23.082435131072998,23.082435131072998,9.791876792907715,9.791876792907715
纯 IID 均匀随机 · 10 秒,uniform_random,0.005,8,26,,,,False,False,23.082420229911804,23.082420229911804,10.1139554977417,10.1139554977417
纯 IID 均匀随机 · 10 秒,uniform_random,0.005,8,27,,,,False,False,23.082494735717773,23.082494735717773,9.511017799377441,9.511017799377441
纯 IID 均匀随机 · 10 秒,uniform_random,0.005,8,28,,,,False,False,23.08236062526703,23.08236062526703,9.73869800567627,9.73869800567627
纯 IID 均匀随机 · 10 秒,uniform_random,0.005,8,29,,,,False,False,23.082494735717773,23.082494735717773,9.663893699645996,9.663893699645996
纯 IID 均匀随机 · 10 秒,uniform_random,0.005,8,30,,,,False,False,23.081541061401367,23.081541061401367,9.864727973937988,9.864727973937988
纯 IID 均匀随机 · 10 秒,uniform_random,0.005,8,31,,,,False,False,23.081690073013306,23.081690073013306,9.872733116149902,9.872733116149902
纯 IID 均匀随机 · 10 秒,uniform_random,0.015,8,0,,,,False,False,23.081541061401367,23.081541061401367,28.594768524169922,28.555017471313477
纯 IID 均匀随机 · 10 秒,uniform_random,0.015,8,1,,,,False,False,23.081719875335693,23.081347346305847,28.74385643005371,28.69594383239746
纯 IID 均匀随机 · 10 秒,uniform_random,0.015,8,2,,,,False,False,23.081868886947632,23.0817049741745,28.96154022216797,28.886474609375
纯 IID 均匀随机 · 10 秒,uniform_random,0.015,8,3,,,,False,False,23.081541061401367,23.081734776496887,28.004621505737305,27.984256744384766
纯 IID 均匀随机 · 10 秒,uniform_random,0.015,8,4,,,,False,False,23.081660270690918,23.081526160240173,29.09140968322754,29.031415939331055
纯 IID 均匀随机 · 10 秒,uniform_random,0.015,8,5,,,,False,False,23.081526160240173,23.081541061401367,28.44405174255371,28.416824340820312
纯 IID 均匀随机 · 10 秒,uniform_random,0.015,8,6,,,,False,False,23.081570863723755,23.08174967765808,28.322006225585938,28.260644912719727
纯 IID 均匀随机 · 10 秒,uniform_random,0.015,8,7,,,,False,False,23.081660270690918,23.081660270690918,28.975614547729492,28.900632858276367
纯 IID 均匀随机 · 10 秒,uniform_random,0.015,8,8,,,,False,False,23.081496357917786,23.081421852111816,28.973182678222656,28.927818298339844
纯 IID 均匀随机 · 10 秒,uniform_random,0.015,8,9,,,,False,False,23.081690073013306,23.081600666046143,28.283369064331055,28.251453399658203
纯 IID 均匀随机 · 10 秒,uniform_random,0.015,8,10,,,,False,False,23.082181811332703,23.082196712493896,29.077754974365234,28.979625701904297
纯 IID 均匀随机 · 10 秒,uniform_random,0.015,8,11,,,,False,False,23.08236062526703,23.082315921783447,28.520490646362305,28.49847412109375
纯 IID 均匀随机 · 10 秒,uniform_random,0.015,8,12,,,,False,False,23.08240532875061,23.082569241523743,28.10725975036621,28.01704978942871
纯 IID 均匀随机 · 10 秒,uniform_random,0.015,8,13,,,,False,False,23.082315921783447,23.082345724105835,28.503503799438477,28.479469299316406
纯 IID 均匀随机 · 10 秒,uniform_random,0.015,8,14,,,,False,False,23.082420229911804,23.082375526428223,28.950756072998047,28.920114517211914
纯 IID 均匀随机 · 10 秒,uniform_random,0.015,8,15,,,,False,False,23.082762956619263,23.082837462425232,29.478227615356445,29.449268341064453
纯 IID 均匀随机 · 10 秒,uniform_random,0.015,8,16,,,,False,False,23.08294177055359,23.082897067070007,29.11806297302246,29.101383209228516
纯 IID 均匀随机 · 10 秒,uniform_random,0.015,8,17,,,,False,False,23.083150386810303,23.083120584487915,27.94939422607422,27.908580780029297
纯 IID 均匀随机 · 10 秒,uniform_random,0.015,8,18,,,,False,False,23.082926869392395,23.083046078681946,28.835805892944336,28.786334991455078
纯 IID 均匀随机 · 10 秒,uniform_random,0.015,8,19,,,,False,False,23.082464933395386,23.082420229911804,27.809478759765625,27.77487564086914
纯 IID 均匀随机 · 10 秒,uniform_random,0.015,8,20,,,,False,False,23.08274805545807,23.082643747329712,28.70868682861328,28.5330867767334
纯 IID 均匀随机 · 10 秒,uniform_random,0.015,8,21,,,,False,False,23.082703351974487,23.082703351974487,29.176565170288086,29.164642333984375
纯 IID 均匀随机 · 10 秒,uniform_random,0.015,8,22,,,,False,False,23.082822561264038,23.082837462425232,29.116134643554688,29.043567657470703
纯 IID 均匀随机 · 10 秒,uniform_random,0.015,8,23,,,,False,False,23.082822561264038,23.08286726474762,29.02345848083496,29.00900650024414
纯 IID 均匀随机 · 10 秒,uniform_random,0.015,8,24,,,,False,False,23.082688450813293,23.082613945007324,28.378175735473633,28.34975242614746
纯 IID 均匀随机 · 10 秒,uniform_random,0.015,8,25,,,,False,False,23.081526160240173,23.082107305526733,28.694950103759766,28.62670135498047
纯 IID 均匀随机 · 10 秒,uniform_random,0.015,8,26,,,,False,False,23.082509636878967,23.082450032234192,28.755033493041992,28.712316513061523
纯 IID 均匀随机 · 10 秒,uniform_random,0.015,8,27,,,,False,False,23.08236062526703,23.082509636878967,28.373191833496094,28.344675064086914
纯 IID 均匀随机 · 10 秒,uniform_random,0.015,8,28,,,,False,False,23.082420229911804,23.082375526428223,28.86241912841797,28.83205223083496
纯 IID 均匀随机 · 10 秒,uniform_random,0.015,8,29,,,,False,False,23.08213710784912,23.08236062526703,29.434066772460938,29.414064407348633
纯 IID 均匀随机 · 10 秒,uniform_random,0.015,8,30,,,,False,False,23.081675171852112,23.08174967765808,28.301830291748047,28.27505874633789
纯 IID 均匀随机 · 10 秒,uniform_random,0.015,8,31,,,,False,False,23.081481456756592,23.08155596256256,29.401885986328125,29.386390686035156
