[Info] [carb] Logging to file: /mnt/nas/data/lyf/double_hand/safety_verified_fallback_20261010_0352/astra_full74_camera_repair_development_v1/env002_FR_native_entry_v6_attempt1/logs/kit.log
2026-10-10T05:06:14Z [283ms] [Warning] [carb.windowing-glfw.plugin] GLFW initialization failed.
2026-10-10T05:06:14Z [283ms] [Warning] [carb] Failed to startup plugin carb.windowing-glfw.plugin (interfaces: [carb::windowing::IGLContext v1.0],[carb::windowing::IWindowing v1.5]) (impl: carb.windowing-glfw.plugin)
2026-10-10T05:06:14Z [309ms] [Warning] [omni.platforminfo.plugin] failed to open the default display.  Can't verify X Server version.
2026-10-10T05:06:14Z [314ms] [Warning] [carb.cudainterop.plugin] CUDA_VISIBLE_DEVICES environment variable is set.
2026-10-10T05:06:14Z [314ms] [Warning] [carb.cudainterop.plugin] Note CUDA device enumeration and Omniverse device enumeration are different.
2026-10-10T05:06:14Z [314ms] [Warning] [carb.cudainterop.plugin] Setting CUDA_VISIBLE_DEVICES can lead to undesired behavior or crashes.
2026-10-10T05:06:14Z [542ms] [Warning] [carb.windowing-glfw.plugin] GLFW initialization failed.
2026-10-10T05:06:14Z [542ms] [Warning] [carb] Failed to startup plugin carb.windowing-glfw.plugin (interfaces: [carb::windowing::IGLContext v1.0],[carb::windowing::IWindowing v1.5]) (impl: carb.windowing-glfw.plugin)
2026-10-10T05:06:15Z [705ms] [Warning] [gpu.foundation.plugin] Skipping NVIDIA GPU due CUDA being in bad state: NVIDIA GeForce RTX 5090
2026-10-10T05:06:15Z [705ms] [Warning] [gpu.foundation.plugin] Please restart your system if CUDA is known to work in your system.
2026-10-10T05:06:15Z [706ms] [Warning] [gpu.foundation.plugin] Skipping NVIDIA GPU due CUDA being in bad state: NVIDIA GeForce RTX 5090
2026-10-10T05:06:15Z [706ms] [Warning] [gpu.foundation.plugin] Please restart your system if CUDA is known to work in your system.

|---------------------------------------------------------------------------------------------|
| Driver Version: 570.124.06    | Graphics API: Vulkan
|=============================================================================================|
| GPU | Name                             | Active | LDA | GPU Memory | Vendor-ID | LUID       |
|     |                                  |        |     |            | Device-ID | UUID       |
|     |                                  |        |     |            | Bus-ID    |            |
|---------------------------------------------------------------------------------------------|
| 0   | NVIDIA GeForce RTX 5090          |        |     | 32607   MB | 10de      | 0          |
|     |                                  |        |     |            | 2b85      | b129224c.. |
|     |                                  |        |     |            | 41        |            |
|---------------------------------------------------------------------------------------------|
| 1   | NVIDIA GeForce RTX 5090          | Yes: 0 |     | 32607   MB | 10de      | 0          |
|     |                                  |        |     |            | 2b85      | 828bb172.. |
|     |                                  |        |     |            | 81        |            |
|=============================================================================================|
| OS: 22.04.5 LTS (Jammy Jellyfish) ubuntu, Version: 22.04.5, Kernel: 6.8.0-138-generic
| Processor: AMD Ryzen Threadripper 7960X 24-Cores
| Cores: 24 | Logical Cores: 48
|---------------------------------------------------------------------------------------------|
| Total Memory (MB): 257228 | Free Memory: 51779
| Total Page/Swap (MB): 131071 | Free Page/Swap: 0
|---------------------------------------------------------------------------------------------|
2026-10-10T05:06:15Z [1,154ms] [Warning] [gpu.foundation.plugin] IOMMU is enabled.
2026-10-10T05:06:15Z [1,154ms] [Warning] [gpu.foundation.plugin] Detected IOMMU is enabled. Running CUDA peer-to-peer bandwidth and latency validation.
Unidirectional P2P=Enabled Bandwidth (P2P Writes) Matrix (GB/s)
   D\D     0 
     0 1538.75 
P2P=Enabled Latency (P2P Writes) Matrix (us)
   GPU     0 
     0   2.06 

   CPU     0 
     0   1.85 
2026-10-10T05:06:15Z [1,570ms] [Error] [omni.ext._impl.custom_importer] Failed to import python module omni.kit.test. Error: /lib/x86_64-linux-gnu/libstdc++.so.6: version `CXXABI_1.3.15' not found (required by /home/liyufeng/miniforge3/envs/safeduo/lib/python3.11/lib-dynload/../.././libicui18n.so.78). Traceback:
Traceback (most recent call last):
  File "/home/liyufeng/miniforge3/envs/safeduo/lib/python3.11/site-packages/isaacsim/kit/kernel/py/omni/ext/_impl/custom_importer.py", line 85, in import_module
    return importlib.import_module(name)
           ^^^^^^^^^^^^^^^^^^^^^^^^^^^^^
  File "/home/liyufeng/miniforge3/envs/safeduo/lib/python3.11/importlib/__init__.py", line 126, in import_module
    return _bootstrap._gcd_import(name[level:], package, level)
           ^^^^^^^^^^^^^^^^^^^^^^^^^^^^^^^^^^^^^^^^^^^^^^^^^^^^
  File "<frozen importlib._bootstrap>", line 1204, in _gcd_import
  File "<frozen importlib._bootstrap>", line 1176, in _find_and_load
  File "<frozen importlib._bootstrap>", line 1147, in _find_and_load_unlocked
  File "<frozen importlib._bootstrap>", line 690, in _load_unlocked
  File "<frozen importlib._bootstrap_external>", line 940, in exec_module
  File "<frozen importlib._bootstrap>", line 241, in _call_with_frames_removed
  File "/home/liyufeng/miniforge3/envs/safeduo/lib/python3.11/site-packages/isaacsim/extscache/omni.kit.test-2.0.1+69cbf6ad.lx64.r.cp311/omni/kit/test/__init__.py", line 7, in <module>
    from . import unittests
  File "/home/liyufeng/miniforge3/envs/safeduo/lib/python3.11/site-packages/isaacsim/extscache/omni.kit.test-2.0.1+69cbf6ad.lx64.r.cp311/omni/kit/test/unittests.py", line 21, in <module>
    from .async_unittest import AsyncTestSuite, AsyncTextTestRunner, OmniTestResult, AsyncTestCase
  File "/home/liyufeng/miniforge3/envs/safeduo/lib/python3.11/site-packages/isaacsim/extscache/omni.kit.test-2.0.1+69cbf6ad.lx64.r.cp311/omni/kit/test/async_unittest.py", line 25, in <module>
    from .reporter import TestReporter
  File "/home/liyufeng/miniforge3/envs/safeduo/lib/python3.11/site-packages/isaacsim/extscache/omni.kit.test-2.0.1+69cbf6ad.lx64.r.cp311/omni/kit/test/reporter.py", line 27, in <module>
    from .test_coverage import generate_coverage_report
  File "/home/liyufeng/miniforge3/envs/safeduo/lib/python3.11/site-packages/isaacsim/extscache/omni.kit.test-2.0.1+69cbf6ad.lx64.r.cp311/omni/kit/test/test_coverage.py", line 10, in <module>
    import coverage
  File "/home/liyufeng/miniforge3/envs/safeduo/lib/python3.11/site-packages/coverage/__init__.py", line 24, in <module>
    from coverage.control import (
  File "/home/liyufeng/miniforge3/envs/safeduo/lib/python3.11/site-packages/coverage/control.py", line 28, in <module>
    from coverage.collector import Collector, HAS_CTRACER
  File "/home/liyufeng/miniforge3/envs/safeduo/lib/python3.11/site-packages/coverage/collector.py", line 19, in <module>
    from coverage.data import CoverageData
  File "/home/liyufeng/miniforge3/envs/safeduo/lib/python3.11/site-packages/coverage/data.py", line 24, in <module>
    from coverage.sqldata import CoverageData
  File "/home/liyufeng/miniforge3/envs/safeduo/lib/python3.11/site-packages/coverage/sqldata.py", line 16, in <module>
    import sqlite3
  File "/home/liyufeng/miniforge3/envs/safeduo/lib/python3.11/sqlite3/__init__.py", line 57, in <module>
    from sqlite3.dbapi2 import *
  File "/home/liyufeng/miniforge3/envs/safeduo/lib/python3.11/sqlite3/dbapi2.py", line 27, in <module>
    from _sqlite3 import *
ImportError: /lib/x86_64-linux-gnu/libstdc++.so.6: version `CXXABI_1.3.15' not found (required by /home/liyufeng/miniforge3/envs/safeduo/lib/python3.11/lib-dynload/../.././libicui18n.so.78)

2026-10-10T05:06:15Z [1,570ms] [Error] [carb.scripting-python.plugin] Exception: Extension python module: 'omni.kit.test' in '/home/liyufeng/miniforge3/envs/safeduo/lib/python3.11/site-packages/isaacsim/extscache/omni.kit.test-2.0.1+69cbf6ad.lx64.r.cp311' failed to load.

At:
  /home/liyufeng/miniforge3/envs/safeduo/lib/python3.11/site-packages/isaacsim/kit/kernel/py/omni/ext/_impl/_internal.py(222): startup
  /home/liyufeng/miniforge3/envs/safeduo/lib/python3.11/site-packages/isaacsim/kit/kernel/py/omni/ext/_impl/_internal.py(337): startup_extension
  PythonExtension.cpp::startup()(2): <module>
  /home/liyufeng/miniforge3/envs/safeduo/lib/python3.11/site-packages/isaacsim/exts/isaacsim.simulation_app/isaacsim/simulation_app/simulation_app.py(534): _start_app
  /home/liyufeng/miniforge3/envs/safeduo/lib/python3.11/site-packages/isaacsim/exts/isaacsim.simulation_app/isaacsim/simulation_app/simulation_app.py(270): __init__
  /home/liyufeng/safeduo_isaaclab/source/isaaclab/isaaclab/app/app_launcher.py(851): _create_app
  /home/liyufeng/safeduo_isaaclab/source/isaaclab/isaaclab/app/app_launcher.py(131): __init__
  /home/liyufeng/safeduo/artifacts/safety_verified_fallback_20261010_0352/native_camera_repair_v6/native_camera_repair_entry_v2.py(90): main
  /home/liyufeng/safeduo/artifacts/safety_verified_fallback_20261010_0352/native_camera_repair_v6/native_camera_repair_entry_v2.py(121): <module>

2026-10-10T05:06:15Z [1,570ms] [Error] [omni.ext.plugin] [ext: omni.kit.test-2.0.1] Failed to startup python extension.
2026-10-10T05:06:16Z [1,918ms] [Warning] [carb.windowing-glfw.plugin] GLFW initialization failed.
2026-10-10T05:06:16Z [1,918ms] [Warning] [carb] Failed to startup plugin carb.windowing-glfw.plugin (interfaces: [carb::windowing::IGLContext v1.0],[carb::windowing::IWindowing v1.5]) (impl: carb.windowing-glfw.plugin)
2026-10-10T05:06:16Z [2,162ms] [Warning] [carb.windowing-glfw.plugin] GLFW initialization failed.
2026-10-10T05:06:16Z [2,162ms] [Warning] [carb] Failed to startup plugin carb.windowing-glfw.plugin (interfaces: [carb::windowing::IGLContext v1.0],[carb::windowing::IWindowing v1.5]) (impl: carb.windowing-glfw.plugin)
2026-10-10T05:06:16Z [2,170ms] [Warning] [carb.windowing-glfw.plugin] GLFW initialization failed.
2026-10-10T05:06:16Z [2,170ms] [Warning] [carb] Failed to startup plugin carb.windowing-glfw.plugin (interfaces: [carb::windowing::IGLContext v1.0],[carb::windowing::IWindowing v1.5]) (impl: carb.windowing-glfw.plugin)
2026-10-10T05:06:16Z [2,179ms] [Warning] [carb.windowing-glfw.plugin] GLFW initialization failed.
2026-10-10T05:06:16Z [2,179ms] [Warning] [carb] Failed to startup plugin carb.windowing-glfw.plugin (interfaces: [carb::windowing::IGLContext v1.0],[carb::windowing::IWindowing v1.5]) (impl: carb.windowing-glfw.plugin)
2026-10-10T05:06:16Z [2,181ms] [Warning] [carb.windowing-glfw.plugin] GLFW initialization failed.
2026-10-10T05:06:16Z [2,181ms] [Warning] [carb] Failed to startup plugin carb.windowing-glfw.plugin (interfaces: [carb::windowing::IGLContext v1.0],[carb::windowing::IWindowing v1.5]) (impl: carb.windowing-glfw.plugin)
2026-10-10T05:06:16Z [2,181ms] [Warning] [carb.windowing-glfw.plugin] GLFW initialization failed.
2026-10-10T05:06:16Z [2,181ms] [Warning] [carb] Failed to startup plugin carb.windowing-glfw.plugin (interfaces: [carb::windowing::IGLContext v1.0],[carb::windowing::IWindowing v1.5]) (impl: carb.windowing-glfw.plugin)
2026-10-10T05:06:16Z [2,491ms] [Warning] [omni.log] Source: omni.hydra was already registered.
2026-10-10T05:06:17Z [2,652ms] [Error] [omni.graph.tools._impl.internal.extension_contents_1_18] Exception while importing test omni.graph.scriptnode.ogn.tests.TestOgnScriptNode: Traceback (most recent call last):
  File "/home/liyufeng/miniforge3/envs/safeduo/lib/python3.11/site-packages/isaacsim/extscache/omni.graph.tools-1.79.2+69cbf6ad/omni/graph/tools/_impl/internal/extension_contents_1_18.py", line 394, in do_import_test_definition
    test_module = load_module_from_file(test_module_name, test_file)
                  ^^^^^^^^^^^^^^^^^^^^^^^^^^^^^^^^^^^^^^^^^^^^^^^^^^
  File "/home/liyufeng/miniforge3/envs/safeduo/lib/python3.11/site-packages/isaacsim/extscache/omni.graph.tools-1.79.2+69cbf6ad/omni/graph/tools/_impl/internal/file_utils.py", line 239, in load_module_from_file
    spec.loader.exec_module(module)
  File "<frozen importlib._bootstrap_external>", line 940, in exec_module
  File "<frozen importlib._bootstrap>", line 241, in _call_with_frames_removed
  File "/home/liyufeng/miniforge3/envs/safeduo/lib/python3.11/site-packages/isaacsim/extscache/omni.graph.scriptnode-1.50.0+107.3.0/omni/graph/scriptnode/ogn/tests/TestOgnScriptNode.py", line 4, in <module>
    import omni.graph.core.tests as ogts
  File "/home/liyufeng/miniforge3/envs/safeduo/lib/python3.11/site-packages/isaacsim/extscache/omni.graph-1.141.2+69cbf6ad.lx64.r.cp311/omni/graph/core/tests/__init__.py", line 20, in <module>
    from .omnigraph_test_utils import OmniGraphTestCase
  File "/home/liyufeng/miniforge3/envs/safeduo/lib/python3.11/site-packages/isaacsim/extscache/omni.graph-1.141.2+69cbf6ad.lx64.r.cp311/omni/graph/core/tests/omnigraph_test_utils.py", line 198, in <module>
    OmniGraphTestCase = test_case_class()
                        ^^^^^^^^^^^^^^^^^
  File "/home/liyufeng/miniforge3/envs/safeduo/lib/python3.11/site-packages/isaacsim/extscache/omni.graph-1.141.2+69cbf6ad.lx64.r.cp311/omni/graph/core/tests/omnigraph_test_utils.py", line 135, in test_case_class
    base_class = omni.kit.test.AsyncTestCase
                 ^^^^^^^^^^^^^
AttributeError: module 'omni.kit' has no attribute 'test'

2026-10-10T05:06:17Z [2,977ms] [Warning] [carb] Acquiring non optional plugin interface which is not listed as dependency: [omni::physx::IPhysxBenchmarks v1.0] (plugin: <default plugin>), by client: omni.physics.physx.plugin. Add it to CARB_PLUGIN_IMPL_DEPS() macro of a client.
2026-10-10T05:06:17Z [2,996ms] [Warning] [omni.isaac.dynamic_control] omni.isaac.dynamic_control is deprecated as of Isaac Sim 4.5. No action is needed from end-users.
2026-10-10T05:06:17Z [3,377ms] [Error] [omni.graph.tools._impl.internal.extension_contents_1_18] Exception while importing test omni.graph.action_nodes.ogn.tests.TestOgnOnImpulseEvent: Traceback (most recent call last):
  File "/home/liyufeng/miniforge3/envs/safeduo/lib/python3.11/site-packages/isaacsim/extscache/omni.graph.tools-1.79.2+69cbf6ad/omni/graph/tools/_impl/internal/extension_contents_1_18.py", line 394, in do_import_test_definition
    test_module = load_module_from_file(test_module_name, test_file)
                  ^^^^^^^^^^^^^^^^^^^^^^^^^^^^^^^^^^^^^^^^^^^^^^^^^^
  File "/home/liyufeng/miniforge3/envs/safeduo/lib/python3.11/site-packages/isaacsim/extscache/omni.graph.tools-1.79.2+69cbf6ad/omni/graph/tools/_impl/internal/file_utils.py", line 239, in load_module_from_file
    spec.loader.exec_module(module)
  File "<frozen importlib._bootstrap_external>", line 940, in exec_module
  File "<frozen importlib._bootstrap>", line 241, in _call_with_frames_removed
  File "/home/liyufeng/miniforge3/envs/safeduo/lib/python3.11/site-packages/isaacsim/extscache/omni.graph.action_nodes-1.50.4+107.3.0.lx64.r.cp311.u353/omni/graph/action_nodes/ogn/tests/TestOgnOnImpulseEvent.py", line 4, in <module>
    import omni.graph.core.tests as ogts
  File "/home/liyufeng/miniforge3/envs/safeduo/lib/python3.11/site-packages/isaacsim/extscache/omni.graph-1.141.2+69cbf6ad.lx64.r.cp311/omni/graph/core/tests/__init__.py", line 20, in <module>
    from .omnigraph_test_utils import OmniGraphTestCase
  File "/home/liyufeng/miniforge3/envs/safeduo/lib/python3.11/site-packages/isaacsim/extscache/omni.graph-1.141.2+69cbf6ad.lx64.r.cp311/omni/graph/core/tests/omnigraph_test_utils.py", line 198, in <module>
    OmniGraphTestCase = test_case_class()
                        ^^^^^^^^^^^^^^^^^
  File "/home/liyufeng/miniforge3/envs/safeduo/lib/python3.11/site-packages/isaacsim/extscache/omni.graph-1.141.2+69cbf6ad.lx64.r.cp311/omni/graph/core/tests/omnigraph_test_utils.py", line 135, in test_case_class
    base_class = omni.kit.test.AsyncTestCase
                 ^^^^^^^^^^^^^
AttributeError: cannot access submodule 'test' of module 'omni.kit' (most likely due to a circular import)

2026-10-10T05:06:17Z [3,379ms] [Error] [omni.graph.tools._impl.internal.extension_contents_1_18] Exception while importing test omni.graph.action_nodes.ogn.tests.TestOgnOnKeyboardInput: Traceback (most recent call last):
  File "/home/liyufeng/miniforge3/envs/safeduo/lib/python3.11/site-packages/isaacsim/extscache/omni.graph.tools-1.79.2+69cbf6ad/omni/graph/tools/_impl/internal/extension_contents_1_18.py", line 394, in do_import_test_definition
    test_module = load_module_from_file(test_module_name, test_file)
                  ^^^^^^^^^^^^^^^^^^^^^^^^^^^^^^^^^^^^^^^^^^^^^^^^^^
  File "/home/liyufeng/miniforge3/envs/safeduo/lib/python3.11/site-packages/isaacsim/extscache/omni.graph.tools-1.79.2+69cbf6ad/omni/graph/tools/_impl/internal/file_utils.py", line 239, in load_module_from_file
    spec.loader.exec_module(module)
  File "<frozen importlib._bootstrap_external>", line 940, in exec_module
  File "<frozen importlib._bootstrap>", line 241, in _call_with_frames_removed
  File "/home/liyufeng/miniforge3/envs/safeduo/lib/python3.11/site-packages/isaacsim/extscache/omni.graph.action_nodes-1.50.4+107.3.0.lx64.r.cp311.u353/omni/graph/action_nodes/ogn/tests/TestOgnOnKeyboardInput.py", line 4, in <module>
    import omni.graph.core.tests as ogts
ImportError: cannot import name 'tests' from 'omni.graph.core' (/home/liyufeng/miniforge3/envs/safeduo/lib/python3.11/site-packages/isaacsim/extscache/omni.graph-1.141.2+69cbf6ad.lx64.r.cp311/omni/graph/core/__init__.py)

2026-10-10T05:06:17Z [3,381ms] [Error] [omni.graph.tools._impl.internal.extension_contents_1_18] Exception while importing test omni.graph.action_nodes.ogn.tests.TestOgnOnMessageBusEvent: Traceback (most recent call last):
  File "/home/liyufeng/miniforge3/envs/safeduo/lib/python3.11/site-packages/isaacsim/extscache/omni.graph.tools-1.79.2+69cbf6ad/omni/graph/tools/_impl/internal/extension_contents_1_18.py", line 394, in do_import_test_definition
    test_module = load_module_from_file(test_module_name, test_file)
                  ^^^^^^^^^^^^^^^^^^^^^^^^^^^^^^^^^^^^^^^^^^^^^^^^^^
  File "/home/liyufeng/miniforge3/envs/safeduo/lib/python3.11/site-packages/isaacsim/extscache/omni.graph.tools-1.79.2+69cbf6ad/omni/graph/tools/_impl/internal/file_utils.py", line 239, in load_module_from_file
    spec.loader.exec_module(module)
  File "<frozen importlib._bootstrap_external>", line 940, in exec_module
  File "<frozen importlib._bootstrap>", line 241, in _call_with_frames_removed
  File "/home/liyufeng/miniforge3/envs/safeduo/lib/python3.11/site-packages/isaacsim/extscache/omni.graph.action_nodes-1.50.4+107.3.0.lx64.r.cp311.u353/omni/graph/action_nodes/ogn/tests/TestOgnOnMessageBusEvent.py", line 4, in <module>
    import omni.graph.core.tests as ogts
  File "/home/liyufeng/miniforge3/envs/safeduo/lib/python3.11/site-packages/isaacsim/extscache/omni.graph-1.141.2+69cbf6ad.lx64.r.cp311/omni/graph/core/tests/__init__.py", line 20, in <module>
    from .omnigraph_test_utils import OmniGraphTestCase
  File "/home/liyufeng/miniforge3/envs/safeduo/lib/python3.11/site-packages/isaacsim/extscache/omni.graph-1.141.2+69cbf6ad.lx64.r.cp311/omni/graph/core/tests/omnigraph_test_utils.py", line 198, in <module>
    OmniGraphTestCase = test_case_class()
                        ^^^^^^^^^^^^^^^^^
  File "/home/liyufeng/miniforge3/envs/safeduo/lib/python3.11/site-packages/isaacsim/extscache/omni.graph-1.141.2+69cbf6ad.lx64.r.cp311/omni/graph/core/tests/omnigraph_test_utils.py", line 135, in test_case_class
    base_class = omni.kit.test.AsyncTestCase
                 ^^^^^^^^^^^^^
AttributeError: cannot access submodule 'test' of module 'omni.kit' (most likely due to a circular import)

2026-10-10T05:06:17Z [3,381ms] [Error] [omni.graph.tools._impl.internal.extension_contents_1_18] Exception while importing test omni.graph.action_nodes.ogn.tests.TestOgnOnClosing: Traceback (most recent call last):
  File "/home/liyufeng/miniforge3/envs/safeduo/lib/python3.11/site-packages/isaacsim/extscache/omni.graph.tools-1.79.2+69cbf6ad/omni/graph/tools/_impl/internal/extension_contents_1_18.py", line 394, in do_import_test_definition
    test_module = load_module_from_file(test_module_name, test_file)
                  ^^^^^^^^^^^^^^^^^^^^^^^^^^^^^^^^^^^^^^^^^^^^^^^^^^
  File "/home/liyufeng/miniforge3/envs/safeduo/lib/python3.11/site-packages/isaacsim/extscache/omni.graph.tools-1.79.2+69cbf6ad/omni/graph/tools/_impl/internal/file_utils.py", line 239, in load_module_from_file
    spec.loader.exec_module(module)
  File "<frozen importlib._bootstrap_external>", line 940, in exec_module
  File "<frozen importlib._bootstrap>", line 241, in _call_with_frames_removed
  File "/home/liyufeng/miniforge3/envs/safeduo/lib/python3.11/site-packages/isaacsim/extscache/omni.graph.action_nodes-1.50.4+107.3.0.lx64.r.cp311.u353/omni/graph/action_nodes/ogn/tests/TestOgnOnClosing.py", line 4, in <module>
    import omni.graph.core.tests as ogts
ImportError: cannot import name 'tests' from 'omni.graph.core' (/home/liyufeng/miniforge3/envs/safeduo/lib/python3.11/site-packages/isaacsim/extscache/omni.graph-1.141.2+69cbf6ad.lx64.r.cp311/omni/graph/core/__init__.py)

2026-10-10T05:06:17Z [3,387ms] [Error] [omni.graph.tools._impl.internal.extension_contents_1_18] Exception while importing test omni.graph.action_nodes.ogn.tests.TestOgnBranch: Traceback (most recent call last):
  File "/home/liyufeng/miniforge3/envs/safeduo/lib/python3.11/site-packages/isaacsim/extscache/omni.graph.tools-1.79.2+69cbf6ad/omni/graph/tools/_impl/internal/extension_contents_1_18.py", line 394, in do_import_test_definition
    test_module = load_module_from_file(test_module_name, test_file)
                  ^^^^^^^^^^^^^^^^^^^^^^^^^^^^^^^^^^^^^^^^^^^^^^^^^^
  File "/home/liyufeng/miniforge3/envs/safeduo/lib/python3.11/site-packages/isaacsim/extscache/omni.graph.tools-1.79.2+69cbf6ad/omni/graph/tools/_impl/internal/file_utils.py", line 239, in load_module_from_file
    spec.loader.exec_module(module)
  File "<frozen importlib._bootstrap_external>", line 940, in exec_module
  File "<frozen importlib._bootstrap>", line 241, in _call_with_frames_removed
  File "/home/liyufeng/miniforge3/envs/safeduo/lib/python3.11/site-packages/isaacsim/extscache/omni.graph.action_nodes-1.50.4+107.3.0.lx64.r.cp311.u353/omni/graph/action_nodes/ogn/tests/TestOgnBranch.py", line 4, in <module>
    import omni.graph.core.tests as ogts
ImportError: cannot import name 'tests' from 'omni.graph.core' (/home/liyufeng/miniforge3/envs/safeduo/lib/python3.11/site-packages/isaacsim/extscache/omni.graph-1.141.2+69cbf6ad.lx64.r.cp311/omni/graph/core/__init__.py)

2026-10-10T05:06:17Z [3,388ms] [Error] [omni.graph.tools._impl.internal.extension_contents_1_18] Exception while importing test omni.graph.action_nodes.ogn.tests.TestOgnMultisequence: Traceback (most recent call last):
  File "/home/liyufeng/miniforge3/envs/safeduo/lib/python3.11/site-packages/isaacsim/extscache/omni.graph.tools-1.79.2+69cbf6ad/omni/graph/tools/_impl/internal/extension_contents_1_18.py", line 394, in do_import_test_definition
    test_module = load_module_from_file(test_module_name, test_file)
                  ^^^^^^^^^^^^^^^^^^^^^^^^^^^^^^^^^^^^^^^^^^^^^^^^^^
  File "/home/liyufeng/miniforge3/envs/safeduo/lib/python3.11/site-packages/isaacsim/extscache/omni.graph.tools-1.79.2+69cbf6ad/omni/graph/tools/_impl/internal/file_utils.py", line 239, in load_module_from_file
    spec.loader.exec_module(module)
  File "<frozen importlib._bootstrap_external>", line 940, in exec_module
  File "<frozen importlib._bootstrap>", line 241, in _call_with_frames_removed
  File "/home/liyufeng/miniforge3/envs/safeduo/lib/python3.11/site-packages/isaacsim/extscache/omni.graph.action_nodes-1.50.4+107.3.0.lx64.r.cp311.u353/omni/graph/action_nodes/ogn/tests/TestOgnMultisequence.py", line 4, in <module>
    import omni.graph.core.tests as ogts
ImportError: cannot import name 'tests' from 'omni.graph.core' (/home/liyufeng/miniforge3/envs/safeduo/lib/python3.11/site-packages/isaacsim/extscache/omni.graph-1.141.2+69cbf6ad.lx64.r.cp311/omni/graph/core/__init__.py)

2026-10-10T05:06:17Z [3,388ms] [Error] [omni.graph.tools._impl.internal.extension_contents_1_18] Exception while importing test omni.graph.action_nodes.ogn.tests.TestOgnOnCustomEvent: Traceback (most recent call last):
  File "/home/liyufeng/miniforge3/envs/safeduo/lib/python3.11/site-packages/isaacsim/extscache/omni.graph.tools-1.79.2+69cbf6ad/omni/graph/tools/_impl/internal/extension_contents_1_18.py", line 394, in do_import_test_definition
    test_module = load_module_from_file(test_module_name, test_file)
                  ^^^^^^^^^^^^^^^^^^^^^^^^^^^^^^^^^^^^^^^^^^^^^^^^^^
  File "/home/liyufeng/miniforge3/envs/safeduo/lib/python3.11/site-packages/isaacsim/extscache/omni.graph.tools-1.79.2+69cbf6ad/omni/graph/tools/_impl/internal/file_utils.py", line 239, in load_module_from_file
    spec.loader.exec_module(module)
  File "<frozen importlib._bootstrap_external>", line 940, in exec_module
  File "<frozen importlib._bootstrap>", line 241, in _call_with_frames_removed
  File "/home/liyufeng/miniforge3/envs/safeduo/lib/python3.11/site-packages/isaacsim/extscache/omni.graph.action_nodes-1.50.4+107.3.0.lx64.r.cp311.u353/omni/graph/action_nodes/ogn/tests/TestOgnOnCustomEvent.py", line 4, in <module>
    import omni.graph.core.tests as ogts
ImportError: cannot import name 'tests' from 'omni.graph.core' (/home/liyufeng/miniforge3/envs/safeduo/lib/python3.11/site-packages/isaacsim/extscache/omni.graph-1.141.2+69cbf6ad.lx64.r.cp311/omni/graph/core/__init__.py)

2026-10-10T05:06:17Z [3,388ms] [Error] [omni.graph.tools._impl.internal.extension_contents_1_18] Exception while importing test omni.graph.action_nodes.ogn.tests.TestOgnAddPrimRelationship: Traceback (most recent call last):
  File "/home/liyufeng/miniforge3/envs/safeduo/lib/python3.11/site-packages/isaacsim/extscache/omni.graph.tools-1.79.2+69cbf6ad/omni/graph/tools/_impl/internal/extension_contents_1_18.py", line 394, in do_import_test_definition
    test_module = load_module_from_file(test_module_name, test_file)
                  ^^^^^^^^^^^^^^^^^^^^^^^^^^^^^^^^^^^^^^^^^^^^^^^^^^
  File "/home/liyufeng/miniforge3/envs/safeduo/lib/python3.11/site-packages/isaacsim/extscache/omni.graph.tools-1.79.2+69cbf6ad/omni/graph/tools/_impl/internal/file_utils.py", line 239, in load_module_from_file
    spec.loader.exec_module(module)
  File "<frozen importlib._bootstrap_external>", line 940, in exec_module
  File "<frozen importlib._bootstrap>", line 241, in _call_with_frames_removed
  File "/home/liyufeng/miniforge3/envs/safeduo/lib/python3.11/site-packages/isaacsim/extscache/omni.graph.action_nodes-1.50.4+107.3.0.lx64.r.cp311.u353/omni/graph/action_nodes/ogn/tests/TestOgnAddPrimRelationship.py", line 4, in <module>
    import omni.graph.core.tests as ogts
  File "/home/liyufeng/miniforge3/envs/safeduo/lib/python3.11/site-packages/isaacsim/extscache/omni.graph-1.141.2+69cbf6ad.lx64.r.cp311/omni/graph/core/tests/__init__.py", line 20, in <module>
    from .omnigraph_test_utils import OmniGraphTestCase
  File "/home/liyufeng/miniforge3/envs/safeduo/lib/python3.11/site-packages/isaacsim/extscache/omni.graph-1.141.2+69cbf6ad.lx64.r.cp311/omni/graph/core/tests/omnigraph_test_utils.py", line 198, in <module>
    OmniGraphTestCase = test_case_class()
                        ^^^^^^^^^^^^^^^^^
  File "/home/liyufeng/miniforge3/envs/safeduo/lib/python3.11/site-packages/isaacsim/extscache/omni.graph-1.141.2+69cbf6ad.lx64.r.cp311/omni/graph/core/tests/omnigraph_test_utils.py", line 135, in test_case_class
    base_class = omni.kit.test.AsyncTestCase
                 ^^^^^^^^^^^^^
AttributeError: module 'omni.kit' has no attribute 'test'

2026-10-10T05:06:17Z [3,389ms] [Error] [omni.graph.tools._impl.internal.extension_contents_1_18] Exception while importing test omni.graph.action_nodes.ogn.tests.TestOgnRationalTimeSyncGate: Traceback (most recent call last):
  File "/home/liyufeng/miniforge3/envs/safeduo/lib/python3.11/site-packages/isaacsim/extscache/omni.graph.tools-1.79.2+69cbf6ad/omni/graph/tools/_impl/internal/extension_contents_1_18.py", line 394, in do_import_test_definition
    test_module = load_module_from_file(test_module_name, test_file)
                  ^^^^^^^^^^^^^^^^^^^^^^^^^^^^^^^^^^^^^^^^^^^^^^^^^^
  File "/home/liyufeng/miniforge3/envs/safeduo/lib/python3.11/site-packages/isaacsim/extscache/omni.graph.tools-1.79.2+69cbf6ad/omni/graph/tools/_impl/internal/file_utils.py", line 239, in load_module_from_file
    spec.loader.exec_module(module)
  File "<frozen importlib._bootstrap_external>", line 940, in exec_module
  File "<frozen importlib._bootstrap>", line 241, in _call_with_frames_removed
  File "/home/liyufeng/miniforge3/envs/safeduo/lib/python3.11/site-packages/isaacsim/extscache/omni.graph.action_nodes-1.50.4+107.3.0.lx64.r.cp311.u353/omni/graph/action_nodes/ogn/tests/TestOgnRationalTimeSyncGate.py", line 4, in <module>
    import omni.graph.core.tests as ogts
ImportError: cannot import name 'tests' from 'omni.graph.core' (/home/liyufeng/miniforge3/envs/safeduo/lib/python3.11/site-packages/isaacsim/extscache/omni.graph-1.141.2+69cbf6ad.lx64.r.cp311/omni/graph/core/__init__.py)

2026-10-10T05:06:17Z [3,398ms] [Error] [omni.graph.tools._impl.internal.extension_contents_1_18] Exception while importing test omni.graph.action_nodes.ogn.tests.TestOgnForEachTarget: Traceback (most recent call last):
  File "/home/liyufeng/miniforge3/envs/safeduo/lib/python3.11/site-packages/isaacsim/extscache/omni.graph.tools-1.79.2+69cbf6ad/omni/graph/tools/_impl/internal/extension_contents_1_18.py", line 394, in do_import_test_definition
    test_module = load_module_from_file(test_module_name, test_file)
                  ^^^^^^^^^^^^^^^^^^^^^^^^^^^^^^^^^^^^^^^^^^^^^^^^^^
  File "/home/liyufeng/miniforge3/envs/safeduo/lib/python3.11/site-packages/isaacsim/extscache/omni.graph.tools-1.79.2+69cbf6ad/omni/graph/tools/_impl/internal/file_utils.py", line 239, in load_module_from_file
    spec.loader.exec_module(module)
  File "<frozen importlib._bootstrap_external>", line 940, in exec_module
  File "<frozen importlib._bootstrap>", line 241, in _call_with_frames_removed
  File "/home/liyufeng/miniforge3/envs/safeduo/lib/python3.11/site-packages/isaacsim/extscache/omni.graph.action_nodes-1.50.4+107.3.0.lx64.r.cp311.u353/omni/graph/action_nodes/ogn/tests/TestOgnForEachTarget.py", line 4, in <module>
    import omni.graph.core.tests as ogts
  File "/home/liyufeng/miniforge3/envs/safeduo/lib/python3.11/site-packages/isaacsim/extscache/omni.graph-1.141.2+69cbf6ad.lx64.r.cp311/omni/graph/core/tests/__init__.py", line 20, in <module>
    from .omnigraph_test_utils import OmniGraphTestCase
  File "/home/liyufeng/miniforge3/envs/safeduo/lib/python3.11/site-packages/isaacsim/extscache/omni.graph-1.141.2+69cbf6ad.lx64.r.cp311/omni/graph/core/tests/omnigraph_test_utils.py", line 198, in <module>
    OmniGraphTestCase = test_case_class()
                        ^^^^^^^^^^^^^^^^^
  File "/home/liyufeng/miniforge3/envs/safeduo/lib/python3.11/site-packages/isaacsim/extscache/omni.graph-1.141.2+69cbf6ad.lx64.r.cp311/omni/graph/core/tests/omnigraph_test_utils.py", line 135, in test_case_class
    base_class = omni.kit.test.AsyncTestCase
                 ^^^^^^^^^^^^^
AttributeError: cannot access submodule 'test' of module 'omni.kit' (most likely due to a circular import)

2026-10-10T05:06:17Z [3,405ms] [Error] [omni.graph.tools._impl.internal.extension_contents_1_18] Exception while importing test omni.graph.action_nodes.ogn.tests.TestOgnOnTick: Traceback (most recent call last):
  File "/home/liyufeng/miniforge3/envs/safeduo/lib/python3.11/site-packages/isaacsim/extscache/omni.graph.tools-1.79.2+69cbf6ad/omni/graph/tools/_impl/internal/extension_contents_1_18.py", line 394, in do_import_test_definition
    test_module = load_module_from_file(test_module_name, test_file)
                  ^^^^^^^^^^^^^^^^^^^^^^^^^^^^^^^^^^^^^^^^^^^^^^^^^^
  File "/home/liyufeng/miniforge3/envs/safeduo/lib/python3.11/site-packages/isaacsim/extscache/omni.graph.tools-1.79.2+69cbf6ad/omni/graph/tools/_impl/internal/file_utils.py", line 239, in load_module_from_file
    spec.loader.exec_module(module)
  File "<frozen importlib._bootstrap_external>", line 940, in exec_module
  File "<frozen importlib._bootstrap>", line 241, in _call_with_frames_removed
  File "/home/liyufeng/miniforge3/envs/safeduo/lib/python3.11/site-packages/isaacsim/extscache/omni.graph.action_nodes-1.50.4+107.3.0.lx64.r.cp311.u353/omni/graph/action_nodes/ogn/tests/TestOgnOnTick.py", line 4, in <module>
    import omni.graph.core.tests as ogts
ImportError: cannot import name 'tests' from 'omni.graph.core' (/home/liyufeng/miniforge3/envs/safeduo/lib/python3.11/site-packages/isaacsim/extscache/omni.graph-1.141.2+69cbf6ad.lx64.r.cp311/omni/graph/core/__init__.py)

2026-10-10T05:06:17Z [3,406ms] [Error] [omni.graph.tools._impl.internal.extension_contents_1_18] Exception while importing test omni.graph.action_nodes.ogn.tests.TestOgnOnce: Traceback (most recent call last):
  File "/home/liyufeng/miniforge3/envs/safeduo/lib/python3.11/site-packages/isaacsim/extscache/omni.graph.tools-1.79.2+69cbf6ad/omni/graph/tools/_impl/internal/extension_contents_1_18.py", line 394, in do_import_test_definition
    test_module = load_module_from_file(test_module_name, test_file)
                  ^^^^^^^^^^^^^^^^^^^^^^^^^^^^^^^^^^^^^^^^^^^^^^^^^^
  File "/home/liyufeng/miniforge3/envs/safeduo/lib/python3.11/site-packages/isaacsim/extscache/omni.graph.tools-1.79.2+69cbf6ad/omni/graph/tools/_impl/internal/file_utils.py", line 239, in load_module_from_file
    spec.loader.exec_module(module)
  File "<frozen importlib._bootstrap_external>", line 940, in exec_module
  File "<frozen importlib._bootstrap>", line 241, in _call_with_frames_removed
  File "/home/liyufeng/miniforge3/envs/safeduo/lib/python3.11/site-packages/isaacsim/extscache/omni.graph.action_nodes-1.50.4+107.3.0.lx64.r.cp311.u353/omni/graph/action_nodes/ogn/tests/TestOgnOnce.py", line 4, in <module>
    import omni.graph.core.tests as ogts
  File "/home/liyufeng/miniforge3/envs/safeduo/lib/python3.11/site-packages/isaacsim/extscache/omni.graph-1.141.2+69cbf6ad.lx64.r.cp311/omni/graph/core/tests/__init__.py", line 20, in <module>
    from .omnigraph_test_utils import OmniGraphTestCase
  File "/home/liyufeng/miniforge3/envs/safeduo/lib/python3.11/site-packages/isaacsim/extscache/omni.graph-1.141.2+69cbf6ad.lx64.r.cp311/omni/graph/core/tests/omnigraph_test_utils.py", line 198, in <module>
    OmniGraphTestCase = test_case_class()
                        ^^^^^^^^^^^^^^^^^
  File "/home/liyufeng/miniforge3/envs/safeduo/lib/python3.11/site-packages/isaacsim/extscache/omni.graph-1.141.2+69cbf6ad.lx64.r.cp311/omni/graph/core/tests/omnigraph_test_utils.py", line 135, in test_case_class
    base_class = omni.kit.test.AsyncTestCase
                 ^^^^^^^^^^^^^
AttributeError: cannot access submodule 'test' of module 'omni.kit' (most likely due to a circular import)

2026-10-10T05:06:17Z [3,406ms] [Error] [omni.graph.tools._impl.internal.extension_contents_1_18] Exception while importing test omni.graph.action_nodes.ogn.tests.TestOgnOnStageEvent: Traceback (most recent call last):
  File "/home/liyufeng/miniforge3/envs/safeduo/lib/python3.11/site-packages/isaacsim/extscache/omni.graph.tools-1.79.2+69cbf6ad/omni/graph/tools/_impl/internal/extension_contents_1_18.py", line 394, in do_import_test_definition
    test_module = load_module_from_file(test_module_name, test_file)
                  ^^^^^^^^^^^^^^^^^^^^^^^^^^^^^^^^^^^^^^^^^^^^^^^^^^
  File "/home/liyufeng/miniforge3/envs/safeduo/lib/python3.11/site-packages/isaacsim/extscache/omni.graph.tools-1.79.2+69cbf6ad/omni/graph/tools/_impl/internal/file_utils.py", line 239, in load_module_from_file
    spec.loader.exec_module(module)
  File "<frozen importlib._bootstrap_external>", line 940, in exec_module
  File "<frozen importlib._bootstrap>", line 241, in _call_with_frames_removed
  File "/home/liyufeng/miniforge3/envs/safeduo/lib/python3.11/site-packages/isaacsim/extscache/omni.graph.action_nodes-1.50.4+107.3.0.lx64.r.cp311.u353/omni/graph/action_nodes/ogn/tests/TestOgnOnStageEvent.py", line 4, in <module>
    import omni.graph.core.tests as ogts
ImportError: cannot import name 'tests' from 'omni.graph.core' (/home/liyufeng/miniforge3/envs/safeduo/lib/python3.11/site-packages/isaacsim/extscache/omni.graph-1.141.2+69cbf6ad.lx64.r.cp311/omni/graph/core/__init__.py)

2026-10-10T05:06:17Z [3,407ms] [Error] [omni.graph.tools._impl.internal.extension_contents_1_18] Exception while importing test omni.graph.action_nodes.ogn.tests.TestOgnMultigate: Traceback (most recent call last):
  File "/home/liyufeng/miniforge3/envs/safeduo/lib/python3.11/site-packages/isaacsim/extscache/omni.graph.tools-1.79.2+69cbf6ad/omni/graph/tools/_impl/internal/extension_contents_1_18.py", line 394, in do_import_test_definition
    test_module = load_module_from_file(test_module_name, test_file)
                  ^^^^^^^^^^^^^^^^^^^^^^^^^^^^^^^^^^^^^^^^^^^^^^^^^^
  File "/home/liyufeng/miniforge3/envs/safeduo/lib/python3.11/site-packages/isaacsim/extscache/omni.graph.tools-1.79.2+69cbf6ad/omni/graph/tools/_impl/internal/file_utils.py", line 239, in load_module_from_file
    spec.loader.exec_module(module)
  File "<frozen importlib._bootstrap_external>", line 940, in exec_module
  File "<frozen importlib._bootstrap>", line 241, in _call_with_frames_removed
  File "/home/liyufeng/miniforge3/envs/safeduo/lib/python3.11/site-packages/isaacsim/extscache/omni.graph.action_nodes-1.50.4+107.3.0.lx64.r.cp311.u353/omni/graph/action_nodes/ogn/tests/TestOgnMultigate.py", line 4, in <module>
    import omni.graph.core.tests as ogts
ImportError: cannot import name 'tests' from 'omni.graph.core' (/home/liyufeng/miniforge3/envs/safeduo/lib/python3.11/site-packages/isaacsim/extscache/omni.graph-1.141.2+69cbf6ad.lx64.r.cp311/omni/graph/core/__init__.py)

2026-10-10T05:06:17Z [3,417ms] [Error] [omni.graph.tools._impl.internal.extension_contents_1_18] Exception while importing test omni.graph.action_nodes.ogn.tests.TestOgnOnMouseInput: Traceback (most recent call last):
  File "/home/liyufeng/miniforge3/envs/safeduo/lib/python3.11/site-packages/isaacsim/extscache/omni.graph.tools-1.79.2+69cbf6ad/omni/graph/tools/_impl/internal/extension_contents_1_18.py", line 394, in do_import_test_definition
    test_module = load_module_from_file(test_module_name, test_file)
                  ^^^^^^^^^^^^^^^^^^^^^^^^^^^^^^^^^^^^^^^^^^^^^^^^^^
  File "/home/liyufeng/miniforge3/envs/safeduo/lib/python3.11/site-packages/isaacsim/extscache/omni.graph.tools-1.79.2+69cbf6ad/omni/graph/tools/_impl/internal/file_utils.py", line 239, in load_module_from_file
    spec.loader.exec_module(module)
  File "<frozen importlib._bootstrap_external>", line 940, in exec_module
  File "<frozen importlib._bootstrap>", line 241, in _call_with_frames_removed
  File "/home/liyufeng/miniforge3/envs/safeduo/lib/python3.11/site-packages/isaacsim/extscache/omni.graph.action_nodes-1.50.4+107.3.0.lx64.r.cp311.u353/omni/graph/action_nodes/ogn/tests/TestOgnOnMouseInput.py", line 4, in <module>
    import omni.graph.core.tests as ogts
  File "/home/liyufeng/miniforge3/envs/safeduo/lib/python3.11/site-packages/isaacsim/extscache/omni.graph-1.141.2+69cbf6ad.lx64.r.cp311/omni/graph/core/tests/__init__.py", line 20, in <module>
    from .omnigraph_test_utils import OmniGraphTestCase
  File "/home/liyufeng/miniforge3/envs/safeduo/lib/python3.11/site-packages/isaacsim/extscache/omni.graph-1.141.2+69cbf6ad.lx64.r.cp311/omni/graph/core/tests/omnigraph_test_utils.py", line 198, in <module>
    OmniGraphTestCase = test_case_class()
                        ^^^^^^^^^^^^^^^^^
  File "/home/liyufeng/miniforge3/envs/safeduo/lib/python3.11/site-packages/isaacsim/extscache/omni.graph-1.141.2+69cbf6ad.lx64.r.cp311/omni/graph/core/tests/omnigraph_test_utils.py", line 135, in test_case_class
    base_class = omni.kit.test.AsyncTestCase
                 ^^^^^^^^^^^^^
AttributeError: cannot access submodule 'test' of module 'omni.kit' (most likely due to a circular import)

2026-10-10T05:06:17Z [3,418ms] [Error] [omni.graph.tools._impl.internal.extension_contents_1_18] Exception while importing test omni.graph.action_nodes.ogn.tests.TestOgnSyncGate: Traceback (most recent call last):
  File "/home/liyufeng/miniforge3/envs/safeduo/lib/python3.11/site-packages/isaacsim/extscache/omni.graph.tools-1.79.2+69cbf6ad/omni/graph/tools/_impl/internal/extension_contents_1_18.py", line 394, in do_import_test_definition
    test_module = load_module_from_file(test_module_name, test_file)
                  ^^^^^^^^^^^^^^^^^^^^^^^^^^^^^^^^^^^^^^^^^^^^^^^^^^
  File "/home/liyufeng/miniforge3/envs/safeduo/lib/python3.11/site-packages/isaacsim/extscache/omni.graph.tools-1.79.2+69cbf6ad/omni/graph/tools/_impl/internal/file_utils.py", line 239, in load_module_from_file
    spec.loader.exec_module(module)
  File "<frozen importlib._bootstrap_external>", line 940, in exec_module
  File "<frozen importlib._bootstrap>", line 241, in _call_with_frames_removed
  File "/home/liyufeng/miniforge3/envs/safeduo/lib/python3.11/site-packages/isaacsim/extscache/omni.graph.action_nodes-1.50.4+107.3.0.lx64.r.cp311.u353/omni/graph/action_nodes/ogn/tests/TestOgnSyncGate.py", line 4, in <module>
    import omni.graph.core.tests as ogts
  File "/home/liyufeng/miniforge3/envs/safeduo/lib/python3.11/site-packages/isaacsim/extscache/omni.graph-1.141.2+69cbf6ad.lx64.r.cp311/omni/graph/core/tests/__init__.py", line 20, in <module>
    from .omnigraph_test_utils import OmniGraphTestCase
  File "/home/liyufeng/miniforge3/envs/safeduo/lib/python3.11/site-packages/isaacsim/extscache/omni.graph-1.141.2+69cbf6ad.lx64.r.cp311/omni/graph/core/tests/omnigraph_test_utils.py", line 198, in <module>
    OmniGraphTestCase = test_case_class()
                        ^^^^^^^^^^^^^^^^^
  File "/home/liyufeng/miniforge3/envs/safeduo/lib/python3.11/site-packages/isaacsim/extscache/omni.graph-1.141.2+69cbf6ad.lx64.r.cp311/omni/graph/core/tests/omnigraph_test_utils.py", line 135, in test_case_class
    base_class = omni.kit.test.AsyncTestCase
                 ^^^^^^^^^^^^^
AttributeError: cannot access submodule 'test' of module 'omni.kit' (most likely due to a circular import)

2026-10-10T05:06:17Z [3,422ms] [Error] [omni.graph.tools._impl.internal.extension_contents_1_18] Exception while importing test omni.graph.action_nodes.ogn.tests.TestOgnOnPlaybackTick: Traceback (most recent call last):
  File "/home/liyufeng/miniforge3/envs/safeduo/lib/python3.11/site-packages/isaacsim/extscache/omni.graph.tools-1.79.2+69cbf6ad/omni/graph/tools/_impl/internal/extension_contents_1_18.py", line 394, in do_import_test_definition
    test_module = load_module_from_file(test_module_name, test_file)
                  ^^^^^^^^^^^^^^^^^^^^^^^^^^^^^^^^^^^^^^^^^^^^^^^^^^
  File "/home/liyufeng/miniforge3/envs/safeduo/lib/python3.11/site-packages/isaacsim/extscache/omni.graph.tools-1.79.2+69cbf6ad/omni/graph/tools/_impl/internal/file_utils.py", line 239, in load_module_from_file
    spec.loader.exec_module(module)
  File "<frozen importlib._bootstrap_external>", line 940, in exec_module
  File "<frozen importlib._bootstrap>", line 241, in _call_with_frames_removed
  File "/home/liyufeng/miniforge3/envs/safeduo/lib/python3.11/site-packages/isaacsim/extscache/omni.graph.action_nodes-1.50.4+107.3.0.lx64.r.cp311.u353/omni/graph/action_nodes/ogn/tests/TestOgnOnPlaybackTick.py", line 4, in <module>
    import omni.graph.core.tests as ogts
  File "/home/liyufeng/miniforge3/envs/safeduo/lib/python3.11/site-packages/isaacsim/extscache/omni.graph-1.141.2+69cbf6ad.lx64.r.cp311/omni/graph/core/tests/__init__.py", line 20, in <module>
    from .omnigraph_test_utils import OmniGraphTestCase
  File "/home/liyufeng/miniforge3/envs/safeduo/lib/python3.11/site-packages/isaacsim/extscache/omni.graph-1.141.2+69cbf6ad.lx64.r.cp311/omni/graph/core/tests/omnigraph_test_utils.py", line 198, in <module>
    OmniGraphTestCase = test_case_class()
                        ^^^^^^^^^^^^^^^^^
  File "/home/liyufeng/miniforge3/envs/safeduo/lib/python3.11/site-packages/isaacsim/extscache/omni.graph-1.141.2+69cbf6ad.lx64.r.cp311/omni/graph/core/tests/omnigraph_test_utils.py", line 135, in test_case_class
    base_class = omni.kit.test.AsyncTestCase
                 ^^^^^^^^^^^^^
AttributeError: cannot access submodule 'test' of module 'omni.kit' (most likely due to a circular import)

2026-10-10T05:06:17Z [3,424ms] [Error] [omni.graph.tools._impl.internal.extension_contents_1_18] Exception while importing test omni.graph.action_nodes.ogn.tests.TestOgnGate: Traceback (most recent call last):
  File "/home/liyufeng/miniforge3/envs/safeduo/lib/python3.11/site-packages/isaacsim/extscache/omni.graph.tools-1.79.2+69cbf6ad/omni/graph/tools/_impl/internal/extension_contents_1_18.py", line 394, in do_import_test_definition
    test_module = load_module_from_file(test_module_name, test_file)
                  ^^^^^^^^^^^^^^^^^^^^^^^^^^^^^^^^^^^^^^^^^^^^^^^^^^
  File "/home/liyufeng/miniforge3/envs/safeduo/lib/python3.11/site-packages/isaacsim/extscache/omni.graph.tools-1.79.2+69cbf6ad/omni/graph/tools/_impl/internal/file_utils.py", line 239, in load_module_from_file
    spec.loader.exec_module(module)
  File "<frozen importlib._bootstrap_external>", line 940, in exec_module
  File "<frozen importlib._bootstrap>", line 241, in _call_with_frames_removed
  File "/home/liyufeng/miniforge3/envs/safeduo/lib/python3.11/site-packages/isaacsim/extscache/omni.graph.action_nodes-1.50.4+107.3.0.lx64.r.cp311.u353/omni/graph/action_nodes/ogn/tests/TestOgnGate.py", line 4, in <module>
    import omni.graph.core.tests as ogts
  File "/home/liyufeng/miniforge3/envs/safeduo/lib/python3.11/site-packages/isaacsim/extscache/omni.graph-1.141.2+69cbf6ad.lx64.r.cp311/omni/graph/core/tests/__init__.py", line 20, in <module>
    from .omnigraph_test_utils import OmniGraphTestCase
  File "/home/liyufeng/miniforge3/envs/safeduo/lib/python3.11/site-packages/isaacsim/extscache/omni.graph-1.141.2+69cbf6ad.lx64.r.cp311/omni/graph/core/tests/omnigraph_test_utils.py", line 198, in <module>
    OmniGraphTestCase = test_case_class()
                        ^^^^^^^^^^^^^^^^^
  File "/home/liyufeng/miniforge3/envs/safeduo/lib/python3.11/site-packages/isaacsim/extscache/omni.graph-1.141.2+69cbf6ad.lx64.r.cp311/omni/graph/core/tests/omnigraph_test_utils.py", line 135, in test_case_class
    base_class = omni.kit.test.AsyncTestCase
                 ^^^^^^^^^^^^^
AttributeError: cannot access submodule 'test' of module 'omni.kit' (most likely due to a circular import)

2026-10-10T05:06:17Z [3,427ms] [Error] [omni.graph.tools._impl.internal.extension_contents_1_18] Exception while importing test omni.graph.action_nodes.ogn.tests.TestOgnOnLoaded: Traceback (most recent call last):
  File "/home/liyufeng/miniforge3/envs/safeduo/lib/python3.11/site-packages/isaacsim/extscache/omni.graph.tools-1.79.2+69cbf6ad/omni/graph/tools/_impl/internal/extension_contents_1_18.py", line 394, in do_import_test_definition
    test_module = load_module_from_file(test_module_name, test_file)
                  ^^^^^^^^^^^^^^^^^^^^^^^^^^^^^^^^^^^^^^^^^^^^^^^^^^
  File "/home/liyufeng/miniforge3/envs/safeduo/lib/python3.11/site-packages/isaacsim/extscache/omni.graph.tools-1.79.2+69cbf6ad/omni/graph/tools/_impl/internal/file_utils.py", line 239, in load_module_from_file
    spec.loader.exec_module(module)
  File "<frozen importlib._bootstrap_external>", line 940, in exec_module
  File "<frozen importlib._bootstrap>", line 241, in _call_with_frames_removed
  File "/home/liyufeng/miniforge3/envs/safeduo/lib/python3.11/site-packages/isaacsim/extscache/omni.graph.action_nodes-1.50.4+107.3.0.lx64.r.cp311.u353/omni/graph/action_nodes/ogn/tests/TestOgnOnLoaded.py", line 4, in <module>
    import omni.graph.core.tests as ogts
  File "/home/liyufeng/miniforge3/envs/safeduo/lib/python3.11/site-packages/isaacsim/extscache/omni.graph-1.141.2+69cbf6ad.lx64.r.cp311/omni/graph/core/tests/__init__.py", line 20, in <module>
    from .omnigraph_test_utils import OmniGraphTestCase
  File "/home/liyufeng/miniforge3/envs/safeduo/lib/python3.11/site-packages/isaacsim/extscache/omni.graph-1.141.2+69cbf6ad.lx64.r.cp311/omni/graph/core/tests/omnigraph_test_utils.py", line 198, in <module>
    OmniGraphTestCase = test_case_class()
                        ^^^^^^^^^^^^^^^^^
  File "/home/liyufeng/miniforge3/envs/safeduo/lib/python3.11/site-packages/isaacsim/extscache/omni.graph-1.141.2+69cbf6ad.lx64.r.cp311/omni/graph/core/tests/omnigraph_test_utils.py", line 135, in test_case_class
    base_class = omni.kit.test.AsyncTestCase
                 ^^^^^^^^^^^^^
AttributeError: cannot access submodule 'test' of module 'omni.kit' (most likely due to a circular import)

2026-10-10T05:06:17Z [3,434ms] [Error] [omni.graph.tools._impl.internal.extension_contents_1_18] Exception while importing test omni.graph.action_nodes.ogn.tests.TestOgnOnVariableChange: Traceback (most recent call last):
  File "/home/liyufeng/miniforge3/envs/safeduo/lib/python3.11/site-packages/isaacsim/extscache/omni.graph.tools-1.79.2+69cbf6ad/omni/graph/tools/_impl/internal/extension_contents_1_18.py", line 394, in do_import_test_definition
    test_module = load_module_from_file(test_module_name, test_file)
                  ^^^^^^^^^^^^^^^^^^^^^^^^^^^^^^^^^^^^^^^^^^^^^^^^^^
  File "/home/liyufeng/miniforge3/envs/safeduo/lib/python3.11/site-packages/isaacsim/extscache/omni.graph.tools-1.79.2+69cbf6ad/omni/graph/tools/_impl/internal/file_utils.py", line 239, in load_module_from_file
    spec.loader.exec_module(module)
  File "<frozen importlib._bootstrap_external>", line 940, in exec_module
  File "<frozen importlib._bootstrap>", line 241, in _call_with_frames_removed
  File "/home/liyufeng/miniforge3/envs/safeduo/lib/python3.11/site-packages/isaacsim/extscache/omni.graph.action_nodes-1.50.4+107.3.0.lx64.r.cp311.u353/omni/graph/action_nodes/ogn/tests/TestOgnOnVariableChange.py", line 4, in <module>
    import omni.graph.core.tests as ogts
  File "/home/liyufeng/miniforge3/envs/safeduo/lib/python3.11/site-packages/isaacsim/extscache/omni.graph-1.141.2+69cbf6ad.lx64.r.cp311/omni/graph/core/tests/__init__.py", line 20, in <module>
    from .omnigraph_test_utils import OmniGraphTestCase
  File "/home/liyufeng/miniforge3/envs/safeduo/lib/python3.11/site-packages/isaacsim/extscache/omni.graph-1.141.2+69cbf6ad.lx64.r.cp311/omni/graph/core/tests/omnigraph_test_utils.py", line 198, in <module>
    OmniGraphTestCase = test_case_class()
                        ^^^^^^^^^^^^^^^^^
  File "/home/liyufeng/miniforge3/envs/safeduo/lib/python3.11/site-packages/isaacsim/extscache/omni.graph-1.141.2+69cbf6ad.lx64.r.cp311/omni/graph/core/tests/omnigraph_test_utils.py", line 135, in test_case_class
    base_class = omni.kit.test.AsyncTestCase
                 ^^^^^^^^^^^^^
AttributeError: cannot access submodule 'test' of module 'omni.kit' (most likely due to a circular import)

2026-10-10T05:06:17Z [3,435ms] [Error] [omni.graph.tools._impl.internal.extension_contents_1_18] Exception while importing test omni.graph.action_nodes.ogn.tests.TestOgnSwitchToken: Traceback (most recent call last):
  File "/home/liyufeng/miniforge3/envs/safeduo/lib/python3.11/site-packages/isaacsim/extscache/omni.graph.tools-1.79.2+69cbf6ad/omni/graph/tools/_impl/internal/extension_contents_1_18.py", line 394, in do_import_test_definition
    test_module = load_module_from_file(test_module_name, test_file)
                  ^^^^^^^^^^^^^^^^^^^^^^^^^^^^^^^^^^^^^^^^^^^^^^^^^^
  File "/home/liyufeng/miniforge3/envs/safeduo/lib/python3.11/site-packages/isaacsim/extscache/omni.graph.tools-1.79.2+69cbf6ad/omni/graph/tools/_impl/internal/file_utils.py", line 239, in load_module_from_file
    spec.loader.exec_module(module)
  File "<frozen importlib._bootstrap_external>", line 940, in exec_module
  File "<frozen importlib._bootstrap>", line 241, in _call_with_frames_removed
  File "/home/liyufeng/miniforge3/envs/safeduo/lib/python3.11/site-packages/isaacsim/extscache/omni.graph.action_nodes-1.50.4+107.3.0.lx64.r.cp311.u353/omni/graph/action_nodes/ogn/tests/TestOgnSwitchToken.py", line 4, in <module>
    import omni.graph.core.tests as ogts
ImportError: cannot import name 'tests' from 'omni.graph.core' (/home/liyufeng/miniforge3/envs/safeduo/lib/python3.11/site-packages/isaacsim/extscache/omni.graph-1.141.2+69cbf6ad.lx64.r.cp311/omni/graph/core/__init__.py)

2026-10-10T05:06:17Z [3,436ms] [Error] [omni.graph.tools._impl.internal.extension_contents_1_18] Exception while importing test omni.graph.action_nodes.ogn.tests.TestOgnOnObjectChange: Traceback (most recent call last):
  File "/home/liyufeng/miniforge3/envs/safeduo/lib/python3.11/site-packages/isaacsim/extscache/omni.graph.tools-1.79.2+69cbf6ad/omni/graph/tools/_impl/internal/extension_contents_1_18.py", line 394, in do_import_test_definition
    test_module = load_module_from_file(test_module_name, test_file)
                  ^^^^^^^^^^^^^^^^^^^^^^^^^^^^^^^^^^^^^^^^^^^^^^^^^^
  File "/home/liyufeng/miniforge3/envs/safeduo/lib/python3.11/site-packages/isaacsim/extscache/omni.graph.tools-1.79.2+69cbf6ad/omni/graph/tools/_impl/internal/file_utils.py", line 239, in load_module_from_file
    spec.loader.exec_module(module)
  File "<frozen importlib._bootstrap_external>", line 940, in exec_module
  File "<frozen importlib._bootstrap>", line 241, in _call_with_frames_removed
  File "/home/liyufeng/miniforge3/envs/safeduo/lib/python3.11/site-packages/isaacsim/extscache/omni.graph.action_nodes-1.50.4+107.3.0.lx64.r.cp311.u353/omni/graph/action_nodes/ogn/tests/TestOgnOnObjectChange.py", line 4, in <module>
    import omni.graph.core.tests as ogts
ImportError: cannot import name 'tests' from 'omni.graph.core' (/home/liyufeng/miniforge3/envs/safeduo/lib/python3.11/site-packages/isaacsim/extscache/omni.graph-1.141.2+69cbf6ad.lx64.r.cp311/omni/graph/core/__init__.py)

2026-10-10T05:06:17Z [3,438ms] [Error] [omni.graph.tools._impl.internal.extension_contents_1_18] Exception while importing test omni.graph.action_nodes.ogn.tests.TestOgnSendCustomEvent: Traceback (most recent call last):
  File "/home/liyufeng/miniforge3/envs/safeduo/lib/python3.11/site-packages/isaacsim/extscache/omni.graph.tools-1.79.2+69cbf6ad/omni/graph/tools/_impl/internal/extension_contents_1_18.py", line 394, in do_import_test_definition
    test_module = load_module_from_file(test_module_name, test_file)
                  ^^^^^^^^^^^^^^^^^^^^^^^^^^^^^^^^^^^^^^^^^^^^^^^^^^
  File "/home/liyufeng/miniforge3/envs/safeduo/lib/python3.11/site-packages/isaacsim/extscache/omni.graph.tools-1.79.2+69cbf6ad/omni/graph/tools/_impl/internal/file_utils.py", line 239, in load_module_from_file
    spec.loader.exec_module(module)
  File "<frozen importlib._bootstrap_external>", line 940, in exec_module
  File "<frozen importlib._bootstrap>", line 241, in _call_with_frames_removed
  File "/home/liyufeng/miniforge3/envs/safeduo/lib/python3.11/site-packages/isaacsim/extscache/omni.graph.action_nodes-1.50.4+107.3.0.lx64.r.cp311.u353/omni/graph/action_nodes/ogn/tests/TestOgnSendCustomEvent.py", line 4, in <module>
    import omni.graph.core.tests as ogts
  File "/home/liyufeng/miniforge3/envs/safeduo/lib/python3.11/site-packages/isaacsim/extscache/omni.graph-1.141.2+69cbf6ad.lx64.r.cp311/omni/graph/core/tests/__init__.py", line 20, in <module>
    from .omnigraph_test_utils import OmniGraphTestCase
  File "/home/liyufeng/miniforge3/envs/safeduo/lib/python3.11/site-packages/isaacsim/extscache/omni.graph-1.141.2+69cbf6ad.lx64.r.cp311/omni/graph/core/tests/omnigraph_test_utils.py", line 198, in <module>
    OmniGraphTestCase = test_case_class()
                        ^^^^^^^^^^^^^^^^^
  File "/home/liyufeng/miniforge3/envs/safeduo/lib/python3.11/site-packages/isaacsim/extscache/omni.graph-1.141.2+69cbf6ad.lx64.r.cp311/omni/graph/core/tests/omnigraph_test_utils.py", line 135, in test_case_class
    base_class = omni.kit.test.AsyncTestCase
                 ^^^^^^^^^^^^^
AttributeError: module 'omni.kit' has no attribute 'test'

2026-10-10T05:06:17Z [3,439ms] [Error] [omni.graph.tools._impl.internal.extension_contents_1_18] Exception while importing test omni.graph.action_nodes.ogn.tests.TestOgnSetPrimActive: Traceback (most recent call last):
  File "/home/liyufeng/miniforge3/envs/safeduo/lib/python3.11/site-packages/isaacsim/extscache/omni.graph.tools-1.79.2+69cbf6ad/omni/graph/tools/_impl/internal/extension_contents_1_18.py", line 394, in do_import_test_definition
    test_module = load_module_from_file(test_module_name, test_file)
                  ^^^^^^^^^^^^^^^^^^^^^^^^^^^^^^^^^^^^^^^^^^^^^^^^^^
  File "/home/liyufeng/miniforge3/envs/safeduo/lib/python3.11/site-packages/isaacsim/extscache/omni.graph.tools-1.79.2+69cbf6ad/omni/graph/tools/_impl/internal/file_utils.py", line 239, in load_module_from_file
    spec.loader.exec_module(module)
  File "<frozen importlib._bootstrap_external>", line 940, in exec_module
  File "<frozen importlib._bootstrap>", line 241, in _call_with_frames_removed
  File "/home/liyufeng/miniforge3/envs/safeduo/lib/python3.11/site-packages/isaacsim/extscache/omni.graph.action_nodes-1.50.4+107.3.0.lx64.r.cp311.u353/omni/graph/action_nodes/ogn/tests/TestOgnSetPrimActive.py", line 4, in <module>
    import omni.graph.core.tests as ogts
  File "/home/liyufeng/miniforge3/envs/safeduo/lib/python3.11/site-packages/isaacsim/extscache/omni.graph-1.141.2+69cbf6ad.lx64.r.cp311/omni/graph/core/tests/__init__.py", line 20, in <module>
    from .omnigraph_test_utils import OmniGraphTestCase
  File "/home/liyufeng/miniforge3/envs/safeduo/lib/python3.11/site-packages/isaacsim/extscache/omni.graph-1.141.2+69cbf6ad.lx64.r.cp311/omni/graph/core/tests/omnigraph_test_utils.py", line 198, in <module>
    OmniGraphTestCase = test_case_class()
                        ^^^^^^^^^^^^^^^^^
  File "/home/liyufeng/miniforge3/envs/safeduo/lib/python3.11/site-packages/isaacsim/extscache/omni.graph-1.141.2+69cbf6ad.lx64.r.cp311/omni/graph/core/tests/omnigraph_test_utils.py", line 135, in test_case_class
    base_class = omni.kit.test.AsyncTestCase
                 ^^^^^^^^^^^^^
AttributeError: module 'omni.kit' has no attribute 'test'

2026-10-10T05:06:17Z [3,442ms] [Error] [omni.graph.tools._impl.internal.extension_contents_1_18] Exception while importing test omni.graph.action_nodes.ogn.tests.TestOgnForEach: Traceback (most recent call last):
  File "/home/liyufeng/miniforge3/envs/safeduo/lib/python3.11/site-packages/isaacsim/extscache/omni.graph.tools-1.79.2+69cbf6ad/omni/graph/tools/_impl/internal/extension_contents_1_18.py", line 394, in do_import_test_definition
    test_module = load_module_from_file(test_module_name, test_file)
                  ^^^^^^^^^^^^^^^^^^^^^^^^^^^^^^^^^^^^^^^^^^^^^^^^^^
  File "/home/liyufeng/miniforge3/envs/safeduo/lib/python3.11/site-packages/isaacsim/extscache/omni.graph.tools-1.79.2+69cbf6ad/omni/graph/tools/_impl/internal/file_utils.py", line 239, in load_module_from_file
    spec.loader.exec_module(module)
  File "<frozen importlib._bootstrap_external>", line 940, in exec_module
  File "<frozen importlib._bootstrap>", line 241, in _call_with_frames_removed
  File "/home/liyufeng/miniforge3/envs/safeduo/lib/python3.11/site-packages/isaacsim/extscache/omni.graph.action_nodes-1.50.4+107.3.0.lx64.r.cp311.u353/omni/graph/action_nodes/ogn/tests/TestOgnForEach.py", line 4, in <module>
    import omni.graph.core.tests as ogts
ImportError: cannot import name 'tests' from 'omni.graph.core' (/home/liyufeng/miniforge3/envs/safeduo/lib/python3.11/site-packages/isaacsim/extscache/omni.graph-1.141.2+69cbf6ad.lx64.r.cp311/omni/graph/core/__init__.py)

2026-10-10T05:06:17Z [3,443ms] [Error] [omni.graph.tools._impl.internal.extension_contents_1_18] Exception while importing test omni.graph.action_nodes.ogn.tests.TestOgnSequence: Traceback (most recent call last):
  File "/home/liyufeng/miniforge3/envs/safeduo/lib/python3.11/site-packages/isaacsim/extscache/omni.graph.tools-1.79.2+69cbf6ad/omni/graph/tools/_impl/internal/extension_contents_1_18.py", line 394, in do_import_test_definition
    test_module = load_module_from_file(test_module_name, test_file)
                  ^^^^^^^^^^^^^^^^^^^^^^^^^^^^^^^^^^^^^^^^^^^^^^^^^^
  File "/home/liyufeng/miniforge3/envs/safeduo/lib/python3.11/site-packages/isaacsim/extscache/omni.graph.tools-1.79.2+69cbf6ad/omni/graph/tools/_impl/internal/file_utils.py", line 239, in load_module_from_file
    spec.loader.exec_module(module)
  File "<frozen importlib._bootstrap_external>", line 940, in exec_module
  File "<frozen importlib._bootstrap>", line 241, in _call_with_frames_removed
  File "/home/liyufeng/miniforge3/envs/safeduo/lib/python3.11/site-packages/isaacsim/extscache/omni.graph.action_nodes-1.50.4+107.3.0.lx64.r.cp311.u353/omni/graph/action_nodes/ogn/tests/TestOgnSequence.py", line 4, in <module>
    import omni.graph.core.tests as ogts
  File "/home/liyufeng/miniforge3/envs/safeduo/lib/python3.11/site-packages/isaacsim/extscache/omni.graph-1.141.2+69cbf6ad.lx64.r.cp311/omni/graph/core/tests/__init__.py", line 20, in <module>
    from .omnigraph_test_utils import OmniGraphTestCase
  File "/home/liyufeng/miniforge3/envs/safeduo/lib/python3.11/site-packages/isaacsim/extscache/omni.graph-1.141.2+69cbf6ad.lx64.r.cp311/omni/graph/core/tests/omnigraph_test_utils.py", line 198, in <module>
    OmniGraphTestCase = test_case_class()
                        ^^^^^^^^^^^^^^^^^
  File "/home/liyufeng/miniforge3/envs/safeduo/lib/python3.11/site-packages/isaacsim/extscache/omni.graph-1.141.2+69cbf6ad.lx64.r.cp311/omni/graph/core/tests/omnigraph_test_utils.py", line 135, in test_case_class
    base_class = omni.kit.test.AsyncTestCase
                 ^^^^^^^^^^^^^
AttributeError: module 'omni.kit' has no attribute 'test'

2026-10-10T05:06:19Z [4,919ms] [Warning] [pxr.Semantics] pxr.Semantics is deprecated - please use Semantics instead
2026-10-10T05:06:19Z [5,043ms] [Warning] [omni.graph.core.plugin] Found duplicate of category 'Replicator' - was 'Annotators', adding 'Fabric Reader'
2026-10-10T05:06:19Z [5,044ms] [Warning] [omni.graph.core.plugin] Category 'Replicator' not accepted on node type 'omni.replicator.core.FabricReader' in extension 'omni.replicator.core'
2026-10-10T05:06:19Z [5,044ms] [Warning] [omni.replicator.core.scripts.extension] No material configuration file, adding configuration to material settings directly.
2026-10-10T05:06:19Z [5,090ms] [Error] [omni.graph.tools._impl.internal.extension_contents_1_18] Exception while importing test omni.replicator.core.ogn.tests.TestOgnInstanceSegmentationLegacy: Traceback (most recent call last):
  File "/home/liyufeng/miniforge3/envs/safeduo/lib/python3.11/site-packages/isaacsim/extscache/omni.graph.tools-1.79.2+69cbf6ad/omni/graph/tools/_impl/internal/extension_contents_1_18.py", line 394, in do_import_test_definition
    test_module = load_module_from_file(test_module_name, test_file)
                  ^^^^^^^^^^^^^^^^^^^^^^^^^^^^^^^^^^^^^^^^^^^^^^^^^^
  File "/home/liyufeng/miniforge3/envs/safeduo/lib/python3.11/site-packages/isaacsim/extscache/omni.graph.tools-1.79.2+69cbf6ad/omni/graph/tools/_impl/internal/file_utils.py", line 239, in load_module_from_file
    spec.loader.exec_module(module)
  File "<frozen importlib._bootstrap_external>", line 940, in exec_module
  File "<frozen importlib._bootstrap>", line 241, in _call_with_frames_removed
  File "/home/liyufeng/miniforge3/envs/safeduo/lib/python3.11/site-packages/isaacsim/extscache/omni.replicator.core-1.12.27+107.3.3.lx64.r.cp311/omni/replicator/core/ogn/tests/TestOgnInstanceSegmentationLegacy.py", line 4, in <module>
    import omni.graph.core.tests as ogts
  File "/home/liyufeng/miniforge3/envs/safeduo/lib/python3.11/site-packages/isaacsim/extscache/omni.graph-1.141.2+69cbf6ad.lx64.r.cp311/omni/graph/core/tests/__init__.py", line 20, in <module>
    from .omnigraph_test_utils import OmniGraphTestCase
  File "/home/liyufeng/miniforge3/envs/safeduo/lib/python3.11/site-packages/isaacsim/extscache/omni.graph-1.141.2+69cbf6ad.lx64.r.cp311/omni/graph/core/tests/omnigraph_test_utils.py", line 198, in <module>
    OmniGraphTestCase = test_case_class()
                        ^^^^^^^^^^^^^^^^^
  File "/home/liyufeng/miniforge3/envs/safeduo/lib/python3.11/site-packages/isaacsim/extscache/omni.graph-1.141.2+69cbf6ad.lx64.r.cp311/omni/graph/core/tests/omnigraph_test_utils.py", line 135, in test_case_class
    base_class = omni.kit.test.AsyncTestCase
                 ^^^^^^^^^^^^^
AttributeError: cannot access submodule 'test' of module 'omni.kit' (most likely due to a circular import)

2026-10-10T05:06:19Z [5,099ms] [Error] [omni.graph.tools._impl.internal.extension_contents_1_18] Exception while importing test omni.replicator.core.ogn.tests.TestOgnSampleCombine: Traceback (most recent call last):
  File "/home/liyufeng/miniforge3/envs/safeduo/lib/python3.11/site-packages/isaacsim/extscache/omni.graph.tools-1.79.2+69cbf6ad/omni/graph/tools/_impl/internal/extension_contents_1_18.py", line 394, in do_import_test_definition
    test_module = load_module_from_file(test_module_name, test_file)
                  ^^^^^^^^^^^^^^^^^^^^^^^^^^^^^^^^^^^^^^^^^^^^^^^^^^
  File "/home/liyufeng/miniforge3/envs/safeduo/lib/python3.11/site-packages/isaacsim/extscache/omni.graph.tools-1.79.2+69cbf6ad/omni/graph/tools/_impl/internal/file_utils.py", line 239, in load_module_from_file
    spec.loader.exec_module(module)
  File "<frozen importlib._bootstrap_external>", line 940, in exec_module
  File "<frozen importlib._bootstrap>", line 241, in _call_with_frames_removed
  File "/home/liyufeng/miniforge3/envs/safeduo/lib/python3.11/site-packages/isaacsim/extscache/omni.replicator.core-1.12.27+107.3.3.lx64.r.cp311/omni/replicator/core/ogn/tests/TestOgnSampleCombine.py", line 4, in <module>
    import omni.graph.core.tests as ogts
  File "/home/liyufeng/miniforge3/envs/safeduo/lib/python3.11/site-packages/isaacsim/extscache/omni.graph-1.141.2+69cbf6ad.lx64.r.cp311/omni/graph/core/tests/__init__.py", line 20, in <module>
    from .omnigraph_test_utils import OmniGraphTestCase
  File "/home/liyufeng/miniforge3/envs/safeduo/lib/python3.11/site-packages/isaacsim/extscache/omni.graph-1.141.2+69cbf6ad.lx64.r.cp311/omni/graph/core/tests/omnigraph_test_utils.py", line 198, in <module>
    OmniGraphTestCase = test_case_class()
                        ^^^^^^^^^^^^^^^^^
  File "/home/liyufeng/miniforge3/envs/safeduo/lib/python3.11/site-packages/isaacsim/extscache/omni.graph-1.141.2+69cbf6ad.lx64.r.cp311/omni/graph/core/tests/omnigraph_test_utils.py", line 135, in test_case_class
    base_class = omni.kit.test.AsyncTestCase
                 ^^^^^^^^^^^^^
AttributeError: cannot access submodule 'test' of module 'omni.kit' (most likely due to a circular import)

2026-10-10T05:06:19Z [5,107ms] [Error] [omni.graph.tools._impl.internal.extension_contents_1_18] Exception while importing test omni.replicator.core.ogn.tests.TestOgnOnCondition: Traceback (most recent call last):
  File "/home/liyufeng/miniforge3/envs/safeduo/lib/python3.11/site-packages/isaacsim/extscache/omni.graph.tools-1.79.2+69cbf6ad/omni/graph/tools/_impl/internal/extension_contents_1_18.py", line 394, in do_import_test_definition
    test_module = load_module_from_file(test_module_name, test_file)
                  ^^^^^^^^^^^^^^^^^^^^^^^^^^^^^^^^^^^^^^^^^^^^^^^^^^
  File "/home/liyufeng/miniforge3/envs/safeduo/lib/python3.11/site-packages/isaacsim/extscache/omni.graph.tools-1.79.2+69cbf6ad/omni/graph/tools/_impl/internal/file_utils.py", line 239, in load_module_from_file
    spec.loader.exec_module(module)
  File "<frozen importlib._bootstrap_external>", line 940, in exec_module
  File "<frozen importlib._bootstrap>", line 241, in _call_with_frames_removed
  File "/home/liyufeng/miniforge3/envs/safeduo/lib/python3.11/site-packages/isaacsim/extscache/omni.replicator.core-1.12.27+107.3.3.lx64.r.cp311/omni/replicator/core/ogn/tests/TestOgnOnCondition.py", line 4, in <module>
    import omni.graph.core.tests as ogts
  File "/home/liyufeng/miniforge3/envs/safeduo/lib/python3.11/site-packages/isaacsim/extscache/omni.graph-1.141.2+69cbf6ad.lx64.r.cp311/omni/graph/core/tests/__init__.py", line 20, in <module>
    from .omnigraph_test_utils import OmniGraphTestCase
  File "/home/liyufeng/miniforge3/envs/safeduo/lib/python3.11/site-packages/isaacsim/extscache/omni.graph-1.141.2+69cbf6ad.lx64.r.cp311/omni/graph/core/tests/omnigraph_test_utils.py", line 198, in <module>
    OmniGraphTestCase = test_case_class()
                        ^^^^^^^^^^^^^^^^^
  File "/home/liyufeng/miniforge3/envs/safeduo/lib/python3.11/site-packages/isaacsim/extscache/omni.graph-1.141.2+69cbf6ad.lx64.r.cp311/omni/graph/core/tests/omnigraph_test_utils.py", line 135, in test_case_class
    base_class = omni.kit.test.AsyncTestCase
                 ^^^^^^^^^^^^^
AttributeError: cannot access submodule 'test' of module 'omni.kit' (most likely due to a circular import)

2026-10-10T05:06:19Z [5,122ms] [Error] [omni.graph.tools._impl.internal.extension_contents_1_18] Exception while importing test omni.replicator.core.ogn.tests.TestOgnSampleLight: Traceback (most recent call last):
  File "/home/liyufeng/miniforge3/envs/safeduo/lib/python3.11/site-packages/isaacsim/extscache/omni.graph.tools-1.79.2+69cbf6ad/omni/graph/tools/_impl/internal/extension_contents_1_18.py", line 394, in do_import_test_definition
    test_module = load_module_from_file(test_module_name, test_file)
                  ^^^^^^^^^^^^^^^^^^^^^^^^^^^^^^^^^^^^^^^^^^^^^^^^^^
  File "/home/liyufeng/miniforge3/envs/safeduo/lib/python3.11/site-packages/isaacsim/extscache/omni.graph.tools-1.79.2+69cbf6ad/omni/graph/tools/_impl/internal/file_utils.py", line 239, in load_module_from_file
    spec.loader.exec_module(module)
  File "<frozen importlib._bootstrap_external>", line 940, in exec_module
  File "<frozen importlib._bootstrap>", line 241, in _call_with_frames_removed
  File "/home/liyufeng/miniforge3/envs/safeduo/lib/python3.11/site-packages/isaacsim/extscache/omni.replicator.core-1.12.27+107.3.3.lx64.r.cp311/omni/replicator/core/ogn/tests/TestOgnSampleLight.py", line 4, in <module>
    import omni.graph.core.tests as ogts
  File "/home/liyufeng/miniforge3/envs/safeduo/lib/python3.11/site-packages/isaacsim/extscache/omni.graph-1.141.2+69cbf6ad.lx64.r.cp311/omni/graph/core/tests/__init__.py", line 20, in <module>
    from .omnigraph_test_utils import OmniGraphTestCase
  File "/home/liyufeng/miniforge3/envs/safeduo/lib/python3.11/site-packages/isaacsim/extscache/omni.graph-1.141.2+69cbf6ad.lx64.r.cp311/omni/graph/core/tests/omnigraph_test_utils.py", line 198, in <module>
    OmniGraphTestCase = test_case_class()
                        ^^^^^^^^^^^^^^^^^
  File "/home/liyufeng/miniforge3/envs/safeduo/lib/python3.11/site-packages/isaacsim/extscache/omni.graph-1.141.2+69cbf6ad.lx64.r.cp311/omni/graph/core/tests/omnigraph_test_utils.py", line 135, in test_case_class
    base_class = omni.kit.test.AsyncTestCase
                 ^^^^^^^^^^^^^
AttributeError: cannot access submodule 'test' of module 'omni.kit' (most likely due to a circular import)

2026-10-10T05:06:19Z [5,128ms] [Error] [omni.graph.tools._impl.internal.extension_contents_1_18] Exception while importing test omni.replicator.core.ogn.tests.TestOgnCameraRelativePosition: Traceback (most recent call last):
  File "/home/liyufeng/miniforge3/envs/safeduo/lib/python3.11/site-packages/isaacsim/extscache/omni.graph.tools-1.79.2+69cbf6ad/omni/graph/tools/_impl/internal/extension_contents_1_18.py", line 394, in do_import_test_definition
    test_module = load_module_from_file(test_module_name, test_file)
                  ^^^^^^^^^^^^^^^^^^^^^^^^^^^^^^^^^^^^^^^^^^^^^^^^^^
  File "/home/liyufeng/miniforge3/envs/safeduo/lib/python3.11/site-packages/isaacsim/extscache/omni.graph.tools-1.79.2+69cbf6ad/omni/graph/tools/_impl/internal/file_utils.py", line 239, in load_module_from_file
    spec.loader.exec_module(module)
  File "<frozen importlib._bootstrap_external>", line 940, in exec_module
  File "<frozen importlib._bootstrap>", line 241, in _call_with_frames_removed
  File "/home/liyufeng/miniforge3/envs/safeduo/lib/python3.11/site-packages/isaacsim/extscache/omni.replicator.core-1.12.27+107.3.3.lx64.r.cp311/omni/replicator/core/ogn/tests/TestOgnCameraRelativePosition.py", line 4, in <module>
    import omni.graph.core.tests as ogts
  File "/home/liyufeng/miniforge3/envs/safeduo/lib/python3.11/site-packages/isaacsim/extscache/omni.graph-1.141.2+69cbf6ad.lx64.r.cp311/omni/graph/core/tests/__init__.py", line 20, in <module>
    from .omnigraph_test_utils import OmniGraphTestCase
  File "/home/liyufeng/miniforge3/envs/safeduo/lib/python3.11/site-packages/isaacsim/extscache/omni.graph-1.141.2+69cbf6ad.lx64.r.cp311/omni/graph/core/tests/omnigraph_test_utils.py", line 198, in <module>
    OmniGraphTestCase = test_case_class()
                        ^^^^^^^^^^^^^^^^^
  File "/home/liyufeng/miniforge3/envs/safeduo/lib/python3.11/site-packages/isaacsim/extscache/omni.graph-1.141.2+69cbf6ad.lx64.r.cp311/omni/graph/core/tests/omnigraph_test_utils.py", line 135, in test_case_class
    base_class = omni.kit.test.AsyncTestCase
                 ^^^^^^^^^^^^^
AttributeError: cannot access submodule 'test' of module 'omni.kit' (most likely due to a circular import)

2026-10-10T05:06:19Z [5,136ms] [Error] [omni.graph.tools._impl.internal.extension_contents_1_18] Exception while importing test omni.replicator.core.ogn.tests.TestOgnGetPrims: Traceback (most recent call last):
  File "/home/liyufeng/miniforge3/envs/safeduo/lib/python3.11/site-packages/isaacsim/extscache/omni.graph.tools-1.79.2+69cbf6ad/omni/graph/tools/_impl/internal/extension_contents_1_18.py", line 394, in do_import_test_definition
    test_module = load_module_from_file(test_module_name, test_file)
                  ^^^^^^^^^^^^^^^^^^^^^^^^^^^^^^^^^^^^^^^^^^^^^^^^^^
  File "/home/liyufeng/miniforge3/envs/safeduo/lib/python3.11/site-packages/isaacsim/extscache/omni.graph.tools-1.79.2+69cbf6ad/omni/graph/tools/_impl/internal/file_utils.py", line 239, in load_module_from_file
    spec.loader.exec_module(module)
  File "<frozen importlib._bootstrap_external>", line 940, in exec_module
  File "<frozen importlib._bootstrap>", line 241, in _call_with_frames_removed
  File "/home/liyufeng/miniforge3/envs/safeduo/lib/python3.11/site-packages/isaacsim/extscache/omni.replicator.core-1.12.27+107.3.3.lx64.r.cp311/omni/replicator/core/ogn/tests/TestOgnGetPrims.py", line 4, in <module>
    import omni.graph.core.tests as ogts
  File "/home/liyufeng/miniforge3/envs/safeduo/lib/python3.11/site-packages/isaacsim/extscache/omni.graph-1.141.2+69cbf6ad.lx64.r.cp311/omni/graph/core/tests/__init__.py", line 20, in <module>
    from .omnigraph_test_utils import OmniGraphTestCase
  File "/home/liyufeng/miniforge3/envs/safeduo/lib/python3.11/site-packages/isaacsim/extscache/omni.graph-1.141.2+69cbf6ad.lx64.r.cp311/omni/graph/core/tests/omnigraph_test_utils.py", line 198, in <module>
    OmniGraphTestCase = test_case_class()
                        ^^^^^^^^^^^^^^^^^
  File "/home/liyufeng/miniforge3/envs/safeduo/lib/python3.11/site-packages/isaacsim/extscache/omni.graph-1.141.2+69cbf6ad.lx64.r.cp311/omni/graph/core/tests/omnigraph_test_utils.py", line 135, in test_case_class
    base_class = omni.kit.test.AsyncTestCase
                 ^^^^^^^^^^^^^
AttributeError: cannot access submodule 'test' of module 'omni.kit' (most likely due to a circular import)

2026-10-10T05:06:19Z [5,142ms] [Error] [omni.graph.tools._impl.internal.extension_contents_1_18] Exception while importing test omni.replicator.core.ogn.tests.TestOgnSampleChoicePrim: Traceback (most recent call last):
  File "/home/liyufeng/miniforge3/envs/safeduo/lib/python3.11/site-packages/isaacsim/extscache/omni.graph.tools-1.79.2+69cbf6ad/omni/graph/tools/_impl/internal/extension_contents_1_18.py", line 394, in do_import_test_definition
    test_module = load_module_from_file(test_module_name, test_file)
                  ^^^^^^^^^^^^^^^^^^^^^^^^^^^^^^^^^^^^^^^^^^^^^^^^^^
  File "/home/liyufeng/miniforge3/envs/safeduo/lib/python3.11/site-packages/isaacsim/extscache/omni.graph.tools-1.79.2+69cbf6ad/omni/graph/tools/_impl/internal/file_utils.py", line 239, in load_module_from_file
    spec.loader.exec_module(module)
  File "<frozen importlib._bootstrap_external>", line 940, in exec_module
  File "<frozen importlib._bootstrap>", line 241, in _call_with_frames_removed
  File "/home/liyufeng/miniforge3/envs/safeduo/lib/python3.11/site-packages/isaacsim/extscache/omni.replicator.core-1.12.27+107.3.3.lx64.r.cp311/omni/replicator/core/ogn/tests/TestOgnSampleChoicePrim.py", line 4, in <module>
    import omni.graph.core.tests as ogts
  File "/home/liyufeng/miniforge3/envs/safeduo/lib/python3.11/site-packages/isaacsim/extscache/omni.graph-1.141.2+69cbf6ad.lx64.r.cp311/omni/graph/core/tests/__init__.py", line 20, in <module>
    from .omnigraph_test_utils import OmniGraphTestCase
  File "/home/liyufeng/miniforge3/envs/safeduo/lib/python3.11/site-packages/isaacsim/extscache/omni.graph-1.141.2+69cbf6ad.lx64.r.cp311/omni/graph/core/tests/omnigraph_test_utils.py", line 198, in <module>
    OmniGraphTestCase = test_case_class()
                        ^^^^^^^^^^^^^^^^^
  File "/home/liyufeng/miniforge3/envs/safeduo/lib/python3.11/site-packages/isaacsim/extscache/omni.graph-1.141.2+69cbf6ad.lx64.r.cp311/omni/graph/core/tests/omnigraph_test_utils.py", line 135, in test_case_class
    base_class = omni.kit.test.AsyncTestCase
                 ^^^^^^^^^^^^^
AttributeError: cannot access submodule 'test' of module 'omni.kit' (most likely due to a circular import)

2026-10-10T05:06:19Z [5,151ms] [Error] [omni.graph.tools._impl.internal.extension_contents_1_18] Exception while importing test omni.replicator.core.ogn.tests.TestOgnMeshDecal: Traceback (most recent call last):
  File "/home/liyufeng/miniforge3/envs/safeduo/lib/python3.11/site-packages/isaacsim/extscache/omni.graph.tools-1.79.2+69cbf6ad/omni/graph/tools/_impl/internal/extension_contents_1_18.py", line 394, in do_import_test_definition
    test_module = load_module_from_file(test_module_name, test_file)
                  ^^^^^^^^^^^^^^^^^^^^^^^^^^^^^^^^^^^^^^^^^^^^^^^^^^
  File "/home/liyufeng/miniforge3/envs/safeduo/lib/python3.11/site-packages/isaacsim/extscache/omni.graph.tools-1.79.2+69cbf6ad/omni/graph/tools/_impl/internal/file_utils.py", line 239, in load_module_from_file
    spec.loader.exec_module(module)
  File "<frozen importlib._bootstrap_external>", line 940, in exec_module
  File "<frozen importlib._bootstrap>", line 241, in _call_with_frames_removed
  File "/home/liyufeng/miniforge3/envs/safeduo/lib/python3.11/site-packages/isaacsim/extscache/omni.replicator.core-1.12.27+107.3.3.lx64.r.cp311/omni/replicator/core/ogn/tests/TestOgnMeshDecal.py", line 4, in <module>
    import omni.graph.core.tests as ogts
  File "/home/liyufeng/miniforge3/envs/safeduo/lib/python3.11/site-packages/isaacsim/extscache/omni.graph-1.141.2+69cbf6ad.lx64.r.cp311/omni/graph/core/tests/__init__.py", line 20, in <module>
    from .omnigraph_test_utils import OmniGraphTestCase
  File "/home/liyufeng/miniforge3/envs/safeduo/lib/python3.11/site-packages/isaacsim/extscache/omni.graph-1.141.2+69cbf6ad.lx64.r.cp311/omni/graph/core/tests/omnigraph_test_utils.py", line 198, in <module>
    OmniGraphTestCase = test_case_class()
                        ^^^^^^^^^^^^^^^^^
  File "/home/liyufeng/miniforge3/envs/safeduo/lib/python3.11/site-packages/isaacsim/extscache/omni.graph-1.141.2+69cbf6ad.lx64.r.cp311/omni/graph/core/tests/omnigraph_test_utils.py", line 135, in test_case_class
    base_class = omni.kit.test.AsyncTestCase
                 ^^^^^^^^^^^^^
AttributeError: cannot access submodule 'test' of module 'omni.kit' (most likely due to a circular import)

2026-10-10T05:06:19Z [5,158ms] [Error] [omni.graph.tools._impl.internal.extension_contents_1_18] Exception while importing test omni.replicator.core.ogn.tests.TestOgnSetPivot: Traceback (most recent call last):
  File "/home/liyufeng/miniforge3/envs/safeduo/lib/python3.11/site-packages/isaacsim/extscache/omni.graph.tools-1.79.2+69cbf6ad/omni/graph/tools/_impl/internal/extension_contents_1_18.py", line 394, in do_import_test_definition
    test_module = load_module_from_file(test_module_name, test_file)
                  ^^^^^^^^^^^^^^^^^^^^^^^^^^^^^^^^^^^^^^^^^^^^^^^^^^
  File "/home/liyufeng/miniforge3/envs/safeduo/lib/python3.11/site-packages/isaacsim/extscache/omni.graph.tools-1.79.2+69cbf6ad/omni/graph/tools/_impl/internal/file_utils.py", line 239, in load_module_from_file
    spec.loader.exec_module(module)
  File "<frozen importlib._bootstrap_external>", line 940, in exec_module
  File "<frozen importlib._bootstrap>", line 241, in _call_with_frames_removed
  File "/home/liyufeng/miniforge3/envs/safeduo/lib/python3.11/site-packages/isaacsim/extscache/omni.replicator.core-1.12.27+107.3.3.lx64.r.cp311/omni/replicator/core/ogn/tests/TestOgnSetPivot.py", line 4, in <module>
    import omni.graph.core.tests as ogts
  File "/home/liyufeng/miniforge3/envs/safeduo/lib/python3.11/site-packages/isaacsim/extscache/omni.graph-1.141.2+69cbf6ad.lx64.r.cp311/omni/graph/core/tests/__init__.py", line 20, in <module>
    from .omnigraph_test_utils import OmniGraphTestCase
  File "/home/liyufeng/miniforge3/envs/safeduo/lib/python3.11/site-packages/isaacsim/extscache/omni.graph-1.141.2+69cbf6ad.lx64.r.cp311/omni/graph/core/tests/omnigraph_test_utils.py", line 198, in <module>
    OmniGraphTestCase = test_case_class()
                        ^^^^^^^^^^^^^^^^^
  File "/home/liyufeng/miniforge3/envs/safeduo/lib/python3.11/site-packages/isaacsim/extscache/omni.graph-1.141.2+69cbf6ad.lx64.r.cp311/omni/graph/core/tests/omnigraph_test_utils.py", line 135, in test_case_class
    base_class = omni.kit.test.AsyncTestCase
                 ^^^^^^^^^^^^^
AttributeError: cannot access submodule 'test' of module 'omni.kit' (most likely due to a circular import)

2026-10-10T05:06:19Z [5,175ms] [Error] [omni.graph.tools._impl.internal.extension_contents_1_18] Exception while importing test omni.replicator.core.ogn.tests.TestOgnAugImgBlendExp: Traceback (most recent call last):
  File "/home/liyufeng/miniforge3/envs/safeduo/lib/python3.11/site-packages/isaacsim/extscache/omni.graph.tools-1.79.2+69cbf6ad/omni/graph/tools/_impl/internal/extension_contents_1_18.py", line 394, in do_import_test_definition
    test_module = load_module_from_file(test_module_name, test_file)
                  ^^^^^^^^^^^^^^^^^^^^^^^^^^^^^^^^^^^^^^^^^^^^^^^^^^
  File "/home/liyufeng/miniforge3/envs/safeduo/lib/python3.11/site-packages/isaacsim/extscache/omni.graph.tools-1.79.2+69cbf6ad/omni/graph/tools/_impl/internal/file_utils.py", line 239, in load_module_from_file
    spec.loader.exec_module(module)
  File "<frozen importlib._bootstrap_external>", line 940, in exec_module
  File "<frozen importlib._bootstrap>", line 241, in _call_with_frames_removed
  File "/home/liyufeng/miniforge3/envs/safeduo/lib/python3.11/site-packages/isaacsim/extscache/omni.replicator.core-1.12.27+107.3.3.lx64.r.cp311/omni/replicator/core/ogn/tests/TestOgnAugImgBlendExp.py", line 2, in <module>
    import omni.kit.test
  File "/home/liyufeng/miniforge3/envs/safeduo/lib/python3.11/site-packages/isaacsim/extscache/omni.kit.test-2.0.1+69cbf6ad.lx64.r.cp311/omni/kit/test/__init__.py", line 7, in <module>
    from . import unittests
  File "/home/liyufeng/miniforge3/envs/safeduo/lib/python3.11/site-packages/isaacsim/extscache/omni.kit.test-2.0.1+69cbf6ad.lx64.r.cp311/omni/kit/test/unittests.py", line 21, in <module>
    from .async_unittest import AsyncTestSuite, AsyncTextTestRunner, OmniTestResult, AsyncTestCase
  File "/home/liyufeng/miniforge3/envs/safeduo/lib/python3.11/site-packages/isaacsim/extscache/omni.kit.test-2.0.1+69cbf6ad.lx64.r.cp311/omni/kit/test/async_unittest.py", line 25, in <module>
    from .reporter import TestReporter
  File "/home/liyufeng/miniforge3/envs/safeduo/lib/python3.11/site-packages/isaacsim/extscache/omni.kit.test-2.0.1+69cbf6ad.lx64.r.cp311/omni/kit/test/reporter.py", line 27, in <module>
    from .test_coverage import generate_coverage_report
  File "/home/liyufeng/miniforge3/envs/safeduo/lib/python3.11/site-packages/isaacsim/extscache/omni.kit.test-2.0.1+69cbf6ad.lx64.r.cp311/omni/kit/test/test_coverage.py", line 10, in <module>
    import coverage
  File "/home/liyufeng/miniforge3/envs/safeduo/lib/python3.11/site-packages/coverage/__init__.py", line 24, in <module>
    from coverage.control import (
  File "/home/liyufeng/miniforge3/envs/safeduo/lib/python3.11/site-packages/coverage/control.py", line 28, in <module>
    from coverage.collector import Collector, HAS_CTRACER
  File "/home/liyufeng/miniforge3/envs/safeduo/lib/python3.11/site-packages/coverage/collector.py", line 19, in <module>
    from coverage.data import CoverageData
  File "/home/liyufeng/miniforge3/envs/safeduo/lib/python3.11/site-packages/coverage/data.py", line 24, in <module>
    from coverage.sqldata import CoverageData
  File "/home/liyufeng/miniforge3/envs/safeduo/lib/python3.11/site-packages/coverage/sqldata.py", line 16, in <module>
    import sqlite3
  File "/home/liyufeng/miniforge3/envs/safeduo/lib/python3.11/sqlite3/__init__.py", line 57, in <module>
    from sqlite3.dbapi2 import *
  File "/home/liyufeng/miniforge3/envs/safeduo/lib/python3.11/sqlite3/dbapi2.py", line 27, in <module>
    from _sqlite3 import *
ImportError: /lib/x86_64-linux-gnu/libstdc++.so.6: version `CXXABI_1.3.15' not found (required by /home/liyufeng/miniforge3/envs/safeduo/lib/python3.11/lib-dynload/../.././libicui18n.so.78)

2026-10-10T05:06:19Z [5,186ms] [Error] [omni.graph.tools._impl.internal.extension_contents_1_18] Exception while importing test omni.replicator.core.ogn.tests.TestOgnConditionScript: Traceback (most recent call last):
  File "/home/liyufeng/miniforge3/envs/safeduo/lib/python3.11/site-packages/isaacsim/extscache/omni.graph.tools-1.79.2+69cbf6ad/omni/graph/tools/_impl/internal/extension_contents_1_18.py", line 394, in do_import_test_definition
    test_module = load_module_from_file(test_module_name, test_file)
                  ^^^^^^^^^^^^^^^^^^^^^^^^^^^^^^^^^^^^^^^^^^^^^^^^^^
  File "/home/liyufeng/miniforge3/envs/safeduo/lib/python3.11/site-packages/isaacsim/extscache/omni.graph.tools-1.79.2+69cbf6ad/omni/graph/tools/_impl/internal/file_utils.py", line 239, in load_module_from_file
    spec.loader.exec_module(module)
  File "<frozen importlib._bootstrap_external>", line 940, in exec_module
  File "<frozen importlib._bootstrap>", line 241, in _call_with_frames_removed
  File "/home/liyufeng/miniforge3/envs/safeduo/lib/python3.11/site-packages/isaacsim/extscache/omni.replicator.core-1.12.27+107.3.3.lx64.r.cp311/omni/replicator/core/ogn/tests/TestOgnConditionScript.py", line 4, in <module>
    import omni.graph.core.tests as ogts
  File "/home/liyufeng/miniforge3/envs/safeduo/lib/python3.11/site-packages/isaacsim/extscache/omni.graph-1.141.2+69cbf6ad.lx64.r.cp311/omni/graph/core/tests/__init__.py", line 20, in <module>
    from .omnigraph_test_utils import OmniGraphTestCase
  File "/home/liyufeng/miniforge3/envs/safeduo/lib/python3.11/site-packages/isaacsim/extscache/omni.graph-1.141.2+69cbf6ad.lx64.r.cp311/omni/graph/core/tests/omnigraph_test_utils.py", line 198, in <module>
    OmniGraphTestCase = test_case_class()
                        ^^^^^^^^^^^^^^^^^
  File "/home/liyufeng/miniforge3/envs/safeduo/lib/python3.11/site-packages/isaacsim/extscache/omni.graph-1.141.2+69cbf6ad.lx64.r.cp311/omni/graph/core/tests/omnigraph_test_utils.py", line 135, in test_case_class
    base_class = omni.kit.test.AsyncTestCase
                 ^^^^^^^^^^^^^
AttributeError: cannot access submodule 'test' of module 'omni.kit' (most likely due to a circular import)

2026-10-10T05:06:19Z [5,200ms] [Error] [omni.graph.tools._impl.internal.extension_contents_1_18] Exception while importing test omni.replicator.core.ogn.tests.TestOgnPointCloudGenerator: Traceback (most recent call last):
  File "/home/liyufeng/miniforge3/envs/safeduo/lib/python3.11/site-packages/isaacsim/extscache/omni.graph.tools-1.79.2+69cbf6ad/omni/graph/tools/_impl/internal/extension_contents_1_18.py", line 394, in do_import_test_definition
    test_module = load_module_from_file(test_module_name, test_file)
                  ^^^^^^^^^^^^^^^^^^^^^^^^^^^^^^^^^^^^^^^^^^^^^^^^^^
  File "/home/liyufeng/miniforge3/envs/safeduo/lib/python3.11/site-packages/isaacsim/extscache/omni.graph.tools-1.79.2+69cbf6ad/omni/graph/tools/_impl/internal/file_utils.py", line 239, in load_module_from_file
    spec.loader.exec_module(module)
  File "<frozen importlib._bootstrap_external>", line 940, in exec_module
  File "<frozen importlib._bootstrap>", line 241, in _call_with_frames_removed
  File "/home/liyufeng/miniforge3/envs/safeduo/lib/python3.11/site-packages/isaacsim/extscache/omni.replicator.core-1.12.27+107.3.3.lx64.r.cp311/omni/replicator/core/ogn/tests/TestOgnPointCloudGenerator.py", line 4, in <module>
    import omni.graph.core.tests as ogts
  File "/home/liyufeng/miniforge3/envs/safeduo/lib/python3.11/site-packages/isaacsim/extscache/omni.graph-1.141.2+69cbf6ad.lx64.r.cp311/omni/graph/core/tests/__init__.py", line 20, in <module>
    from .omnigraph_test_utils import OmniGraphTestCase
  File "/home/liyufeng/miniforge3/envs/safeduo/lib/python3.11/site-packages/isaacsim/extscache/omni.graph-1.141.2+69cbf6ad.lx64.r.cp311/omni/graph/core/tests/omnigraph_test_utils.py", line 198, in <module>
    OmniGraphTestCase = test_case_class()
                        ^^^^^^^^^^^^^^^^^
  File "/home/liyufeng/miniforge3/envs/safeduo/lib/python3.11/site-packages/isaacsim/extscache/omni.graph-1.141.2+69cbf6ad.lx64.r.cp311/omni/graph/core/tests/omnigraph_test_utils.py", line 135, in test_case_class
    base_class = omni.kit.test.AsyncTestCase
                 ^^^^^^^^^^^^^
AttributeError: cannot access submodule 'test' of module 'omni.kit' (most likely due to a circular import)

2026-10-10T05:06:19Z [5,215ms] [Error] [omni.graph.tools._impl.internal.extension_contents_1_18] Exception while importing test omni.replicator.core.ogn.tests.TestOgnSampleUniform: Traceback (most recent call last):
  File "/home/liyufeng/miniforge3/envs/safeduo/lib/python3.11/site-packages/isaacsim/extscache/omni.graph.tools-1.79.2+69cbf6ad/omni/graph/tools/_impl/internal/extension_contents_1_18.py", line 394, in do_import_test_definition
    test_module = load_module_from_file(test_module_name, test_file)
                  ^^^^^^^^^^^^^^^^^^^^^^^^^^^^^^^^^^^^^^^^^^^^^^^^^^
  File "/home/liyufeng/miniforge3/envs/safeduo/lib/python3.11/site-packages/isaacsim/extscache/omni.graph.tools-1.79.2+69cbf6ad/omni/graph/tools/_impl/internal/file_utils.py", line 239, in load_module_from_file
    spec.loader.exec_module(module)
  File "<frozen importlib._bootstrap_external>", line 940, in exec_module
  File "<frozen importlib._bootstrap>", line 241, in _call_with_frames_removed
  File "/home/liyufeng/miniforge3/envs/safeduo/lib/python3.11/site-packages/isaacsim/extscache/omni.replicator.core-1.12.27+107.3.3.lx64.r.cp311/omni/replicator/core/ogn/tests/TestOgnSampleUniform.py", line 4, in <module>
    import omni.graph.core.tests as ogts
  File "/home/liyufeng/miniforge3/envs/safeduo/lib/python3.11/site-packages/isaacsim/extscache/omni.graph-1.141.2+69cbf6ad.lx64.r.cp311/omni/graph/core/tests/__init__.py", line 20, in <module>
    from .omnigraph_test_utils import OmniGraphTestCase
  File "/home/liyufeng/miniforge3/envs/safeduo/lib/python3.11/site-packages/isaacsim/extscache/omni.graph-1.141.2+69cbf6ad.lx64.r.cp311/omni/graph/core/tests/omnigraph_test_utils.py", line 198, in <module>
    OmniGraphTestCase = test_case_class()
                        ^^^^^^^^^^^^^^^^^
  File "/home/liyufeng/miniforge3/envs/safeduo/lib/python3.11/site-packages/isaacsim/extscache/omni.graph-1.141.2+69cbf6ad.lx64.r.cp311/omni/graph/core/tests/omnigraph_test_utils.py", line 135, in test_case_class
    base_class = omni.kit.test.AsyncTestCase
                 ^^^^^^^^^^^^^
AttributeError: cannot access submodule 'test' of module 'omni.kit' (most likely due to a circular import)

2026-10-10T05:06:19Z [5,224ms] [Error] [omni.graph.tools._impl.internal.extension_contents_1_18] Exception while importing test omni.replicator.core.ogn.tests.TestOgnAugment: Traceback (most recent call last):
  File "/home/liyufeng/miniforge3/envs/safeduo/lib/python3.11/site-packages/isaacsim/extscache/omni.graph.tools-1.79.2+69cbf6ad/omni/graph/tools/_impl/internal/extension_contents_1_18.py", line 394, in do_import_test_definition
    test_module = load_module_from_file(test_module_name, test_file)
                  ^^^^^^^^^^^^^^^^^^^^^^^^^^^^^^^^^^^^^^^^^^^^^^^^^^
  File "/home/liyufeng/miniforge3/envs/safeduo/lib/python3.11/site-packages/isaacsim/extscache/omni.graph.tools-1.79.2+69cbf6ad/omni/graph/tools/_impl/internal/file_utils.py", line 239, in load_module_from_file
    spec.loader.exec_module(module)
  File "<frozen importlib._bootstrap_external>", line 940, in exec_module
  File "<frozen importlib._bootstrap>", line 241, in _call_with_frames_removed
  File "/home/liyufeng/miniforge3/envs/safeduo/lib/python3.11/site-packages/isaacsim/extscache/omni.replicator.core-1.12.27+107.3.3.lx64.r.cp311/omni/replicator/core/ogn/tests/TestOgnAugment.py", line 4, in <module>
    import omni.graph.core.tests as ogts
  File "/home/liyufeng/miniforge3/envs/safeduo/lib/python3.11/site-packages/isaacsim/extscache/omni.graph-1.141.2+69cbf6ad.lx64.r.cp311/omni/graph/core/tests/__init__.py", line 20, in <module>
    from .omnigraph_test_utils import OmniGraphTestCase
  File "/home/liyufeng/miniforge3/envs/safeduo/lib/python3.11/site-packages/isaacsim/extscache/omni.graph-1.141.2+69cbf6ad.lx64.r.cp311/omni/graph/core/tests/omnigraph_test_utils.py", line 198, in <module>
    OmniGraphTestCase = test_case_class()
                        ^^^^^^^^^^^^^^^^^
  File "/home/liyufeng/miniforge3/envs/safeduo/lib/python3.11/site-packages/isaacsim/extscache/omni.graph-1.141.2+69cbf6ad.lx64.r.cp311/omni/graph/core/tests/omnigraph_test_utils.py", line 135, in test_case_class
    base_class = omni.kit.test.AsyncTestCase
                 ^^^^^^^^^^^^^
AttributeError: cannot access submodule 'test' of module 'omni.kit' (most likely due to a circular import)

2026-10-10T05:06:19Z [5,246ms] [Error] [omni.graph.tools._impl.internal.extension_contents_1_18] Exception while importing test omni.replicator.core.ogn.tests.TestOgnAugCanny: Traceback (most recent call last):
  File "/home/liyufeng/miniforge3/envs/safeduo/lib/python3.11/site-packages/isaacsim/extscache/omni.graph.tools-1.79.2+69cbf6ad/omni/graph/tools/_impl/internal/extension_contents_1_18.py", line 394, in do_import_test_definition
    test_module = load_module_from_file(test_module_name, test_file)
                  ^^^^^^^^^^^^^^^^^^^^^^^^^^^^^^^^^^^^^^^^^^^^^^^^^^
  File "/home/liyufeng/miniforge3/envs/safeduo/lib/python3.11/site-packages/isaacsim/extscache/omni.graph.tools-1.79.2+69cbf6ad/omni/graph/tools/_impl/internal/file_utils.py", line 239, in load_module_from_file
    spec.loader.exec_module(module)
  File "<frozen importlib._bootstrap_external>", line 940, in exec_module
  File "<frozen importlib._bootstrap>", line 241, in _call_with_frames_removed
  File "/home/liyufeng/miniforge3/envs/safeduo/lib/python3.11/site-packages/isaacsim/extscache/omni.replicator.core-1.12.27+107.3.3.lx64.r.cp311/omni/replicator/core/ogn/tests/TestOgnAugCanny.py", line 4, in <module>
    import omni.graph.core.tests as ogts
  File "/home/liyufeng/miniforge3/envs/safeduo/lib/python3.11/site-packages/isaacsim/extscache/omni.graph-1.141.2+69cbf6ad.lx64.r.cp311/omni/graph/core/tests/__init__.py", line 20, in <module>
    from .omnigraph_test_utils import OmniGraphTestCase
  File "/home/liyufeng/miniforge3/envs/safeduo/lib/python3.11/site-packages/isaacsim/extscache/omni.graph-1.141.2+69cbf6ad.lx64.r.cp311/omni/graph/core/tests/omnigraph_test_utils.py", line 198, in <module>
    OmniGraphTestCase = test_case_class()
                        ^^^^^^^^^^^^^^^^^
  File "/home/liyufeng/miniforge3/envs/safeduo/lib/python3.11/site-packages/isaacsim/extscache/omni.graph-1.141.2+69cbf6ad.lx64.r.cp311/omni/graph/core/tests/omnigraph_test_utils.py", line 135, in test_case_class
    base_class = omni.kit.test.AsyncTestCase
                 ^^^^^^^^^^^^^
AttributeError: cannot access submodule 'test' of module 'omni.kit' (most likely due to a circular import)

2026-10-10T05:06:19Z [5,256ms] [Error] [omni.graph.tools._impl.internal.extension_contents_1_18] Exception while importing test omni.replicator.core.ogn.tests.TestOgnArray: Traceback (most recent call last):
  File "/home/liyufeng/miniforge3/envs/safeduo/lib/python3.11/site-packages/isaacsim/extscache/omni.graph.tools-1.79.2+69cbf6ad/omni/graph/tools/_impl/internal/extension_contents_1_18.py", line 394, in do_import_test_definition
    test_module = load_module_from_file(test_module_name, test_file)
                  ^^^^^^^^^^^^^^^^^^^^^^^^^^^^^^^^^^^^^^^^^^^^^^^^^^
  File "/home/liyufeng/miniforge3/envs/safeduo/lib/python3.11/site-packages/isaacsim/extscache/omni.graph.tools-1.79.2+69cbf6ad/omni/graph/tools/_impl/internal/file_utils.py", line 239, in load_module_from_file
    spec.loader.exec_module(module)
  File "<frozen importlib._bootstrap_external>", line 940, in exec_module
  File "<frozen importlib._bootstrap>", line 241, in _call_with_frames_removed
  File "/home/liyufeng/miniforge3/envs/safeduo/lib/python3.11/site-packages/isaacsim/extscache/omni.replicator.core-1.12.27+107.3.3.lx64.r.cp311/omni/replicator/core/ogn/tests/TestOgnArray.py", line 4, in <module>
    import omni.graph.core.tests as ogts
  File "/home/liyufeng/miniforge3/envs/safeduo/lib/python3.11/site-packages/isaacsim/extscache/omni.graph-1.141.2+69cbf6ad.lx64.r.cp311/omni/graph/core/tests/__init__.py", line 20, in <module>
    from .omnigraph_test_utils import OmniGraphTestCase
  File "/home/liyufeng/miniforge3/envs/safeduo/lib/python3.11/site-packages/isaacsim/extscache/omni.graph-1.141.2+69cbf6ad.lx64.r.cp311/omni/graph/core/tests/omnigraph_test_utils.py", line 198, in <module>
    OmniGraphTestCase = test_case_class()
                        ^^^^^^^^^^^^^^^^^
  File "/home/liyufeng/miniforge3/envs/safeduo/lib/python3.11/site-packages/isaacsim/extscache/omni.graph-1.141.2+69cbf6ad.lx64.r.cp311/omni/graph/core/tests/omnigraph_test_utils.py", line 135, in test_case_class
    base_class = omni.kit.test.AsyncTestCase
                 ^^^^^^^^^^^^^
AttributeError: cannot access submodule 'test' of module 'omni.kit' (most likely due to a circular import)

2026-10-10T05:06:19Z [5,268ms] [Error] [omni.graph.tools._impl.internal.extension_contents_1_18] Exception while importing test omni.replicator.core.ogn.tests.TestOgnGetPrimAtPath: Traceback (most recent call last):
  File "/home/liyufeng/miniforge3/envs/safeduo/lib/python3.11/site-packages/isaacsim/extscache/omni.graph.tools-1.79.2+69cbf6ad/omni/graph/tools/_impl/internal/extension_contents_1_18.py", line 394, in do_import_test_definition
    test_module = load_module_from_file(test_module_name, test_file)
                  ^^^^^^^^^^^^^^^^^^^^^^^^^^^^^^^^^^^^^^^^^^^^^^^^^^
  File "/home/liyufeng/miniforge3/envs/safeduo/lib/python3.11/site-packages/isaacsim/extscache/omni.graph.tools-1.79.2+69cbf6ad/omni/graph/tools/_impl/internal/file_utils.py", line 239, in load_module_from_file
    spec.loader.exec_module(module)
  File "<frozen importlib._bootstrap_external>", line 940, in exec_module
  File "<frozen importlib._bootstrap>", line 241, in _call_with_frames_removed
  File "/home/liyufeng/miniforge3/envs/safeduo/lib/python3.11/site-packages/isaacsim/extscache/omni.replicator.core-1.12.27+107.3.3.lx64.r.cp311/omni/replicator/core/ogn/tests/TestOgnGetPrimAtPath.py", line 4, in <module>
    import omni.graph.core.tests as ogts
  File "/home/liyufeng/miniforge3/envs/safeduo/lib/python3.11/site-packages/isaacsim/extscache/omni.graph-1.141.2+69cbf6ad.lx64.r.cp311/omni/graph/core/tests/__init__.py", line 20, in <module>
    from .omnigraph_test_utils import OmniGraphTestCase
  File "/home/liyufeng/miniforge3/envs/safeduo/lib/python3.11/site-packages/isaacsim/extscache/omni.graph-1.141.2+69cbf6ad.lx64.r.cp311/omni/graph/core/tests/omnigraph_test_utils.py", line 198, in <module>
    OmniGraphTestCase = test_case_class()
                        ^^^^^^^^^^^^^^^^^
  File "/home/liyufeng/miniforge3/envs/safeduo/lib/python3.11/site-packages/isaacsim/extscache/omni.graph-1.141.2+69cbf6ad.lx64.r.cp311/omni/graph/core/tests/omnigraph_test_utils.py", line 135, in test_case_class
    base_class = omni.kit.test.AsyncTestCase
                 ^^^^^^^^^^^^^
AttributeError: cannot access submodule 'test' of module 'omni.kit' (most likely due to a circular import)

2026-10-10T05:06:19Z [5,279ms] [Error] [omni.graph.tools._impl.internal.extension_contents_1_18] Exception while importing test omni.replicator.core.ogn.tests.TestOgnSetVariant: Traceback (most recent call last):
  File "/home/liyufeng/miniforge3/envs/safeduo/lib/python3.11/site-packages/isaacsim/extscache/omni.graph.tools-1.79.2+69cbf6ad/omni/graph/tools/_impl/internal/extension_contents_1_18.py", line 394, in do_import_test_definition
    test_module = load_module_from_file(test_module_name, test_file)
                  ^^^^^^^^^^^^^^^^^^^^^^^^^^^^^^^^^^^^^^^^^^^^^^^^^^
  File "/home/liyufeng/miniforge3/envs/safeduo/lib/python3.11/site-packages/isaacsim/extscache/omni.graph.tools-1.79.2+69cbf6ad/omni/graph/tools/_impl/internal/file_utils.py", line 239, in load_module_from_file
    spec.loader.exec_module(module)
  File "<frozen importlib._bootstrap_external>", line 940, in exec_module
  File "<frozen importlib._bootstrap>", line 241, in _call_with_frames_removed
  File "/home/liyufeng/miniforge3/envs/safeduo/lib/python3.11/site-packages/isaacsim/extscache/omni.replicator.core-1.12.27+107.3.3.lx64.r.cp311/omni/replicator/core/ogn/tests/TestOgnSetVariant.py", line 4, in <module>
    import omni.graph.core.tests as ogts
  File "/home/liyufeng/miniforge3/envs/safeduo/lib/python3.11/site-packages/isaacsim/extscache/omni.graph-1.141.2+69cbf6ad.lx64.r.cp311/omni/graph/core/tests/__init__.py", line 20, in <module>
    from .omnigraph_test_utils import OmniGraphTestCase
  File "/home/liyufeng/miniforge3/envs/safeduo/lib/python3.11/site-packages/isaacsim/extscache/omni.graph-1.141.2+69cbf6ad.lx64.r.cp311/omni/graph/core/tests/omnigraph_test_utils.py", line 198, in <module>
    OmniGraphTestCase = test_case_class()
                        ^^^^^^^^^^^^^^^^^
  File "/home/liyufeng/miniforge3/envs/safeduo/lib/python3.11/site-packages/isaacsim/extscache/omni.graph-1.141.2+69cbf6ad.lx64.r.cp311/omni/graph/core/tests/omnigraph_test_utils.py", line 135, in test_case_class
    base_class = omni.kit.test.AsyncTestCase
                 ^^^^^^^^^^^^^
AttributeError: cannot access submodule 'test' of module 'omni.kit' (most likely due to a circular import)

2026-10-10T05:06:19Z [5,294ms] [Error] [omni.graph.tools._impl.internal.extension_contents_1_18] Exception while importing test omni.replicator.core.ogn.tests.TestOgnAugCropResizeExp: Traceback (most recent call last):
  File "/home/liyufeng/miniforge3/envs/safeduo/lib/python3.11/site-packages/isaacsim/extscache/omni.graph.tools-1.79.2+69cbf6ad/omni/graph/tools/_impl/internal/extension_contents_1_18.py", line 394, in do_import_test_definition
    test_module = load_module_from_file(test_module_name, test_file)
                  ^^^^^^^^^^^^^^^^^^^^^^^^^^^^^^^^^^^^^^^^^^^^^^^^^^
  File "/home/liyufeng/miniforge3/envs/safeduo/lib/python3.11/site-packages/isaacsim/extscache/omni.graph.tools-1.79.2+69cbf6ad/omni/graph/tools/_impl/internal/file_utils.py", line 239, in load_module_from_file
    spec.loader.exec_module(module)
  File "<frozen importlib._bootstrap_external>", line 940, in exec_module
  File "<frozen importlib._bootstrap>", line 241, in _call_with_frames_removed
  File "/home/liyufeng/miniforge3/envs/safeduo/lib/python3.11/site-packages/isaacsim/extscache/omni.replicator.core-1.12.27+107.3.3.lx64.r.cp311/omni/replicator/core/ogn/tests/TestOgnAugCropResizeExp.py", line 4, in <module>
    import omni.graph.core.tests as ogts
  File "/home/liyufeng/miniforge3/envs/safeduo/lib/python3.11/site-packages/isaacsim/extscache/omni.graph-1.141.2+69cbf6ad.lx64.r.cp311/omni/graph/core/tests/__init__.py", line 20, in <module>
    from .omnigraph_test_utils import OmniGraphTestCase
  File "/home/liyufeng/miniforge3/envs/safeduo/lib/python3.11/site-packages/isaacsim/extscache/omni.graph-1.141.2+69cbf6ad.lx64.r.cp311/omni/graph/core/tests/omnigraph_test_utils.py", line 198, in <module>
    OmniGraphTestCase = test_case_class()
                        ^^^^^^^^^^^^^^^^^
  File "/home/liyufeng/miniforge3/envs/safeduo/lib/python3.11/site-packages/isaacsim/extscache/omni.graph-1.141.2+69cbf6ad.lx64.r.cp311/omni/graph/core/tests/omnigraph_test_utils.py", line 135, in test_case_class
    base_class = omni.kit.test.AsyncTestCase
                 ^^^^^^^^^^^^^
AttributeError: cannot access submodule 'test' of module 'omni.kit' (most likely due to a circular import)

2026-10-10T05:06:19Z [5,308ms] [Error] [omni.graph.tools._impl.internal.extension_contents_1_18] Exception while importing test omni.replicator.core.ogn.tests.TestOgnAugCutMixExp: Traceback (most recent call last):
  File "/home/liyufeng/miniforge3/envs/safeduo/lib/python3.11/site-packages/isaacsim/extscache/omni.graph.tools-1.79.2+69cbf6ad/omni/graph/tools/_impl/internal/extension_contents_1_18.py", line 394, in do_import_test_definition
    test_module = load_module_from_file(test_module_name, test_file)
                  ^^^^^^^^^^^^^^^^^^^^^^^^^^^^^^^^^^^^^^^^^^^^^^^^^^
  File "/home/liyufeng/miniforge3/envs/safeduo/lib/python3.11/site-packages/isaacsim/extscache/omni.graph.tools-1.79.2+69cbf6ad/omni/graph/tools/_impl/internal/file_utils.py", line 239, in load_module_from_file
    spec.loader.exec_module(module)
  File "<frozen importlib._bootstrap_external>", line 940, in exec_module
  File "<frozen importlib._bootstrap>", line 241, in _call_with_frames_removed
  File "/home/liyufeng/miniforge3/envs/safeduo/lib/python3.11/site-packages/isaacsim/extscache/omni.replicator.core-1.12.27+107.3.3.lx64.r.cp311/omni/replicator/core/ogn/tests/TestOgnAugCutMixExp.py", line 4, in <module>
    import omni.graph.core.tests as ogts
  File "/home/liyufeng/miniforge3/envs/safeduo/lib/python3.11/site-packages/isaacsim/extscache/omni.graph-1.141.2+69cbf6ad.lx64.r.cp311/omni/graph/core/tests/__init__.py", line 20, in <module>
    from .omnigraph_test_utils import OmniGraphTestCase
  File "/home/liyufeng/miniforge3/envs/safeduo/lib/python3.11/site-packages/isaacsim/extscache/omni.graph-1.141.2+69cbf6ad.lx64.r.cp311/omni/graph/core/tests/omnigraph_test_utils.py", line 198, in <module>
    OmniGraphTestCase = test_case_class()
                        ^^^^^^^^^^^^^^^^^
  File "/home/liyufeng/miniforge3/envs/safeduo/lib/python3.11/site-packages/isaacsim/extscache/omni.graph-1.141.2+69cbf6ad.lx64.r.cp311/omni/graph/core/tests/omnigraph_test_utils.py", line 135, in test_case_class
    base_class = omni.kit.test.AsyncTestCase
                 ^^^^^^^^^^^^^
AttributeError: cannot access submodule 'test' of module 'omni.kit' (most likely due to a circular import)

2026-10-10T05:06:19Z [5,317ms] [Error] [omni.graph.tools._impl.internal.extension_contents_1_18] Exception while importing test omni.replicator.core.ogn.tests.TestOgnScheduleWriter: Traceback (most recent call last):
  File "/home/liyufeng/miniforge3/envs/safeduo/lib/python3.11/site-packages/isaacsim/extscache/omni.graph.tools-1.79.2+69cbf6ad/omni/graph/tools/_impl/internal/extension_contents_1_18.py", line 394, in do_import_test_definition
    test_module = load_module_from_file(test_module_name, test_file)
                  ^^^^^^^^^^^^^^^^^^^^^^^^^^^^^^^^^^^^^^^^^^^^^^^^^^
  File "/home/liyufeng/miniforge3/envs/safeduo/lib/python3.11/site-packages/isaacsim/extscache/omni.graph.tools-1.79.2+69cbf6ad/omni/graph/tools/_impl/internal/file_utils.py", line 239, in load_module_from_file
    spec.loader.exec_module(module)
  File "<frozen importlib._bootstrap_external>", line 940, in exec_module
  File "<frozen importlib._bootstrap>", line 241, in _call_with_frames_removed
  File "/home/liyufeng/miniforge3/envs/safeduo/lib/python3.11/site-packages/isaacsim/extscache/omni.replicator.core-1.12.27+107.3.3.lx64.r.cp311/omni/replicator/core/ogn/tests/TestOgnScheduleWriter.py", line 4, in <module>
    import omni.graph.core.tests as ogts
  File "/home/liyufeng/miniforge3/envs/safeduo/lib/python3.11/site-packages/isaacsim/extscache/omni.graph-1.141.2+69cbf6ad.lx64.r.cp311/omni/graph/core/tests/__init__.py", line 20, in <module>
    from .omnigraph_test_utils import OmniGraphTestCase
  File "/home/liyufeng/miniforge3/envs/safeduo/lib/python3.11/site-packages/isaacsim/extscache/omni.graph-1.141.2+69cbf6ad.lx64.r.cp311/omni/graph/core/tests/omnigraph_test_utils.py", line 198, in <module>
    OmniGraphTestCase = test_case_class()
                        ^^^^^^^^^^^^^^^^^
  File "/home/liyufeng/miniforge3/envs/safeduo/lib/python3.11/site-packages/isaacsim/extscache/omni.graph-1.141.2+69cbf6ad.lx64.r.cp311/omni/graph/core/tests/omnigraph_test_utils.py", line 135, in test_case_class
    base_class = omni.kit.test.AsyncTestCase
                 ^^^^^^^^^^^^^
AttributeError: cannot access submodule 'test' of module 'omni.kit' (most likely due to a circular import)

2026-10-10T05:06:19Z [5,325ms] [Error] [omni.graph.tools._impl.internal.extension_contents_1_18] Exception while importing test omni.replicator.core.ogn.tests.TestOgnSampleSequencePrim: Traceback (most recent call last):
  File "/home/liyufeng/miniforge3/envs/safeduo/lib/python3.11/site-packages/isaacsim/extscache/omni.graph.tools-1.79.2+69cbf6ad/omni/graph/tools/_impl/internal/extension_contents_1_18.py", line 394, in do_import_test_definition
    test_module = load_module_from_file(test_module_name, test_file)
                  ^^^^^^^^^^^^^^^^^^^^^^^^^^^^^^^^^^^^^^^^^^^^^^^^^^
  File "/home/liyufeng/miniforge3/envs/safeduo/lib/python3.11/site-packages/isaacsim/extscache/omni.graph.tools-1.79.2+69cbf6ad/omni/graph/tools/_impl/internal/file_utils.py", line 239, in load_module_from_file
    spec.loader.exec_module(module)
  File "<frozen importlib._bootstrap_external>", line 940, in exec_module
  File "<frozen importlib._bootstrap>", line 241, in _call_with_frames_removed
  File "/home/liyufeng/miniforge3/envs/safeduo/lib/python3.11/site-packages/isaacsim/extscache/omni.replicator.core-1.12.27+107.3.3.lx64.r.cp311/omni/replicator/core/ogn/tests/TestOgnSampleSequencePrim.py", line 4, in <module>
    import omni.graph.core.tests as ogts
  File "/home/liyufeng/miniforge3/envs/safeduo/lib/python3.11/site-packages/isaacsim/extscache/omni.graph-1.141.2+69cbf6ad.lx64.r.cp311/omni/graph/core/tests/__init__.py", line 20, in <module>
    from .omnigraph_test_utils import OmniGraphTestCase
  File "/home/liyufeng/miniforge3/envs/safeduo/lib/python3.11/site-packages/isaacsim/extscache/omni.graph-1.141.2+69cbf6ad.lx64.r.cp311/omni/graph/core/tests/omnigraph_test_utils.py", line 198, in <module>
    OmniGraphTestCase = test_case_class()
                        ^^^^^^^^^^^^^^^^^
  File "/home/liyufeng/miniforge3/envs/safeduo/lib/python3.11/site-packages/isaacsim/extscache/omni.graph-1.141.2+69cbf6ad.lx64.r.cp311/omni/graph/core/tests/omnigraph_test_utils.py", line 135, in test_case_class
    base_class = omni.kit.test.AsyncTestCase
                 ^^^^^^^^^^^^^
AttributeError: cannot access submodule 'test' of module 'omni.kit' (most likely due to a circular import)

2026-10-10T05:06:19Z [5,335ms] [Error] [omni.graph.tools._impl.internal.extension_contents_1_18] Exception while importing test omni.replicator.core.ogn.tests.TestOgnWriteCarbSetting: Traceback (most recent call last):
  File "/home/liyufeng/miniforge3/envs/safeduo/lib/python3.11/site-packages/isaacsim/extscache/omni.graph.tools-1.79.2+69cbf6ad/omni/graph/tools/_impl/internal/extension_contents_1_18.py", line 394, in do_import_test_definition
    test_module = load_module_from_file(test_module_name, test_file)
                  ^^^^^^^^^^^^^^^^^^^^^^^^^^^^^^^^^^^^^^^^^^^^^^^^^^
  File "/home/liyufeng/miniforge3/envs/safeduo/lib/python3.11/site-packages/isaacsim/extscache/omni.graph.tools-1.79.2+69cbf6ad/omni/graph/tools/_impl/internal/file_utils.py", line 239, in load_module_from_file
    spec.loader.exec_module(module)
  File "<frozen importlib._bootstrap_external>", line 940, in exec_module
  File "<frozen importlib._bootstrap>", line 241, in _call_with_frames_removed
  File "/home/liyufeng/miniforge3/envs/safeduo/lib/python3.11/site-packages/isaacsim/extscache/omni.replicator.core-1.12.27+107.3.3.lx64.r.cp311/omni/replicator/core/ogn/tests/TestOgnWriteCarbSetting.py", line 4, in <module>
    import omni.graph.core.tests as ogts
  File "/home/liyufeng/miniforge3/envs/safeduo/lib/python3.11/site-packages/isaacsim/extscache/omni.graph-1.141.2+69cbf6ad.lx64.r.cp311/omni/graph/core/tests/__init__.py", line 20, in <module>
    from .omnigraph_test_utils import OmniGraphTestCase
  File "/home/liyufeng/miniforge3/envs/safeduo/lib/python3.11/site-packages/isaacsim/extscache/omni.graph-1.141.2+69cbf6ad.lx64.r.cp311/omni/graph/core/tests/omnigraph_test_utils.py", line 198, in <module>
    OmniGraphTestCase = test_case_class()
                        ^^^^^^^^^^^^^^^^^
  File "/home/liyufeng/miniforge3/envs/safeduo/lib/python3.11/site-packages/isaacsim/extscache/omni.graph-1.141.2+69cbf6ad.lx64.r.cp311/omni/graph/core/tests/omnigraph_test_utils.py", line 135, in test_case_class
    base_class = omni.kit.test.AsyncTestCase
                 ^^^^^^^^^^^^^
AttributeError: cannot access submodule 'test' of module 'omni.kit' (most likely due to a circular import)

2026-10-10T05:06:19Z [5,342ms] [Error] [omni.graph.tools._impl.internal.extension_contents_1_18] Exception while importing test omni.replicator.core.ogn.tests.TestOgnWriteSemantics: Traceback (most recent call last):
  File "/home/liyufeng/miniforge3/envs/safeduo/lib/python3.11/site-packages/isaacsim/extscache/omni.graph.tools-1.79.2+69cbf6ad/omni/graph/tools/_impl/internal/extension_contents_1_18.py", line 394, in do_import_test_definition
    test_module = load_module_from_file(test_module_name, test_file)
                  ^^^^^^^^^^^^^^^^^^^^^^^^^^^^^^^^^^^^^^^^^^^^^^^^^^
  File "/home/liyufeng/miniforge3/envs/safeduo/lib/python3.11/site-packages/isaacsim/extscache/omni.graph.tools-1.79.2+69cbf6ad/omni/graph/tools/_impl/internal/file_utils.py", line 239, in load_module_from_file
    spec.loader.exec_module(module)
  File "<frozen importlib._bootstrap_external>", line 940, in exec_module
  File "<frozen importlib._bootstrap>", line 241, in _call_with_frames_removed
  File "/home/liyufeng/miniforge3/envs/safeduo/lib/python3.11/site-packages/isaacsim/extscache/omni.replicator.core-1.12.27+107.3.3.lx64.r.cp311/omni/replicator/core/ogn/tests/TestOgnWriteSemantics.py", line 4, in <module>
    import omni.graph.core.tests as ogts
  File "/home/liyufeng/miniforge3/envs/safeduo/lib/python3.11/site-packages/isaacsim/extscache/omni.graph-1.141.2+69cbf6ad.lx64.r.cp311/omni/graph/core/tests/__init__.py", line 20, in <module>
    from .omnigraph_test_utils import OmniGraphTestCase
  File "/home/liyufeng/miniforge3/envs/safeduo/lib/python3.11/site-packages/isaacsim/extscache/omni.graph-1.141.2+69cbf6ad.lx64.r.cp311/omni/graph/core/tests/omnigraph_test_utils.py", line 198, in <module>
    OmniGraphTestCase = test_case_class()
                        ^^^^^^^^^^^^^^^^^
  File "/home/liyufeng/miniforge3/envs/safeduo/lib/python3.11/site-packages/isaacsim/extscache/omni.graph-1.141.2+69cbf6ad.lx64.r.cp311/omni/graph/core/tests/omnigraph_test_utils.py", line 135, in test_case_class
    base_class = omni.kit.test.AsyncTestCase
                 ^^^^^^^^^^^^^
AttributeError: cannot access submodule 'test' of module 'omni.kit' (most likely due to a circular import)

2026-10-10T05:06:19Z [5,356ms] [Error] [omni.graph.tools._impl.internal.extension_contents_1_18] Exception while importing test omni.replicator.core.ogn.tests.TestOgnSampleOmniPBR: Traceback (most recent call last):
  File "/home/liyufeng/miniforge3/envs/safeduo/lib/python3.11/site-packages/isaacsim/extscache/omni.graph.tools-1.79.2+69cbf6ad/omni/graph/tools/_impl/internal/extension_contents_1_18.py", line 394, in do_import_test_definition
    test_module = load_module_from_file(test_module_name, test_file)
                  ^^^^^^^^^^^^^^^^^^^^^^^^^^^^^^^^^^^^^^^^^^^^^^^^^^
  File "/home/liyufeng/miniforge3/envs/safeduo/lib/python3.11/site-packages/isaacsim/extscache/omni.graph.tools-1.79.2+69cbf6ad/omni/graph/tools/_impl/internal/file_utils.py", line 239, in load_module_from_file
    spec.loader.exec_module(module)
  File "<frozen importlib._bootstrap_external>", line 940, in exec_module
  File "<frozen importlib._bootstrap>", line 241, in _call_with_frames_removed
  File "/home/liyufeng/miniforge3/envs/safeduo/lib/python3.11/site-packages/isaacsim/extscache/omni.replicator.core-1.12.27+107.3.3.lx64.r.cp311/omni/replicator/core/ogn/tests/TestOgnSampleOmniPBR.py", line 4, in <module>
    import omni.graph.core.tests as ogts
  File "/home/liyufeng/miniforge3/envs/safeduo/lib/python3.11/site-packages/isaacsim/extscache/omni.graph-1.141.2+69cbf6ad.lx64.r.cp311/omni/graph/core/tests/__init__.py", line 20, in <module>
    from .omnigraph_test_utils import OmniGraphTestCase
  File "/home/liyufeng/miniforge3/envs/safeduo/lib/python3.11/site-packages/isaacsim/extscache/omni.graph-1.141.2+69cbf6ad.lx64.r.cp311/omni/graph/core/tests/omnigraph_test_utils.py", line 198, in <module>
    OmniGraphTestCase = test_case_class()
                        ^^^^^^^^^^^^^^^^^
  File "/home/liyufeng/miniforge3/envs/safeduo/lib/python3.11/site-packages/isaacsim/extscache/omni.graph-1.141.2+69cbf6ad.lx64.r.cp311/omni/graph/core/tests/omnigraph_test_utils.py", line 135, in test_case_class
    base_class = omni.kit.test.AsyncTestCase
                 ^^^^^^^^^^^^^
AttributeError: cannot access submodule 'test' of module 'omni.kit' (most likely due to a circular import)

2026-10-10T05:06:19Z [5,366ms] [Error] [omni.graph.tools._impl.internal.extension_contents_1_18] Exception while importing test omni.replicator.core.ogn.tests.TestOgnAugmentCPU: Traceback (most recent call last):
  File "/home/liyufeng/miniforge3/envs/safeduo/lib/python3.11/site-packages/isaacsim/extscache/omni.graph.tools-1.79.2+69cbf6ad/omni/graph/tools/_impl/internal/extension_contents_1_18.py", line 394, in do_import_test_definition
    test_module = load_module_from_file(test_module_name, test_file)
                  ^^^^^^^^^^^^^^^^^^^^^^^^^^^^^^^^^^^^^^^^^^^^^^^^^^
  File "/home/liyufeng/miniforge3/envs/safeduo/lib/python3.11/site-packages/isaacsim/extscache/omni.graph.tools-1.79.2+69cbf6ad/omni/graph/tools/_impl/internal/file_utils.py", line 239, in load_module_from_file
    spec.loader.exec_module(module)
  File "<frozen importlib._bootstrap_external>", line 940, in exec_module
  File "<frozen importlib._bootstrap>", line 241, in _call_with_frames_removed
  File "/home/liyufeng/miniforge3/envs/safeduo/lib/python3.11/site-packages/isaacsim/extscache/omni.replicator.core-1.12.27+107.3.3.lx64.r.cp311/omni/replicator/core/ogn/tests/TestOgnAugmentCPU.py", line 4, in <module>
    import omni.graph.core.tests as ogts
  File "/home/liyufeng/miniforge3/envs/safeduo/lib/python3.11/site-packages/isaacsim/extscache/omni.graph-1.141.2+69cbf6ad.lx64.r.cp311/omni/graph/core/tests/__init__.py", line 20, in <module>
    from .omnigraph_test_utils import OmniGraphTestCase
  File "/home/liyufeng/miniforge3/envs/safeduo/lib/python3.11/site-packages/isaacsim/extscache/omni.graph-1.141.2+69cbf6ad.lx64.r.cp311/omni/graph/core/tests/omnigraph_test_utils.py", line 198, in <module>
    OmniGraphTestCase = test_case_class()
                        ^^^^^^^^^^^^^^^^^
  File "/home/liyufeng/miniforge3/envs/safeduo/lib/python3.11/site-packages/isaacsim/extscache/omni.graph-1.141.2+69cbf6ad.lx64.r.cp311/omni/graph/core/tests/omnigraph_test_utils.py", line 135, in test_case_class
    base_class = omni.kit.test.AsyncTestCase
                 ^^^^^^^^^^^^^
AttributeError: cannot access submodule 'test' of module 'omni.kit' (most likely due to a circular import)

2026-10-10T05:06:19Z [5,372ms] [Error] [omni.graph.tools._impl.internal.extension_contents_1_18] Exception while importing test omni.replicator.core.ogn.tests.TestOgnSampleChoice: Traceback (most recent call last):
  File "/home/liyufeng/miniforge3/envs/safeduo/lib/python3.11/site-packages/isaacsim/extscache/omni.graph.tools-1.79.2+69cbf6ad/omni/graph/tools/_impl/internal/extension_contents_1_18.py", line 394, in do_import_test_definition
    test_module = load_module_from_file(test_module_name, test_file)
                  ^^^^^^^^^^^^^^^^^^^^^^^^^^^^^^^^^^^^^^^^^^^^^^^^^^
  File "/home/liyufeng/miniforge3/envs/safeduo/lib/python3.11/site-packages/isaacsim/extscache/omni.graph.tools-1.79.2+69cbf6ad/omni/graph/tools/_impl/internal/file_utils.py", line 239, in load_module_from_file
    spec.loader.exec_module(module)
  File "<frozen importlib._bootstrap_external>", line 940, in exec_module
  File "<frozen importlib._bootstrap>", line 241, in _call_with_frames_removed
  File "/home/liyufeng/miniforge3/envs/safeduo/lib/python3.11/site-packages/isaacsim/extscache/omni.replicator.core-1.12.27+107.3.3.lx64.r.cp311/omni/replicator/core/ogn/tests/TestOgnSampleChoice.py", line 4, in <module>
    import omni.graph.core.tests as ogts
  File "/home/liyufeng/miniforge3/envs/safeduo/lib/python3.11/site-packages/isaacsim/extscache/omni.graph-1.141.2+69cbf6ad.lx64.r.cp311/omni/graph/core/tests/__init__.py", line 20, in <module>
    from .omnigraph_test_utils import OmniGraphTestCase
  File "/home/liyufeng/miniforge3/envs/safeduo/lib/python3.11/site-packages/isaacsim/extscache/omni.graph-1.141.2+69cbf6ad.lx64.r.cp311/omni/graph/core/tests/omnigraph_test_utils.py", line 198, in <module>
    OmniGraphTestCase = test_case_class()
                        ^^^^^^^^^^^^^^^^^
  File "/home/liyufeng/miniforge3/envs/safeduo/lib/python3.11/site-packages/isaacsim/extscache/omni.graph-1.141.2+69cbf6ad.lx64.r.cp311/omni/graph/core/tests/omnigraph_test_utils.py", line 135, in test_case_class
    base_class = omni.kit.test.AsyncTestCase
                 ^^^^^^^^^^^^^
AttributeError: cannot access submodule 'test' of module 'omni.kit' (most likely due to a circular import)

2026-10-10T05:06:19Z [5,380ms] [Error] [omni.graph.tools._impl.internal.extension_contents_1_18] Exception while importing test omni.replicator.core.ogn.tests.TestOgnPhysicsSimulate: Traceback (most recent call last):
  File "/home/liyufeng/miniforge3/envs/safeduo/lib/python3.11/site-packages/isaacsim/extscache/omni.graph.tools-1.79.2+69cbf6ad/omni/graph/tools/_impl/internal/extension_contents_1_18.py", line 394, in do_import_test_definition
    test_module = load_module_from_file(test_module_name, test_file)
                  ^^^^^^^^^^^^^^^^^^^^^^^^^^^^^^^^^^^^^^^^^^^^^^^^^^
  File "/home/liyufeng/miniforge3/envs/safeduo/lib/python3.11/site-packages/isaacsim/extscache/omni.graph.tools-1.79.2+69cbf6ad/omni/graph/tools/_impl/internal/file_utils.py", line 239, in load_module_from_file
    spec.loader.exec_module(module)
  File "<frozen importlib._bootstrap_external>", line 940, in exec_module
  File "<frozen importlib._bootstrap>", line 241, in _call_with_frames_removed
  File "/home/liyufeng/miniforge3/envs/safeduo/lib/python3.11/site-packages/isaacsim/extscache/omni.replicator.core-1.12.27+107.3.3.lx64.r.cp311/omni/replicator/core/ogn/tests/TestOgnPhysicsSimulate.py", line 4, in <module>
    import omni.graph.core.tests as ogts
  File "/home/liyufeng/miniforge3/envs/safeduo/lib/python3.11/site-packages/isaacsim/extscache/omni.graph-1.141.2+69cbf6ad.lx64.r.cp311/omni/graph/core/tests/__init__.py", line 20, in <module>
    from .omnigraph_test_utils import OmniGraphTestCase
  File "/home/liyufeng/miniforge3/envs/safeduo/lib/python3.11/site-packages/isaacsim/extscache/omni.graph-1.141.2+69cbf6ad.lx64.r.cp311/omni/graph/core/tests/omnigraph_test_utils.py", line 198, in <module>
    OmniGraphTestCase = test_case_class()
                        ^^^^^^^^^^^^^^^^^
  File "/home/liyufeng/miniforge3/envs/safeduo/lib/python3.11/site-packages/isaacsim/extscache/omni.graph-1.141.2+69cbf6ad.lx64.r.cp311/omni/graph/core/tests/omnigraph_test_utils.py", line 135, in test_case_class
    base_class = omni.kit.test.AsyncTestCase
                 ^^^^^^^^^^^^^
AttributeError: cannot access submodule 'test' of module 'omni.kit' (most likely due to a circular import)

2026-10-10T05:06:19Z [5,390ms] [Error] [omni.graph.tools._impl.internal.extension_contents_1_18] Exception while importing test omni.replicator.core.ogn.tests.TestOgnSizeToScale: Traceback (most recent call last):
  File "/home/liyufeng/miniforge3/envs/safeduo/lib/python3.11/site-packages/isaacsim/extscache/omni.graph.tools-1.79.2+69cbf6ad/omni/graph/tools/_impl/internal/extension_contents_1_18.py", line 394, in do_import_test_definition
    test_module = load_module_from_file(test_module_name, test_file)
                  ^^^^^^^^^^^^^^^^^^^^^^^^^^^^^^^^^^^^^^^^^^^^^^^^^^
  File "/home/liyufeng/miniforge3/envs/safeduo/lib/python3.11/site-packages/isaacsim/extscache/omni.graph.tools-1.79.2+69cbf6ad/omni/graph/tools/_impl/internal/file_utils.py", line 239, in load_module_from_file
    spec.loader.exec_module(module)
  File "<frozen importlib._bootstrap_external>", line 940, in exec_module
  File "<frozen importlib._bootstrap>", line 241, in _call_with_frames_removed
  File "/home/liyufeng/miniforge3/envs/safeduo/lib/python3.11/site-packages/isaacsim/extscache/omni.replicator.core-1.12.27+107.3.3.lx64.r.cp311/omni/replicator/core/ogn/tests/TestOgnSizeToScale.py", line 4, in <module>
    import omni.graph.core.tests as ogts
  File "/home/liyufeng/miniforge3/envs/safeduo/lib/python3.11/site-packages/isaacsim/extscache/omni.graph-1.141.2+69cbf6ad.lx64.r.cp311/omni/graph/core/tests/__init__.py", line 20, in <module>
    from .omnigraph_test_utils import OmniGraphTestCase
  File "/home/liyufeng/miniforge3/envs/safeduo/lib/python3.11/site-packages/isaacsim/extscache/omni.graph-1.141.2+69cbf6ad.lx64.r.cp311/omni/graph/core/tests/omnigraph_test_utils.py", line 198, in <module>
    OmniGraphTestCase = test_case_class()
                        ^^^^^^^^^^^^^^^^^
  File "/home/liyufeng/miniforge3/envs/safeduo/lib/python3.11/site-packages/isaacsim/extscache/omni.graph-1.141.2+69cbf6ad.lx64.r.cp311/omni/graph/core/tests/omnigraph_test_utils.py", line 135, in test_case_class
    base_class = omni.kit.test.AsyncTestCase
                 ^^^^^^^^^^^^^
AttributeError: cannot access submodule 'test' of module 'omni.kit' (most likely due to a circular import)

2026-10-10T05:06:19Z [5,401ms] [Error] [omni.graph.tools._impl.internal.extension_contents_1_18] Exception while importing test omni.replicator.core.ogn.tests.TestOgnSamplePopulation: Traceback (most recent call last):
  File "/home/liyufeng/miniforge3/envs/safeduo/lib/python3.11/site-packages/isaacsim/extscache/omni.graph.tools-1.79.2+69cbf6ad/omni/graph/tools/_impl/internal/extension_contents_1_18.py", line 394, in do_import_test_definition
    test_module = load_module_from_file(test_module_name, test_file)
                  ^^^^^^^^^^^^^^^^^^^^^^^^^^^^^^^^^^^^^^^^^^^^^^^^^^
  File "/home/liyufeng/miniforge3/envs/safeduo/lib/python3.11/site-packages/isaacsim/extscache/omni.graph.tools-1.79.2+69cbf6ad/omni/graph/tools/_impl/internal/file_utils.py", line 239, in load_module_from_file
    spec.loader.exec_module(module)
  File "<frozen importlib._bootstrap_external>", line 940, in exec_module
  File "<frozen importlib._bootstrap>", line 241, in _call_with_frames_removed
  File "/home/liyufeng/miniforge3/envs/safeduo/lib/python3.11/site-packages/isaacsim/extscache/omni.replicator.core-1.12.27+107.3.3.lx64.r.cp311/omni/replicator/core/ogn/tests/TestOgnSamplePopulation.py", line 4, in <module>
    import omni.graph.core.tests as ogts
  File "/home/liyufeng/miniforge3/envs/safeduo/lib/python3.11/site-packages/isaacsim/extscache/omni.graph-1.141.2+69cbf6ad.lx64.r.cp311/omni/graph/core/tests/__init__.py", line 20, in <module>
    from .omnigraph_test_utils import OmniGraphTestCase
  File "/home/liyufeng/miniforge3/envs/safeduo/lib/python3.11/site-packages/isaacsim/extscache/omni.graph-1.141.2+69cbf6ad.lx64.r.cp311/omni/graph/core/tests/omnigraph_test_utils.py", line 198, in <module>
    OmniGraphTestCase = test_case_class()
                        ^^^^^^^^^^^^^^^^^
  File "/home/liyufeng/miniforge3/envs/safeduo/lib/python3.11/site-packages/isaacsim/extscache/omni.graph-1.141.2+69cbf6ad.lx64.r.cp311/omni/graph/core/tests/omnigraph_test_utils.py", line 135, in test_case_class
    base_class = omni.kit.test.AsyncTestCase
                 ^^^^^^^^^^^^^
AttributeError: cannot access submodule 'test' of module 'omni.kit' (most likely due to a circular import)

2026-10-10T05:06:19Z [5,409ms] [Error] [omni.graph.tools._impl.internal.extension_contents_1_18] Exception while importing test omni.replicator.core.ogn.tests.TestOgnGetSkeletonData: Traceback (most recent call last):
  File "/home/liyufeng/miniforge3/envs/safeduo/lib/python3.11/site-packages/isaacsim/extscache/omni.graph.tools-1.79.2+69cbf6ad/omni/graph/tools/_impl/internal/extension_contents_1_18.py", line 394, in do_import_test_definition
    test_module = load_module_from_file(test_module_name, test_file)
                  ^^^^^^^^^^^^^^^^^^^^^^^^^^^^^^^^^^^^^^^^^^^^^^^^^^
  File "/home/liyufeng/miniforge3/envs/safeduo/lib/python3.11/site-packages/isaacsim/extscache/omni.graph.tools-1.79.2+69cbf6ad/omni/graph/tools/_impl/internal/file_utils.py", line 239, in load_module_from_file
    spec.loader.exec_module(module)
  File "<frozen importlib._bootstrap_external>", line 940, in exec_module
  File "<frozen importlib._bootstrap>", line 241, in _call_with_frames_removed
  File "/home/liyufeng/miniforge3/envs/safeduo/lib/python3.11/site-packages/isaacsim/extscache/omni.replicator.core-1.12.27+107.3.3.lx64.r.cp311/omni/replicator/core/ogn/tests/TestOgnGetSkeletonData.py", line 4, in <module>
    import omni.graph.core.tests as ogts
  File "/home/liyufeng/miniforge3/envs/safeduo/lib/python3.11/site-packages/isaacsim/extscache/omni.graph-1.141.2+69cbf6ad.lx64.r.cp311/omni/graph/core/tests/__init__.py", line 20, in <module>
    from .omnigraph_test_utils import OmniGraphTestCase
  File "/home/liyufeng/miniforge3/envs/safeduo/lib/python3.11/site-packages/isaacsim/extscache/omni.graph-1.141.2+69cbf6ad.lx64.r.cp311/omni/graph/core/tests/omnigraph_test_utils.py", line 198, in <module>
    OmniGraphTestCase = test_case_class()
                        ^^^^^^^^^^^^^^^^^
  File "/home/liyufeng/miniforge3/envs/safeduo/lib/python3.11/site-packages/isaacsim/extscache/omni.graph-1.141.2+69cbf6ad.lx64.r.cp311/omni/graph/core/tests/omnigraph_test_utils.py", line 135, in test_case_class
    base_class = omni.kit.test.AsyncTestCase
                 ^^^^^^^^^^^^^
AttributeError: cannot access submodule 'test' of module 'omni.kit' (most likely due to a circular import)

2026-10-10T05:06:19Z [5,419ms] [Error] [omni.graph.tools._impl.internal.extension_contents_1_18] Exception while importing test omni.replicator.core.ogn.tests.TestOgnSampleRotation: Traceback (most recent call last):
  File "/home/liyufeng/miniforge3/envs/safeduo/lib/python3.11/site-packages/isaacsim/extscache/omni.graph.tools-1.79.2+69cbf6ad/omni/graph/tools/_impl/internal/extension_contents_1_18.py", line 394, in do_import_test_definition
    test_module = load_module_from_file(test_module_name, test_file)
                  ^^^^^^^^^^^^^^^^^^^^^^^^^^^^^^^^^^^^^^^^^^^^^^^^^^
  File "/home/liyufeng/miniforge3/envs/safeduo/lib/python3.11/site-packages/isaacsim/extscache/omni.graph.tools-1.79.2+69cbf6ad/omni/graph/tools/_impl/internal/file_utils.py", line 239, in load_module_from_file
    spec.loader.exec_module(module)
  File "<frozen importlib._bootstrap_external>", line 940, in exec_module
  File "<frozen importlib._bootstrap>", line 241, in _call_with_frames_removed
  File "/home/liyufeng/miniforge3/envs/safeduo/lib/python3.11/site-packages/isaacsim/extscache/omni.replicator.core-1.12.27+107.3.3.lx64.r.cp311/omni/replicator/core/ogn/tests/TestOgnSampleRotation.py", line 4, in <module>
    import omni.graph.core.tests as ogts
  File "/home/liyufeng/miniforge3/envs/safeduo/lib/python3.11/site-packages/isaacsim/extscache/omni.graph-1.141.2+69cbf6ad.lx64.r.cp311/omni/graph/core/tests/__init__.py", line 20, in <module>
    from .omnigraph_test_utils import OmniGraphTestCase
  File "/home/liyufeng/miniforge3/envs/safeduo/lib/python3.11/site-packages/isaacsim/extscache/omni.graph-1.141.2+69cbf6ad.lx64.r.cp311/omni/graph/core/tests/omnigraph_test_utils.py", line 198, in <module>
    OmniGraphTestCase = test_case_class()
                        ^^^^^^^^^^^^^^^^^
  File "/home/liyufeng/miniforge3/envs/safeduo/lib/python3.11/site-packages/isaacsim/extscache/omni.graph-1.141.2+69cbf6ad.lx64.r.cp311/omni/graph/core/tests/omnigraph_test_utils.py", line 135, in test_case_class
    base_class = omni.kit.test.AsyncTestCase
                 ^^^^^^^^^^^^^
AttributeError: cannot access submodule 'test' of module 'omni.kit' (most likely due to a circular import)

2026-10-10T05:06:19Z [5,430ms] [Error] [omni.graph.tools._impl.internal.extension_contents_1_18] Exception while importing test omni.replicator.core.ogn.tests.TestOgnOrbit: Traceback (most recent call last):
  File "/home/liyufeng/miniforge3/envs/safeduo/lib/python3.11/site-packages/isaacsim/extscache/omni.graph.tools-1.79.2+69cbf6ad/omni/graph/tools/_impl/internal/extension_contents_1_18.py", line 394, in do_import_test_definition
    test_module = load_module_from_file(test_module_name, test_file)
                  ^^^^^^^^^^^^^^^^^^^^^^^^^^^^^^^^^^^^^^^^^^^^^^^^^^
  File "/home/liyufeng/miniforge3/envs/safeduo/lib/python3.11/site-packages/isaacsim/extscache/omni.graph.tools-1.79.2+69cbf6ad/omni/graph/tools/_impl/internal/file_utils.py", line 239, in load_module_from_file
    spec.loader.exec_module(module)
  File "<frozen importlib._bootstrap_external>", line 940, in exec_module
  File "<frozen importlib._bootstrap>", line 241, in _call_with_frames_removed
  File "/home/liyufeng/miniforge3/envs/safeduo/lib/python3.11/site-packages/isaacsim/extscache/omni.replicator.core-1.12.27+107.3.3.lx64.r.cp311/omni/replicator/core/ogn/tests/TestOgnOrbit.py", line 4, in <module>
    import omni.graph.core.tests as ogts
  File "/home/liyufeng/miniforge3/envs/safeduo/lib/python3.11/site-packages/isaacsim/extscache/omni.graph-1.141.2+69cbf6ad.lx64.r.cp311/omni/graph/core/tests/__init__.py", line 20, in <module>
    from .omnigraph_test_utils import OmniGraphTestCase
  File "/home/liyufeng/miniforge3/envs/safeduo/lib/python3.11/site-packages/isaacsim/extscache/omni.graph-1.141.2+69cbf6ad.lx64.r.cp311/omni/graph/core/tests/omnigraph_test_utils.py", line 198, in <module>
    OmniGraphTestCase = test_case_class()
                        ^^^^^^^^^^^^^^^^^
  File "/home/liyufeng/miniforge3/envs/safeduo/lib/python3.11/site-packages/isaacsim/extscache/omni.graph-1.141.2+69cbf6ad.lx64.r.cp311/omni/graph/core/tests/omnigraph_test_utils.py", line 135, in test_case_class
    base_class = omni.kit.test.AsyncTestCase
                 ^^^^^^^^^^^^^
AttributeError: cannot access submodule 'test' of module 'omni.kit' (most likely due to a circular import)

2026-10-10T05:06:19Z [5,438ms] [Error] [omni.graph.tools._impl.internal.extension_contents_1_18] Exception while importing test omni.replicator.core.ogn.tests.TestOgnLookAt: Traceback (most recent call last):
  File "/home/liyufeng/miniforge3/envs/safeduo/lib/python3.11/site-packages/isaacsim/extscache/omni.graph.tools-1.79.2+69cbf6ad/omni/graph/tools/_impl/internal/extension_contents_1_18.py", line 394, in do_import_test_definition
    test_module = load_module_from_file(test_module_name, test_file)
                  ^^^^^^^^^^^^^^^^^^^^^^^^^^^^^^^^^^^^^^^^^^^^^^^^^^
  File "/home/liyufeng/miniforge3/envs/safeduo/lib/python3.11/site-packages/isaacsim/extscache/omni.graph.tools-1.79.2+69cbf6ad/omni/graph/tools/_impl/internal/file_utils.py", line 239, in load_module_from_file
    spec.loader.exec_module(module)
  File "<frozen importlib._bootstrap_external>", line 940, in exec_module
  File "<frozen importlib._bootstrap>", line 241, in _call_with_frames_removed
  File "/home/liyufeng/miniforge3/envs/safeduo/lib/python3.11/site-packages/isaacsim/extscache/omni.replicator.core-1.12.27+107.3.3.lx64.r.cp311/omni/replicator/core/ogn/tests/TestOgnLookAt.py", line 4, in <module>
    import omni.graph.core.tests as ogts
  File "/home/liyufeng/miniforge3/envs/safeduo/lib/python3.11/site-packages/isaacsim/extscache/omni.graph-1.141.2+69cbf6ad.lx64.r.cp311/omni/graph/core/tests/__init__.py", line 20, in <module>
    from .omnigraph_test_utils import OmniGraphTestCase
  File "/home/liyufeng/miniforge3/envs/safeduo/lib/python3.11/site-packages/isaacsim/extscache/omni.graph-1.141.2+69cbf6ad.lx64.r.cp311/omni/graph/core/tests/omnigraph_test_utils.py", line 198, in <module>
    OmniGraphTestCase = test_case_class()
                        ^^^^^^^^^^^^^^^^^
  File "/home/liyufeng/miniforge3/envs/safeduo/lib/python3.11/site-packages/isaacsim/extscache/omni.graph-1.141.2+69cbf6ad.lx64.r.cp311/omni/graph/core/tests/omnigraph_test_utils.py", line 135, in test_case_class
    base_class = omni.kit.test.AsyncTestCase
                 ^^^^^^^^^^^^^
AttributeError: cannot access submodule 'test' of module 'omni.kit' (most likely due to a circular import)

2026-10-10T05:06:19Z [5,448ms] [Error] [omni.graph.tools._impl.internal.extension_contents_1_18] Exception while importing test omni.replicator.core.ogn.tests.TestOgnAugMotionBlurExp: Traceback (most recent call last):
  File "/home/liyufeng/miniforge3/envs/safeduo/lib/python3.11/site-packages/isaacsim/extscache/omni.graph.tools-1.79.2+69cbf6ad/omni/graph/tools/_impl/internal/extension_contents_1_18.py", line 394, in do_import_test_definition
    test_module = load_module_from_file(test_module_name, test_file)
                  ^^^^^^^^^^^^^^^^^^^^^^^^^^^^^^^^^^^^^^^^^^^^^^^^^^
  File "/home/liyufeng/miniforge3/envs/safeduo/lib/python3.11/site-packages/isaacsim/extscache/omni.graph.tools-1.79.2+69cbf6ad/omni/graph/tools/_impl/internal/file_utils.py", line 239, in load_module_from_file
    spec.loader.exec_module(module)
  File "<frozen importlib._bootstrap_external>", line 940, in exec_module
  File "<frozen importlib._bootstrap>", line 241, in _call_with_frames_removed
  File "/home/liyufeng/miniforge3/envs/safeduo/lib/python3.11/site-packages/isaacsim/extscache/omni.replicator.core-1.12.27+107.3.3.lx64.r.cp311/omni/replicator/core/ogn/tests/TestOgnAugMotionBlurExp.py", line 4, in <module>
    import omni.graph.core.tests as ogts
  File "/home/liyufeng/miniforge3/envs/safeduo/lib/python3.11/site-packages/isaacsim/extscache/omni.graph-1.141.2+69cbf6ad.lx64.r.cp311/omni/graph/core/tests/__init__.py", line 20, in <module>
    from .omnigraph_test_utils import OmniGraphTestCase
  File "/home/liyufeng/miniforge3/envs/safeduo/lib/python3.11/site-packages/isaacsim/extscache/omni.graph-1.141.2+69cbf6ad.lx64.r.cp311/omni/graph/core/tests/omnigraph_test_utils.py", line 198, in <module>
    OmniGraphTestCase = test_case_class()
                        ^^^^^^^^^^^^^^^^^
  File "/home/liyufeng/miniforge3/envs/safeduo/lib/python3.11/site-packages/isaacsim/extscache/omni.graph-1.141.2+69cbf6ad.lx64.r.cp311/omni/graph/core/tests/omnigraph_test_utils.py", line 135, in test_case_class
    base_class = omni.kit.test.AsyncTestCase
                 ^^^^^^^^^^^^^
AttributeError: cannot access submodule 'test' of module 'omni.kit' (most likely due to a circular import)

2026-10-10T05:06:19Z [5,458ms] [Error] [omni.graph.tools._impl.internal.extension_contents_1_18] Exception while importing test omni.replicator.core.ogn.tests.TestOgnBindMaterial: Traceback (most recent call last):
  File "/home/liyufeng/miniforge3/envs/safeduo/lib/python3.11/site-packages/isaacsim/extscache/omni.graph.tools-1.79.2+69cbf6ad/omni/graph/tools/_impl/internal/extension_contents_1_18.py", line 394, in do_import_test_definition
    test_module = load_module_from_file(test_module_name, test_file)
                  ^^^^^^^^^^^^^^^^^^^^^^^^^^^^^^^^^^^^^^^^^^^^^^^^^^
  File "/home/liyufeng/miniforge3/envs/safeduo/lib/python3.11/site-packages/isaacsim/extscache/omni.graph.tools-1.79.2+69cbf6ad/omni/graph/tools/_impl/internal/file_utils.py", line 239, in load_module_from_file
    spec.loader.exec_module(module)
  File "<frozen importlib._bootstrap_external>", line 940, in exec_module
  File "<frozen importlib._bootstrap>", line 241, in _call_with_frames_removed
  File "/home/liyufeng/miniforge3/envs/safeduo/lib/python3.11/site-packages/isaacsim/extscache/omni.replicator.core-1.12.27+107.3.3.lx64.r.cp311/omni/replicator/core/ogn/tests/TestOgnBindMaterial.py", line 4, in <module>
    import omni.graph.core.tests as ogts
  File "/home/liyufeng/miniforge3/envs/safeduo/lib/python3.11/site-packages/isaacsim/extscache/omni.graph-1.141.2+69cbf6ad.lx64.r.cp311/omni/graph/core/tests/__init__.py", line 20, in <module>
    from .omnigraph_test_utils import OmniGraphTestCase
  File "/home/liyufeng/miniforge3/envs/safeduo/lib/python3.11/site-packages/isaacsim/extscache/omni.graph-1.141.2+69cbf6ad.lx64.r.cp311/omni/graph/core/tests/omnigraph_test_utils.py", line 198, in <module>
    OmniGraphTestCase = test_case_class()
                        ^^^^^^^^^^^^^^^^^
  File "/home/liyufeng/miniforge3/envs/safeduo/lib/python3.11/site-packages/isaacsim/extscache/omni.graph-1.141.2+69cbf6ad.lx64.r.cp311/omni/graph/core/tests/omnigraph_test_utils.py", line 135, in test_case_class
    base_class = omni.kit.test.AsyncTestCase
                 ^^^^^^^^^^^^^
AttributeError: cannot access submodule 'test' of module 'omni.kit' (most likely due to a circular import)

2026-10-10T05:06:19Z [5,469ms] [Error] [omni.graph.tools._impl.internal.extension_contents_1_18] Exception while importing test omni.replicator.core.ogn.tests.TestOgnCreateProjectionMaterial: Traceback (most recent call last):
  File "/home/liyufeng/miniforge3/envs/safeduo/lib/python3.11/site-packages/isaacsim/extscache/omni.graph.tools-1.79.2+69cbf6ad/omni/graph/tools/_impl/internal/extension_contents_1_18.py", line 394, in do_import_test_definition
    test_module = load_module_from_file(test_module_name, test_file)
                  ^^^^^^^^^^^^^^^^^^^^^^^^^^^^^^^^^^^^^^^^^^^^^^^^^^
  File "/home/liyufeng/miniforge3/envs/safeduo/lib/python3.11/site-packages/isaacsim/extscache/omni.graph.tools-1.79.2+69cbf6ad/omni/graph/tools/_impl/internal/file_utils.py", line 239, in load_module_from_file
    spec.loader.exec_module(module)
  File "<frozen importlib._bootstrap_external>", line 940, in exec_module
  File "<frozen importlib._bootstrap>", line 241, in _call_with_frames_removed
  File "/home/liyufeng/miniforge3/envs/safeduo/lib/python3.11/site-packages/isaacsim/extscache/omni.replicator.core-1.12.27+107.3.3.lx64.r.cp311/omni/replicator/core/ogn/tests/TestOgnCreateProjectionMaterial.py", line 4, in <module>
    import omni.graph.core.tests as ogts
  File "/home/liyufeng/miniforge3/envs/safeduo/lib/python3.11/site-packages/isaacsim/extscache/omni.graph-1.141.2+69cbf6ad.lx64.r.cp311/omni/graph/core/tests/__init__.py", line 20, in <module>
    from .omnigraph_test_utils import OmniGraphTestCase
  File "/home/liyufeng/miniforge3/envs/safeduo/lib/python3.11/site-packages/isaacsim/extscache/omni.graph-1.141.2+69cbf6ad.lx64.r.cp311/omni/graph/core/tests/omnigraph_test_utils.py", line 198, in <module>
    OmniGraphTestCase = test_case_class()
                        ^^^^^^^^^^^^^^^^^
  File "/home/liyufeng/miniforge3/envs/safeduo/lib/python3.11/site-packages/isaacsim/extscache/omni.graph-1.141.2+69cbf6ad.lx64.r.cp311/omni/graph/core/tests/omnigraph_test_utils.py", line 135, in test_case_class
    base_class = omni.kit.test.AsyncTestCase
                 ^^^^^^^^^^^^^
AttributeError: cannot access submodule 'test' of module 'omni.kit' (most likely due to a circular import)

2026-10-10T05:06:19Z [5,480ms] [Error] [omni.graph.tools._impl.internal.extension_contents_1_18] Exception while importing test omni.replicator.core.ogn.tests.TestOgnSampleSequence: Traceback (most recent call last):
  File "/home/liyufeng/miniforge3/envs/safeduo/lib/python3.11/site-packages/isaacsim/extscache/omni.graph.tools-1.79.2+69cbf6ad/omni/graph/tools/_impl/internal/extension_contents_1_18.py", line 394, in do_import_test_definition
    test_module = load_module_from_file(test_module_name, test_file)
                  ^^^^^^^^^^^^^^^^^^^^^^^^^^^^^^^^^^^^^^^^^^^^^^^^^^
  File "/home/liyufeng/miniforge3/envs/safeduo/lib/python3.11/site-packages/isaacsim/extscache/omni.graph.tools-1.79.2+69cbf6ad/omni/graph/tools/_impl/internal/file_utils.py", line 239, in load_module_from_file
    spec.loader.exec_module(module)
  File "<frozen importlib._bootstrap_external>", line 940, in exec_module
  File "<frozen importlib._bootstrap>", line 241, in _call_with_frames_removed
  File "/home/liyufeng/miniforge3/envs/safeduo/lib/python3.11/site-packages/isaacsim/extscache/omni.replicator.core-1.12.27+107.3.3.lx64.r.cp311/omni/replicator/core/ogn/tests/TestOgnSampleSequence.py", line 4, in <module>
    import omni.graph.core.tests as ogts
  File "/home/liyufeng/miniforge3/envs/safeduo/lib/python3.11/site-packages/isaacsim/extscache/omni.graph-1.141.2+69cbf6ad.lx64.r.cp311/omni/graph/core/tests/__init__.py", line 20, in <module>
    from .omnigraph_test_utils import OmniGraphTestCase
  File "/home/liyufeng/miniforge3/envs/safeduo/lib/python3.11/site-packages/isaacsim/extscache/omni.graph-1.141.2+69cbf6ad.lx64.r.cp311/omni/graph/core/tests/omnigraph_test_utils.py", line 198, in <module>
    OmniGraphTestCase = test_case_class()
                        ^^^^^^^^^^^^^^^^^
  File "/home/liyufeng/miniforge3/envs/safeduo/lib/python3.11/site-packages/isaacsim/extscache/omni.graph-1.141.2+69cbf6ad.lx64.r.cp311/omni/graph/core/tests/omnigraph_test_utils.py", line 135, in test_case_class
    base_class = omni.kit.test.AsyncTestCase
                 ^^^^^^^^^^^^^
AttributeError: cannot access submodule 'test' of module 'omni.kit' (most likely due to a circular import)

2026-10-10T05:06:19Z [5,495ms] [Error] [omni.graph.tools._impl.internal.extension_contents_1_18] Exception while importing test omni.replicator.core.ogn.tests.TestOgnScatter3D: Traceback (most recent call last):
  File "/home/liyufeng/miniforge3/envs/safeduo/lib/python3.11/site-packages/isaacsim/extscache/omni.graph.tools-1.79.2+69cbf6ad/omni/graph/tools/_impl/internal/extension_contents_1_18.py", line 394, in do_import_test_definition
    test_module = load_module_from_file(test_module_name, test_file)
                  ^^^^^^^^^^^^^^^^^^^^^^^^^^^^^^^^^^^^^^^^^^^^^^^^^^
  File "/home/liyufeng/miniforge3/envs/safeduo/lib/python3.11/site-packages/isaacsim/extscache/omni.graph.tools-1.79.2+69cbf6ad/omni/graph/tools/_impl/internal/file_utils.py", line 239, in load_module_from_file
    spec.loader.exec_module(module)
  File "<frozen importlib._bootstrap_external>", line 940, in exec_module
  File "<frozen importlib._bootstrap>", line 241, in _call_with_frames_removed
  File "/home/liyufeng/miniforge3/envs/safeduo/lib/python3.11/site-packages/isaacsim/extscache/omni.replicator.core-1.12.27+107.3.3.lx64.r.cp311/omni/replicator/core/ogn/tests/TestOgnScatter3D.py", line 4, in <module>
    import omni.graph.core.tests as ogts
  File "/home/liyufeng/miniforge3/envs/safeduo/lib/python3.11/site-packages/isaacsim/extscache/omni.graph-1.141.2+69cbf6ad.lx64.r.cp311/omni/graph/core/tests/__init__.py", line 20, in <module>
    from .omnigraph_test_utils import OmniGraphTestCase
  File "/home/liyufeng/miniforge3/envs/safeduo/lib/python3.11/site-packages/isaacsim/extscache/omni.graph-1.141.2+69cbf6ad.lx64.r.cp311/omni/graph/core/tests/omnigraph_test_utils.py", line 198, in <module>
    OmniGraphTestCase = test_case_class()
                        ^^^^^^^^^^^^^^^^^
  File "/home/liyufeng/miniforge3/envs/safeduo/lib/python3.11/site-packages/isaacsim/extscache/omni.graph-1.141.2+69cbf6ad.lx64.r.cp311/omni/graph/core/tests/omnigraph_test_utils.py", line 135, in test_case_class
    base_class = omni.kit.test.AsyncTestCase
                 ^^^^^^^^^^^^^
AttributeError: cannot access submodule 'test' of module 'omni.kit' (most likely due to a circular import)

2026-10-10T05:06:19Z [5,508ms] [Error] [omni.graph.tools._impl.internal.extension_contents_1_18] Exception while importing test omni.replicator.core.ogn.tests.TestOgnWriter: Traceback (most recent call last):
  File "/home/liyufeng/miniforge3/envs/safeduo/lib/python3.11/site-packages/isaacsim/extscache/omni.graph.tools-1.79.2+69cbf6ad/omni/graph/tools/_impl/internal/extension_contents_1_18.py", line 394, in do_import_test_definition
    test_module = load_module_from_file(test_module_name, test_file)
                  ^^^^^^^^^^^^^^^^^^^^^^^^^^^^^^^^^^^^^^^^^^^^^^^^^^
  File "/home/liyufeng/miniforge3/envs/safeduo/lib/python3.11/site-packages/isaacsim/extscache/omni.graph.tools-1.79.2+69cbf6ad/omni/graph/tools/_impl/internal/file_utils.py", line 239, in load_module_from_file
    spec.loader.exec_module(module)
  File "<frozen importlib._bootstrap_external>", line 940, in exec_module
  File "<frozen importlib._bootstrap>", line 241, in _call_with_frames_removed
  File "/home/liyufeng/miniforge3/envs/safeduo/lib/python3.11/site-packages/isaacsim/extscache/omni.replicator.core-1.12.27+107.3.3.lx64.r.cp311/omni/replicator/core/ogn/tests/TestOgnWriter.py", line 4, in <module>
    import omni.graph.core.tests as ogts
  File "/home/liyufeng/miniforge3/envs/safeduo/lib/python3.11/site-packages/isaacsim/extscache/omni.graph-1.141.2+69cbf6ad.lx64.r.cp311/omni/graph/core/tests/__init__.py", line 20, in <module>
    from .omnigraph_test_utils import OmniGraphTestCase
  File "/home/liyufeng/miniforge3/envs/safeduo/lib/python3.11/site-packages/isaacsim/extscache/omni.graph-1.141.2+69cbf6ad.lx64.r.cp311/omni/graph/core/tests/omnigraph_test_utils.py", line 198, in <module>
    OmniGraphTestCase = test_case_class()
                        ^^^^^^^^^^^^^^^^^
  File "/home/liyufeng/miniforge3/envs/safeduo/lib/python3.11/site-packages/isaacsim/extscache/omni.graph-1.141.2+69cbf6ad.lx64.r.cp311/omni/graph/core/tests/omnigraph_test_utils.py", line 135, in test_case_class
    base_class = omni.kit.test.AsyncTestCase
                 ^^^^^^^^^^^^^
AttributeError: cannot access submodule 'test' of module 'omni.kit' (most likely due to a circular import)

2026-10-10T05:06:19Z [5,515ms] [Error] [omni.graph.tools._impl.internal.extension_contents_1_18] Exception while importing test omni.replicator.core.ogn.tests.TestOgnBoundingBoxLegacy: Traceback (most recent call last):
  File "/home/liyufeng/miniforge3/envs/safeduo/lib/python3.11/site-packages/isaacsim/extscache/omni.graph.tools-1.79.2+69cbf6ad/omni/graph/tools/_impl/internal/extension_contents_1_18.py", line 394, in do_import_test_definition
    test_module = load_module_from_file(test_module_name, test_file)
                  ^^^^^^^^^^^^^^^^^^^^^^^^^^^^^^^^^^^^^^^^^^^^^^^^^^
  File "/home/liyufeng/miniforge3/envs/safeduo/lib/python3.11/site-packages/isaacsim/extscache/omni.graph.tools-1.79.2+69cbf6ad/omni/graph/tools/_impl/internal/file_utils.py", line 239, in load_module_from_file
    spec.loader.exec_module(module)
  File "<frozen importlib._bootstrap_external>", line 940, in exec_module
  File "<frozen importlib._bootstrap>", line 241, in _call_with_frames_removed
  File "/home/liyufeng/miniforge3/envs/safeduo/lib/python3.11/site-packages/isaacsim/extscache/omni.replicator.core-1.12.27+107.3.3.lx64.r.cp311/omni/replicator/core/ogn/tests/TestOgnBoundingBoxLegacy.py", line 4, in <module>
    import omni.graph.core.tests as ogts
  File "/home/liyufeng/miniforge3/envs/safeduo/lib/python3.11/site-packages/isaacsim/extscache/omni.graph-1.141.2+69cbf6ad.lx64.r.cp311/omni/graph/core/tests/__init__.py", line 20, in <module>
    from .omnigraph_test_utils import OmniGraphTestCase
  File "/home/liyufeng/miniforge3/envs/safeduo/lib/python3.11/site-packages/isaacsim/extscache/omni.graph-1.141.2+69cbf6ad.lx64.r.cp311/omni/graph/core/tests/omnigraph_test_utils.py", line 198, in <module>
    OmniGraphTestCase = test_case_class()
                        ^^^^^^^^^^^^^^^^^
  File "/home/liyufeng/miniforge3/envs/safeduo/lib/python3.11/site-packages/isaacsim/extscache/omni.graph-1.141.2+69cbf6ad.lx64.r.cp311/omni/graph/core/tests/omnigraph_test_utils.py", line 135, in test_case_class
    base_class = omni.kit.test.AsyncTestCase
                 ^^^^^^^^^^^^^
AttributeError: cannot access submodule 'test' of module 'omni.kit' (most likely due to a circular import)

2026-10-10T05:06:19Z [5,532ms] [Error] [omni.graph.tools._impl.internal.extension_contents_1_18] Exception while importing test omni.replicator.core.ogn.tests.TestOgnAugRotateExp: Traceback (most recent call last):
  File "/home/liyufeng/miniforge3/envs/safeduo/lib/python3.11/site-packages/isaacsim/extscache/omni.graph.tools-1.79.2+69cbf6ad/omni/graph/tools/_impl/internal/extension_contents_1_18.py", line 394, in do_import_test_definition
    test_module = load_module_from_file(test_module_name, test_file)
                  ^^^^^^^^^^^^^^^^^^^^^^^^^^^^^^^^^^^^^^^^^^^^^^^^^^
  File "/home/liyufeng/miniforge3/envs/safeduo/lib/python3.11/site-packages/isaacsim/extscache/omni.graph.tools-1.79.2+69cbf6ad/omni/graph/tools/_impl/internal/file_utils.py", line 239, in load_module_from_file
    spec.loader.exec_module(module)
  File "<frozen importlib._bootstrap_external>", line 940, in exec_module
  File "<frozen importlib._bootstrap>", line 241, in _call_with_frames_removed
  File "/home/liyufeng/miniforge3/envs/safeduo/lib/python3.11/site-packages/isaacsim/extscache/omni.replicator.core-1.12.27+107.3.3.lx64.r.cp311/omni/replicator/core/ogn/tests/TestOgnAugRotateExp.py", line 2, in <module>
    import omni.kit.test
  File "/home/liyufeng/miniforge3/envs/safeduo/lib/python3.11/site-packages/isaacsim/extscache/omni.kit.test-2.0.1+69cbf6ad.lx64.r.cp311/omni/kit/test/__init__.py", line 7, in <module>
    from . import unittests
  File "/home/liyufeng/miniforge3/envs/safeduo/lib/python3.11/site-packages/isaacsim/extscache/omni.kit.test-2.0.1+69cbf6ad.lx64.r.cp311/omni/kit/test/unittests.py", line 21, in <module>
    from .async_unittest import AsyncTestSuite, AsyncTextTestRunner, OmniTestResult, AsyncTestCase
  File "/home/liyufeng/miniforge3/envs/safeduo/lib/python3.11/site-packages/isaacsim/extscache/omni.kit.test-2.0.1+69cbf6ad.lx64.r.cp311/omni/kit/test/async_unittest.py", line 25, in <module>
    from .reporter import TestReporter
  File "/home/liyufeng/miniforge3/envs/safeduo/lib/python3.11/site-packages/isaacsim/extscache/omni.kit.test-2.0.1+69cbf6ad.lx64.r.cp311/omni/kit/test/reporter.py", line 27, in <module>
    from .test_coverage import generate_coverage_report
  File "/home/liyufeng/miniforge3/envs/safeduo/lib/python3.11/site-packages/isaacsim/extscache/omni.kit.test-2.0.1+69cbf6ad.lx64.r.cp311/omni/kit/test/test_coverage.py", line 10, in <module>
    import coverage
  File "/home/liyufeng/miniforge3/envs/safeduo/lib/python3.11/site-packages/coverage/__init__.py", line 24, in <module>
    from coverage.control import (
  File "/home/liyufeng/miniforge3/envs/safeduo/lib/python3.11/site-packages/coverage/control.py", line 28, in <module>
    from coverage.collector import Collector, HAS_CTRACER
  File "/home/liyufeng/miniforge3/envs/safeduo/lib/python3.11/site-packages/coverage/collector.py", line 19, in <module>
    from coverage.data import CoverageData
  File "/home/liyufeng/miniforge3/envs/safeduo/lib/python3.11/site-packages/coverage/data.py", line 24, in <module>
    from coverage.sqldata import CoverageData
  File "/home/liyufeng/miniforge3/envs/safeduo/lib/python3.11/site-packages/coverage/sqldata.py", line 16, in <module>
    import sqlite3
  File "/home/liyufeng/miniforge3/envs/safeduo/lib/python3.11/sqlite3/__init__.py", line 57, in <module>
    from sqlite3.dbapi2 import *
  File "/home/liyufeng/miniforge3/envs/safeduo/lib/python3.11/sqlite3/dbapi2.py", line 27, in <module>
    from _sqlite3 import *
ImportError: /lib/x86_64-linux-gnu/libstdc++.so.6: version `CXXABI_1.3.15' not found (required by /home/liyufeng/miniforge3/envs/safeduo/lib/python3.11/lib-dynload/../.././libicui18n.so.78)

2026-10-10T05:06:19Z [5,541ms] [Error] [omni.graph.tools._impl.internal.extension_contents_1_18] Exception while importing test omni.replicator.core.ogn.tests.TestOgnSampleLogUniform: Traceback (most recent call last):
  File "/home/liyufeng/miniforge3/envs/safeduo/lib/python3.11/site-packages/isaacsim/extscache/omni.graph.tools-1.79.2+69cbf6ad/omni/graph/tools/_impl/internal/extension_contents_1_18.py", line 394, in do_import_test_definition
    test_module = load_module_from_file(test_module_name, test_file)
                  ^^^^^^^^^^^^^^^^^^^^^^^^^^^^^^^^^^^^^^^^^^^^^^^^^^
  File "/home/liyufeng/miniforge3/envs/safeduo/lib/python3.11/site-packages/isaacsim/extscache/omni.graph.tools-1.79.2+69cbf6ad/omni/graph/tools/_impl/internal/file_utils.py", line 239, in load_module_from_file
    spec.loader.exec_module(module)
  File "<frozen importlib._bootstrap_external>", line 940, in exec_module
  File "<frozen importlib._bootstrap>", line 241, in _call_with_frames_removed
  File "/home/liyufeng/miniforge3/envs/safeduo/lib/python3.11/site-packages/isaacsim/extscache/omni.replicator.core-1.12.27+107.3.3.lx64.r.cp311/omni/replicator/core/ogn/tests/TestOgnSampleLogUniform.py", line 4, in <module>
    import omni.graph.core.tests as ogts
  File "/home/liyufeng/miniforge3/envs/safeduo/lib/python3.11/site-packages/isaacsim/extscache/omni.graph-1.141.2+69cbf6ad.lx64.r.cp311/omni/graph/core/tests/__init__.py", line 20, in <module>
    from .omnigraph_test_utils import OmniGraphTestCase
  File "/home/liyufeng/miniforge3/envs/safeduo/lib/python3.11/site-packages/isaacsim/extscache/omni.graph-1.141.2+69cbf6ad.lx64.r.cp311/omni/graph/core/tests/omnigraph_test_utils.py", line 198, in <module>
    OmniGraphTestCase = test_case_class()
                        ^^^^^^^^^^^^^^^^^
  File "/home/liyufeng/miniforge3/envs/safeduo/lib/python3.11/site-packages/isaacsim/extscache/omni.graph-1.141.2+69cbf6ad.lx64.r.cp311/omni/graph/core/tests/omnigraph_test_utils.py", line 135, in test_case_class
    base_class = omni.kit.test.AsyncTestCase
                 ^^^^^^^^^^^^^
AttributeError: cannot access submodule 'test' of module 'omni.kit' (most likely due to a circular import)

2026-10-10T05:06:19Z [5,549ms] [Error] [omni.graph.tools._impl.internal.extension_contents_1_18] Exception while importing test omni.replicator.core.ogn.tests.TestOgnInstanceIdSegmentationLegacy: Traceback (most recent call last):
  File "/home/liyufeng/miniforge3/envs/safeduo/lib/python3.11/site-packages/isaacsim/extscache/omni.graph.tools-1.79.2+69cbf6ad/omni/graph/tools/_impl/internal/extension_contents_1_18.py", line 394, in do_import_test_definition
    test_module = load_module_from_file(test_module_name, test_file)
                  ^^^^^^^^^^^^^^^^^^^^^^^^^^^^^^^^^^^^^^^^^^^^^^^^^^
  File "/home/liyufeng/miniforge3/envs/safeduo/lib/python3.11/site-packages/isaacsim/extscache/omni.graph.tools-1.79.2+69cbf6ad/omni/graph/tools/_impl/internal/file_utils.py", line 239, in load_module_from_file
    spec.loader.exec_module(module)
  File "<frozen importlib._bootstrap_external>", line 940, in exec_module
  File "<frozen importlib._bootstrap>", line 241, in _call_with_frames_removed
  File "/home/liyufeng/miniforge3/envs/safeduo/lib/python3.11/site-packages/isaacsim/extscache/omni.replicator.core-1.12.27+107.3.3.lx64.r.cp311/omni/replicator/core/ogn/tests/TestOgnInstanceIdSegmentationLegacy.py", line 4, in <module>
    import omni.graph.core.tests as ogts
  File "/home/liyufeng/miniforge3/envs/safeduo/lib/python3.11/site-packages/isaacsim/extscache/omni.graph-1.141.2+69cbf6ad.lx64.r.cp311/omni/graph/core/tests/__init__.py", line 20, in <module>
    from .omnigraph_test_utils import OmniGraphTestCase
  File "/home/liyufeng/miniforge3/envs/safeduo/lib/python3.11/site-packages/isaacsim/extscache/omni.graph-1.141.2+69cbf6ad.lx64.r.cp311/omni/graph/core/tests/omnigraph_test_utils.py", line 198, in <module>
    OmniGraphTestCase = test_case_class()
                        ^^^^^^^^^^^^^^^^^
  File "/home/liyufeng/miniforge3/envs/safeduo/lib/python3.11/site-packages/isaacsim/extscache/omni.graph-1.141.2+69cbf6ad.lx64.r.cp311/omni/graph/core/tests/omnigraph_test_utils.py", line 135, in test_case_class
    base_class = omni.kit.test.AsyncTestCase
                 ^^^^^^^^^^^^^
AttributeError: cannot access submodule 'test' of module 'omni.kit' (most likely due to a circular import)

2026-10-10T05:06:19Z [5,559ms] [Error] [omni.graph.tools._impl.internal.extension_contents_1_18] Exception while importing test omni.replicator.core.ogn.tests.TestOgnWritePrimAttribute: Traceback (most recent call last):
  File "/home/liyufeng/miniforge3/envs/safeduo/lib/python3.11/site-packages/isaacsim/extscache/omni.graph.tools-1.79.2+69cbf6ad/omni/graph/tools/_impl/internal/extension_contents_1_18.py", line 394, in do_import_test_definition
    test_module = load_module_from_file(test_module_name, test_file)
                  ^^^^^^^^^^^^^^^^^^^^^^^^^^^^^^^^^^^^^^^^^^^^^^^^^^
  File "/home/liyufeng/miniforge3/envs/safeduo/lib/python3.11/site-packages/isaacsim/extscache/omni.graph.tools-1.79.2+69cbf6ad/omni/graph/tools/_impl/internal/file_utils.py", line 239, in load_module_from_file
    spec.loader.exec_module(module)
  File "<frozen importlib._bootstrap_external>", line 940, in exec_module
  File "<frozen importlib._bootstrap>", line 241, in _call_with_frames_removed
  File "/home/liyufeng/miniforge3/envs/safeduo/lib/python3.11/site-packages/isaacsim/extscache/omni.replicator.core-1.12.27+107.3.3.lx64.r.cp311/omni/replicator/core/ogn/tests/TestOgnWritePrimAttribute.py", line 4, in <module>
    import omni.graph.core.tests as ogts
  File "/home/liyufeng/miniforge3/envs/safeduo/lib/python3.11/site-packages/isaacsim/extscache/omni.graph-1.141.2+69cbf6ad.lx64.r.cp311/omni/graph/core/tests/__init__.py", line 20, in <module>
    from .omnigraph_test_utils import OmniGraphTestCase
  File "/home/liyufeng/miniforge3/envs/safeduo/lib/python3.11/site-packages/isaacsim/extscache/omni.graph-1.141.2+69cbf6ad.lx64.r.cp311/omni/graph/core/tests/omnigraph_test_utils.py", line 198, in <module>
    OmniGraphTestCase = test_case_class()
                        ^^^^^^^^^^^^^^^^^
  File "/home/liyufeng/miniforge3/envs/safeduo/lib/python3.11/site-packages/isaacsim/extscache/omni.graph-1.141.2+69cbf6ad.lx64.r.cp311/omni/graph/core/tests/omnigraph_test_utils.py", line 135, in test_case_class
    base_class = omni.kit.test.AsyncTestCase
                 ^^^^^^^^^^^^^
AttributeError: cannot access submodule 'test' of module 'omni.kit' (most likely due to a circular import)

2026-10-10T05:06:19Z [5,571ms] [Error] [omni.graph.tools._impl.internal.extension_contents_1_18] Exception while importing test omni.replicator.core.ogn.tests.TestOgnModifyAnimationTarget: Traceback (most recent call last):
  File "/home/liyufeng/miniforge3/envs/safeduo/lib/python3.11/site-packages/isaacsim/extscache/omni.graph.tools-1.79.2+69cbf6ad/omni/graph/tools/_impl/internal/extension_contents_1_18.py", line 394, in do_import_test_definition
    test_module = load_module_from_file(test_module_name, test_file)
                  ^^^^^^^^^^^^^^^^^^^^^^^^^^^^^^^^^^^^^^^^^^^^^^^^^^
  File "/home/liyufeng/miniforge3/envs/safeduo/lib/python3.11/site-packages/isaacsim/extscache/omni.graph.tools-1.79.2+69cbf6ad/omni/graph/tools/_impl/internal/file_utils.py", line 239, in load_module_from_file
    spec.loader.exec_module(module)
  File "<frozen importlib._bootstrap_external>", line 940, in exec_module
  File "<frozen importlib._bootstrap>", line 241, in _call_with_frames_removed
  File "/home/liyufeng/miniforge3/envs/safeduo/lib/python3.11/site-packages/isaacsim/extscache/omni.replicator.core-1.12.27+107.3.3.lx64.r.cp311/omni/replicator/core/ogn/tests/TestOgnModifyAnimationTarget.py", line 2, in <module>
    import omni.kit.test
  File "/home/liyufeng/miniforge3/envs/safeduo/lib/python3.11/site-packages/isaacsim/extscache/omni.kit.test-2.0.1+69cbf6ad.lx64.r.cp311/omni/kit/test/__init__.py", line 7, in <module>
    from . import unittests
  File "/home/liyufeng/miniforge3/envs/safeduo/lib/python3.11/site-packages/isaacsim/extscache/omni.kit.test-2.0.1+69cbf6ad.lx64.r.cp311/omni/kit/test/unittests.py", line 21, in <module>
    from .async_unittest import AsyncTestSuite, AsyncTextTestRunner, OmniTestResult, AsyncTestCase
  File "/home/liyufeng/miniforge3/envs/safeduo/lib/python3.11/site-packages/isaacsim/extscache/omni.kit.test-2.0.1+69cbf6ad.lx64.r.cp311/omni/kit/test/async_unittest.py", line 25, in <module>
    from .reporter import TestReporter
  File "/home/liyufeng/miniforge3/envs/safeduo/lib/python3.11/site-packages/isaacsim/extscache/omni.kit.test-2.0.1+69cbf6ad.lx64.r.cp311/omni/kit/test/reporter.py", line 27, in <module>
    from .test_coverage import generate_coverage_report
  File "/home/liyufeng/miniforge3/envs/safeduo/lib/python3.11/site-packages/isaacsim/extscache/omni.kit.test-2.0.1+69cbf6ad.lx64.r.cp311/omni/kit/test/test_coverage.py", line 10, in <module>
    import coverage
  File "/home/liyufeng/miniforge3/envs/safeduo/lib/python3.11/site-packages/coverage/__init__.py", line 24, in <module>
    from coverage.control import (
  File "/home/liyufeng/miniforge3/envs/safeduo/lib/python3.11/site-packages/coverage/control.py", line 28, in <module>
    from coverage.collector import Collector, HAS_CTRACER
  File "/home/liyufeng/miniforge3/envs/safeduo/lib/python3.11/site-packages/coverage/collector.py", line 19, in <module>
    from coverage.data import CoverageData
  File "/home/liyufeng/miniforge3/envs/safeduo/lib/python3.11/site-packages/coverage/data.py", line 24, in <module>
    from coverage.sqldata import CoverageData
  File "/home/liyufeng/miniforge3/envs/safeduo/lib/python3.11/site-packages/coverage/sqldata.py", line 16, in <module>
    import sqlite3
  File "/home/liyufeng/miniforge3/envs/safeduo/lib/python3.11/sqlite3/__init__.py", line 57, in <module>
    from sqlite3.dbapi2 import *
  File "/home/liyufeng/miniforge3/envs/safeduo/lib/python3.11/sqlite3/dbapi2.py", line 27, in <module>
    from _sqlite3 import *
ImportError: /lib/x86_64-linux-gnu/libstdc++.so.6: version `CXXABI_1.3.15' not found (required by /home/liyufeng/miniforge3/envs/safeduo/lib/python3.11/lib-dynload/../.././libicui18n.so.78)

2026-10-10T05:06:19Z [5,585ms] [Error] [omni.graph.tools._impl.internal.extension_contents_1_18] Exception while importing test omni.replicator.core.ogn.tests.TestOgnAugContrastExp: Traceback (most recent call last):
  File "/home/liyufeng/miniforge3/envs/safeduo/lib/python3.11/site-packages/isaacsim/extscache/omni.graph.tools-1.79.2+69cbf6ad/omni/graph/tools/_impl/internal/extension_contents_1_18.py", line 394, in do_import_test_definition
    test_module = load_module_from_file(test_module_name, test_file)
                  ^^^^^^^^^^^^^^^^^^^^^^^^^^^^^^^^^^^^^^^^^^^^^^^^^^
  File "/home/liyufeng/miniforge3/envs/safeduo/lib/python3.11/site-packages/isaacsim/extscache/omni.graph.tools-1.79.2+69cbf6ad/omni/graph/tools/_impl/internal/file_utils.py", line 239, in load_module_from_file
    spec.loader.exec_module(module)
  File "<frozen importlib._bootstrap_external>", line 940, in exec_module
  File "<frozen importlib._bootstrap>", line 241, in _call_with_frames_removed
  File "/home/liyufeng/miniforge3/envs/safeduo/lib/python3.11/site-packages/isaacsim/extscache/omni.replicator.core-1.12.27+107.3.3.lx64.r.cp311/omni/replicator/core/ogn/tests/TestOgnAugContrastExp.py", line 4, in <module>
    import omni.graph.core.tests as ogts
  File "/home/liyufeng/miniforge3/envs/safeduo/lib/python3.11/site-packages/isaacsim/extscache/omni.graph-1.141.2+69cbf6ad.lx64.r.cp311/omni/graph/core/tests/__init__.py", line 20, in <module>
    from .omnigraph_test_utils import OmniGraphTestCase
  File "/home/liyufeng/miniforge3/envs/safeduo/lib/python3.11/site-packages/isaacsim/extscache/omni.graph-1.141.2+69cbf6ad.lx64.r.cp311/omni/graph/core/tests/omnigraph_test_utils.py", line 198, in <module>
    OmniGraphTestCase = test_case_class()
                        ^^^^^^^^^^^^^^^^^
  File "/home/liyufeng/miniforge3/envs/safeduo/lib/python3.11/site-packages/isaacsim/extscache/omni.graph-1.141.2+69cbf6ad.lx64.r.cp311/omni/graph/core/tests/omnigraph_test_utils.py", line 135, in test_case_class
    base_class = omni.kit.test.AsyncTestCase
                 ^^^^^^^^^^^^^
AttributeError: cannot access submodule 'test' of module 'omni.kit' (most likely due to a circular import)

2026-10-10T05:06:19Z [5,594ms] [Error] [omni.graph.tools._impl.internal.extension_contents_1_18] Exception while importing test omni.replicator.core.ogn.tests.TestOgnSampleMaterial: Traceback (most recent call last):
  File "/home/liyufeng/miniforge3/envs/safeduo/lib/python3.11/site-packages/isaacsim/extscache/omni.graph.tools-1.79.2+69cbf6ad/omni/graph/tools/_impl/internal/extension_contents_1_18.py", line 394, in do_import_test_definition
    test_module = load_module_from_file(test_module_name, test_file)
                  ^^^^^^^^^^^^^^^^^^^^^^^^^^^^^^^^^^^^^^^^^^^^^^^^^^
  File "/home/liyufeng/miniforge3/envs/safeduo/lib/python3.11/site-packages/isaacsim/extscache/omni.graph.tools-1.79.2+69cbf6ad/omni/graph/tools/_impl/internal/file_utils.py", line 239, in load_module_from_file
    spec.loader.exec_module(module)
  File "<frozen importlib._bootstrap_external>", line 940, in exec_module
  File "<frozen importlib._bootstrap>", line 241, in _call_with_frames_removed
  File "/home/liyufeng/miniforge3/envs/safeduo/lib/python3.11/site-packages/isaacsim/extscache/omni.replicator.core-1.12.27+107.3.3.lx64.r.cp311/omni/replicator/core/ogn/tests/TestOgnSampleMaterial.py", line 4, in <module>
    import omni.graph.core.tests as ogts
  File "/home/liyufeng/miniforge3/envs/safeduo/lib/python3.11/site-packages/isaacsim/extscache/omni.graph-1.141.2+69cbf6ad.lx64.r.cp311/omni/graph/core/tests/__init__.py", line 20, in <module>
    from .omnigraph_test_utils import OmniGraphTestCase
  File "/home/liyufeng/miniforge3/envs/safeduo/lib/python3.11/site-packages/isaacsim/extscache/omni.graph-1.141.2+69cbf6ad.lx64.r.cp311/omni/graph/core/tests/omnigraph_test_utils.py", line 198, in <module>
    OmniGraphTestCase = test_case_class()
                        ^^^^^^^^^^^^^^^^^
  File "/home/liyufeng/miniforge3/envs/safeduo/lib/python3.11/site-packages/isaacsim/extscache/omni.graph-1.141.2+69cbf6ad.lx64.r.cp311/omni/graph/core/tests/omnigraph_test_utils.py", line 135, in test_case_class
    base_class = omni.kit.test.AsyncTestCase
                 ^^^^^^^^^^^^^
AttributeError: cannot access submodule 'test' of module 'omni.kit' (most likely due to a circular import)

2026-10-10T05:06:19Z [5,605ms] [Error] [omni.graph.tools._impl.internal.extension_contents_1_18] Exception while importing test omni.replicator.core.ogn.tests.TestOgnModifyProjectionMaterial: Traceback (most recent call last):
  File "/home/liyufeng/miniforge3/envs/safeduo/lib/python3.11/site-packages/isaacsim/extscache/omni.graph.tools-1.79.2+69cbf6ad/omni/graph/tools/_impl/internal/extension_contents_1_18.py", line 394, in do_import_test_definition
    test_module = load_module_from_file(test_module_name, test_file)
                  ^^^^^^^^^^^^^^^^^^^^^^^^^^^^^^^^^^^^^^^^^^^^^^^^^^
  File "/home/liyufeng/miniforge3/envs/safeduo/lib/python3.11/site-packages/isaacsim/extscache/omni.graph.tools-1.79.2+69cbf6ad/omni/graph/tools/_impl/internal/file_utils.py", line 239, in load_module_from_file
    spec.loader.exec_module(module)
  File "<frozen importlib._bootstrap_external>", line 940, in exec_module
  File "<frozen importlib._bootstrap>", line 241, in _call_with_frames_removed
  File "/home/liyufeng/miniforge3/envs/safeduo/lib/python3.11/site-packages/isaacsim/extscache/omni.replicator.core-1.12.27+107.3.3.lx64.r.cp311/omni/replicator/core/ogn/tests/TestOgnModifyProjectionMaterial.py", line 4, in <module>
    import omni.graph.core.tests as ogts
  File "/home/liyufeng/miniforge3/envs/safeduo/lib/python3.11/site-packages/isaacsim/extscache/omni.graph-1.141.2+69cbf6ad.lx64.r.cp311/omni/graph/core/tests/__init__.py", line 20, in <module>
    from .omnigraph_test_utils import OmniGraphTestCase
  File "/home/liyufeng/miniforge3/envs/safeduo/lib/python3.11/site-packages/isaacsim/extscache/omni.graph-1.141.2+69cbf6ad.lx64.r.cp311/omni/graph/core/tests/omnigraph_test_utils.py", line 198, in <module>
    OmniGraphTestCase = test_case_class()
                        ^^^^^^^^^^^^^^^^^
  File "/home/liyufeng/miniforge3/envs/safeduo/lib/python3.11/site-packages/isaacsim/extscache/omni.graph-1.141.2+69cbf6ad.lx64.r.cp311/omni/graph/core/tests/omnigraph_test_utils.py", line 135, in test_case_class
    base_class = omni.kit.test.AsyncTestCase
                 ^^^^^^^^^^^^^
AttributeError: module 'omni.kit' has no attribute 'test'

2026-10-10T05:06:19Z [5,617ms] [Error] [omni.graph.tools._impl.internal.extension_contents_1_18] Exception while importing test omni.replicator.core.ogn.tests.TestOgnOnTime: Traceback (most recent call last):
  File "/home/liyufeng/miniforge3/envs/safeduo/lib/python3.11/site-packages/isaacsim/extscache/omni.graph.tools-1.79.2+69cbf6ad/omni/graph/tools/_impl/internal/extension_contents_1_18.py", line 394, in do_import_test_definition
    test_module = load_module_from_file(test_module_name, test_file)
                  ^^^^^^^^^^^^^^^^^^^^^^^^^^^^^^^^^^^^^^^^^^^^^^^^^^
  File "/home/liyufeng/miniforge3/envs/safeduo/lib/python3.11/site-packages/isaacsim/extscache/omni.graph.tools-1.79.2+69cbf6ad/omni/graph/tools/_impl/internal/file_utils.py", line 239, in load_module_from_file
    spec.loader.exec_module(module)
  File "<frozen importlib._bootstrap_external>", line 940, in exec_module
  File "<frozen importlib._bootstrap>", line 241, in _call_with_frames_removed
  File "/home/liyufeng/miniforge3/envs/safeduo/lib/python3.11/site-packages/isaacsim/extscache/omni.replicator.core-1.12.27+107.3.3.lx64.r.cp311/omni/replicator/core/ogn/tests/TestOgnOnTime.py", line 2, in <module>
    import omni.kit.test
  File "/home/liyufeng/miniforge3/envs/safeduo/lib/python3.11/site-packages/isaacsim/extscache/omni.kit.test-2.0.1+69cbf6ad.lx64.r.cp311/omni/kit/test/__init__.py", line 7, in <module>
    from . import unittests
  File "/home/liyufeng/miniforge3/envs/safeduo/lib/python3.11/site-packages/isaacsim/extscache/omni.kit.test-2.0.1+69cbf6ad.lx64.r.cp311/omni/kit/test/unittests.py", line 21, in <module>
    from .async_unittest import AsyncTestSuite, AsyncTextTestRunner, OmniTestResult, AsyncTestCase
  File "/home/liyufeng/miniforge3/envs/safeduo/lib/python3.11/site-packages/isaacsim/extscache/omni.kit.test-2.0.1+69cbf6ad.lx64.r.cp311/omni/kit/test/async_unittest.py", line 25, in <module>
    from .reporter import TestReporter
  File "/home/liyufeng/miniforge3/envs/safeduo/lib/python3.11/site-packages/isaacsim/extscache/omni.kit.test-2.0.1+69cbf6ad.lx64.r.cp311/omni/kit/test/reporter.py", line 27, in <module>
    from .test_coverage import generate_coverage_report
  File "/home/liyufeng/miniforge3/envs/safeduo/lib/python3.11/site-packages/isaacsim/extscache/omni.kit.test-2.0.1+69cbf6ad.lx64.r.cp311/omni/kit/test/test_coverage.py", line 10, in <module>
    import coverage
  File "/home/liyufeng/miniforge3/envs/safeduo/lib/python3.11/site-packages/coverage/__init__.py", line 24, in <module>
    from coverage.control import (
  File "/home/liyufeng/miniforge3/envs/safeduo/lib/python3.11/site-packages/coverage/control.py", line 28, in <module>
    from coverage.collector import Collector, HAS_CTRACER
  File "/home/liyufeng/miniforge3/envs/safeduo/lib/python3.11/site-packages/coverage/collector.py", line 19, in <module>
    from coverage.data import CoverageData
  File "/home/liyufeng/miniforge3/envs/safeduo/lib/python3.11/site-packages/coverage/data.py", line 24, in <module>
    from coverage.sqldata import CoverageData
  File "/home/liyufeng/miniforge3/envs/safeduo/lib/python3.11/site-packages/coverage/sqldata.py", line 16, in <module>
    import sqlite3
  File "/home/liyufeng/miniforge3/envs/safeduo/lib/python3.11/sqlite3/__init__.py", line 57, in <module>
    from sqlite3.dbapi2 import *
  File "/home/liyufeng/miniforge3/envs/safeduo/lib/python3.11/sqlite3/dbapi2.py", line 27, in <module>
    from _sqlite3 import *
ImportError: /lib/x86_64-linux-gnu/libstdc++.so.6: version `CXXABI_1.3.15' not found (required by /home/liyufeng/miniforge3/envs/safeduo/lib/python3.11/lib-dynload/../.././libicui18n.so.78)

2026-10-10T05:06:19Z [5,626ms] [Error] [omni.graph.tools._impl.internal.extension_contents_1_18] Exception while importing test omni.replicator.core.ogn.tests.TestOgnScatter2D: Traceback (most recent call last):
  File "/home/liyufeng/miniforge3/envs/safeduo/lib/python3.11/site-packages/isaacsim/extscache/omni.graph.tools-1.79.2+69cbf6ad/omni/graph/tools/_impl/internal/extension_contents_1_18.py", line 394, in do_import_test_definition
    test_module = load_module_from_file(test_module_name, test_file)
                  ^^^^^^^^^^^^^^^^^^^^^^^^^^^^^^^^^^^^^^^^^^^^^^^^^^
  File "/home/liyufeng/miniforge3/envs/safeduo/lib/python3.11/site-packages/isaacsim/extscache/omni.graph.tools-1.79.2+69cbf6ad/omni/graph/tools/_impl/internal/file_utils.py", line 239, in load_module_from_file
    spec.loader.exec_module(module)
  File "<frozen importlib._bootstrap_external>", line 940, in exec_module
  File "<frozen importlib._bootstrap>", line 241, in _call_with_frames_removed
  File "/home/liyufeng/miniforge3/envs/safeduo/lib/python3.11/site-packages/isaacsim/extscache/omni.replicator.core-1.12.27+107.3.3.lx64.r.cp311/omni/replicator/core/ogn/tests/TestOgnScatter2D.py", line 2, in <module>
    import omni.kit.test
  File "/home/liyufeng/miniforge3/envs/safeduo/lib/python3.11/site-packages/isaacsim/extscache/omni.kit.test-2.0.1+69cbf6ad.lx64.r.cp311/omni/kit/test/__init__.py", line 7, in <module>
    from . import unittests
  File "/home/liyufeng/miniforge3/envs/safeduo/lib/python3.11/site-packages/isaacsim/extscache/omni.kit.test-2.0.1+69cbf6ad.lx64.r.cp311/omni/kit/test/unittests.py", line 21, in <module>
    from .async_unittest import AsyncTestSuite, AsyncTextTestRunner, OmniTestResult, AsyncTestCase
  File "/home/liyufeng/miniforge3/envs/safeduo/lib/python3.11/site-packages/isaacsim/extscache/omni.kit.test-2.0.1+69cbf6ad.lx64.r.cp311/omni/kit/test/async_unittest.py", line 25, in <module>
    from .reporter import TestReporter
  File "/home/liyufeng/miniforge3/envs/safeduo/lib/python3.11/site-packages/isaacsim/extscache/omni.kit.test-2.0.1+69cbf6ad.lx64.r.cp311/omni/kit/test/reporter.py", line 27, in <module>
    from .test_coverage import generate_coverage_report
  File "/home/liyufeng/miniforge3/envs/safeduo/lib/python3.11/site-packages/isaacsim/extscache/omni.kit.test-2.0.1+69cbf6ad.lx64.r.cp311/omni/kit/test/test_coverage.py", line 10, in <module>
    import coverage
  File "/home/liyufeng/miniforge3/envs/safeduo/lib/python3.11/site-packages/coverage/__init__.py", line 24, in <module>
    from coverage.control import (
  File "/home/liyufeng/miniforge3/envs/safeduo/lib/python3.11/site-packages/coverage/control.py", line 28, in <module>
    from coverage.collector import Collector, HAS_CTRACER
  File "/home/liyufeng/miniforge3/envs/safeduo/lib/python3.11/site-packages/coverage/collector.py", line 19, in <module>
    from coverage.data import CoverageData
  File "/home/liyufeng/miniforge3/envs/safeduo/lib/python3.11/site-packages/coverage/data.py", line 24, in <module>
    from coverage.sqldata import CoverageData
  File "/home/liyufeng/miniforge3/envs/safeduo/lib/python3.11/site-packages/coverage/sqldata.py", line 16, in <module>
    import sqlite3
  File "/home/liyufeng/miniforge3/envs/safeduo/lib/python3.11/sqlite3/__init__.py", line 57, in <module>
    from sqlite3.dbapi2 import *
  File "/home/liyufeng/miniforge3/envs/safeduo/lib/python3.11/sqlite3/dbapi2.py", line 27, in <module>
    from _sqlite3 import *
ImportError: /lib/x86_64-linux-gnu/libstdc++.so.6: version `CXXABI_1.3.15' not found (required by /home/liyufeng/miniforge3/envs/safeduo/lib/python3.11/lib-dynload/../.././libicui18n.so.78)

2026-10-10T05:06:19Z [5,635ms] [Error] [omni.graph.tools._impl.internal.extension_contents_1_18] Exception while importing test omni.replicator.core.ogn.tests.TestOgnSetTimeline: Traceback (most recent call last):
  File "/home/liyufeng/miniforge3/envs/safeduo/lib/python3.11/site-packages/isaacsim/extscache/omni.graph.tools-1.79.2+69cbf6ad/omni/graph/tools/_impl/internal/extension_contents_1_18.py", line 394, in do_import_test_definition
    test_module = load_module_from_file(test_module_name, test_file)
                  ^^^^^^^^^^^^^^^^^^^^^^^^^^^^^^^^^^^^^^^^^^^^^^^^^^
  File "/home/liyufeng/miniforge3/envs/safeduo/lib/python3.11/site-packages/isaacsim/extscache/omni.graph.tools-1.79.2+69cbf6ad/omni/graph/tools/_impl/internal/file_utils.py", line 239, in load_module_from_file
    spec.loader.exec_module(module)
  File "<frozen importlib._bootstrap_external>", line 940, in exec_module
  File "<frozen importlib._bootstrap>", line 241, in _call_with_frames_removed
  File "/home/liyufeng/miniforge3/envs/safeduo/lib/python3.11/site-packages/isaacsim/extscache/omni.replicator.core-1.12.27+107.3.3.lx64.r.cp311/omni/replicator/core/ogn/tests/TestOgnSetTimeline.py", line 2, in <module>
    import omni.kit.test
  File "/home/liyufeng/miniforge3/envs/safeduo/lib/python3.11/site-packages/isaacsim/extscache/omni.kit.test-2.0.1+69cbf6ad.lx64.r.cp311/omni/kit/test/__init__.py", line 7, in <module>
    from . import unittests
  File "/home/liyufeng/miniforge3/envs/safeduo/lib/python3.11/site-packages/isaacsim/extscache/omni.kit.test-2.0.1+69cbf6ad.lx64.r.cp311/omni/kit/test/unittests.py", line 21, in <module>
    from .async_unittest import AsyncTestSuite, AsyncTextTestRunner, OmniTestResult, AsyncTestCase
  File "/home/liyufeng/miniforge3/envs/safeduo/lib/python3.11/site-packages/isaacsim/extscache/omni.kit.test-2.0.1+69cbf6ad.lx64.r.cp311/omni/kit/test/async_unittest.py", line 25, in <module>
    from .reporter import TestReporter
  File "/home/liyufeng/miniforge3/envs/safeduo/lib/python3.11/site-packages/isaacsim/extscache/omni.kit.test-2.0.1+69cbf6ad.lx64.r.cp311/omni/kit/test/reporter.py", line 27, in <module>
    from .test_coverage import generate_coverage_report
  File "/home/liyufeng/miniforge3/envs/safeduo/lib/python3.11/site-packages/isaacsim/extscache/omni.kit.test-2.0.1+69cbf6ad.lx64.r.cp311/omni/kit/test/test_coverage.py", line 10, in <module>
    import coverage
  File "/home/liyufeng/miniforge3/envs/safeduo/lib/python3.11/site-packages/coverage/__init__.py", line 24, in <module>
    from coverage.control import (
  File "/home/liyufeng/miniforge3/envs/safeduo/lib/python3.11/site-packages/coverage/control.py", line 28, in <module>
    from coverage.collector import Collector, HAS_CTRACER
  File "/home/liyufeng/miniforge3/envs/safeduo/lib/python3.11/site-packages/coverage/collector.py", line 19, in <module>
    from coverage.data import CoverageData
  File "/home/liyufeng/miniforge3/envs/safeduo/lib/python3.11/site-packages/coverage/data.py", line 24, in <module>
    from coverage.sqldata import CoverageData
  File "/home/liyufeng/miniforge3/envs/safeduo/lib/python3.11/site-packages/coverage/sqldata.py", line 16, in <module>
    import sqlite3
  File "/home/liyufeng/miniforge3/envs/safeduo/lib/python3.11/sqlite3/__init__.py", line 57, in <module>
    from sqlite3.dbapi2 import *
  File "/home/liyufeng/miniforge3/envs/safeduo/lib/python3.11/sqlite3/dbapi2.py", line 27, in <module>
    from _sqlite3 import *
ImportError: /lib/x86_64-linux-gnu/libstdc++.so.6: version `CXXABI_1.3.15' not found (required by /home/liyufeng/miniforge3/envs/safeduo/lib/python3.11/lib-dynload/../.././libicui18n.so.78)

2026-10-10T05:06:20Z [5,647ms] [Error] [omni.graph.tools._impl.internal.extension_contents_1_18] Exception while importing test omni.replicator.core.ogn.tests.TestOgnAugShadeSegmentation: Traceback (most recent call last):
  File "/home/liyufeng/miniforge3/envs/safeduo/lib/python3.11/site-packages/isaacsim/extscache/omni.graph.tools-1.79.2+69cbf6ad/omni/graph/tools/_impl/internal/extension_contents_1_18.py", line 394, in do_import_test_definition
    test_module = load_module_from_file(test_module_name, test_file)
                  ^^^^^^^^^^^^^^^^^^^^^^^^^^^^^^^^^^^^^^^^^^^^^^^^^^
  File "/home/liyufeng/miniforge3/envs/safeduo/lib/python3.11/site-packages/isaacsim/extscache/omni.graph.tools-1.79.2+69cbf6ad/omni/graph/tools/_impl/internal/file_utils.py", line 239, in load_module_from_file
    spec.loader.exec_module(module)
  File "<frozen importlib._bootstrap_external>", line 940, in exec_module
  File "<frozen importlib._bootstrap>", line 241, in _call_with_frames_removed
  File "/home/liyufeng/miniforge3/envs/safeduo/lib/python3.11/site-packages/isaacsim/extscache/omni.replicator.core-1.12.27+107.3.3.lx64.r.cp311/omni/replicator/core/ogn/tests/TestOgnAugShadeSegmentation.py", line 2, in <module>
    import omni.kit.test
  File "/home/liyufeng/miniforge3/envs/safeduo/lib/python3.11/site-packages/isaacsim/extscache/omni.kit.test-2.0.1+69cbf6ad.lx64.r.cp311/omni/kit/test/__init__.py", line 7, in <module>
    from . import unittests
  File "/home/liyufeng/miniforge3/envs/safeduo/lib/python3.11/site-packages/isaacsim/extscache/omni.kit.test-2.0.1+69cbf6ad.lx64.r.cp311/omni/kit/test/unittests.py", line 21, in <module>
    from .async_unittest import AsyncTestSuite, AsyncTextTestRunner, OmniTestResult, AsyncTestCase
  File "/home/liyufeng/miniforge3/envs/safeduo/lib/python3.11/site-packages/isaacsim/extscache/omni.kit.test-2.0.1+69cbf6ad.lx64.r.cp311/omni/kit/test/async_unittest.py", line 25, in <module>
    from .reporter import TestReporter
  File "/home/liyufeng/miniforge3/envs/safeduo/lib/python3.11/site-packages/isaacsim/extscache/omni.kit.test-2.0.1+69cbf6ad.lx64.r.cp311/omni/kit/test/reporter.py", line 27, in <module>
    from .test_coverage import generate_coverage_report
  File "/home/liyufeng/miniforge3/envs/safeduo/lib/python3.11/site-packages/isaacsim/extscache/omni.kit.test-2.0.1+69cbf6ad.lx64.r.cp311/omni/kit/test/test_coverage.py", line 10, in <module>
    import coverage
  File "/home/liyufeng/miniforge3/envs/safeduo/lib/python3.11/site-packages/coverage/__init__.py", line 24, in <module>
    from coverage.control import (
  File "/home/liyufeng/miniforge3/envs/safeduo/lib/python3.11/site-packages/coverage/control.py", line 28, in <module>
    from coverage.collector import Collector, HAS_CTRACER
  File "/home/liyufeng/miniforge3/envs/safeduo/lib/python3.11/site-packages/coverage/collector.py", line 19, in <module>
    from coverage.data import CoverageData
  File "/home/liyufeng/miniforge3/envs/safeduo/lib/python3.11/site-packages/coverage/data.py", line 24, in <module>
    from coverage.sqldata import CoverageData
  File "/home/liyufeng/miniforge3/envs/safeduo/lib/python3.11/site-packages/coverage/sqldata.py", line 16, in <module>
    import sqlite3
  File "/home/liyufeng/miniforge3/envs/safeduo/lib/python3.11/sqlite3/__init__.py", line 57, in <module>
    from sqlite3.dbapi2 import *
  File "/home/liyufeng/miniforge3/envs/safeduo/lib/python3.11/sqlite3/dbapi2.py", line 27, in <module>
    from _sqlite3 import *
ImportError: /lib/x86_64-linux-gnu/libstdc++.so.6: version `CXXABI_1.3.15' not found (required by /home/liyufeng/miniforge3/envs/safeduo/lib/python3.11/lib-dynload/../.././libicui18n.so.78)

2026-10-10T05:06:20Z [5,657ms] [Error] [omni.graph.tools._impl.internal.extension_contents_1_18] Exception while importing test omni.replicator.core.ogn.tests.TestOgnAugConv2dExp: Traceback (most recent call last):
  File "/home/liyufeng/miniforge3/envs/safeduo/lib/python3.11/site-packages/isaacsim/extscache/omni.graph.tools-1.79.2+69cbf6ad/omni/graph/tools/_impl/internal/extension_contents_1_18.py", line 394, in do_import_test_definition
    test_module = load_module_from_file(test_module_name, test_file)
                  ^^^^^^^^^^^^^^^^^^^^^^^^^^^^^^^^^^^^^^^^^^^^^^^^^^
  File "/home/liyufeng/miniforge3/envs/safeduo/lib/python3.11/site-packages/isaacsim/extscache/omni.graph.tools-1.79.2+69cbf6ad/omni/graph/tools/_impl/internal/file_utils.py", line 239, in load_module_from_file
    spec.loader.exec_module(module)
  File "<frozen importlib._bootstrap_external>", line 940, in exec_module
  File "<frozen importlib._bootstrap>", line 241, in _call_with_frames_removed
  File "/home/liyufeng/miniforge3/envs/safeduo/lib/python3.11/site-packages/isaacsim/extscache/omni.replicator.core-1.12.27+107.3.3.lx64.r.cp311/omni/replicator/core/ogn/tests/TestOgnAugConv2dExp.py", line 2, in <module>
    import omni.kit.test
  File "/home/liyufeng/miniforge3/envs/safeduo/lib/python3.11/site-packages/isaacsim/extscache/omni.kit.test-2.0.1+69cbf6ad.lx64.r.cp311/omni/kit/test/__init__.py", line 7, in <module>
    from . import unittests
  File "/home/liyufeng/miniforge3/envs/safeduo/lib/python3.11/site-packages/isaacsim/extscache/omni.kit.test-2.0.1+69cbf6ad.lx64.r.cp311/omni/kit/test/unittests.py", line 21, in <module>
    from .async_unittest import AsyncTestSuite, AsyncTextTestRunner, OmniTestResult, AsyncTestCase
  File "/home/liyufeng/miniforge3/envs/safeduo/lib/python3.11/site-packages/isaacsim/extscache/omni.kit.test-2.0.1+69cbf6ad.lx64.r.cp311/omni/kit/test/async_unittest.py", line 25, in <module>
    from .reporter import TestReporter
  File "/home/liyufeng/miniforge3/envs/safeduo/lib/python3.11/site-packages/isaacsim/extscache/omni.kit.test-2.0.1+69cbf6ad.lx64.r.cp311/omni/kit/test/reporter.py", line 27, in <module>
    from .test_coverage import generate_coverage_report
  File "/home/liyufeng/miniforge3/envs/safeduo/lib/python3.11/site-packages/isaacsim/extscache/omni.kit.test-2.0.1+69cbf6ad.lx64.r.cp311/omni/kit/test/test_coverage.py", line 10, in <module>
    import coverage
  File "/home/liyufeng/miniforge3/envs/safeduo/lib/python3.11/site-packages/coverage/__init__.py", line 24, in <module>
    from coverage.control import (
  File "/home/liyufeng/miniforge3/envs/safeduo/lib/python3.11/site-packages/coverage/control.py", line 28, in <module>
    from coverage.collector import Collector, HAS_CTRACER
  File "/home/liyufeng/miniforge3/envs/safeduo/lib/python3.11/site-packages/coverage/collector.py", line 19, in <module>
    from coverage.data import CoverageData
  File "/home/liyufeng/miniforge3/envs/safeduo/lib/python3.11/site-packages/coverage/data.py", line 24, in <module>
    from coverage.sqldata import CoverageData
  File "/home/liyufeng/miniforge3/envs/safeduo/lib/python3.11/site-packages/coverage/sqldata.py", line 16, in <module>
    import sqlite3
  File "/home/liyufeng/miniforge3/envs/safeduo/lib/python3.11/sqlite3/__init__.py", line 57, in <module>
    from sqlite3.dbapi2 import *
  File "/home/liyufeng/miniforge3/envs/safeduo/lib/python3.11/sqlite3/dbapi2.py", line 27, in <module>
    from _sqlite3 import *
ImportError: /lib/x86_64-linux-gnu/libstdc++.so.6: version `CXXABI_1.3.15' not found (required by /home/liyufeng/miniforge3/envs/safeduo/lib/python3.11/lib-dynload/../.././libicui18n.so.78)

2026-10-10T05:06:20Z [6,100ms] [Error] [omni.graph.tools._impl.internal.extension_contents_1_18] Exception while importing test omni.replicator.core.ogn.tests.TestOgnDecal: Traceback (most recent call last):
  File "/home/liyufeng/miniforge3/envs/safeduo/lib/python3.11/site-packages/isaacsim/extscache/omni.graph.tools-1.79.2+69cbf6ad/omni/graph/tools/_impl/internal/extension_contents_1_18.py", line 394, in do_import_test_definition
    test_module = load_module_from_file(test_module_name, test_file)
                  ^^^^^^^^^^^^^^^^^^^^^^^^^^^^^^^^^^^^^^^^^^^^^^^^^^
  File "/home/liyufeng/miniforge3/envs/safeduo/lib/python3.11/site-packages/isaacsim/extscache/omni.graph.tools-1.79.2+69cbf6ad/omni/graph/tools/_impl/internal/file_utils.py", line 239, in load_module_from_file
    spec.loader.exec_module(module)
  File "<frozen importlib._bootstrap_external>", line 940, in exec_module
  File "<frozen importlib._bootstrap>", line 241, in _call_with_frames_removed
  File "/home/liyufeng/miniforge3/envs/safeduo/lib/python3.11/site-packages/isaacsim/extscache/omni.replicator.core-1.12.27+107.3.3.lx64.r.cp311/omni/replicator/core/ogn/tests/TestOgnDecal.py", line 2, in <module>
    import omni.kit.test
  File "/home/liyufeng/miniforge3/envs/safeduo/lib/python3.11/site-packages/isaacsim/extscache/omni.kit.test-2.0.1+69cbf6ad.lx64.r.cp311/omni/kit/test/__init__.py", line 7, in <module>
    from . import unittests
  File "/home/liyufeng/miniforge3/envs/safeduo/lib/python3.11/site-packages/isaacsim/extscache/omni.kit.test-2.0.1+69cbf6ad.lx64.r.cp311/omni/kit/test/unittests.py", line 21, in <module>
    from .async_unittest import AsyncTestSuite, AsyncTextTestRunner, OmniTestResult, AsyncTestCase
  File "/home/liyufeng/miniforge3/envs/safeduo/lib/python3.11/site-packages/isaacsim/extscache/omni.kit.test-2.0.1+69cbf6ad.lx64.r.cp311/omni/kit/test/async_unittest.py", line 25, in <module>
    from .reporter import TestReporter
  File "/home/liyufeng/miniforge3/envs/safeduo/lib/python3.11/site-packages/isaacsim/extscache/omni.kit.test-2.0.1+69cbf6ad.lx64.r.cp311/omni/kit/test/reporter.py", line 27, in <module>
    from .test_coverage import generate_coverage_report
  File "/home/liyufeng/miniforge3/envs/safeduo/lib/python3.11/site-packages/isaacsim/extscache/omni.kit.test-2.0.1+69cbf6ad.lx64.r.cp311/omni/kit/test/test_coverage.py", line 10, in <module>
    import coverage
  File "/home/liyufeng/miniforge3/envs/safeduo/lib/python3.11/site-packages/coverage/__init__.py", line 24, in <module>
    from coverage.control import (
  File "/home/liyufeng/miniforge3/envs/safeduo/lib/python3.11/site-packages/coverage/control.py", line 28, in <module>
    from coverage.collector import Collector, HAS_CTRACER
  File "/home/liyufeng/miniforge3/envs/safeduo/lib/python3.11/site-packages/coverage/collector.py", line 19, in <module>
    from coverage.data import CoverageData
  File "/home/liyufeng/miniforge3/envs/safeduo/lib/python3.11/site-packages/coverage/data.py", line 24, in <module>
    from coverage.sqldata import CoverageData
  File "/home/liyufeng/miniforge3/envs/safeduo/lib/python3.11/site-packages/coverage/sqldata.py", line 16, in <module>
    import sqlite3
  File "/home/liyufeng/miniforge3/envs/safeduo/lib/python3.11/sqlite3/__init__.py", line 57, in <module>
    from sqlite3.dbapi2 import *
  File "/home/liyufeng/miniforge3/envs/safeduo/lib/python3.11/sqlite3/dbapi2.py", line 27, in <module>
    from _sqlite3 import *
ImportError: /lib/x86_64-linux-gnu/libstdc++.so.6: version `CXXABI_1.3.15' not found (required by /home/liyufeng/miniforge3/envs/safeduo/lib/python3.11/lib-dynload/../.././libicui18n.so.78)

2026-10-10T05:06:20Z [6,104ms] [Error] [omni.graph.tools._impl.internal.extension_contents_1_18] Exception while importing test omni.replicator.core.ogn.tests.TestOgnSetVisibility: Traceback (most recent call last):
  File "/home/liyufeng/miniforge3/envs/safeduo/lib/python3.11/site-packages/isaacsim/extscache/omni.graph.tools-1.79.2+69cbf6ad/omni/graph/tools/_impl/internal/extension_contents_1_18.py", line 394, in do_import_test_definition
    test_module = load_module_from_file(test_module_name, test_file)
                  ^^^^^^^^^^^^^^^^^^^^^^^^^^^^^^^^^^^^^^^^^^^^^^^^^^
  File "/home/liyufeng/miniforge3/envs/safeduo/lib/python3.11/site-packages/isaacsim/extscache/omni.graph.tools-1.79.2+69cbf6ad/omni/graph/tools/_impl/internal/file_utils.py", line 239, in load_module_from_file
    spec.loader.exec_module(module)
  File "<frozen importlib._bootstrap_external>", line 940, in exec_module
  File "<frozen importlib._bootstrap>", line 241, in _call_with_frames_removed
  File "/home/liyufeng/miniforge3/envs/safeduo/lib/python3.11/site-packages/isaacsim/extscache/omni.replicator.core-1.12.27+107.3.3.lx64.r.cp311/omni/replicator/core/ogn/tests/TestOgnSetVisibility.py", line 2, in <module>
    import omni.kit.test
  File "/home/liyufeng/miniforge3/envs/safeduo/lib/python3.11/site-packages/isaacsim/extscache/omni.kit.test-2.0.1+69cbf6ad.lx64.r.cp311/omni/kit/test/__init__.py", line 7, in <module>
    from . import unittests
  File "/home/liyufeng/miniforge3/envs/safeduo/lib/python3.11/site-packages/isaacsim/extscache/omni.kit.test-2.0.1+69cbf6ad.lx64.r.cp311/omni/kit/test/unittests.py", line 21, in <module>
    from .async_unittest import AsyncTestSuite, AsyncTextTestRunner, OmniTestResult, AsyncTestCase
  File "/home/liyufeng/miniforge3/envs/safeduo/lib/python3.11/site-packages/isaacsim/extscache/omni.kit.test-2.0.1+69cbf6ad.lx64.r.cp311/omni/kit/test/async_unittest.py", line 25, in <module>
    from .reporter import TestReporter
  File "/home/liyufeng/miniforge3/envs/safeduo/lib/python3.11/site-packages/isaacsim/extscache/omni.kit.test-2.0.1+69cbf6ad.lx64.r.cp311/omni/kit/test/reporter.py", line 27, in <module>
    from .test_coverage import generate_coverage_report
  File "/home/liyufeng/miniforge3/envs/safeduo/lib/python3.11/site-packages/isaacsim/extscache/omni.kit.test-2.0.1+69cbf6ad.lx64.r.cp311/omni/kit/test/test_coverage.py", line 10, in <module>
    import coverage
  File "/home/liyufeng/miniforge3/envs/safeduo/lib/python3.11/site-packages/coverage/__init__.py", line 24, in <module>
    from coverage.control import (
  File "/home/liyufeng/miniforge3/envs/safeduo/lib/python3.11/site-packages/coverage/control.py", line 28, in <module>
    from coverage.collector import Collector, HAS_CTRACER
  File "/home/liyufeng/miniforge3/envs/safeduo/lib/python3.11/site-packages/coverage/collector.py", line 19, in <module>
    from coverage.data import CoverageData
  File "/home/liyufeng/miniforge3/envs/safeduo/lib/python3.11/site-packages/coverage/data.py", line 24, in <module>
    from coverage.sqldata import CoverageData
  File "/home/liyufeng/miniforge3/envs/safeduo/lib/python3.11/site-packages/coverage/sqldata.py", line 16, in <module>
    import sqlite3
  File "/home/liyufeng/miniforge3/envs/safeduo/lib/python3.11/sqlite3/__init__.py", line 57, in <module>
    from sqlite3.dbapi2 import *
  File "/home/liyufeng/miniforge3/envs/safeduo/lib/python3.11/sqlite3/dbapi2.py", line 27, in <module>
    from _sqlite3 import *
ImportError: /lib/x86_64-linux-gnu/libstdc++.so.6: version `CXXABI_1.3.15' not found (required by /home/liyufeng/miniforge3/envs/safeduo/lib/python3.11/lib-dynload/../.././libicui18n.so.78)

2026-10-10T05:06:20Z [6,111ms] [Error] [omni.graph.tools._impl.internal.extension_contents_1_18] Exception while importing test omni.replicator.core.ogn.tests.TestOgnPhysicsReset: Traceback (most recent call last):
  File "/home/liyufeng/miniforge3/envs/safeduo/lib/python3.11/site-packages/isaacsim/extscache/omni.graph.tools-1.79.2+69cbf6ad/omni/graph/tools/_impl/internal/extension_contents_1_18.py", line 394, in do_import_test_definition
    test_module = load_module_from_file(test_module_name, test_file)
                  ^^^^^^^^^^^^^^^^^^^^^^^^^^^^^^^^^^^^^^^^^^^^^^^^^^
  File "/home/liyufeng/miniforge3/envs/safeduo/lib/python3.11/site-packages/isaacsim/extscache/omni.graph.tools-1.79.2+69cbf6ad/omni/graph/tools/_impl/internal/file_utils.py", line 239, in load_module_from_file
    spec.loader.exec_module(module)
  File "<frozen importlib._bootstrap_external>", line 940, in exec_module
  File "<frozen importlib._bootstrap>", line 241, in _call_with_frames_removed
  File "/home/liyufeng/miniforge3/envs/safeduo/lib/python3.11/site-packages/isaacsim/extscache/omni.replicator.core-1.12.27+107.3.3.lx64.r.cp311/omni/replicator/core/ogn/tests/TestOgnPhysicsReset.py", line 2, in <module>
    import omni.kit.test
  File "/home/liyufeng/miniforge3/envs/safeduo/lib/python3.11/site-packages/isaacsim/extscache/omni.kit.test-2.0.1+69cbf6ad.lx64.r.cp311/omni/kit/test/__init__.py", line 7, in <module>
    from . import unittests
  File "/home/liyufeng/miniforge3/envs/safeduo/lib/python3.11/site-packages/isaacsim/extscache/omni.kit.test-2.0.1+69cbf6ad.lx64.r.cp311/omni/kit/test/unittests.py", line 21, in <module>
    from .async_unittest import AsyncTestSuite, AsyncTextTestRunner, OmniTestResult, AsyncTestCase
  File "/home/liyufeng/miniforge3/envs/safeduo/lib/python3.11/site-packages/isaacsim/extscache/omni.kit.test-2.0.1+69cbf6ad.lx64.r.cp311/omni/kit/test/async_unittest.py", line 25, in <module>
    from .reporter import TestReporter
  File "/home/liyufeng/miniforge3/envs/safeduo/lib/python3.11/site-packages/isaacsim/extscache/omni.kit.test-2.0.1+69cbf6ad.lx64.r.cp311/omni/kit/test/reporter.py", line 27, in <module>
    from .test_coverage import generate_coverage_report
  File "/home/liyufeng/miniforge3/envs/safeduo/lib/python3.11/site-packages/isaacsim/extscache/omni.kit.test-2.0.1+69cbf6ad.lx64.r.cp311/omni/kit/test/test_coverage.py", line 10, in <module>
    import coverage
  File "/home/liyufeng/miniforge3/envs/safeduo/lib/python3.11/site-packages/coverage/__init__.py", line 24, in <module>
    from coverage.control import (
  File "/home/liyufeng/miniforge3/envs/safeduo/lib/python3.11/site-packages/coverage/control.py", line 28, in <module>
    from coverage.collector import Collector, HAS_CTRACER
  File "/home/liyufeng/miniforge3/envs/safeduo/lib/python3.11/site-packages/coverage/collector.py", line 19, in <module>
    from coverage.data import CoverageData
  File "/home/liyufeng/miniforge3/envs/safeduo/lib/python3.11/site-packages/coverage/data.py", line 24, in <module>
    from coverage.sqldata import CoverageData
  File "/home/liyufeng/miniforge3/envs/safeduo/lib/python3.11/site-packages/coverage/sqldata.py", line 16, in <module>
    import sqlite3
  File "/home/liyufeng/miniforge3/envs/safeduo/lib/python3.11/sqlite3/__init__.py", line 57, in <module>
    from sqlite3.dbapi2 import *
  File "/home/liyufeng/miniforge3/envs/safeduo/lib/python3.11/sqlite3/dbapi2.py", line 27, in <module>
    from _sqlite3 import *
ImportError: /lib/x86_64-linux-gnu/libstdc++.so.6: version `CXXABI_1.3.15' not found (required by /home/liyufeng/miniforge3/envs/safeduo/lib/python3.11/lib-dynload/../.././libicui18n.so.78)

2026-10-10T05:06:20Z [6,121ms] [Error] [omni.graph.tools._impl.internal.extension_contents_1_18] Exception while importing test omni.replicator.core.ogn.tests.TestOgnAugPixellateExp: Traceback (most recent call last):
  File "/home/liyufeng/miniforge3/envs/safeduo/lib/python3.11/site-packages/isaacsim/extscache/omni.graph.tools-1.79.2+69cbf6ad/omni/graph/tools/_impl/internal/extension_contents_1_18.py", line 394, in do_import_test_definition
    test_module = load_module_from_file(test_module_name, test_file)
                  ^^^^^^^^^^^^^^^^^^^^^^^^^^^^^^^^^^^^^^^^^^^^^^^^^^
  File "/home/liyufeng/miniforge3/envs/safeduo/lib/python3.11/site-packages/isaacsim/extscache/omni.graph.tools-1.79.2+69cbf6ad/omni/graph/tools/_impl/internal/file_utils.py", line 239, in load_module_from_file
    spec.loader.exec_module(module)
  File "<frozen importlib._bootstrap_external>", line 940, in exec_module
  File "<frozen importlib._bootstrap>", line 241, in _call_with_frames_removed
  File "/home/liyufeng/miniforge3/envs/safeduo/lib/python3.11/site-packages/isaacsim/extscache/omni.replicator.core-1.12.27+107.3.3.lx64.r.cp311/omni/replicator/core/ogn/tests/TestOgnAugPixellateExp.py", line 2, in <module>
    import omni.kit.test
  File "/home/liyufeng/miniforge3/envs/safeduo/lib/python3.11/site-packages/isaacsim/extscache/omni.kit.test-2.0.1+69cbf6ad.lx64.r.cp311/omni/kit/test/__init__.py", line 7, in <module>
    from . import unittests
  File "/home/liyufeng/miniforge3/envs/safeduo/lib/python3.11/site-packages/isaacsim/extscache/omni.kit.test-2.0.1+69cbf6ad.lx64.r.cp311/omni/kit/test/unittests.py", line 21, in <module>
    from .async_unittest import AsyncTestSuite, AsyncTextTestRunner, OmniTestResult, AsyncTestCase
  File "/home/liyufeng/miniforge3/envs/safeduo/lib/python3.11/site-packages/isaacsim/extscache/omni.kit.test-2.0.1+69cbf6ad.lx64.r.cp311/omni/kit/test/async_unittest.py", line 25, in <module>
    from .reporter import TestReporter
  File "/home/liyufeng/miniforge3/envs/safeduo/lib/python3.11/site-packages/isaacsim/extscache/omni.kit.test-2.0.1+69cbf6ad.lx64.r.cp311/omni/kit/test/reporter.py", line 27, in <module>
    from .test_coverage import generate_coverage_report
  File "/home/liyufeng/miniforge3/envs/safeduo/lib/python3.11/site-packages/isaacsim/extscache/omni.kit.test-2.0.1+69cbf6ad.lx64.r.cp311/omni/kit/test/test_coverage.py", line 10, in <module>
    import coverage
  File "/home/liyufeng/miniforge3/envs/safeduo/lib/python3.11/site-packages/coverage/__init__.py", line 24, in <module>
    from coverage.control import (
  File "/home/liyufeng/miniforge3/envs/safeduo/lib/python3.11/site-packages/coverage/control.py", line 28, in <module>
    from coverage.collector import Collector, HAS_CTRACER
  File "/home/liyufeng/miniforge3/envs/safeduo/lib/python3.11/site-packages/coverage/collector.py", line 19, in <module>
    from coverage.data import CoverageData
  File "/home/liyufeng/miniforge3/envs/safeduo/lib/python3.11/site-packages/coverage/data.py", line 24, in <module>
    from coverage.sqldata import CoverageData
  File "/home/liyufeng/miniforge3/envs/safeduo/lib/python3.11/site-packages/coverage/sqldata.py", line 16, in <module>
    import sqlite3
  File "/home/liyufeng/miniforge3/envs/safeduo/lib/python3.11/sqlite3/__init__.py", line 57, in <module>
    from sqlite3.dbapi2 import *
  File "/home/liyufeng/miniforge3/envs/safeduo/lib/python3.11/sqlite3/dbapi2.py", line 27, in <module>
    from _sqlite3 import *
ImportError: /lib/x86_64-linux-gnu/libstdc++.so.6: version `CXXABI_1.3.15' not found (required by /home/liyufeng/miniforge3/envs/safeduo/lib/python3.11/lib-dynload/../.././libicui18n.so.78)

2026-10-10T05:06:20Z [6,131ms] [Error] [omni.graph.tools._impl.internal.extension_contents_1_18] Exception while importing test omni.replicator.core.ogn.tests.TestOgnOnFrame: Traceback (most recent call last):
  File "/home/liyufeng/miniforge3/envs/safeduo/lib/python3.11/site-packages/isaacsim/extscache/omni.graph.tools-1.79.2+69cbf6ad/omni/graph/tools/_impl/internal/extension_contents_1_18.py", line 394, in do_import_test_definition
    test_module = load_module_from_file(test_module_name, test_file)
                  ^^^^^^^^^^^^^^^^^^^^^^^^^^^^^^^^^^^^^^^^^^^^^^^^^^
  File "/home/liyufeng/miniforge3/envs/safeduo/lib/python3.11/site-packages/isaacsim/extscache/omni.graph.tools-1.79.2+69cbf6ad/omni/graph/tools/_impl/internal/file_utils.py", line 239, in load_module_from_file
    spec.loader.exec_module(module)
  File "<frozen importlib._bootstrap_external>", line 940, in exec_module
  File "<frozen importlib._bootstrap>", line 241, in _call_with_frames_removed
  File "/home/liyufeng/miniforge3/envs/safeduo/lib/python3.11/site-packages/isaacsim/extscache/omni.replicator.core-1.12.27+107.3.3.lx64.r.cp311/omni/replicator/core/ogn/tests/TestOgnOnFrame.py", line 2, in <module>
    import omni.kit.test
  File "/home/liyufeng/miniforge3/envs/safeduo/lib/python3.11/site-packages/isaacsim/extscache/omni.kit.test-2.0.1+69cbf6ad.lx64.r.cp311/omni/kit/test/__init__.py", line 7, in <module>
    from . import unittests
  File "/home/liyufeng/miniforge3/envs/safeduo/lib/python3.11/site-packages/isaacsim/extscache/omni.kit.test-2.0.1+69cbf6ad.lx64.r.cp311/omni/kit/test/unittests.py", line 21, in <module>
    from .async_unittest import AsyncTestSuite, AsyncTextTestRunner, OmniTestResult, AsyncTestCase
  File "/home/liyufeng/miniforge3/envs/safeduo/lib/python3.11/site-packages/isaacsim/extscache/omni.kit.test-2.0.1+69cbf6ad.lx64.r.cp311/omni/kit/test/async_unittest.py", line 25, in <module>
    from .reporter import TestReporter
  File "/home/liyufeng/miniforge3/envs/safeduo/lib/python3.11/site-packages/isaacsim/extscache/omni.kit.test-2.0.1+69cbf6ad.lx64.r.cp311/omni/kit/test/reporter.py", line 27, in <module>
    from .test_coverage import generate_coverage_report
  File "/home/liyufeng/miniforge3/envs/safeduo/lib/python3.11/site-packages/isaacsim/extscache/omni.kit.test-2.0.1+69cbf6ad.lx64.r.cp311/omni/kit/test/test_coverage.py", line 10, in <module>
    import coverage
  File "/home/liyufeng/miniforge3/envs/safeduo/lib/python3.11/site-packages/coverage/__init__.py", line 24, in <module>
    from coverage.control import (
  File "/home/liyufeng/miniforge3/envs/safeduo/lib/python3.11/site-packages/coverage/control.py", line 28, in <module>
    from coverage.collector import Collector, HAS_CTRACER
  File "/home/liyufeng/miniforge3/envs/safeduo/lib/python3.11/site-packages/coverage/collector.py", line 19, in <module>
    from coverage.data import CoverageData
  File "/home/liyufeng/miniforge3/envs/safeduo/lib/python3.11/site-packages/coverage/data.py", line 24, in <module>
    from coverage.sqldata import CoverageData
  File "/home/liyufeng/miniforge3/envs/safeduo/lib/python3.11/site-packages/coverage/sqldata.py", line 16, in <module>
    import sqlite3
  File "/home/liyufeng/miniforge3/envs/safeduo/lib/python3.11/sqlite3/__init__.py", line 57, in <module>
    from sqlite3.dbapi2 import *
  File "/home/liyufeng/miniforge3/envs/safeduo/lib/python3.11/sqlite3/dbapi2.py", line 27, in <module>
    from _sqlite3 import *
ImportError: /lib/x86_64-linux-gnu/libstdc++.so.6: version `CXXABI_1.3.15' not found (required by /home/liyufeng/miniforge3/envs/safeduo/lib/python3.11/lib-dynload/../.././libicui18n.so.78)

2026-10-10T05:06:20Z [6,135ms] [Error] [omni.graph.tools._impl.internal.extension_contents_1_18] Exception while importing test omni.replicator.core.ogn.tests.TestOgnSampleNormal: Traceback (most recent call last):
  File "/home/liyufeng/miniforge3/envs/safeduo/lib/python3.11/site-packages/isaacsim/extscache/omni.graph.tools-1.79.2+69cbf6ad/omni/graph/tools/_impl/internal/extension_contents_1_18.py", line 394, in do_import_test_definition
    test_module = load_module_from_file(test_module_name, test_file)
                  ^^^^^^^^^^^^^^^^^^^^^^^^^^^^^^^^^^^^^^^^^^^^^^^^^^
  File "/home/liyufeng/miniforge3/envs/safeduo/lib/python3.11/site-packages/isaacsim/extscache/omni.graph.tools-1.79.2+69cbf6ad/omni/graph/tools/_impl/internal/file_utils.py", line 239, in load_module_from_file
    spec.loader.exec_module(module)
  File "<frozen importlib._bootstrap_external>", line 940, in exec_module
  File "<frozen importlib._bootstrap>", line 241, in _call_with_frames_removed
  File "/home/liyufeng/miniforge3/envs/safeduo/lib/python3.11/site-packages/isaacsim/extscache/omni.replicator.core-1.12.27+107.3.3.lx64.r.cp311/omni/replicator/core/ogn/tests/TestOgnSampleNormal.py", line 2, in <module>
    import omni.kit.test
  File "/home/liyufeng/miniforge3/envs/safeduo/lib/python3.11/site-packages/isaacsim/extscache/omni.kit.test-2.0.1+69cbf6ad.lx64.r.cp311/omni/kit/test/__init__.py", line 7, in <module>
    from . import unittests
  File "/home/liyufeng/miniforge3/envs/safeduo/lib/python3.11/site-packages/isaacsim/extscache/omni.kit.test-2.0.1+69cbf6ad.lx64.r.cp311/omni/kit/test/unittests.py", line 21, in <module>
    from .async_unittest import AsyncTestSuite, AsyncTextTestRunner, OmniTestResult, AsyncTestCase
  File "/home/liyufeng/miniforge3/envs/safeduo/lib/python3.11/site-packages/isaacsim/extscache/omni.kit.test-2.0.1+69cbf6ad.lx64.r.cp311/omni/kit/test/async_unittest.py", line 25, in <module>
    from .reporter import TestReporter
  File "/home/liyufeng/miniforge3/envs/safeduo/lib/python3.11/site-packages/isaacsim/extscache/omni.kit.test-2.0.1+69cbf6ad.lx64.r.cp311/omni/kit/test/reporter.py", line 27, in <module>
    from .test_coverage import generate_coverage_report
  File "/home/liyufeng/miniforge3/envs/safeduo/lib/python3.11/site-packages/isaacsim/extscache/omni.kit.test-2.0.1+69cbf6ad.lx64.r.cp311/omni/kit/test/test_coverage.py", line 10, in <module>
    import coverage
  File "/home/liyufeng/miniforge3/envs/safeduo/lib/python3.11/site-packages/coverage/__init__.py", line 24, in <module>
    from coverage.control import (
  File "/home/liyufeng/miniforge3/envs/safeduo/lib/python3.11/site-packages/coverage/control.py", line 28, in <module>
    from coverage.collector import Collector, HAS_CTRACER
  File "/home/liyufeng/miniforge3/envs/safeduo/lib/python3.11/site-packages/coverage/collector.py", line 19, in <module>
    from coverage.data import CoverageData
  File "/home/liyufeng/miniforge3/envs/safeduo/lib/python3.11/site-packages/coverage/data.py", line 24, in <module>
    from coverage.sqldata import CoverageData
  File "/home/liyufeng/miniforge3/envs/safeduo/lib/python3.11/site-packages/coverage/sqldata.py", line 16, in <module>
    import sqlite3
  File "/home/liyufeng/miniforge3/envs/safeduo/lib/python3.11/sqlite3/__init__.py", line 57, in <module>
    from sqlite3.dbapi2 import *
  File "/home/liyufeng/miniforge3/envs/safeduo/lib/python3.11/sqlite3/dbapi2.py", line 27, in <module>
    from _sqlite3 import *
ImportError: /lib/x86_64-linux-gnu/libstdc++.so.6: version `CXXABI_1.3.15' not found (required by /home/liyufeng/miniforge3/envs/safeduo/lib/python3.11/lib-dynload/../.././libicui18n.so.78)

2026-10-10T05:06:20Z [6,143ms] [Error] [omni.graph.tools._impl.internal.extension_contents_1_18] Exception while importing test omni.replicator.core.ogn.tests.TestOgnWritePhysics: Traceback (most recent call last):
  File "/home/liyufeng/miniforge3/envs/safeduo/lib/python3.11/site-packages/isaacsim/extscache/omni.graph.tools-1.79.2+69cbf6ad/omni/graph/tools/_impl/internal/extension_contents_1_18.py", line 394, in do_import_test_definition
    test_module = load_module_from_file(test_module_name, test_file)
                  ^^^^^^^^^^^^^^^^^^^^^^^^^^^^^^^^^^^^^^^^^^^^^^^^^^
  File "/home/liyufeng/miniforge3/envs/safeduo/lib/python3.11/site-packages/isaacsim/extscache/omni.graph.tools-1.79.2+69cbf6ad/omni/graph/tools/_impl/internal/file_utils.py", line 239, in load_module_from_file
    spec.loader.exec_module(module)
  File "<frozen importlib._bootstrap_external>", line 940, in exec_module
  File "<frozen importlib._bootstrap>", line 241, in _call_with_frames_removed
  File "/home/liyufeng/miniforge3/envs/safeduo/lib/python3.11/site-packages/isaacsim/extscache/omni.replicator.core-1.12.27+107.3.3.lx64.r.cp311/omni/replicator/core/ogn/tests/TestOgnWritePhysics.py", line 2, in <module>
    import omni.kit.test
  File "/home/liyufeng/miniforge3/envs/safeduo/lib/python3.11/site-packages/isaacsim/extscache/omni.kit.test-2.0.1+69cbf6ad.lx64.r.cp311/omni/kit/test/__init__.py", line 7, in <module>
    from . import unittests
  File "/home/liyufeng/miniforge3/envs/safeduo/lib/python3.11/site-packages/isaacsim/extscache/omni.kit.test-2.0.1+69cbf6ad.lx64.r.cp311/omni/kit/test/unittests.py", line 21, in <module>
    from .async_unittest import AsyncTestSuite, AsyncTextTestRunner, OmniTestResult, AsyncTestCase
  File "/home/liyufeng/miniforge3/envs/safeduo/lib/python3.11/site-packages/isaacsim/extscache/omni.kit.test-2.0.1+69cbf6ad.lx64.r.cp311/omni/kit/test/async_unittest.py", line 25, in <module>
    from .reporter import TestReporter
  File "/home/liyufeng/miniforge3/envs/safeduo/lib/python3.11/site-packages/isaacsim/extscache/omni.kit.test-2.0.1+69cbf6ad.lx64.r.cp311/omni/kit/test/reporter.py", line 27, in <module>
    from .test_coverage import generate_coverage_report
  File "/home/liyufeng/miniforge3/envs/safeduo/lib/python3.11/site-packages/isaacsim/extscache/omni.kit.test-2.0.1+69cbf6ad.lx64.r.cp311/omni/kit/test/test_coverage.py", line 10, in <module>
    import coverage
  File "/home/liyufeng/miniforge3/envs/safeduo/lib/python3.11/site-packages/coverage/__init__.py", line 24, in <module>
    from coverage.control import (
  File "/home/liyufeng/miniforge3/envs/safeduo/lib/python3.11/site-packages/coverage/control.py", line 28, in <module>
    from coverage.collector import Collector, HAS_CTRACER
  File "/home/liyufeng/miniforge3/envs/safeduo/lib/python3.11/site-packages/coverage/collector.py", line 19, in <module>
    from coverage.data import CoverageData
  File "/home/liyufeng/miniforge3/envs/safeduo/lib/python3.11/site-packages/coverage/data.py", line 24, in <module>
    from coverage.sqldata import CoverageData
  File "/home/liyufeng/miniforge3/envs/safeduo/lib/python3.11/site-packages/coverage/sqldata.py", line 16, in <module>
    import sqlite3
  File "/home/liyufeng/miniforge3/envs/safeduo/lib/python3.11/sqlite3/__init__.py", line 57, in <module>
    from sqlite3.dbapi2 import *
  File "/home/liyufeng/miniforge3/envs/safeduo/lib/python3.11/sqlite3/dbapi2.py", line 27, in <module>
    from _sqlite3 import *
ImportError: /lib/x86_64-linux-gnu/libstdc++.so.6: version `CXXABI_1.3.15' not found (required by /home/liyufeng/miniforge3/envs/safeduo/lib/python3.11/lib-dynload/../.././libicui18n.so.78)

2026-10-10T05:06:20Z [6,152ms] [Error] [omni.graph.tools._impl.internal.extension_contents_1_18] Exception while importing test omni.replicator.core.ogn.tests.TestOgnAugBgRandExp: Traceback (most recent call last):
  File "/home/liyufeng/miniforge3/envs/safeduo/lib/python3.11/site-packages/isaacsim/extscache/omni.graph.tools-1.79.2+69cbf6ad/omni/graph/tools/_impl/internal/extension_contents_1_18.py", line 394, in do_import_test_definition
    test_module = load_module_from_file(test_module_name, test_file)
                  ^^^^^^^^^^^^^^^^^^^^^^^^^^^^^^^^^^^^^^^^^^^^^^^^^^
  File "/home/liyufeng/miniforge3/envs/safeduo/lib/python3.11/site-packages/isaacsim/extscache/omni.graph.tools-1.79.2+69cbf6ad/omni/graph/tools/_impl/internal/file_utils.py", line 239, in load_module_from_file
    spec.loader.exec_module(module)
  File "<frozen importlib._bootstrap_external>", line 940, in exec_module
  File "<frozen importlib._bootstrap>", line 241, in _call_with_frames_removed
  File "/home/liyufeng/miniforge3/envs/safeduo/lib/python3.11/site-packages/isaacsim/extscache/omni.replicator.core-1.12.27+107.3.3.lx64.r.cp311/omni/replicator/core/ogn/tests/TestOgnAugBgRandExp.py", line 2, in <module>
    import omni.kit.test
  File "/home/liyufeng/miniforge3/envs/safeduo/lib/python3.11/site-packages/isaacsim/extscache/omni.kit.test-2.0.1+69cbf6ad.lx64.r.cp311/omni/kit/test/__init__.py", line 7, in <module>
    from . import unittests
  File "/home/liyufeng/miniforge3/envs/safeduo/lib/python3.11/site-packages/isaacsim/extscache/omni.kit.test-2.0.1+69cbf6ad.lx64.r.cp311/omni/kit/test/unittests.py", line 21, in <module>
    from .async_unittest import AsyncTestSuite, AsyncTextTestRunner, OmniTestResult, AsyncTestCase
  File "/home/liyufeng/miniforge3/envs/safeduo/lib/python3.11/site-packages/isaacsim/extscache/omni.kit.test-2.0.1+69cbf6ad.lx64.r.cp311/omni/kit/test/async_unittest.py", line 25, in <module>
    from .reporter import TestReporter
  File "/home/liyufeng/miniforge3/envs/safeduo/lib/python3.11/site-packages/isaacsim/extscache/omni.kit.test-2.0.1+69cbf6ad.lx64.r.cp311/omni/kit/test/reporter.py", line 27, in <module>
    from .test_coverage import generate_coverage_report
  File "/home/liyufeng/miniforge3/envs/safeduo/lib/python3.11/site-packages/isaacsim/extscache/omni.kit.test-2.0.1+69cbf6ad.lx64.r.cp311/omni/kit/test/test_coverage.py", line 10, in <module>
    import coverage
  File "/home/liyufeng/miniforge3/envs/safeduo/lib/python3.11/site-packages/coverage/__init__.py", line 24, in <module>
    from coverage.control import (
  File "/home/liyufeng/miniforge3/envs/safeduo/lib/python3.11/site-packages/coverage/control.py", line 28, in <module>
    from coverage.collector import Collector, HAS_CTRACER
  File "/home/liyufeng/miniforge3/envs/safeduo/lib/python3.11/site-packages/coverage/collector.py", line 19, in <module>
    from coverage.data import CoverageData
  File "/home/liyufeng/miniforge3/envs/safeduo/lib/python3.11/site-packages/coverage/data.py", line 24, in <module>
    from coverage.sqldata import CoverageData
  File "/home/liyufeng/miniforge3/envs/safeduo/lib/python3.11/site-packages/coverage/sqldata.py", line 16, in <module>
    import sqlite3
  File "/home/liyufeng/miniforge3/envs/safeduo/lib/python3.11/sqlite3/__init__.py", line 57, in <module>
    from sqlite3.dbapi2 import *
  File "/home/liyufeng/miniforge3/envs/safeduo/lib/python3.11/sqlite3/dbapi2.py", line 27, in <module>
    from _sqlite3 import *
ImportError: /lib/x86_64-linux-gnu/libstdc++.so.6: version `CXXABI_1.3.15' not found (required by /home/liyufeng/miniforge3/envs/safeduo/lib/python3.11/lib-dynload/../.././libicui18n.so.78)

2026-10-10T05:06:20Z [6,158ms] [Error] [omni.graph.tools._impl.internal.extension_contents_1_18] Exception while importing test omni.replicator.core.ogn.tests.TestOgnMeshBoundsDecalPlacement: Traceback (most recent call last):
  File "/home/liyufeng/miniforge3/envs/safeduo/lib/python3.11/site-packages/isaacsim/extscache/omni.graph.tools-1.79.2+69cbf6ad/omni/graph/tools/_impl/internal/extension_contents_1_18.py", line 394, in do_import_test_definition
    test_module = load_module_from_file(test_module_name, test_file)
                  ^^^^^^^^^^^^^^^^^^^^^^^^^^^^^^^^^^^^^^^^^^^^^^^^^^
  File "/home/liyufeng/miniforge3/envs/safeduo/lib/python3.11/site-packages/isaacsim/extscache/omni.graph.tools-1.79.2+69cbf6ad/omni/graph/tools/_impl/internal/file_utils.py", line 239, in load_module_from_file
    spec.loader.exec_module(module)
  File "<frozen importlib._bootstrap_external>", line 940, in exec_module
  File "<frozen importlib._bootstrap>", line 241, in _call_with_frames_removed
  File "/home/liyufeng/miniforge3/envs/safeduo/lib/python3.11/site-packages/isaacsim/extscache/omni.replicator.core-1.12.27+107.3.3.lx64.r.cp311/omni/replicator/core/ogn/tests/TestOgnMeshBoundsDecalPlacement.py", line 2, in <module>
    import omni.kit.test
  File "/home/liyufeng/miniforge3/envs/safeduo/lib/python3.11/site-packages/isaacsim/extscache/omni.kit.test-2.0.1+69cbf6ad.lx64.r.cp311/omni/kit/test/__init__.py", line 7, in <module>
    from . import unittests
  File "/home/liyufeng/miniforge3/envs/safeduo/lib/python3.11/site-packages/isaacsim/extscache/omni.kit.test-2.0.1+69cbf6ad.lx64.r.cp311/omni/kit/test/unittests.py", line 21, in <module>
    from .async_unittest import AsyncTestSuite, AsyncTextTestRunner, OmniTestResult, AsyncTestCase
  File "/home/liyufeng/miniforge3/envs/safeduo/lib/python3.11/site-packages/isaacsim/extscache/omni.kit.test-2.0.1+69cbf6ad.lx64.r.cp311/omni/kit/test/async_unittest.py", line 25, in <module>
    from .reporter import TestReporter
  File "/home/liyufeng/miniforge3/envs/safeduo/lib/python3.11/site-packages/isaacsim/extscache/omni.kit.test-2.0.1+69cbf6ad.lx64.r.cp311/omni/kit/test/reporter.py", line 27, in <module>
    from .test_coverage import generate_coverage_report
  File "/home/liyufeng/miniforge3/envs/safeduo/lib/python3.11/site-packages/isaacsim/extscache/omni.kit.test-2.0.1+69cbf6ad.lx64.r.cp311/omni/kit/test/test_coverage.py", line 10, in <module>
    import coverage
  File "/home/liyufeng/miniforge3/envs/safeduo/lib/python3.11/site-packages/coverage/__init__.py", line 24, in <module>
    from coverage.control import (
  File "/home/liyufeng/miniforge3/envs/safeduo/lib/python3.11/site-packages/coverage/control.py", line 28, in <module>
    from coverage.collector import Collector, HAS_CTRACER
  File "/home/liyufeng/miniforge3/envs/safeduo/lib/python3.11/site-packages/coverage/collector.py", line 19, in <module>
    from coverage.data import CoverageData
  File "/home/liyufeng/miniforge3/envs/safeduo/lib/python3.11/site-packages/coverage/data.py", line 24, in <module>
    from coverage.sqldata import CoverageData
  File "/home/liyufeng/miniforge3/envs/safeduo/lib/python3.11/site-packages/coverage/sqldata.py", line 16, in <module>
    import sqlite3
  File "/home/liyufeng/miniforge3/envs/safeduo/lib/python3.11/sqlite3/__init__.py", line 57, in <module>
    from sqlite3.dbapi2 import *
  File "/home/liyufeng/miniforge3/envs/safeduo/lib/python3.11/sqlite3/dbapi2.py", line 27, in <module>
    from _sqlite3 import *
ImportError: /lib/x86_64-linux-gnu/libstdc++.so.6: version `CXXABI_1.3.15' not found (required by /home/liyufeng/miniforge3/envs/safeduo/lib/python3.11/lib-dynload/../.././libicui18n.so.78)

2026-10-10T05:06:20Z [6,168ms] [Error] [omni.graph.tools._impl.internal.extension_contents_1_18] Exception while importing test omni.replicator.core.ogn.tests.TestOgnTriggerGate: Traceback (most recent call last):
  File "/home/liyufeng/miniforge3/envs/safeduo/lib/python3.11/site-packages/isaacsim/extscache/omni.graph.tools-1.79.2+69cbf6ad/omni/graph/tools/_impl/internal/extension_contents_1_18.py", line 394, in do_import_test_definition
    test_module = load_module_from_file(test_module_name, test_file)
                  ^^^^^^^^^^^^^^^^^^^^^^^^^^^^^^^^^^^^^^^^^^^^^^^^^^
  File "/home/liyufeng/miniforge3/envs/safeduo/lib/python3.11/site-packages/isaacsim/extscache/omni.graph.tools-1.79.2+69cbf6ad/omni/graph/tools/_impl/internal/file_utils.py", line 239, in load_module_from_file
    spec.loader.exec_module(module)
  File "<frozen importlib._bootstrap_external>", line 940, in exec_module
  File "<frozen importlib._bootstrap>", line 241, in _call_with_frames_removed
  File "/home/liyufeng/miniforge3/envs/safeduo/lib/python3.11/site-packages/isaacsim/extscache/omni.replicator.core-1.12.27+107.3.3.lx64.r.cp311/omni/replicator/core/ogn/tests/TestOgnTriggerGate.py", line 2, in <module>
    import omni.kit.test
  File "/home/liyufeng/miniforge3/envs/safeduo/lib/python3.11/site-packages/isaacsim/extscache/omni.kit.test-2.0.1+69cbf6ad.lx64.r.cp311/omni/kit/test/__init__.py", line 7, in <module>
    from . import unittests
  File "/home/liyufeng/miniforge3/envs/safeduo/lib/python3.11/site-packages/isaacsim/extscache/omni.kit.test-2.0.1+69cbf6ad.lx64.r.cp311/omni/kit/test/unittests.py", line 21, in <module>
    from .async_unittest import AsyncTestSuite, AsyncTextTestRunner, OmniTestResult, AsyncTestCase
  File "/home/liyufeng/miniforge3/envs/safeduo/lib/python3.11/site-packages/isaacsim/extscache/omni.kit.test-2.0.1+69cbf6ad.lx64.r.cp311/omni/kit/test/async_unittest.py", line 25, in <module>
    from .reporter import TestReporter
  File "/home/liyufeng/miniforge3/envs/safeduo/lib/python3.11/site-packages/isaacsim/extscache/omni.kit.test-2.0.1+69cbf6ad.lx64.r.cp311/omni/kit/test/reporter.py", line 27, in <module>
    from .test_coverage import generate_coverage_report
  File "/home/liyufeng/miniforge3/envs/safeduo/lib/python3.11/site-packages/isaacsim/extscache/omni.kit.test-2.0.1+69cbf6ad.lx64.r.cp311/omni/kit/test/test_coverage.py", line 10, in <module>
    import coverage
  File "/home/liyufeng/miniforge3/envs/safeduo/lib/python3.11/site-packages/coverage/__init__.py", line 24, in <module>
    from coverage.control import (
  File "/home/liyufeng/miniforge3/envs/safeduo/lib/python3.11/site-packages/coverage/control.py", line 28, in <module>
    from coverage.collector import Collector, HAS_CTRACER
  File "/home/liyufeng/miniforge3/envs/safeduo/lib/python3.11/site-packages/coverage/collector.py", line 19, in <module>
    from coverage.data import CoverageData
  File "/home/liyufeng/miniforge3/envs/safeduo/lib/python3.11/site-packages/coverage/data.py", line 24, in <module>
    from coverage.sqldata import CoverageData
  File "/home/liyufeng/miniforge3/envs/safeduo/lib/python3.11/site-packages/coverage/sqldata.py", line 16, in <module>
    import sqlite3
  File "/home/liyufeng/miniforge3/envs/safeduo/lib/python3.11/sqlite3/__init__.py", line 57, in <module>
    from sqlite3.dbapi2 import *
  File "/home/liyufeng/miniforge3/envs/safeduo/lib/python3.11/sqlite3/dbapi2.py", line 27, in <module>
    from _sqlite3 import *
ImportError: /lib/x86_64-linux-gnu/libstdc++.so.6: version `CXXABI_1.3.15' not found (required by /home/liyufeng/miniforge3/envs/safeduo/lib/python3.11/lib-dynload/../.././libicui18n.so.78)

2026-10-10T05:06:20Z [6,175ms] [Error] [omni.graph.tools._impl.internal.extension_contents_1_18] Exception while importing test omni.replicator.core.ogn.tests.TestOgnGroup: Traceback (most recent call last):
  File "/home/liyufeng/miniforge3/envs/safeduo/lib/python3.11/site-packages/isaacsim/extscache/omni.graph.tools-1.79.2+69cbf6ad/omni/graph/tools/_impl/internal/extension_contents_1_18.py", line 394, in do_import_test_definition
    test_module = load_module_from_file(test_module_name, test_file)
                  ^^^^^^^^^^^^^^^^^^^^^^^^^^^^^^^^^^^^^^^^^^^^^^^^^^
  File "/home/liyufeng/miniforge3/envs/safeduo/lib/python3.11/site-packages/isaacsim/extscache/omni.graph.tools-1.79.2+69cbf6ad/omni/graph/tools/_impl/internal/file_utils.py", line 239, in load_module_from_file
    spec.loader.exec_module(module)
  File "<frozen importlib._bootstrap_external>", line 940, in exec_module
  File "<frozen importlib._bootstrap>", line 241, in _call_with_frames_removed
  File "/home/liyufeng/miniforge3/envs/safeduo/lib/python3.11/site-packages/isaacsim/extscache/omni.replicator.core-1.12.27+107.3.3.lx64.r.cp311/omni/replicator/core/ogn/tests/TestOgnGroup.py", line 2, in <module>
    import omni.kit.test
  File "/home/liyufeng/miniforge3/envs/safeduo/lib/python3.11/site-packages/isaacsim/extscache/omni.kit.test-2.0.1+69cbf6ad.lx64.r.cp311/omni/kit/test/__init__.py", line 7, in <module>
    from . import unittests
  File "/home/liyufeng/miniforge3/envs/safeduo/lib/python3.11/site-packages/isaacsim/extscache/omni.kit.test-2.0.1+69cbf6ad.lx64.r.cp311/omni/kit/test/unittests.py", line 21, in <module>
    from .async_unittest import AsyncTestSuite, AsyncTextTestRunner, OmniTestResult, AsyncTestCase
  File "/home/liyufeng/miniforge3/envs/safeduo/lib/python3.11/site-packages/isaacsim/extscache/omni.kit.test-2.0.1+69cbf6ad.lx64.r.cp311/omni/kit/test/async_unittest.py", line 25, in <module>
    from .reporter import TestReporter
  File "/home/liyufeng/miniforge3/envs/safeduo/lib/python3.11/site-packages/isaacsim/extscache/omni.kit.test-2.0.1+69cbf6ad.lx64.r.cp311/omni/kit/test/reporter.py", line 27, in <module>
    from .test_coverage import generate_coverage_report
  File "/home/liyufeng/miniforge3/envs/safeduo/lib/python3.11/site-packages/isaacsim/extscache/omni.kit.test-2.0.1+69cbf6ad.lx64.r.cp311/omni/kit/test/test_coverage.py", line 10, in <module>
    import coverage
  File "/home/liyufeng/miniforge3/envs/safeduo/lib/python3.11/site-packages/coverage/__init__.py", line 24, in <module>
    from coverage.control import (
  File "/home/liyufeng/miniforge3/envs/safeduo/lib/python3.11/site-packages/coverage/control.py", line 28, in <module>
    from coverage.collector import Collector, HAS_CTRACER
  File "/home/liyufeng/miniforge3/envs/safeduo/lib/python3.11/site-packages/coverage/collector.py", line 19, in <module>
    from coverage.data import CoverageData
  File "/home/liyufeng/miniforge3/envs/safeduo/lib/python3.11/site-packages/coverage/data.py", line 24, in <module>
    from coverage.sqldata import CoverageData
  File "/home/liyufeng/miniforge3/envs/safeduo/lib/python3.11/site-packages/coverage/sqldata.py", line 16, in <module>
    import sqlite3
  File "/home/liyufeng/miniforge3/envs/safeduo/lib/python3.11/sqlite3/__init__.py", line 57, in <module>
    from sqlite3.dbapi2 import *
  File "/home/liyufeng/miniforge3/envs/safeduo/lib/python3.11/sqlite3/dbapi2.py", line 27, in <module>
    from _sqlite3 import *
ImportError: /lib/x86_64-linux-gnu/libstdc++.so.6: version `CXXABI_1.3.15' not found (required by /home/liyufeng/miniforge3/envs/safeduo/lib/python3.11/lib-dynload/../.././libicui18n.so.78)

2026-10-10T05:06:20Z [6,184ms] [Error] [omni.graph.tools._impl.internal.extension_contents_1_18] Exception while importing test omni.replicator.core.ogn.tests.TestOgnSemanticSegmentation: Traceback (most recent call last):
  File "/home/liyufeng/miniforge3/envs/safeduo/lib/python3.11/site-packages/isaacsim/extscache/omni.graph.tools-1.79.2+69cbf6ad/omni/graph/tools/_impl/internal/extension_contents_1_18.py", line 394, in do_import_test_definition
    test_module = load_module_from_file(test_module_name, test_file)
                  ^^^^^^^^^^^^^^^^^^^^^^^^^^^^^^^^^^^^^^^^^^^^^^^^^^
  File "/home/liyufeng/miniforge3/envs/safeduo/lib/python3.11/site-packages/isaacsim/extscache/omni.graph.tools-1.79.2+69cbf6ad/omni/graph/tools/_impl/internal/file_utils.py", line 239, in load_module_from_file
    spec.loader.exec_module(module)
  File "<frozen importlib._bootstrap_external>", line 940, in exec_module
  File "<frozen importlib._bootstrap>", line 241, in _call_with_frames_removed
  File "/home/liyufeng/miniforge3/envs/safeduo/lib/python3.11/site-packages/isaacsim/extscache/omni.replicator.core-1.12.27+107.3.3.lx64.r.cp311/omni/replicator/core/ogn/tests/TestOgnSemanticSegmentation.py", line 2, in <module>
    import omni.kit.test
  File "/home/liyufeng/miniforge3/envs/safeduo/lib/python3.11/site-packages/isaacsim/extscache/omni.kit.test-2.0.1+69cbf6ad.lx64.r.cp311/omni/kit/test/__init__.py", line 7, in <module>
    from . import unittests
  File "/home/liyufeng/miniforge3/envs/safeduo/lib/python3.11/site-packages/isaacsim/extscache/omni.kit.test-2.0.1+69cbf6ad.lx64.r.cp311/omni/kit/test/unittests.py", line 21, in <module>
    from .async_unittest import AsyncTestSuite, AsyncTextTestRunner, OmniTestResult, AsyncTestCase
  File "/home/liyufeng/miniforge3/envs/safeduo/lib/python3.11/site-packages/isaacsim/extscache/omni.kit.test-2.0.1+69cbf6ad.lx64.r.cp311/omni/kit/test/async_unittest.py", line 25, in <module>
    from .reporter import TestReporter
  File "/home/liyufeng/miniforge3/envs/safeduo/lib/python3.11/site-packages/isaacsim/extscache/omni.kit.test-2.0.1+69cbf6ad.lx64.r.cp311/omni/kit/test/reporter.py", line 27, in <module>
    from .test_coverage import generate_coverage_report
  File "/home/liyufeng/miniforge3/envs/safeduo/lib/python3.11/site-packages/isaacsim/extscache/omni.kit.test-2.0.1+69cbf6ad.lx64.r.cp311/omni/kit/test/test_coverage.py", line 10, in <module>
    import coverage
  File "/home/liyufeng/miniforge3/envs/safeduo/lib/python3.11/site-packages/coverage/__init__.py", line 24, in <module>
    from coverage.control import (
  File "/home/liyufeng/miniforge3/envs/safeduo/lib/python3.11/site-packages/coverage/control.py", line 28, in <module>
    from coverage.collector import Collector, HAS_CTRACER
  File "/home/liyufeng/miniforge3/envs/safeduo/lib/python3.11/site-packages/coverage/collector.py", line 19, in <module>
    from coverage.data import CoverageData
  File "/home/liyufeng/miniforge3/envs/safeduo/lib/python3.11/site-packages/coverage/data.py", line 24, in <module>
    from coverage.sqldata import CoverageData
  File "/home/liyufeng/miniforge3/envs/safeduo/lib/python3.11/site-packages/coverage/sqldata.py", line 16, in <module>
    import sqlite3
  File "/home/liyufeng/miniforge3/envs/safeduo/lib/python3.11/sqlite3/__init__.py", line 57, in <module>
    from sqlite3.dbapi2 import *
  File "/home/liyufeng/miniforge3/envs/safeduo/lib/python3.11/sqlite3/dbapi2.py", line 27, in <module>
    from _sqlite3 import *
ImportError: /lib/x86_64-linux-gnu/libstdc++.so.6: version `CXXABI_1.3.15' not found (required by /home/liyufeng/miniforge3/envs/safeduo/lib/python3.11/lib-dynload/../.././libicui18n.so.78)

2026-10-10T05:06:20Z [6,196ms] [Error] [omni.graph.tools._impl.internal.extension_contents_1_18] Exception while importing test omni.replicator.core.ogn.tests.TestOgnPerAxisPose: Traceback (most recent call last):
  File "/home/liyufeng/miniforge3/envs/safeduo/lib/python3.11/site-packages/isaacsim/extscache/omni.graph.tools-1.79.2+69cbf6ad/omni/graph/tools/_impl/internal/extension_contents_1_18.py", line 394, in do_import_test_definition
    test_module = load_module_from_file(test_module_name, test_file)
                  ^^^^^^^^^^^^^^^^^^^^^^^^^^^^^^^^^^^^^^^^^^^^^^^^^^
  File "/home/liyufeng/miniforge3/envs/safeduo/lib/python3.11/site-packages/isaacsim/extscache/omni.graph.tools-1.79.2+69cbf6ad/omni/graph/tools/_impl/internal/file_utils.py", line 239, in load_module_from_file
    spec.loader.exec_module(module)
  File "<frozen importlib._bootstrap_external>", line 940, in exec_module
  File "<frozen importlib._bootstrap>", line 241, in _call_with_frames_removed
  File "/home/liyufeng/miniforge3/envs/safeduo/lib/python3.11/site-packages/isaacsim/extscache/omni.replicator.core-1.12.27+107.3.3.lx64.r.cp311/omni/replicator/core/ogn/tests/TestOgnPerAxisPose.py", line 2, in <module>
    import omni.kit.test
  File "/home/liyufeng/miniforge3/envs/safeduo/lib/python3.11/site-packages/isaacsim/extscache/omni.kit.test-2.0.1+69cbf6ad.lx64.r.cp311/omni/kit/test/__init__.py", line 7, in <module>
    from . import unittests
  File "/home/liyufeng/miniforge3/envs/safeduo/lib/python3.11/site-packages/isaacsim/extscache/omni.kit.test-2.0.1+69cbf6ad.lx64.r.cp311/omni/kit/test/unittests.py", line 21, in <module>
    from .async_unittest import AsyncTestSuite, AsyncTextTestRunner, OmniTestResult, AsyncTestCase
  File "/home/liyufeng/miniforge3/envs/safeduo/lib/python3.11/site-packages/isaacsim/extscache/omni.kit.test-2.0.1+69cbf6ad.lx64.r.cp311/omni/kit/test/async_unittest.py", line 25, in <module>
    from .reporter import TestReporter
  File "/home/liyufeng/miniforge3/envs/safeduo/lib/python3.11/site-packages/isaacsim/extscache/omni.kit.test-2.0.1+69cbf6ad.lx64.r.cp311/omni/kit/test/reporter.py", line 27, in <module>
    from .test_coverage import generate_coverage_report
  File "/home/liyufeng/miniforge3/envs/safeduo/lib/python3.11/site-packages/isaacsim/extscache/omni.kit.test-2.0.1+69cbf6ad.lx64.r.cp311/omni/kit/test/test_coverage.py", line 10, in <module>
    import coverage
  File "/home/liyufeng/miniforge3/envs/safeduo/lib/python3.11/site-packages/coverage/__init__.py", line 24, in <module>
    from coverage.control import (
  File "/home/liyufeng/miniforge3/envs/safeduo/lib/python3.11/site-packages/coverage/control.py", line 28, in <module>
    from coverage.collector import Collector, HAS_CTRACER
  File "/home/liyufeng/miniforge3/envs/safeduo/lib/python3.11/site-packages/coverage/collector.py", line 19, in <module>
    from coverage.data import CoverageData
  File "/home/liyufeng/miniforge3/envs/safeduo/lib/python3.11/site-packages/coverage/data.py", line 24, in <module>
    from coverage.sqldata import CoverageData
  File "/home/liyufeng/miniforge3/envs/safeduo/lib/python3.11/site-packages/coverage/sqldata.py", line 16, in <module>
    import sqlite3
  File "/home/liyufeng/miniforge3/envs/safeduo/lib/python3.11/sqlite3/__init__.py", line 57, in <module>
    from sqlite3.dbapi2 import *
  File "/home/liyufeng/miniforge3/envs/safeduo/lib/python3.11/sqlite3/dbapi2.py", line 27, in <module>
    from _sqlite3 import *
ImportError: /lib/x86_64-linux-gnu/libstdc++.so.6: version `CXXABI_1.3.15' not found (required by /home/liyufeng/miniforge3/envs/safeduo/lib/python3.11/lib-dynload/../.././libicui18n.so.78)

[INFO][AppLauncher]: Using device: cuda:0
[INFO][AppLauncher]: Loading experience file: /home/liyufeng/safeduo_isaaclab/apps/isaaclab.python.headless.rendering.kit

[36m=======================================================================================================================================================================================================================================[0m
[36m[1m[INFO][IsaacLab]: Logging to file: /mnt/nas/data/lyf/double_hand/safety_verified_fallback_20261010_0352/astra_full74_camera_repair_development_v1/env002_FR_native_entry_v6_attempt1/tmp/isaaclab/logs/isaaclab_2026-10-10_13-06-52.log[0m
[36m=======================================================================================================================================================================================================================================[0m

[33m13:06:52 [simulation_context.py] WARNING: The `enable_external_forces_every_iteration` parameter in the PhysxCfg is set to False. If you are experiencing noisy velocities, consider enabling this flag. You may need to slightly increase the number of velocity iterations (setting it to 1 or 2 rather than 0), together with this flag, to improve the accuracy of velocity updates.[0m
2026-10-10T05:06:40Z [26,079ms] [Warning] [omni.fabric.plugin] Warning: attribute viewportHandle not found for bucket id 7

2026-10-10T05:07:18Z [63,851ms] [Warning] [omni.fabric.plugin] removePaths called with a non-existent path /__Prototype_14216785806685555120 

2026-10-10T05:08:15Z [121,552ms] [Warning] [carb] Client gpu.foundation.plugin has acquired [gpu::unstable::IMemoryBudgetManagerFactory v0.1] 100 times. Consider accessing this interface with carb::getCachedInterface() (Performance warning)
2026-10-10T05:09:12Z [178,534ms] [Warning] [omni.physx.tensors.plugin] All physics information was deleted while being used by a tensor view class. The physics.tensors simulationView was invalidated.
2026-10-10T05:09:12Z [178,534ms] [Warning] [omni.physx.tensors.plugin] All physics information was deleted while being used by a tensor view class. The physics.tensors simulationView was invalidated.
2026-10-10T05:09:20Z [185,972ms] [Warning] [omni.fabric.plugin] getAttributeCount called on non-existent path /World/envs/env_9/U_R/wrist_3_link/visuals/wrist3/Scene
2026-10-10T05:09:20Z [185,972ms] [Warning] [omni.fabric.plugin] getTypes called on non-existent path /World/envs/env_9/U_R/wrist_3_link/visuals/wrist3/Scene
2026-10-10T05:09:22Z [188,067ms] [Warning] [omni.syntheticdata.plugin] OgnSdSemanticLabelsMap: invalid input AOV SemanticLabelTokenSD.
2026-10-10T05:09:22Z [188,068ms] [Warning] [omni.syntheticdata.plugin] OgnSdSemanticLabelsMap: invalid input AOV SemanticLabelTokenSD.
2026-10-10T05:09:22Z [188,098ms] [Warning] [omni.syntheticdata.plugin] OgnSdSemanticLabelsMap: invalid input host AOV zmfeywSemanticLabelTokenSDhost.
2026-10-10T05:09:22Z [188,098ms] [Warning] [omni.syntheticdata.plugin] OgnSdSemanticLabelsMap: invalid input host AOV koudyxSemanticLabelTokenSDhost.
2026-10-10T05:09:22Z [188,151ms] [Warning] [omni.syntheticdata.plugin] OgnSdSemanticLabelsMap: invalid input AOV SemanticLabelTokenSD.
2026-10-10T05:09:22Z [188,151ms] [Warning] [omni.syntheticdata.plugin] OgnSdSemanticLabelsMap: invalid input AOV SemanticLabelTokenSD.
2026-10-10T05:09:22Z [188,163ms] [Warning] [omni.syntheticdata.plugin] OgnSdSemanticLabelsMap: invalid input host AOV zmfeywSemanticLabelTokenSDhost.
2026-10-10T05:09:22Z [188,163ms] [Warning] [omni.syntheticdata.plugin] OgnSdSemanticLabelsMap: invalid input host AOV koudyxSemanticLabelTokenSDhost.
2026-10-10T05:09:22Z [188,175ms] [Warning] [omni.syntheticdata.plugin] OgnSdSemanticLabelsMap: invalid input AOV SemanticLabelTokenSD.
2026-10-10T05:09:22Z [188,175ms] [Warning] [omni.syntheticdata.plugin] OgnSdSemanticLabelsMap: invalid input AOV SemanticLabelTokenSD.
2026-10-10T05:09:22Z [188,183ms] [Warning] [omni.syntheticdata.plugin] OgnSdSemanticLabelsMap: invalid input host AOV zmfeywSemanticLabelTokenSDhost.
2026-10-10T05:09:22Z [188,183ms] [Warning] [omni.syntheticdata.plugin] OgnSdSemanticLabelsMap: invalid input host AOV koudyxSemanticLabelTokenSDhost.
2026-10-10T05:09:22Z [188,204ms] [Warning] [omni.syntheticdata.plugin] OgnSdSemanticLabelsMap: invalid input AOV SemanticLabelTokenSD.
2026-10-10T05:09:22Z [188,205ms] [Warning] [omni.syntheticdata.plugin] OgnSdSemanticLabelsMap: invalid input AOV SemanticLabelTokenSD.
2026-10-10T05:09:22Z [188,216ms] [Warning] [omni.syntheticdata.plugin] OgnSdSemanticLabelsMap: invalid input host AOV zmfeywSemanticLabelTokenSDhost.
2026-10-10T05:09:22Z [188,216ms] [Warning] [omni.syntheticdata.plugin] OgnSdSemanticLabelsMap: invalid input host AOV koudyxSemanticLabelTokenSDhost.
2026-10-10T05:09:22Z [188,222ms] [Warning] [omni.syntheticdata.plugin] OgnSdSemanticLabelsMap: invalid input AOV SemanticLabelTokenSD.
2026-10-10T05:09:22Z [188,222ms] [Warning] [omni.syntheticdata.plugin] OgnSdSemanticLabelsMap: invalid input AOV SemanticLabelTokenSD.
2026-10-10T05:09:22Z [188,233ms] [Warning] [omni.syntheticdata.plugin] OgnSdSemanticLabelsMap: invalid input host AOV zmfeywSemanticLabelTokenSDhost.
2026-10-10T05:09:22Z [188,233ms] [Warning] [omni.syntheticdata.plugin] OgnSdSemanticLabelsMap: invalid input host AOV koudyxSemanticLabelTokenSDhost.
2026-10-10T05:09:22Z [188,243ms] [Warning] [omni.syntheticdata.plugin] OgnSdSemanticLabelsMap: invalid input AOV SemanticLabelTokenSD.
2026-10-10T05:09:22Z [188,243ms] [Warning] [omni.syntheticdata.plugin] OgnSdSemanticLabelsMap: invalid input AOV SemanticLabelTokenSD.
2026-10-10T05:09:22Z [188,254ms] [Warning] [omni.syntheticdata.plugin] OgnSdSemanticLabelsMap: invalid input host AOV zmfeywSemanticLabelTokenSDhost.
2026-10-10T05:09:22Z [188,254ms] [Warning] [omni.syntheticdata.plugin] OgnSdSemanticLabelsMap: invalid input host AOV koudyxSemanticLabelTokenSDhost.
2026-10-10T05:09:22Z [188,260ms] [Warning] [omni.syntheticdata.plugin] OgnSdSemanticLabelsMap: invalid input AOV SemanticLabelTokenSD.
2026-10-10T05:09:22Z [188,260ms] [Warning] [omni.syntheticdata.plugin] OgnSdSemanticLabelsMap: invalid input AOV SemanticLabelTokenSD.
2026-10-10T05:09:22Z [188,263ms] [Warning] [omni.syntheticdata.plugin] OgnSdSemanticLabelsMap: invalid input host AOV zmfeywSemanticLabelTokenSDhost.
2026-10-10T05:09:22Z [188,263ms] [Warning] [omni.syntheticdata.plugin] OgnSdSemanticLabelsMap: invalid input host AOV koudyxSemanticLabelTokenSDhost.
2026-10-10T05:09:22Z [188,268ms] [Warning] [omni.syntheticdata.plugin] OgnSdSemanticLabelsMap: invalid input AOV SemanticLabelTokenSD.
2026-10-10T05:09:22Z [188,268ms] [Warning] [omni.syntheticdata.plugin] OgnSdSemanticLabelsMap: invalid input AOV SemanticLabelTokenSD.
2026-10-10T05:09:22Z [188,271ms] [Warning] [omni.syntheticdata.plugin] OgnSdSemanticLabelsMap: invalid input host AOV zmfeywSemanticLabelTokenSDhost.
2026-10-10T05:09:22Z [188,271ms] [Warning] [omni.syntheticdata.plugin] OgnSdSemanticLabelsMap: invalid input host AOV koudyxSemanticLabelTokenSDhost.
2026-10-10T05:09:22Z [188,276ms] [Warning] [omni.syntheticdata.plugin] OgnSdSemanticLabelsMap: invalid input AOV SemanticLabelTokenSD.
2026-10-10T05:09:22Z [188,276ms] [Warning] [omni.syntheticdata.plugin] OgnSdSemanticLabelsMap: invalid input AOV SemanticLabelTokenSD.
2026-10-10T05:09:22Z [188,287ms] [Warning] [omni.syntheticdata.plugin] OgnSdSemanticLabelsMap: invalid input host AOV zmfeywSemanticLabelTokenSDhost.
2026-10-10T05:09:22Z [188,287ms] [Warning] [omni.syntheticdata.plugin] OgnSdSemanticLabelsMap: invalid input host AOV koudyxSemanticLabelTokenSDhost.
2026-10-10T05:09:22Z [188,293ms] [Warning] [omni.syntheticdata.plugin] OgnSdSemanticLabelsMap: invalid input AOV SemanticLabelTokenSD.
2026-10-10T05:09:22Z [188,293ms] [Warning] [omni.syntheticdata.plugin] OgnSdSemanticLabelsMap: invalid input AOV SemanticLabelTokenSD.
2026-10-10T05:09:22Z [188,300ms] [Warning] [omni.syntheticdata.plugin] OgnSdSemanticLabelsMap: invalid input host AOV zmfeywSemanticLabelTokenSDhost.
2026-10-10T05:09:22Z [188,300ms] [Warning] [omni.syntheticdata.plugin] OgnSdSemanticLabelsMap: invalid input host AOV koudyxSemanticLabelTokenSDhost.
2026-10-10T05:09:22Z [188,306ms] [Warning] [omni.syntheticdata.plugin] OgnSdSemanticLabelsMap: invalid input AOV SemanticLabelTokenSD.
2026-10-10T05:09:22Z [188,306ms] [Warning] [omni.syntheticdata.plugin] OgnSdSemanticLabelsMap: invalid input AOV SemanticLabelTokenSD.
2026-10-10T05:09:22Z [188,313ms] [Warning] [omni.syntheticdata.plugin] OgnSdSemanticLabelsMap: invalid input host AOV zmfeywSemanticLabelTokenSDhost.
2026-10-10T05:09:22Z [188,313ms] [Warning] [omni.syntheticdata.plugin] OgnSdSemanticLabelsMap: invalid input host AOV koudyxSemanticLabelTokenSDhost.
2026-10-10T05:09:22Z [188,316ms] [Warning] [omni.syntheticdata.plugin] OgnSdSemanticLabelsMap: invalid input AOV SemanticLabelTokenSD.
2026-10-10T05:09:22Z [188,316ms] [Warning] [omni.syntheticdata.plugin] OgnSdSemanticLabelsMap: invalid input AOV SemanticLabelTokenSD.
2026-10-10T05:09:22Z [188,330ms] [Warning] [omni.syntheticdata.plugin] OgnSdSemanticLabelsMap: invalid input host AOV zmfeywSemanticLabelTokenSDhost.
2026-10-10T05:09:22Z [188,330ms] [Warning] [omni.syntheticdata.plugin] OgnSdSemanticLabelsMap: invalid input host AOV koudyxSemanticLabelTokenSDhost.
2026-10-10T05:09:22Z [188,335ms] [Warning] [omni.syntheticdata.plugin] OgnSdSemanticLabelsMap: invalid input AOV SemanticLabelTokenSD.
2026-10-10T05:09:22Z [188,335ms] [Warning] [omni.syntheticdata.plugin] OgnSdSemanticLabelsMap: invalid input AOV SemanticLabelTokenSD.
2026-10-10T05:09:22Z [188,345ms] [Warning] [omni.syntheticdata.plugin] OgnSdSemanticLabelsMap: invalid input host AOV zmfeywSemanticLabelTokenSDhost.
2026-10-10T05:09:22Z [188,345ms] [Warning] [omni.syntheticdata.plugin] OgnSdSemanticLabelsMap: invalid input host AOV koudyxSemanticLabelTokenSDhost.
2026-10-10T05:09:22Z [188,351ms] [Warning] [omni.syntheticdata.plugin] OgnSdSemanticLabelsMap: invalid input AOV SemanticLabelTokenSD.
2026-10-10T05:09:22Z [188,351ms] [Warning] [omni.syntheticdata.plugin] OgnSdSemanticLabelsMap: invalid input AOV SemanticLabelTokenSD.
2026-10-10T05:09:22Z [188,354ms] [Warning] [omni.syntheticdata.plugin] OgnSdSemanticLabelsMap: invalid input host AOV zmfeywSemanticLabelTokenSDhost.
2026-10-10T05:09:22Z [188,354ms] [Warning] [omni.syntheticdata.plugin] OgnSdSemanticLabelsMap: invalid input host AOV koudyxSemanticLabelTokenSDhost.
2026-10-10T05:09:22Z [188,358ms] [Warning] [omni.syntheticdata.plugin] OgnSdSemanticLabelsMap: invalid input AOV SemanticLabelTokenSD.
2026-10-10T05:09:22Z [188,358ms] [Warning] [omni.syntheticdata.plugin] OgnSdSemanticLabelsMap: invalid input AOV SemanticLabelTokenSD.
2026-10-10T05:09:22Z [188,361ms] [Warning] [omni.syntheticdata.plugin] OgnSdSemanticLabelsMap: invalid input host AOV zmfeywSemanticLabelTokenSDhost.
2026-10-10T05:09:22Z [188,361ms] [Warning] [omni.syntheticdata.plugin] OgnSdSemanticLabelsMap: invalid input host AOV koudyxSemanticLabelTokenSDhost.
2026-10-10T05:09:22Z [188,365ms] [Warning] [omni.syntheticdata.plugin] OgnSdSemanticLabelsMap: invalid input AOV SemanticLabelTokenSD.
2026-10-10T05:09:22Z [188,365ms] [Warning] [omni.syntheticdata.plugin] OgnSdSemanticLabelsMap: invalid input AOV SemanticLabelTokenSD.
2026-10-10T05:09:22Z [188,375ms] [Warning] [omni.syntheticdata.plugin] OgnSdSemanticLabelsMap: invalid input host AOV zmfeywSemanticLabelTokenSDhost.
2026-10-10T05:09:22Z [188,375ms] [Warning] [omni.syntheticdata.plugin] OgnSdSemanticLabelsMap: invalid input host AOV koudyxSemanticLabelTokenSDhost.
2026-10-10T05:09:22Z [188,381ms] [Warning] [omni.syntheticdata.plugin] OgnSdSemanticLabelsMap: invalid input AOV SemanticLabelTokenSD.
2026-10-10T05:09:22Z [188,381ms] [Warning] [omni.syntheticdata.plugin] OgnSdSemanticLabelsMap: invalid input AOV SemanticLabelTokenSD.
2026-10-10T05:09:22Z [188,386ms] [Warning] [omni.syntheticdata.plugin] OgnSdSemanticLabelsMap: invalid input host AOV zmfeywSemanticLabelTokenSDhost.
2026-10-10T05:09:22Z [188,386ms] [Warning] [omni.syntheticdata.plugin] OgnSdSemanticLabelsMap: invalid input host AOV koudyxSemanticLabelTokenSDhost.
2026-10-10T05:09:22Z [188,390ms] [Warning] [omni.syntheticdata.plugin] OgnSdSemanticLabelsMap: invalid input AOV SemanticLabelTokenSD.
2026-10-10T05:09:22Z [188,390ms] [Warning] [omni.syntheticdata.plugin] OgnSdSemanticLabelsMap: invalid input AOV SemanticLabelTokenSD.
2026-10-10T05:09:22Z [188,401ms] [Warning] [omni.syntheticdata.plugin] OgnSdSemanticLabelsMap: invalid input host AOV zmfeywSemanticLabelTokenSDhost.
2026-10-10T05:09:22Z [188,401ms] [Warning] [omni.syntheticdata.plugin] OgnSdSemanticLabelsMap: invalid input host AOV koudyxSemanticLabelTokenSDhost.
2026-10-10T05:09:22Z [188,407ms] [Warning] [omni.syntheticdata.plugin] OgnSdSemanticLabelsMap: invalid input AOV SemanticLabelTokenSD.
2026-10-10T05:09:22Z [188,407ms] [Warning] [omni.syntheticdata.plugin] OgnSdSemanticLabelsMap: invalid input AOV SemanticLabelTokenSD.
2026-10-10T05:09:22Z [188,411ms] [Warning] [omni.syntheticdata.plugin] OgnSdSemanticLabelsMap: invalid input host AOV zmfeywSemanticLabelTokenSDhost.
2026-10-10T05:09:22Z [188,411ms] [Warning] [omni.syntheticdata.plugin] OgnSdSemanticLabelsMap: invalid input host AOV koudyxSemanticLabelTokenSDhost.
2026-10-10T05:09:22Z [188,416ms] [Warning] [omni.syntheticdata.plugin] OgnSdSemanticLabelsMap: invalid input AOV SemanticLabelTokenSD.
2026-10-10T05:09:22Z [188,416ms] [Warning] [omni.syntheticdata.plugin] OgnSdSemanticLabelsMap: invalid input AOV SemanticLabelTokenSD.
2026-10-10T05:09:22Z [188,426ms] [Warning] [omni.syntheticdata.plugin] OgnSdSemanticLabelsMap: invalid input host AOV zmfeywSemanticLabelTokenSDhost.
2026-10-10T05:09:22Z [188,426ms] [Warning] [omni.syntheticdata.plugin] OgnSdSemanticLabelsMap: invalid input host AOV koudyxSemanticLabelTokenSDhost.
2026-10-10T05:09:22Z [188,431ms] [Warning] [omni.syntheticdata.plugin] OgnSdSemanticLabelsMap: invalid input AOV SemanticLabelTokenSD.
2026-10-10T05:09:22Z [188,431ms] [Warning] [omni.syntheticdata.plugin] OgnSdSemanticLabelsMap: invalid input AOV SemanticLabelTokenSD.
2026-10-10T05:09:22Z [188,437ms] [Warning] [omni.syntheticdata.plugin] OgnSdSemanticLabelsMap: invalid input host AOV zmfeywSemanticLabelTokenSDhost.
2026-10-10T05:09:22Z [188,437ms] [Warning] [omni.syntheticdata.plugin] OgnSdSemanticLabelsMap: invalid input host AOV koudyxSemanticLabelTokenSDhost.
2026-10-10T05:09:22Z [188,441ms] [Warning] [omni.syntheticdata.plugin] OgnSdSemanticLabelsMap: invalid input AOV SemanticLabelTokenSD.
2026-10-10T05:09:22Z [188,441ms] [Warning] [omni.syntheticdata.plugin] OgnSdSemanticLabelsMap: invalid input AOV SemanticLabelTokenSD.
2026-10-10T05:09:22Z [188,452ms] [Warning] [omni.syntheticdata.plugin] OgnSdSemanticLabelsMap: invalid input host AOV zmfeywSemanticLabelTokenSDhost.
2026-10-10T05:09:22Z [188,452ms] [Warning] [omni.syntheticdata.plugin] OgnSdSemanticLabelsMap: invalid input host AOV koudyxSemanticLabelTokenSDhost.
2026-10-10T05:09:22Z [188,458ms] [Warning] [omni.syntheticdata.plugin] OgnSdSemanticLabelsMap: invalid input AOV SemanticLabelTokenSD.
2026-10-10T05:09:22Z [188,458ms] [Warning] [omni.syntheticdata.plugin] OgnSdSemanticLabelsMap: invalid input AOV SemanticLabelTokenSD.
2026-10-10T05:09:22Z [188,460ms] [Warning] [omni.syntheticdata.plugin] OgnSdSemanticLabelsMap: invalid input host AOV zmfeywSemanticLabelTokenSDhost.
2026-10-10T05:09:22Z [188,461ms] [Warning] [omni.syntheticdata.plugin] OgnSdSemanticLabelsMap: invalid input host AOV koudyxSemanticLabelTokenSDhost.
2026-10-10T05:09:22Z [188,465ms] [Warning] [omni.syntheticdata.plugin] OgnSdSemanticLabelsMap: invalid input AOV SemanticLabelTokenSD.
2026-10-10T05:09:22Z [188,465ms] [Warning] [omni.syntheticdata.plugin] OgnSdSemanticLabelsMap: invalid input AOV SemanticLabelTokenSD.
2026-10-10T05:09:22Z [188,468ms] [Warning] [omni.syntheticdata.plugin] OgnSdSemanticLabelsMap: invalid input host AOV zmfeywSemanticLabelTokenSDhost.
2026-10-10T05:09:22Z [188,468ms] [Warning] [omni.syntheticdata.plugin] OgnSdSemanticLabelsMap: invalid input host AOV koudyxSemanticLabelTokenSDhost.
2026-10-10T05:09:22Z [188,471ms] [Warning] [omni.syntheticdata.plugin] OgnSdSemanticLabelsMap: invalid input AOV SemanticLabelTokenSD.
2026-10-10T05:09:22Z [188,471ms] [Warning] [omni.syntheticdata.plugin] OgnSdSemanticLabelsMap: invalid input AOV SemanticLabelTokenSD.
2026-10-10T05:09:22Z [188,474ms] [Warning] [omni.syntheticdata.plugin] OgnSdSemanticLabelsMap: invalid input host AOV zmfeywSemanticLabelTokenSDhost.
2026-10-10T05:09:22Z [188,474ms] [Warning] [omni.syntheticdata.plugin] OgnSdSemanticLabelsMap: invalid input host AOV koudyxSemanticLabelTokenSDhost.
2026-10-10T05:09:22Z [188,477ms] [Warning] [omni.syntheticdata.plugin] OgnSdSemanticLabelsMap: invalid input AOV SemanticLabelTokenSD.
2026-10-10T05:09:22Z [188,477ms] [Warning] [omni.syntheticdata.plugin] OgnSdSemanticLabelsMap: invalid input AOV SemanticLabelTokenSD.
2026-10-10T05:09:22Z [188,480ms] [Warning] [omni.syntheticdata.plugin] OgnSdSemanticLabelsMap: invalid input host AOV zmfeywSemanticLabelTokenSDhost.
2026-10-10T05:09:22Z [188,480ms] [Warning] [omni.syntheticdata.plugin] OgnSdSemanticLabelsMap: invalid input host AOV koudyxSemanticLabelTokenSDhost.
2026-10-10T05:09:22Z [188,483ms] [Warning] [omni.syntheticdata.plugin] OgnSdSemanticLabelsMap: invalid input AOV SemanticLabelTokenSD.
2026-10-10T05:09:22Z [188,483ms] [Warning] [omni.syntheticdata.plugin] OgnSdSemanticLabelsMap: invalid input AOV SemanticLabelTokenSD.
2026-10-10T05:09:22Z [188,486ms] [Warning] [omni.syntheticdata.plugin] OgnSdSemanticLabelsMap: invalid input host AOV zmfeywSemanticLabelTokenSDhost.
2026-10-10T05:09:22Z [188,486ms] [Warning] [omni.syntheticdata.plugin] OgnSdSemanticLabelsMap: invalid input host AOV koudyxSemanticLabelTokenSDhost.
2026-10-10T05:09:22Z [188,490ms] [Warning] [omni.syntheticdata.plugin] OgnSdSemanticLabelsMap: invalid input AOV SemanticLabelTokenSD.
2026-10-10T05:09:22Z [188,490ms] [Warning] [omni.syntheticdata.plugin] OgnSdSemanticLabelsMap: invalid input AOV SemanticLabelTokenSD.
2026-10-10T05:09:22Z [188,501ms] [Warning] [omni.syntheticdata.plugin] OgnSdSemanticLabelsMap: invalid input host AOV zmfeywSemanticLabelTokenSDhost.
2026-10-10T05:09:22Z [188,501ms] [Warning] [omni.syntheticdata.plugin] OgnSdSemanticLabelsMap: invalid input host AOV koudyxSemanticLabelTokenSDhost.
2026-10-10T05:09:22Z [188,506ms] [Warning] [omni.syntheticdata.plugin] OgnSdSemanticLabelsMap: invalid input AOV SemanticLabelTokenSD.
2026-10-10T05:09:22Z [188,506ms] [Warning] [omni.syntheticdata.plugin] OgnSdSemanticLabelsMap: invalid input AOV SemanticLabelTokenSD.
2026-10-10T05:09:22Z [188,513ms] [Warning] [omni.syntheticdata.plugin] OgnSdSemanticLabelsMap: invalid input host AOV zmfeywSemanticLabelTokenSDhost.
2026-10-10T05:09:22Z [188,513ms] [Warning] [omni.syntheticdata.plugin] OgnSdSemanticLabelsMap: invalid input host AOV koudyxSemanticLabelTokenSDhost.
2026-10-10T05:09:22Z [188,518ms] [Warning] [omni.syntheticdata.plugin] OgnSdSemanticLabelsMap: invalid input AOV SemanticLabelTokenSD.
2026-10-10T05:09:22Z [188,518ms] [Warning] [omni.syntheticdata.plugin] OgnSdSemanticLabelsMap: invalid input AOV SemanticLabelTokenSD.
2026-10-10T05:09:22Z [188,525ms] [Warning] [omni.syntheticdata.plugin] OgnSdSemanticLabelsMap: invalid input host AOV zmfeywSemanticLabelTokenSDhost.
2026-10-10T05:09:22Z [188,525ms] [Warning] [omni.syntheticdata.plugin] OgnSdSemanticLabelsMap: invalid input host AOV koudyxSemanticLabelTokenSDhost.
2026-10-10T05:09:22Z [188,532ms] [Warning] [omni.syntheticdata.plugin] OgnSdSemanticLabelsMap: invalid input AOV SemanticLabelTokenSD.
2026-10-10T05:09:22Z [188,532ms] [Warning] [omni.syntheticdata.plugin] OgnSdSemanticLabelsMap: invalid input AOV SemanticLabelTokenSD.
2026-10-10T05:09:22Z [188,541ms] [Warning] [omni.syntheticdata.plugin] OgnSdSemanticLabelsMap: invalid input host AOV zmfeywSemanticLabelTokenSDhost.
2026-10-10T05:09:22Z [188,541ms] [Warning] [omni.syntheticdata.plugin] OgnSdSemanticLabelsMap: invalid input host AOV koudyxSemanticLabelTokenSDhost.
2026-10-10T05:09:22Z [188,547ms] [Warning] [omni.syntheticdata.plugin] OgnSdSemanticLabelsMap: invalid input AOV SemanticLabelTokenSD.
2026-10-10T05:09:22Z [188,547ms] [Warning] [omni.syntheticdata.plugin] OgnSdSemanticLabelsMap: invalid input AOV SemanticLabelTokenSD.
2026-10-10T05:09:22Z [188,557ms] [Warning] [omni.syntheticdata.plugin] OgnSdSemanticLabelsMap: invalid input host AOV zmfeywSemanticLabelTokenSDhost.
2026-10-10T05:09:22Z [188,557ms] [Warning] [omni.syntheticdata.plugin] OgnSdSemanticLabelsMap: invalid input host AOV koudyxSemanticLabelTokenSDhost.
2026-10-10T05:09:22Z [188,563ms] [Warning] [omni.syntheticdata.plugin] OgnSdSemanticLabelsMap: invalid input AOV SemanticLabelTokenSD.
2026-10-10T05:09:22Z [188,563ms] [Warning] [omni.syntheticdata.plugin] OgnSdSemanticLabelsMap: invalid input AOV SemanticLabelTokenSD.
2026-10-10T05:09:22Z [188,566ms] [Warning] [omni.syntheticdata.plugin] OgnSdSemanticLabelsMap: invalid input host AOV zmfeywSemanticLabelTokenSDhost.
2026-10-10T05:09:22Z [188,567ms] [Warning] [omni.syntheticdata.plugin] OgnSdSemanticLabelsMap: invalid input host AOV koudyxSemanticLabelTokenSDhost.
2026-10-10T05:09:22Z [188,571ms] [Warning] [omni.syntheticdata.plugin] OgnSdSemanticLabelsMap: invalid input AOV SemanticLabelTokenSD.
2026-10-10T05:09:22Z [188,571ms] [Warning] [omni.syntheticdata.plugin] OgnSdSemanticLabelsMap: invalid input AOV SemanticLabelTokenSD.
2026-10-10T05:09:22Z [188,575ms] [Warning] [omni.syntheticdata.plugin] OgnSdSemanticLabelsMap: invalid input host AOV zmfeywSemanticLabelTokenSDhost.
2026-10-10T05:09:22Z [188,575ms] [Warning] [omni.syntheticdata.plugin] OgnSdSemanticLabelsMap: invalid input host AOV koudyxSemanticLabelTokenSDhost.
2026-10-10T05:09:22Z [188,578ms] [Warning] [omni.syntheticdata.plugin] OgnSdSemanticLabelsMap: invalid input AOV SemanticLabelTokenSD.
2026-10-10T05:09:22Z [188,578ms] [Warning] [omni.syntheticdata.plugin] OgnSdSemanticLabelsMap: invalid input AOV SemanticLabelTokenSD.
2026-10-10T05:09:22Z [188,588ms] [Warning] [omni.syntheticdata.plugin] OgnSdSemanticLabelsMap: invalid input host AOV zmfeywSemanticLabelTokenSDhost.
2026-10-10T05:09:22Z [188,588ms] [Warning] [omni.syntheticdata.plugin] OgnSdSemanticLabelsMap: invalid input host AOV koudyxSemanticLabelTokenSDhost.
2026-10-10T05:09:22Z [188,592ms] [Warning] [omni.syntheticdata.plugin] OgnSdSemanticLabelsMap: invalid input AOV SemanticLabelTokenSD.
2026-10-10T05:09:22Z [188,592ms] [Warning] [omni.syntheticdata.plugin] OgnSdSemanticLabelsMap: invalid input AOV SemanticLabelTokenSD.
2026-10-10T05:09:22Z [188,595ms] [Warning] [omni.syntheticdata.plugin] OgnSdSemanticLabelsMap: invalid input host AOV zmfeywSemanticLabelTokenSDhost.
2026-10-10T05:09:22Z [188,595ms] [Warning] [omni.syntheticdata.plugin] OgnSdSemanticLabelsMap: invalid input host AOV koudyxSemanticLabelTokenSDhost.
2026-10-10T05:09:22Z [188,599ms] [Warning] [omni.syntheticdata.plugin] OgnSdSemanticLabelsMap: invalid input AOV SemanticLabelTokenSD.
2026-10-10T05:09:22Z [188,599ms] [Warning] [omni.syntheticdata.plugin] OgnSdSemanticLabelsMap: invalid input AOV SemanticLabelTokenSD.
2026-10-10T05:09:22Z [188,610ms] [Warning] [omni.syntheticdata.plugin] OgnSdSemanticLabelsMap: invalid input host AOV zmfeywSemanticLabelTokenSDhost.
2026-10-10T05:09:22Z [188,610ms] [Warning] [omni.syntheticdata.plugin] OgnSdSemanticLabelsMap: invalid input host AOV koudyxSemanticLabelTokenSDhost.
2026-10-10T05:09:22Z [188,615ms] [Warning] [omni.syntheticdata.plugin] OgnSdSemanticLabelsMap: invalid input AOV SemanticLabelTokenSD.
2026-10-10T05:09:22Z [188,615ms] [Warning] [omni.syntheticdata.plugin] OgnSdSemanticLabelsMap: invalid input AOV SemanticLabelTokenSD.
2026-10-10T05:09:22Z [188,624ms] [Warning] [omni.syntheticdata.plugin] OgnSdSemanticLabelsMap: invalid input host AOV zmfeywSemanticLabelTokenSDhost.
2026-10-10T05:09:22Z [188,624ms] [Warning] [omni.syntheticdata.plugin] OgnSdSemanticLabelsMap: invalid input host AOV koudyxSemanticLabelTokenSDhost.
2026-10-10T05:09:22Z [188,630ms] [Warning] [omni.syntheticdata.plugin] OgnSdSemanticLabelsMap: invalid input AOV SemanticLabelTokenSD.
2026-10-10T05:09:22Z [188,630ms] [Warning] [omni.syntheticdata.plugin] OgnSdSemanticLabelsMap: invalid input AOV SemanticLabelTokenSD.
2026-10-10T05:09:22Z [188,636ms] [Warning] [omni.syntheticdata.plugin] OgnSdSemanticLabelsMap: invalid input host AOV zmfeywSemanticLabelTokenSDhost.
2026-10-10T05:09:22Z [188,636ms] [Warning] [omni.syntheticdata.plugin] OgnSdSemanticLabelsMap: invalid input host AOV koudyxSemanticLabelTokenSDhost.
2026-10-10T05:09:22Z [188,642ms] [Warning] [omni.syntheticdata.plugin] OgnSdSemanticLabelsMap: invalid input AOV SemanticLabelTokenSD.
2026-10-10T05:09:22Z [188,642ms] [Warning] [omni.syntheticdata.plugin] OgnSdSemanticLabelsMap: invalid input AOV SemanticLabelTokenSD.
2026-10-10T05:09:23Z [188,652ms] [Warning] [omni.syntheticdata.plugin] OgnSdSemanticLabelsMap: invalid input host AOV zmfeywSemanticLabelTokenSDhost.
2026-10-10T05:09:23Z [188,653ms] [Warning] [omni.syntheticdata.plugin] OgnSdSemanticLabelsMap: invalid input host AOV koudyxSemanticLabelTokenSDhost.
2026-10-10T05:09:23Z [188,657ms] [Warning] [omni.syntheticdata.plugin] OgnSdSemanticLabelsMap: invalid input AOV SemanticLabelTokenSD.
2026-10-10T05:09:23Z [188,657ms] [Warning] [omni.syntheticdata.plugin] OgnSdSemanticLabelsMap: invalid input AOV SemanticLabelTokenSD.
2026-10-10T05:09:23Z [188,660ms] [Warning] [omni.syntheticdata.plugin] OgnSdSemanticLabelsMap: invalid input host AOV zmfeywSemanticLabelTokenSDhost.
2026-10-10T05:09:23Z [188,660ms] [Warning] [omni.syntheticdata.plugin] OgnSdSemanticLabelsMap: invalid input host AOV koudyxSemanticLabelTokenSDhost.
2026-10-10T05:09:23Z [188,665ms] [Warning] [omni.syntheticdata.plugin] OgnSdSemanticLabelsMap: invalid input AOV SemanticLabelTokenSD.
2026-10-10T05:09:23Z [188,665ms] [Warning] [omni.syntheticdata.plugin] OgnSdSemanticLabelsMap: invalid input AOV SemanticLabelTokenSD.
2026-10-10T05:09:23Z [188,668ms] [Warning] [omni.syntheticdata.plugin] OgnSdSemanticLabelsMap: invalid input host AOV zmfeywSemanticLabelTokenSDhost.
2026-10-10T05:09:23Z [188,668ms] [Warning] [omni.syntheticdata.plugin] OgnSdSemanticLabelsMap: invalid input host AOV koudyxSemanticLabelTokenSDhost.
2026-10-10T05:09:23Z [188,672ms] [Warning] [omni.syntheticdata.plugin] OgnSdSemanticLabelsMap: invalid input AOV SemanticLabelTokenSD.
2026-10-10T05:09:23Z [188,672ms] [Warning] [omni.syntheticdata.plugin] OgnSdSemanticLabelsMap: invalid input AOV SemanticLabelTokenSD.
2026-10-10T05:09:23Z [188,683ms] [Warning] [omni.syntheticdata.plugin] OgnSdSemanticLabelsMap: invalid input host AOV zmfeywSemanticLabelTokenSDhost.
2026-10-10T05:09:23Z [188,683ms] [Warning] [omni.syntheticdata.plugin] OgnSdSemanticLabelsMap: invalid input host AOV koudyxSemanticLabelTokenSDhost.
2026-10-10T05:09:23Z [188,687ms] [Warning] [omni.syntheticdata.plugin] OgnSdSemanticLabelsMap: invalid input AOV SemanticLabelTokenSD.
2026-10-10T05:09:23Z [188,687ms] [Warning] [omni.syntheticdata.plugin] OgnSdSemanticLabelsMap: invalid input AOV SemanticLabelTokenSD.
2026-10-10T05:09:23Z [188,690ms] [Warning] [omni.syntheticdata.plugin] OgnSdSemanticLabelsMap: invalid input host AOV zmfeywSemanticLabelTokenSDhost.
2026-10-10T05:09:23Z [188,690ms] [Warning] [omni.syntheticdata.plugin] OgnSdSemanticLabelsMap: invalid input host AOV koudyxSemanticLabelTokenSDhost.
2026-10-10T05:09:23Z [188,694ms] [Warning] [omni.syntheticdata.plugin] OgnSdSemanticLabelsMap: invalid input AOV SemanticLabelTokenSD.
2026-10-10T05:09:23Z [188,694ms] [Warning] [omni.syntheticdata.plugin] OgnSdSemanticLabelsMap: invalid input AOV SemanticLabelTokenSD.
2026-10-10T05:09:23Z [188,705ms] [Warning] [omni.syntheticdata.plugin] OgnSdSemanticLabelsMap: invalid input host AOV zmfeywSemanticLabelTokenSDhost.
2026-10-10T05:09:23Z [188,705ms] [Warning] [omni.syntheticdata.plugin] OgnSdSemanticLabelsMap: invalid input host AOV koudyxSemanticLabelTokenSDhost.
2026-10-10T05:09:23Z [188,709ms] [Warning] [omni.syntheticdata.plugin] OgnSdSemanticLabelsMap: invalid input AOV SemanticLabelTokenSD.
2026-10-10T05:09:23Z [188,709ms] [Warning] [omni.syntheticdata.plugin] OgnSdSemanticLabelsMap: invalid input AOV SemanticLabelTokenSD.
2026-10-10T05:09:23Z [188,720ms] [Warning] [omni.syntheticdata.plugin] OgnSdSemanticLabelsMap: invalid input host AOV zmfeywSemanticLabelTokenSDhost.
2026-10-10T05:09:23Z [188,720ms] [Warning] [omni.syntheticdata.plugin] OgnSdSemanticLabelsMap: invalid input host AOV koudyxSemanticLabelTokenSDhost.
2026-10-10T05:09:23Z [188,724ms] [Warning] [omni.syntheticdata.plugin] OgnSdSemanticLabelsMap: invalid input AOV SemanticLabelTokenSD.
2026-10-10T05:09:23Z [188,724ms] [Warning] [omni.syntheticdata.plugin] OgnSdSemanticLabelsMap: invalid input AOV SemanticLabelTokenSD.
2026-10-10T05:09:23Z [188,727ms] [Warning] [omni.syntheticdata.plugin] OgnSdSemanticLabelsMap: invalid input host AOV zmfeywSemanticLabelTokenSDhost.
2026-10-10T05:09:23Z [188,727ms] [Warning] [omni.syntheticdata.plugin] OgnSdSemanticLabelsMap: invalid input host AOV koudyxSemanticLabelTokenSDhost.
2026-10-10T05:09:23Z [188,731ms] [Warning] [omni.syntheticdata.plugin] OgnSdSemanticLabelsMap: invalid input AOV SemanticLabelTokenSD.
2026-10-10T05:09:23Z [188,731ms] [Warning] [omni.syntheticdata.plugin] OgnSdSemanticLabelsMap: invalid input AOV SemanticLabelTokenSD.
2026-10-10T05:09:23Z [188,742ms] [Warning] [omni.syntheticdata.plugin] OgnSdSemanticLabelsMap: invalid input host AOV zmfeywSemanticLabelTokenSDhost.
2026-10-10T05:09:23Z [188,742ms] [Warning] [omni.syntheticdata.plugin] OgnSdSemanticLabelsMap: invalid input host AOV koudyxSemanticLabelTokenSDhost.
2026-10-10T05:09:23Z [188,747ms] [Warning] [omni.syntheticdata.plugin] OgnSdSemanticLabelsMap: invalid input AOV SemanticLabelTokenSD.
2026-10-10T05:09:23Z [188,747ms] [Warning] [omni.syntheticdata.plugin] OgnSdSemanticLabelsMap: invalid input AOV SemanticLabelTokenSD.
2026-10-10T05:09:23Z [188,750ms] [Warning] [omni.syntheticdata.plugin] OgnSdSemanticLabelsMap: invalid input host AOV zmfeywSemanticLabelTokenSDhost.
2026-10-10T05:09:23Z [188,750ms] [Warning] [omni.syntheticdata.plugin] OgnSdSemanticLabelsMap: invalid input host AOV koudyxSemanticLabelTokenSDhost.
2026-10-10T05:09:23Z [188,755ms] [Warning] [omni.syntheticdata.plugin] OgnSdSemanticLabelsMap: invalid input AOV SemanticLabelTokenSD.
2026-10-10T05:09:23Z [188,755ms] [Warning] [omni.syntheticdata.plugin] OgnSdSemanticLabelsMap: invalid input AOV SemanticLabelTokenSD.
2026-10-10T05:09:23Z [188,758ms] [Warning] [omni.syntheticdata.plugin] OgnSdSemanticLabelsMap: invalid input host AOV zmfeywSemanticLabelTokenSDhost.
2026-10-10T05:09:23Z [188,758ms] [Warning] [omni.syntheticdata.plugin] OgnSdSemanticLabelsMap: invalid input host AOV koudyxSemanticLabelTokenSDhost.
2026-10-10T05:09:23Z [188,763ms] [Warning] [omni.syntheticdata.plugin] OgnSdSemanticLabelsMap: invalid input AOV SemanticLabelTokenSD.
2026-10-10T05:09:23Z [188,763ms] [Warning] [omni.syntheticdata.plugin] OgnSdSemanticLabelsMap: invalid input AOV SemanticLabelTokenSD.
2026-10-10T05:09:23Z [188,766ms] [Warning] [omni.syntheticdata.plugin] OgnSdSemanticLabelsMap: invalid input host AOV zmfeywSemanticLabelTokenSDhost.
2026-10-10T05:09:23Z [188,766ms] [Warning] [omni.syntheticdata.plugin] OgnSdSemanticLabelsMap: invalid input host AOV koudyxSemanticLabelTokenSDhost.
2026-10-10T05:09:23Z [188,771ms] [Warning] [omni.syntheticdata.plugin] OgnSdSemanticLabelsMap: invalid input AOV SemanticLabelTokenSD.
2026-10-10T05:09:23Z [188,771ms] [Warning] [omni.syntheticdata.plugin] OgnSdSemanticLabelsMap: invalid input AOV SemanticLabelTokenSD.
2026-10-10T05:09:23Z [188,781ms] [Warning] [omni.syntheticdata.plugin] OgnSdSemanticLabelsMap: invalid input host AOV zmfeywSemanticLabelTokenSDhost.
2026-10-10T05:09:23Z [188,781ms] [Warning] [omni.syntheticdata.plugin] OgnSdSemanticLabelsMap: invalid input host AOV koudyxSemanticLabelTokenSDhost.
2026-10-10T05:09:23Z [188,787ms] [Warning] [omni.syntheticdata.plugin] OgnSdSemanticLabelsMap: invalid input AOV SemanticLabelTokenSD.
2026-10-10T05:09:23Z [188,787ms] [Warning] [omni.syntheticdata.plugin] OgnSdSemanticLabelsMap: invalid input AOV SemanticLabelTokenSD.
2026-10-10T05:09:23Z [188,798ms] [Warning] [omni.syntheticdata.plugin] OgnSdSemanticLabelsMap: invalid input host AOV zmfeywSemanticLabelTokenSDhost.
2026-10-10T05:09:23Z [188,798ms] [Warning] [omni.syntheticdata.plugin] OgnSdSemanticLabelsMap: invalid input host AOV koudyxSemanticLabelTokenSDhost.
2026-10-10T05:09:23Z [188,804ms] [Warning] [omni.syntheticdata.plugin] OgnSdSemanticLabelsMap: invalid input AOV SemanticLabelTokenSD.
2026-10-10T05:09:23Z [188,804ms] [Warning] [omni.syntheticdata.plugin] OgnSdSemanticLabelsMap: invalid input AOV SemanticLabelTokenSD.
2026-10-10T05:09:23Z [188,807ms] [Warning] [omni.syntheticdata.plugin] OgnSdSemanticLabelsMap: invalid input host AOV zmfeywSemanticLabelTokenSDhost.
2026-10-10T05:09:23Z [188,807ms] [Warning] [omni.syntheticdata.plugin] OgnSdSemanticLabelsMap: invalid input host AOV koudyxSemanticLabelTokenSDhost.
2026-10-10T05:09:23Z [188,812ms] [Warning] [omni.syntheticdata.plugin] OgnSdSemanticLabelsMap: invalid input AOV SemanticLabelTokenSD.
2026-10-10T05:09:23Z [188,812ms] [Warning] [omni.syntheticdata.plugin] OgnSdSemanticLabelsMap: invalid input AOV SemanticLabelTokenSD.
2026-10-10T05:09:23Z [188,822ms] [Warning] [omni.syntheticdata.plugin] OgnSdSemanticLabelsMap: invalid input host AOV zmfeywSemanticLabelTokenSDhost.
2026-10-10T05:09:23Z [188,822ms] [Warning] [omni.syntheticdata.plugin] OgnSdSemanticLabelsMap: invalid input host AOV koudyxSemanticLabelTokenSDhost.
2026-10-10T05:09:23Z [188,826ms] [Warning] [omni.syntheticdata.plugin] OgnSdSemanticLabelsMap: invalid input AOV SemanticLabelTokenSD.
2026-10-10T05:09:23Z [188,826ms] [Warning] [omni.syntheticdata.plugin] OgnSdSemanticLabelsMap: invalid input AOV SemanticLabelTokenSD.
2026-10-10T05:09:23Z [188,833ms] [Warning] [omni.syntheticdata.plugin] OgnSdSemanticLabelsMap: invalid input host AOV zmfeywSemanticLabelTokenSDhost.
2026-10-10T05:09:23Z [188,833ms] [Warning] [omni.syntheticdata.plugin] OgnSdSemanticLabelsMap: invalid input host AOV koudyxSemanticLabelTokenSDhost.
2026-10-10T05:09:23Z [188,838ms] [Warning] [omni.syntheticdata.plugin] OgnSdSemanticLabelsMap: invalid input AOV SemanticLabelTokenSD.
2026-10-10T05:09:23Z [188,839ms] [Warning] [omni.syntheticdata.plugin] OgnSdSemanticLabelsMap: invalid input AOV SemanticLabelTokenSD.
2026-10-10T05:09:23Z [188,846ms] [Warning] [omni.syntheticdata.plugin] OgnSdSemanticLabelsMap: invalid input host AOV zmfeywSemanticLabelTokenSDhost.
2026-10-10T05:09:23Z [188,846ms] [Warning] [omni.syntheticdata.plugin] OgnSdSemanticLabelsMap: invalid input host AOV koudyxSemanticLabelTokenSDhost.
2026-10-10T05:09:23Z [188,851ms] [Warning] [omni.syntheticdata.plugin] OgnSdSemanticLabelsMap: invalid input AOV SemanticLabelTokenSD.
2026-10-10T05:09:23Z [188,851ms] [Warning] [omni.syntheticdata.plugin] OgnSdSemanticLabelsMap: invalid input AOV SemanticLabelTokenSD.
2026-10-10T05:09:23Z [188,854ms] [Warning] [omni.syntheticdata.plugin] OgnSdSemanticLabelsMap: invalid input host AOV zmfeywSemanticLabelTokenSDhost.
2026-10-10T05:09:23Z [188,854ms] [Warning] [omni.syntheticdata.plugin] OgnSdSemanticLabelsMap: invalid input host AOV koudyxSemanticLabelTokenSDhost.
2026-10-10T05:09:23Z [188,859ms] [Warning] [omni.syntheticdata.plugin] OgnSdSemanticLabelsMap: invalid input AOV SemanticLabelTokenSD.
2026-10-10T05:09:23Z [188,859ms] [Warning] [omni.syntheticdata.plugin] OgnSdSemanticLabelsMap: invalid input AOV SemanticLabelTokenSD.
2026-10-10T05:09:23Z [188,869ms] [Warning] [omni.syntheticdata.plugin] OgnSdSemanticLabelsMap: invalid input host AOV zmfeywSemanticLabelTokenSDhost.
2026-10-10T05:09:23Z [188,869ms] [Warning] [omni.syntheticdata.plugin] OgnSdSemanticLabelsMap: invalid input host AOV koudyxSemanticLabelTokenSDhost.
2026-10-10T05:09:23Z [188,874ms] [Warning] [omni.syntheticdata.plugin] OgnSdSemanticLabelsMap: invalid input AOV SemanticLabelTokenSD.
2026-10-10T05:09:23Z [188,874ms] [Warning] [omni.syntheticdata.plugin] OgnSdSemanticLabelsMap: invalid input AOV SemanticLabelTokenSD.
2026-10-10T05:09:23Z [188,878ms] [Warning] [omni.syntheticdata.plugin] OgnSdSemanticLabelsMap: invalid input host AOV zmfeywSemanticLabelTokenSDhost.
2026-10-10T05:09:23Z [188,878ms] [Warning] [omni.syntheticdata.plugin] OgnSdSemanticLabelsMap: invalid input host AOV koudyxSemanticLabelTokenSDhost.
2026-10-10T05:09:23Z [188,882ms] [Warning] [omni.syntheticdata.plugin] OgnSdSemanticLabelsMap: invalid input AOV SemanticLabelTokenSD.
2026-10-10T05:09:23Z [188,882ms] [Warning] [omni.syntheticdata.plugin] OgnSdSemanticLabelsMap: invalid input AOV SemanticLabelTokenSD.
2026-10-10T05:09:23Z [188,894ms] [Warning] [omni.syntheticdata.plugin] OgnSdSemanticLabelsMap: invalid input host AOV zmfeywSemanticLabelTokenSDhost.
2026-10-10T05:09:23Z [188,894ms] [Warning] [omni.syntheticdata.plugin] OgnSdSemanticLabelsMap: invalid input host AOV koudyxSemanticLabelTokenSDhost.
2026-10-10T05:09:23Z [188,899ms] [Warning] [omni.syntheticdata.plugin] OgnSdSemanticLabelsMap: invalid input AOV SemanticLabelTokenSD.
2026-10-10T05:09:23Z [188,899ms] [Warning] [omni.syntheticdata.plugin] OgnSdSemanticLabelsMap: invalid input AOV SemanticLabelTokenSD.
2026-10-10T05:09:23Z [188,910ms] [Warning] [omni.syntheticdata.plugin] OgnSdSemanticLabelsMap: invalid input host AOV zmfeywSemanticLabelTokenSDhost.
2026-10-10T05:09:23Z [188,910ms] [Warning] [omni.syntheticdata.plugin] OgnSdSemanticLabelsMap: invalid input host AOV koudyxSemanticLabelTokenSDhost.
2026-10-10T05:09:23Z [189,265ms] [Warning] [omni.syntheticdata.plugin] OgnSdSemanticLabelsMap: invalid input AOV SemanticLabelTokenSD.
2026-10-10T05:09:23Z [189,265ms] [Warning] [omni.syntheticdata.plugin] OgnSdSemanticLabelsMap: invalid input AOV SemanticLabelTokenSD.
2026-10-10T05:09:23Z [189,275ms] [Warning] [omni.syntheticdata.plugin] OgnSdSemanticLabelsMap: invalid input host AOV zmfeywSemanticLabelTokenSDhost.
2026-10-10T05:09:23Z [189,275ms] [Warning] [omni.syntheticdata.plugin] OgnSdSemanticLabelsMap: invalid input host AOV koudyxSemanticLabelTokenSDhost.
2026-10-10T05:09:23Z [189,280ms] [Warning] [omni.syntheticdata.plugin] OgnSdSemanticLabelsMap: invalid input AOV SemanticLabelTokenSD.
2026-10-10T05:09:23Z [189,280ms] [Warning] [omni.syntheticdata.plugin] OgnSdSemanticLabelsMap: invalid input AOV SemanticLabelTokenSD.
2026-10-10T05:09:23Z [189,286ms] [Warning] [omni.syntheticdata.plugin] OgnSdSemanticLabelsMap: invalid input host AOV zmfeywSemanticLabelTokenSDhost.
2026-10-10T05:09:23Z [189,286ms] [Warning] [omni.syntheticdata.plugin] OgnSdSemanticLabelsMap: invalid input host AOV koudyxSemanticLabelTokenSDhost.
2026-10-10T05:09:23Z [189,290ms] [Warning] [omni.syntheticdata.plugin] OgnSdSemanticLabelsMap: invalid input AOV SemanticLabelTokenSD.
2026-10-10T05:09:23Z [189,290ms] [Warning] [omni.syntheticdata.plugin] OgnSdSemanticLabelsMap: invalid input AOV SemanticLabelTokenSD.
2026-10-10T05:09:23Z [189,300ms] [Warning] [omni.syntheticdata.plugin] OgnSdSemanticLabelsMap: invalid input host AOV zmfeywSemanticLabelTokenSDhost.
2026-10-10T05:09:23Z [189,300ms] [Warning] [omni.syntheticdata.plugin] OgnSdSemanticLabelsMap: invalid input host AOV koudyxSemanticLabelTokenSDhost.
2026-10-10T05:09:23Z [189,304ms] [Warning] [omni.syntheticdata.plugin] OgnSdSemanticLabelsMap: invalid input AOV SemanticLabelTokenSD.
2026-10-10T05:09:23Z [189,304ms] [Warning] [omni.syntheticdata.plugin] OgnSdSemanticLabelsMap: invalid input AOV SemanticLabelTokenSD.
2026-10-10T05:09:23Z [189,308ms] [Warning] [omni.syntheticdata.plugin] OgnSdSemanticLabelsMap: invalid input host AOV zmfeywSemanticLabelTokenSDhost.
2026-10-10T05:09:23Z [189,308ms] [Warning] [omni.syntheticdata.plugin] OgnSdSemanticLabelsMap: invalid input host AOV koudyxSemanticLabelTokenSDhost.
2026-10-10T05:09:23Z [189,313ms] [Warning] [omni.syntheticdata.plugin] OgnSdSemanticLabelsMap: invalid input AOV SemanticLabelTokenSD.
2026-10-10T05:09:23Z [189,313ms] [Warning] [omni.syntheticdata.plugin] OgnSdSemanticLabelsMap: invalid input AOV SemanticLabelTokenSD.
2026-10-10T05:09:23Z [189,324ms] [Warning] [omni.syntheticdata.plugin] OgnSdSemanticLabelsMap: invalid input host AOV zmfeywSemanticLabelTokenSDhost.
2026-10-10T05:09:23Z [189,324ms] [Warning] [omni.syntheticdata.plugin] OgnSdSemanticLabelsMap: invalid input host AOV koudyxSemanticLabelTokenSDhost.
2026-10-10T05:09:23Z [189,329ms] [Warning] [omni.syntheticdata.plugin] OgnSdSemanticLabelsMap: invalid input AOV SemanticLabelTokenSD.
2026-10-10T05:09:23Z [189,329ms] [Warning] [omni.syntheticdata.plugin] OgnSdSemanticLabelsMap: invalid input AOV SemanticLabelTokenSD.
2026-10-10T05:09:23Z [189,333ms] [Warning] [omni.syntheticdata.plugin] OgnSdSemanticLabelsMap: invalid input host AOV zmfeywSemanticLabelTokenSDhost.
2026-10-10T05:09:23Z [189,333ms] [Warning] [omni.syntheticdata.plugin] OgnSdSemanticLabelsMap: invalid input host AOV koudyxSemanticLabelTokenSDhost.
2026-10-10T05:09:23Z [189,339ms] [Warning] [omni.syntheticdata.plugin] OgnSdSemanticLabelsMap: invalid input AOV SemanticLabelTokenSD.
2026-10-10T05:09:23Z [189,339ms] [Warning] [omni.syntheticdata.plugin] OgnSdSemanticLabelsMap: invalid input AOV SemanticLabelTokenSD.
2026-10-10T05:09:23Z [189,341ms] [Warning] [omni.syntheticdata.plugin] OgnSdSemanticLabelsMap: invalid input host AOV zmfeywSemanticLabelTokenSDhost.
2026-10-10T05:09:23Z [189,341ms] [Warning] [omni.syntheticdata.plugin] OgnSdSemanticLabelsMap: invalid input host AOV koudyxSemanticLabelTokenSDhost.
2026-10-10T05:09:23Z [189,345ms] [Warning] [omni.syntheticdata.plugin] OgnSdSemanticLabelsMap: invalid input AOV SemanticLabelTokenSD.
2026-10-10T05:09:23Z [189,345ms] [Warning] [omni.syntheticdata.plugin] OgnSdSemanticLabelsMap: invalid input AOV SemanticLabelTokenSD.
2026-10-10T05:09:23Z [189,348ms] [Warning] [omni.syntheticdata.plugin] OgnSdSemanticLabelsMap: invalid input host AOV zmfeywSemanticLabelTokenSDhost.
2026-10-10T05:09:23Z [189,348ms] [Warning] [omni.syntheticdata.plugin] OgnSdSemanticLabelsMap: invalid input host AOV koudyxSemanticLabelTokenSDhost.
2026-10-10T05:09:23Z [189,351ms] [Warning] [omni.syntheticdata.plugin] OgnSdSemanticLabelsMap: invalid input AOV SemanticLabelTokenSD.
2026-10-10T05:09:23Z [189,351ms] [Warning] [omni.syntheticdata.plugin] OgnSdSemanticLabelsMap: invalid input AOV SemanticLabelTokenSD.
2026-10-10T05:09:23Z [189,362ms] [Warning] [omni.syntheticdata.plugin] OgnSdSemanticLabelsMap: invalid input host AOV zmfeywSemanticLabelTokenSDhost.
2026-10-10T05:09:23Z [189,362ms] [Warning] [omni.syntheticdata.plugin] OgnSdSemanticLabelsMap: invalid input host AOV koudyxSemanticLabelTokenSDhost.
2026-10-10T05:09:23Z [189,367ms] [Warning] [omni.syntheticdata.plugin] OgnSdSemanticLabelsMap: invalid input AOV SemanticLabelTokenSD.
2026-10-10T05:09:23Z [189,367ms] [Warning] [omni.syntheticdata.plugin] OgnSdSemanticLabelsMap: invalid input AOV SemanticLabelTokenSD.
2026-10-10T05:09:23Z [189,375ms] [Warning] [omni.syntheticdata.plugin] OgnSdSemanticLabelsMap: invalid input host AOV zmfeywSemanticLabelTokenSDhost.
2026-10-10T05:09:23Z [189,375ms] [Warning] [omni.syntheticdata.plugin] OgnSdSemanticLabelsMap: invalid input host AOV koudyxSemanticLabelTokenSDhost.
2026-10-10T05:09:23Z [189,380ms] [Warning] [omni.syntheticdata.plugin] OgnSdSemanticLabelsMap: invalid input AOV SemanticLabelTokenSD.
2026-10-10T05:09:23Z [189,380ms] [Warning] [omni.syntheticdata.plugin] OgnSdSemanticLabelsMap: invalid input AOV SemanticLabelTokenSD.
2026-10-10T05:09:23Z [189,387ms] [Warning] [omni.syntheticdata.plugin] OgnSdSemanticLabelsMap: invalid input host AOV zmfeywSemanticLabelTokenSDhost.
2026-10-10T05:09:23Z [189,387ms] [Warning] [omni.syntheticdata.plugin] OgnSdSemanticLabelsMap: invalid input host AOV koudyxSemanticLabelTokenSDhost.
2026-10-10T05:09:23Z [189,392ms] [Warning] [omni.syntheticdata.plugin] OgnSdSemanticLabelsMap: invalid input AOV SemanticLabelTokenSD.
2026-10-10T05:09:23Z [189,392ms] [Warning] [omni.syntheticdata.plugin] OgnSdSemanticLabelsMap: invalid input AOV SemanticLabelTokenSD.
2026-10-10T05:09:23Z [189,403ms] [Warning] [omni.syntheticdata.plugin] OgnSdSemanticLabelsMap: invalid input host AOV zmfeywSemanticLabelTokenSDhost.
2026-10-10T05:09:23Z [189,403ms] [Warning] [omni.syntheticdata.plugin] OgnSdSemanticLabelsMap: invalid input host AOV koudyxSemanticLabelTokenSDhost.
2026-10-10T05:09:23Z [189,408ms] [Warning] [omni.syntheticdata.plugin] OgnSdSemanticLabelsMap: invalid input AOV SemanticLabelTokenSD.
2026-10-10T05:09:23Z [189,408ms] [Warning] [omni.syntheticdata.plugin] OgnSdSemanticLabelsMap: invalid input AOV SemanticLabelTokenSD.
2026-10-10T05:09:23Z [189,418ms] [Warning] [omni.syntheticdata.plugin] OgnSdSemanticLabelsMap: invalid input host AOV zmfeywSemanticLabelTokenSDhost.
2026-10-10T05:09:23Z [189,418ms] [Warning] [omni.syntheticdata.plugin] OgnSdSemanticLabelsMap: invalid input host AOV koudyxSemanticLabelTokenSDhost.
2026-10-10T05:09:23Z [189,423ms] [Warning] [omni.syntheticdata.plugin] OgnSdSemanticLabelsMap: invalid input AOV SemanticLabelTokenSD.
2026-10-10T05:09:23Z [189,423ms] [Warning] [omni.syntheticdata.plugin] OgnSdSemanticLabelsMap: invalid input AOV SemanticLabelTokenSD.
2026-10-10T05:09:23Z [189,426ms] [Warning] [omni.syntheticdata.plugin] OgnSdSemanticLabelsMap: invalid input host AOV zmfeywSemanticLabelTokenSDhost.
2026-10-10T05:09:23Z [189,426ms] [Warning] [omni.syntheticdata.plugin] OgnSdSemanticLabelsMap: invalid input host AOV koudyxSemanticLabelTokenSDhost.
2026-10-10T05:09:23Z [189,431ms] [Warning] [omni.syntheticdata.plugin] OgnSdSemanticLabelsMap: invalid input AOV SemanticLabelTokenSD.
2026-10-10T05:09:23Z [189,431ms] [Warning] [omni.syntheticdata.plugin] OgnSdSemanticLabelsMap: invalid input AOV SemanticLabelTokenSD.
2026-10-10T05:09:23Z [189,434ms] [Warning] [omni.syntheticdata.plugin] OgnSdSemanticLabelsMap: invalid input host AOV zmfeywSemanticLabelTokenSDhost.
2026-10-10T05:09:23Z [189,434ms] [Warning] [omni.syntheticdata.plugin] OgnSdSemanticLabelsMap: invalid input host AOV koudyxSemanticLabelTokenSDhost.
2026-10-10T05:09:23Z [189,438ms] [Warning] [omni.syntheticdata.plugin] OgnSdSemanticLabelsMap: invalid input AOV SemanticLabelTokenSD.
2026-10-10T05:09:23Z [189,438ms] [Warning] [omni.syntheticdata.plugin] OgnSdSemanticLabelsMap: invalid input AOV SemanticLabelTokenSD.
2026-10-10T05:09:23Z [189,448ms] [Warning] [omni.syntheticdata.plugin] OgnSdSemanticLabelsMap: invalid input host AOV zmfeywSemanticLabelTokenSDhost.
2026-10-10T05:09:23Z [189,448ms] [Warning] [omni.syntheticdata.plugin] OgnSdSemanticLabelsMap: invalid input host AOV koudyxSemanticLabelTokenSDhost.
2026-10-10T05:09:23Z [189,453ms] [Warning] [omni.syntheticdata.plugin] OgnSdSemanticLabelsMap: invalid input AOV SemanticLabelTokenSD.
2026-10-10T05:09:23Z [189,453ms] [Warning] [omni.syntheticdata.plugin] OgnSdSemanticLabelsMap: invalid input AOV SemanticLabelTokenSD.
2026-10-10T05:09:23Z [189,459ms] [Warning] [omni.syntheticdata.plugin] OgnSdSemanticLabelsMap: invalid input host AOV zmfeywSemanticLabelTokenSDhost.
2026-10-10T05:09:23Z [189,459ms] [Warning] [omni.syntheticdata.plugin] OgnSdSemanticLabelsMap: invalid input host AOV koudyxSemanticLabelTokenSDhost.
2026-10-10T05:09:23Z [189,463ms] [Warning] [omni.syntheticdata.plugin] OgnSdSemanticLabelsMap: invalid input AOV SemanticLabelTokenSD.
2026-10-10T05:09:23Z [189,463ms] [Warning] [omni.syntheticdata.plugin] OgnSdSemanticLabelsMap: invalid input AOV SemanticLabelTokenSD.
2026-10-10T05:09:23Z [189,473ms] [Warning] [omni.syntheticdata.plugin] OgnSdSemanticLabelsMap: invalid input host AOV zmfeywSemanticLabelTokenSDhost.
2026-10-10T05:09:23Z [189,473ms] [Warning] [omni.syntheticdata.plugin] OgnSdSemanticLabelsMap: invalid input host AOV koudyxSemanticLabelTokenSDhost.
2026-10-10T05:09:23Z [189,476ms] [Warning] [omni.syntheticdata.plugin] OgnSdSemanticLabelsMap: invalid input AOV SemanticLabelTokenSD.
2026-10-10T05:09:23Z [189,476ms] [Warning] [omni.syntheticdata.plugin] OgnSdSemanticLabelsMap: invalid input AOV SemanticLabelTokenSD.
2026-10-10T05:09:23Z [189,482ms] [Warning] [omni.syntheticdata.plugin] OgnSdSemanticLabelsMap: invalid input host AOV zmfeywSemanticLabelTokenSDhost.
2026-10-10T05:09:23Z [189,482ms] [Warning] [omni.syntheticdata.plugin] OgnSdSemanticLabelsMap: invalid input host AOV koudyxSemanticLabelTokenSDhost.
2026-10-10T05:09:23Z [189,487ms] [Warning] [omni.syntheticdata.plugin] OgnSdSemanticLabelsMap: invalid input AOV SemanticLabelTokenSD.
2026-10-10T05:09:23Z [189,487ms] [Warning] [omni.syntheticdata.plugin] OgnSdSemanticLabelsMap: invalid input AOV SemanticLabelTokenSD.
2026-10-10T05:09:23Z [189,498ms] [Warning] [omni.syntheticdata.plugin] OgnSdSemanticLabelsMap: invalid input host AOV zmfeywSemanticLabelTokenSDhost.
2026-10-10T05:09:23Z [189,498ms] [Warning] [omni.syntheticdata.plugin] OgnSdSemanticLabelsMap: invalid input host AOV koudyxSemanticLabelTokenSDhost.
2026-10-10T05:09:23Z [189,503ms] [Warning] [omni.syntheticdata.plugin] OgnSdSemanticLabelsMap: invalid input AOV SemanticLabelTokenSD.
2026-10-10T05:09:23Z [189,503ms] [Warning] [omni.syntheticdata.plugin] OgnSdSemanticLabelsMap: invalid input AOV SemanticLabelTokenSD.
2026-10-10T05:09:23Z [189,509ms] [Warning] [omni.syntheticdata.plugin] OgnSdSemanticLabelsMap: invalid input host AOV zmfeywSemanticLabelTokenSDhost.
2026-10-10T05:09:23Z [189,509ms] [Warning] [omni.syntheticdata.plugin] OgnSdSemanticLabelsMap: invalid input host AOV koudyxSemanticLabelTokenSDhost.
2026-10-10T05:09:23Z [189,514ms] [Warning] [omni.syntheticdata.plugin] OgnSdSemanticLabelsMap: invalid input AOV SemanticLabelTokenSD.
2026-10-10T05:09:23Z [189,514ms] [Warning] [omni.syntheticdata.plugin] OgnSdSemanticLabelsMap: invalid input AOV SemanticLabelTokenSD.
2026-10-10T05:09:23Z [189,525ms] [Warning] [omni.syntheticdata.plugin] OgnSdSemanticLabelsMap: invalid input host AOV zmfeywSemanticLabelTokenSDhost.
2026-10-10T05:09:23Z [189,525ms] [Warning] [omni.syntheticdata.plugin] OgnSdSemanticLabelsMap: invalid input host AOV koudyxSemanticLabelTokenSDhost.
2026-10-10T05:09:23Z [189,530ms] [Warning] [omni.syntheticdata.plugin] OgnSdSemanticLabelsMap: invalid input AOV SemanticLabelTokenSD.
2026-10-10T05:09:23Z [189,530ms] [Warning] [omni.syntheticdata.plugin] OgnSdSemanticLabelsMap: invalid input AOV SemanticLabelTokenSD.
2026-10-10T05:09:23Z [189,533ms] [Warning] [omni.syntheticdata.plugin] OgnSdSemanticLabelsMap: invalid input host AOV zmfeywSemanticLabelTokenSDhost.
2026-10-10T05:09:23Z [189,533ms] [Warning] [omni.syntheticdata.plugin] OgnSdSemanticLabelsMap: invalid input host AOV koudyxSemanticLabelTokenSDhost.
2026-10-10T05:09:23Z [189,537ms] [Warning] [omni.syntheticdata.plugin] OgnSdSemanticLabelsMap: invalid input AOV SemanticLabelTokenSD.
2026-10-10T05:09:23Z [189,537ms] [Warning] [omni.syntheticdata.plugin] OgnSdSemanticLabelsMap: invalid input AOV SemanticLabelTokenSD.
2026-10-10T05:09:23Z [189,540ms] [Warning] [omni.syntheticdata.plugin] OgnSdSemanticLabelsMap: invalid input host AOV zmfeywSemanticLabelTokenSDhost.
2026-10-10T05:09:23Z [189,540ms] [Warning] [omni.syntheticdata.plugin] OgnSdSemanticLabelsMap: invalid input host AOV koudyxSemanticLabelTokenSDhost.
2026-10-10T05:09:23Z [189,543ms] [Warning] [omni.syntheticdata.plugin] OgnSdSemanticLabelsMap: invalid input AOV SemanticLabelTokenSD.
2026-10-10T05:09:23Z [189,543ms] [Warning] [omni.syntheticdata.plugin] OgnSdSemanticLabelsMap: invalid input AOV SemanticLabelTokenSD.
2026-10-10T05:09:23Z [189,555ms] [Warning] [omni.syntheticdata.plugin] OgnSdSemanticLabelsMap: invalid input host AOV zmfeywSemanticLabelTokenSDhost.
2026-10-10T05:09:23Z [189,555ms] [Warning] [omni.syntheticdata.plugin] OgnSdSemanticLabelsMap: invalid input host AOV koudyxSemanticLabelTokenSDhost.
2026-10-10T05:09:23Z [189,560ms] [Warning] [omni.syntheticdata.plugin] OgnSdSemanticLabelsMap: invalid input AOV SemanticLabelTokenSD.
2026-10-10T05:09:23Z [189,560ms] [Warning] [omni.syntheticdata.plugin] OgnSdSemanticLabelsMap: invalid input AOV SemanticLabelTokenSD.
2026-10-10T05:09:23Z [189,571ms] [Warning] [omni.syntheticdata.plugin] OgnSdSemanticLabelsMap: invalid input host AOV zmfeywSemanticLabelTokenSDhost.
2026-10-10T05:09:23Z [189,571ms] [Warning] [omni.syntheticdata.plugin] OgnSdSemanticLabelsMap: invalid input host AOV koudyxSemanticLabelTokenSDhost.
2026-10-10T05:09:23Z [189,576ms] [Warning] [omni.syntheticdata.plugin] OgnSdSemanticLabelsMap: invalid input AOV SemanticLabelTokenSD.
2026-10-10T05:09:23Z [189,576ms] [Warning] [omni.syntheticdata.plugin] OgnSdSemanticLabelsMap: invalid input AOV SemanticLabelTokenSD.
2026-10-10T05:09:23Z [189,587ms] [Warning] [omni.syntheticdata.plugin] OgnSdSemanticLabelsMap: invalid input host AOV zmfeywSemanticLabelTokenSDhost.
2026-10-10T05:09:23Z [189,587ms] [Warning] [omni.syntheticdata.plugin] OgnSdSemanticLabelsMap: invalid input host AOV koudyxSemanticLabelTokenSDhost.
2026-10-10T05:09:23Z [189,592ms] [Warning] [omni.syntheticdata.plugin] OgnSdSemanticLabelsMap: invalid input AOV SemanticLabelTokenSD.
2026-10-10T05:09:23Z [189,592ms] [Warning] [omni.syntheticdata.plugin] OgnSdSemanticLabelsMap: invalid input AOV SemanticLabelTokenSD.
2026-10-10T05:09:23Z [189,599ms] [Warning] [omni.syntheticdata.plugin] OgnSdSemanticLabelsMap: invalid input host AOV zmfeywSemanticLabelTokenSDhost.
2026-10-10T05:09:23Z [189,599ms] [Warning] [omni.syntheticdata.plugin] OgnSdSemanticLabelsMap: invalid input host AOV koudyxSemanticLabelTokenSDhost.
2026-10-10T05:09:23Z [189,605ms] [Warning] [omni.syntheticdata.plugin] OgnSdSemanticLabelsMap: invalid input AOV SemanticLabelTokenSD.
2026-10-10T05:09:23Z [189,605ms] [Warning] [omni.syntheticdata.plugin] OgnSdSemanticLabelsMap: invalid input AOV SemanticLabelTokenSD.
2026-10-10T05:09:23Z [189,611ms] [Warning] [omni.syntheticdata.plugin] OgnSdSemanticLabelsMap: invalid input host AOV zmfeywSemanticLabelTokenSDhost.
2026-10-10T05:09:23Z [189,611ms] [Warning] [omni.syntheticdata.plugin] OgnSdSemanticLabelsMap: invalid input host AOV koudyxSemanticLabelTokenSDhost.
2026-10-10T05:09:23Z [189,615ms] [Warning] [omni.syntheticdata.plugin] OgnSdSemanticLabelsMap: invalid input AOV SemanticLabelTokenSD.
2026-10-10T05:09:23Z [189,615ms] [Warning] [omni.syntheticdata.plugin] OgnSdSemanticLabelsMap: invalid input AOV SemanticLabelTokenSD.
2026-10-10T05:09:23Z [189,618ms] [Warning] [omni.syntheticdata.plugin] OgnSdSemanticLabelsMap: invalid input host AOV zmfeywSemanticLabelTokenSDhost.
2026-10-10T05:09:23Z [189,618ms] [Warning] [omni.syntheticdata.plugin] OgnSdSemanticLabelsMap: invalid input host AOV koudyxSemanticLabelTokenSDhost.
2026-10-10T05:09:23Z [189,623ms] [Warning] [omni.syntheticdata.plugin] OgnSdSemanticLabelsMap: invalid input AOV SemanticLabelTokenSD.
2026-10-10T05:09:23Z [189,623ms] [Warning] [omni.syntheticdata.plugin] OgnSdSemanticLabelsMap: invalid input AOV SemanticLabelTokenSD.
2026-10-10T05:09:23Z [189,626ms] [Warning] [omni.syntheticdata.plugin] OgnSdSemanticLabelsMap: invalid input host AOV zmfeywSemanticLabelTokenSDhost.
2026-10-10T05:09:23Z [189,626ms] [Warning] [omni.syntheticdata.plugin] OgnSdSemanticLabelsMap: invalid input host AOV koudyxSemanticLabelTokenSDhost.
2026-10-10T05:09:23Z [189,630ms] [Warning] [omni.syntheticdata.plugin] OgnSdSemanticLabelsMap: invalid input AOV SemanticLabelTokenSD.
2026-10-10T05:09:23Z [189,630ms] [Warning] [omni.syntheticdata.plugin] OgnSdSemanticLabelsMap: invalid input AOV SemanticLabelTokenSD.
2026-10-10T05:09:23Z [189,633ms] [Warning] [omni.syntheticdata.plugin] OgnSdSemanticLabelsMap: invalid input host AOV zmfeywSemanticLabelTokenSDhost.
2026-10-10T05:09:23Z [189,633ms] [Warning] [omni.syntheticdata.plugin] OgnSdSemanticLabelsMap: invalid input host AOV koudyxSemanticLabelTokenSDhost.
2026-10-10T05:09:23Z [189,639ms] [Warning] [omni.syntheticdata.plugin] OgnSdSemanticLabelsMap: invalid input AOV SemanticLabelTokenSD.
2026-10-10T05:09:23Z [189,639ms] [Warning] [omni.syntheticdata.plugin] OgnSdSemanticLabelsMap: invalid input AOV SemanticLabelTokenSD.
2026-10-10T05:09:24Z [189,643ms] [Warning] [omni.syntheticdata.plugin] OgnSdSemanticLabelsMap: invalid input host AOV zmfeywSemanticLabelTokenSDhost.
2026-10-10T05:09:24Z [189,644ms] [Warning] [omni.syntheticdata.plugin] OgnSdSemanticLabelsMap: invalid input host AOV koudyxSemanticLabelTokenSDhost.
2026-10-10T05:09:24Z [189,648ms] [Warning] [omni.syntheticdata.plugin] OgnSdSemanticLabelsMap: invalid input AOV SemanticLabelTokenSD.
2026-10-10T05:09:24Z [189,648ms] [Warning] [omni.syntheticdata.plugin] OgnSdSemanticLabelsMap: invalid input AOV SemanticLabelTokenSD.
2026-10-10T05:09:24Z [189,653ms] [Warning] [omni.syntheticdata.plugin] OgnSdSemanticLabelsMap: invalid input host AOV zmfeywSemanticLabelTokenSDhost.
2026-10-10T05:09:24Z [189,653ms] [Warning] [omni.syntheticdata.plugin] OgnSdSemanticLabelsMap: invalid input host AOV koudyxSemanticLabelTokenSDhost.
2026-10-10T05:09:24Z [189,657ms] [Warning] [omni.syntheticdata.plugin] OgnSdSemanticLabelsMap: invalid input AOV SemanticLabelTokenSD.
2026-10-10T05:09:24Z [189,657ms] [Warning] [omni.syntheticdata.plugin] OgnSdSemanticLabelsMap: invalid input AOV SemanticLabelTokenSD.
2026-10-10T05:09:24Z [189,668ms] [Warning] [omni.syntheticdata.plugin] OgnSdSemanticLabelsMap: invalid input host AOV zmfeywSemanticLabelTokenSDhost.
2026-10-10T05:09:24Z [189,668ms] [Warning] [omni.syntheticdata.plugin] OgnSdSemanticLabelsMap: invalid input host AOV koudyxSemanticLabelTokenSDhost.
2026-10-10T05:09:24Z [189,673ms] [Warning] [omni.syntheticdata.plugin] OgnSdSemanticLabelsMap: invalid input AOV SemanticLabelTokenSD.
2026-10-10T05:09:24Z [189,673ms] [Warning] [omni.syntheticdata.plugin] OgnSdSemanticLabelsMap: invalid input AOV SemanticLabelTokenSD.
2026-10-10T05:09:24Z [189,679ms] [Warning] [omni.syntheticdata.plugin] OgnSdSemanticLabelsMap: invalid input host AOV zmfeywSemanticLabelTokenSDhost.
2026-10-10T05:09:24Z [189,679ms] [Warning] [omni.syntheticdata.plugin] OgnSdSemanticLabelsMap: invalid input host AOV koudyxSemanticLabelTokenSDhost.
2026-10-10T05:09:24Z [189,683ms] [Warning] [omni.syntheticdata.plugin] OgnSdSemanticLabelsMap: invalid input AOV SemanticLabelTokenSD.
2026-10-10T05:09:24Z [189,683ms] [Warning] [omni.syntheticdata.plugin] OgnSdSemanticLabelsMap: invalid input AOV SemanticLabelTokenSD.
2026-10-10T05:09:24Z [189,694ms] [Warning] [omni.syntheticdata.plugin] OgnSdSemanticLabelsMap: invalid input host AOV zmfeywSemanticLabelTokenSDhost.
2026-10-10T05:09:24Z [189,695ms] [Warning] [omni.syntheticdata.plugin] OgnSdSemanticLabelsMap: invalid input host AOV koudyxSemanticLabelTokenSDhost.
2026-10-10T05:09:24Z [189,700ms] [Warning] [omni.syntheticdata.plugin] OgnSdSemanticLabelsMap: invalid input AOV SemanticLabelTokenSD.
2026-10-10T05:09:24Z [189,700ms] [Warning] [omni.syntheticdata.plugin] OgnSdSemanticLabelsMap: invalid input AOV SemanticLabelTokenSD.
2026-10-10T05:09:24Z [189,703ms] [Warning] [omni.syntheticdata.plugin] OgnSdSemanticLabelsMap: invalid input host AOV zmfeywSemanticLabelTokenSDhost.
2026-10-10T05:09:24Z [189,703ms] [Warning] [omni.syntheticdata.plugin] OgnSdSemanticLabelsMap: invalid input host AOV koudyxSemanticLabelTokenSDhost.
2026-10-10T05:09:24Z [189,707ms] [Warning] [omni.syntheticdata.plugin] OgnSdSemanticLabelsMap: invalid input AOV SemanticLabelTokenSD.
2026-10-10T05:09:24Z [189,707ms] [Warning] [omni.syntheticdata.plugin] OgnSdSemanticLabelsMap: invalid input AOV SemanticLabelTokenSD.
2026-10-10T05:09:24Z [189,718ms] [Warning] [omni.syntheticdata.plugin] OgnSdSemanticLabelsMap: invalid input host AOV zmfeywSemanticLabelTokenSDhost.
2026-10-10T05:09:24Z [189,718ms] [Warning] [omni.syntheticdata.plugin] OgnSdSemanticLabelsMap: invalid input host AOV koudyxSemanticLabelTokenSDhost.
2026-10-10T05:09:24Z [189,721ms] [Warning] [omni.syntheticdata.plugin] OgnSdSemanticLabelsMap: invalid input AOV SemanticLabelTokenSD.
2026-10-10T05:09:24Z [189,721ms] [Warning] [omni.syntheticdata.plugin] OgnSdSemanticLabelsMap: invalid input AOV SemanticLabelTokenSD.
2026-10-10T05:09:24Z [189,725ms] [Warning] [omni.syntheticdata.plugin] OgnSdSemanticLabelsMap: invalid input host AOV zmfeywSemanticLabelTokenSDhost.
2026-10-10T05:09:24Z [189,725ms] [Warning] [omni.syntheticdata.plugin] OgnSdSemanticLabelsMap: invalid input host AOV koudyxSemanticLabelTokenSDhost.
2026-10-10T05:09:24Z [189,728ms] [Warning] [omni.syntheticdata.plugin] OgnSdSemanticLabelsMap: invalid input AOV SemanticLabelTokenSD.
2026-10-10T05:09:24Z [189,728ms] [Warning] [omni.syntheticdata.plugin] OgnSdSemanticLabelsMap: invalid input AOV SemanticLabelTokenSD.
2026-10-10T05:09:24Z [189,738ms] [Warning] [omni.syntheticdata.plugin] OgnSdSemanticLabelsMap: invalid input host AOV zmfeywSemanticLabelTokenSDhost.
2026-10-10T05:09:24Z [189,738ms] [Warning] [omni.syntheticdata.plugin] OgnSdSemanticLabelsMap: invalid input host AOV koudyxSemanticLabelTokenSDhost.
2026-10-10T05:09:24Z [189,741ms] [Warning] [omni.syntheticdata.plugin] OgnSdSemanticLabelsMap: invalid input AOV SemanticLabelTokenSD.
2026-10-10T05:09:24Z [189,741ms] [Warning] [omni.syntheticdata.plugin] OgnSdSemanticLabelsMap: invalid input AOV SemanticLabelTokenSD.
2026-10-10T05:09:24Z [189,747ms] [Warning] [omni.syntheticdata.plugin] OgnSdSemanticLabelsMap: invalid input host AOV zmfeywSemanticLabelTokenSDhost.
2026-10-10T05:09:24Z [189,747ms] [Warning] [omni.syntheticdata.plugin] OgnSdSemanticLabelsMap: invalid input host AOV koudyxSemanticLabelTokenSDhost.
2026-10-10T05:09:24Z [189,751ms] [Warning] [omni.syntheticdata.plugin] OgnSdSemanticLabelsMap: invalid input AOV SemanticLabelTokenSD.
2026-10-10T05:09:24Z [189,752ms] [Warning] [omni.syntheticdata.plugin] OgnSdSemanticLabelsMap: invalid input AOV SemanticLabelTokenSD.
2026-10-10T05:09:24Z [189,755ms] [Warning] [omni.syntheticdata.plugin] OgnSdSemanticLabelsMap: invalid input host AOV zmfeywSemanticLabelTokenSDhost.
2026-10-10T05:09:24Z [189,755ms] [Warning] [omni.syntheticdata.plugin] OgnSdSemanticLabelsMap: invalid input host AOV koudyxSemanticLabelTokenSDhost.
2026-10-10T05:09:24Z [189,760ms] [Warning] [omni.syntheticdata.plugin] OgnSdSemanticLabelsMap: invalid input AOV SemanticLabelTokenSD.
2026-10-10T05:09:24Z [189,760ms] [Warning] [omni.syntheticdata.plugin] OgnSdSemanticLabelsMap: invalid input AOV SemanticLabelTokenSD.
2026-10-10T05:09:24Z [189,771ms] [Warning] [omni.syntheticdata.plugin] OgnSdSemanticLabelsMap: invalid input host AOV zmfeywSemanticLabelTokenSDhost.
2026-10-10T05:09:24Z [189,771ms] [Warning] [omni.syntheticdata.plugin] OgnSdSemanticLabelsMap: invalid input host AOV koudyxSemanticLabelTokenSDhost.
2026-10-10T05:09:24Z [189,776ms] [Warning] [omni.syntheticdata.plugin] OgnSdSemanticLabelsMap: invalid input AOV SemanticLabelTokenSD.
2026-10-10T05:09:24Z [189,776ms] [Warning] [omni.syntheticdata.plugin] OgnSdSemanticLabelsMap: invalid input AOV SemanticLabelTokenSD.
2026-10-10T05:09:24Z [189,787ms] [Warning] [omni.syntheticdata.plugin] OgnSdSemanticLabelsMap: invalid input host AOV zmfeywSemanticLabelTokenSDhost.
2026-10-10T05:09:24Z [189,787ms] [Warning] [omni.syntheticdata.plugin] OgnSdSemanticLabelsMap: invalid input host AOV koudyxSemanticLabelTokenSDhost.
2026-10-10T05:09:24Z [189,791ms] [Warning] [omni.syntheticdata.plugin] OgnSdSemanticLabelsMap: invalid input AOV SemanticLabelTokenSD.
2026-10-10T05:09:24Z [189,791ms] [Warning] [omni.syntheticdata.plugin] OgnSdSemanticLabelsMap: invalid input AOV SemanticLabelTokenSD.
2026-10-10T05:09:24Z [189,802ms] [Warning] [omni.syntheticdata.plugin] OgnSdSemanticLabelsMap: invalid input host AOV zmfeywSemanticLabelTokenSDhost.
2026-10-10T05:09:24Z [189,802ms] [Warning] [omni.syntheticdata.plugin] OgnSdSemanticLabelsMap: invalid input host AOV koudyxSemanticLabelTokenSDhost.
2026-10-10T05:09:24Z [189,808ms] [Warning] [omni.syntheticdata.plugin] OgnSdSemanticLabelsMap: invalid input AOV SemanticLabelTokenSD.
2026-10-10T05:09:24Z [189,808ms] [Warning] [omni.syntheticdata.plugin] OgnSdSemanticLabelsMap: invalid input AOV SemanticLabelTokenSD.
2026-10-10T05:09:24Z [189,819ms] [Warning] [omni.syntheticdata.plugin] OgnSdSemanticLabelsMap: invalid input host AOV zmfeywSemanticLabelTokenSDhost.
2026-10-10T05:09:24Z [189,819ms] [Warning] [omni.syntheticdata.plugin] OgnSdSemanticLabelsMap: invalid input host AOV koudyxSemanticLabelTokenSDhost.
2026-10-10T05:09:24Z [189,824ms] [Warning] [omni.syntheticdata.plugin] OgnSdSemanticLabelsMap: invalid input AOV SemanticLabelTokenSD.
2026-10-10T05:09:24Z [189,824ms] [Warning] [omni.syntheticdata.plugin] OgnSdSemanticLabelsMap: invalid input AOV SemanticLabelTokenSD.
2026-10-10T05:09:24Z [189,827ms] [Warning] [omni.syntheticdata.plugin] OgnSdSemanticLabelsMap: invalid input host AOV zmfeywSemanticLabelTokenSDhost.
2026-10-10T05:09:24Z [189,827ms] [Warning] [omni.syntheticdata.plugin] OgnSdSemanticLabelsMap: invalid input host AOV koudyxSemanticLabelTokenSDhost.
2026-10-10T05:09:24Z [189,832ms] [Warning] [omni.syntheticdata.plugin] OgnSdSemanticLabelsMap: invalid input AOV SemanticLabelTokenSD.
2026-10-10T05:09:24Z [189,832ms] [Warning] [omni.syntheticdata.plugin] OgnSdSemanticLabelsMap: invalid input AOV SemanticLabelTokenSD.
2026-10-10T05:09:24Z [189,835ms] [Warning] [omni.syntheticdata.plugin] OgnSdSemanticLabelsMap: invalid input host AOV zmfeywSemanticLabelTokenSDhost.
2026-10-10T05:09:24Z [189,835ms] [Warning] [omni.syntheticdata.plugin] OgnSdSemanticLabelsMap: invalid input host AOV koudyxSemanticLabelTokenSDhost.
2026-10-10T05:09:24Z [189,839ms] [Warning] [omni.syntheticdata.plugin] OgnSdSemanticLabelsMap: invalid input AOV SemanticLabelTokenSD.
2026-10-10T05:09:24Z [189,839ms] [Warning] [omni.syntheticdata.plugin] OgnSdSemanticLabelsMap: invalid input AOV SemanticLabelTokenSD.
2026-10-10T05:09:24Z [189,842ms] [Warning] [omni.syntheticdata.plugin] OgnSdSemanticLabelsMap: invalid input host AOV zmfeywSemanticLabelTokenSDhost.
2026-10-10T05:09:24Z [189,842ms] [Warning] [omni.syntheticdata.plugin] OgnSdSemanticLabelsMap: invalid input host AOV koudyxSemanticLabelTokenSDhost.
2026-10-10T05:09:24Z [189,847ms] [Warning] [omni.syntheticdata.plugin] OgnSdSemanticLabelsMap: invalid input AOV SemanticLabelTokenSD.
2026-10-10T05:09:24Z [189,847ms] [Warning] [omni.syntheticdata.plugin] OgnSdSemanticLabelsMap: invalid input AOV SemanticLabelTokenSD.
2026-10-10T05:09:24Z [189,857ms] [Warning] [omni.syntheticdata.plugin] OgnSdSemanticLabelsMap: invalid input host AOV zmfeywSemanticLabelTokenSDhost.
2026-10-10T05:09:24Z [189,857ms] [Warning] [omni.syntheticdata.plugin] OgnSdSemanticLabelsMap: invalid input host AOV koudyxSemanticLabelTokenSDhost.
2026-10-10T05:09:24Z [189,862ms] [Warning] [omni.syntheticdata.plugin] OgnSdSemanticLabelsMap: invalid input AOV SemanticLabelTokenSD.
2026-10-10T05:09:24Z [189,862ms] [Warning] [omni.syntheticdata.plugin] OgnSdSemanticLabelsMap: invalid input AOV SemanticLabelTokenSD.
2026-10-10T05:09:24Z [189,872ms] [Warning] [omni.syntheticdata.plugin] OgnSdSemanticLabelsMap: invalid input host AOV zmfeywSemanticLabelTokenSDhost.
2026-10-10T05:09:24Z [189,872ms] [Warning] [omni.syntheticdata.plugin] OgnSdSemanticLabelsMap: invalid input host AOV koudyxSemanticLabelTokenSDhost.
2026-10-10T05:09:24Z [189,878ms] [Warning] [omni.syntheticdata.plugin] OgnSdSemanticLabelsMap: invalid input AOV SemanticLabelTokenSD.
2026-10-10T05:09:24Z [189,878ms] [Warning] [omni.syntheticdata.plugin] OgnSdSemanticLabelsMap: invalid input AOV SemanticLabelTokenSD.
2026-10-10T05:09:24Z [189,883ms] [Warning] [omni.syntheticdata.plugin] OgnSdSemanticLabelsMap: invalid input host AOV zmfeywSemanticLabelTokenSDhost.
2026-10-10T05:09:24Z [189,883ms] [Warning] [omni.syntheticdata.plugin] OgnSdSemanticLabelsMap: invalid input host AOV koudyxSemanticLabelTokenSDhost.
2026-10-10T05:09:24Z [189,889ms] [Warning] [omni.syntheticdata.plugin] OgnSdSemanticLabelsMap: invalid input AOV SemanticLabelTokenSD.
2026-10-10T05:09:24Z [189,889ms] [Warning] [omni.syntheticdata.plugin] OgnSdSemanticLabelsMap: invalid input AOV SemanticLabelTokenSD.
2026-10-10T05:09:24Z [189,899ms] [Warning] [omni.syntheticdata.plugin] OgnSdSemanticLabelsMap: invalid input host AOV zmfeywSemanticLabelTokenSDhost.
2026-10-10T05:09:24Z [189,899ms] [Warning] [omni.syntheticdata.plugin] OgnSdSemanticLabelsMap: invalid input host AOV koudyxSemanticLabelTokenSDhost.
2026-10-10T05:09:24Z [189,904ms] [Warning] [omni.syntheticdata.plugin] OgnSdSemanticLabelsMap: invalid input AOV SemanticLabelTokenSD.
2026-10-10T05:09:24Z [189,904ms] [Warning] [omni.syntheticdata.plugin] OgnSdSemanticLabelsMap: invalid input AOV SemanticLabelTokenSD.
2026-10-10T05:09:24Z [189,909ms] [Warning] [omni.syntheticdata.plugin] OgnSdSemanticLabelsMap: invalid input host AOV zmfeywSemanticLabelTokenSDhost.
2026-10-10T05:09:24Z [189,910ms] [Warning] [omni.syntheticdata.plugin] OgnSdSemanticLabelsMap: invalid input host AOV koudyxSemanticLabelTokenSDhost.
2026-10-10T05:09:24Z [189,914ms] [Warning] [omni.syntheticdata.plugin] OgnSdSemanticLabelsMap: invalid input AOV SemanticLabelTokenSD.
2026-10-10T05:09:24Z [189,914ms] [Warning] [omni.syntheticdata.plugin] OgnSdSemanticLabelsMap: invalid input AOV SemanticLabelTokenSD.
2026-10-10T05:09:24Z [189,924ms] [Warning] [omni.syntheticdata.plugin] OgnSdSemanticLabelsMap: invalid input host AOV zmfeywSemanticLabelTokenSDhost.
2026-10-10T05:09:24Z [189,924ms] [Warning] [omni.syntheticdata.plugin] OgnSdSemanticLabelsMap: invalid input host AOV koudyxSemanticLabelTokenSDhost.
2026-10-10T05:09:24Z [189,928ms] [Warning] [omni.syntheticdata.plugin] OgnSdSemanticLabelsMap: invalid input AOV SemanticLabelTokenSD.
2026-10-10T05:09:24Z [189,928ms] [Warning] [omni.syntheticdata.plugin] OgnSdSemanticLabelsMap: invalid input AOV SemanticLabelTokenSD.
2026-10-10T05:09:24Z [189,931ms] [Warning] [omni.syntheticdata.plugin] OgnSdSemanticLabelsMap: invalid input host AOV zmfeywSemanticLabelTokenSDhost.
2026-10-10T05:09:24Z [189,931ms] [Warning] [omni.syntheticdata.plugin] OgnSdSemanticLabelsMap: invalid input host AOV koudyxSemanticLabelTokenSDhost.
2026-10-10T05:09:24Z [189,938ms] [Warning] [omni.syntheticdata.plugin] OgnSdSemanticLabelsMap: invalid input AOV SemanticLabelTokenSD.
2026-10-10T05:09:24Z [189,938ms] [Warning] [omni.syntheticdata.plugin] OgnSdSemanticLabelsMap: invalid input AOV SemanticLabelTokenSD.
2026-10-10T05:09:24Z [189,941ms] [Warning] [omni.syntheticdata.plugin] OgnSdSemanticLabelsMap: invalid input host AOV zmfeywSemanticLabelTokenSDhost.
2026-10-10T05:09:24Z [189,941ms] [Warning] [omni.syntheticdata.plugin] OgnSdSemanticLabelsMap: invalid input host AOV koudyxSemanticLabelTokenSDhost.
2026-10-10T05:09:24Z [189,945ms] [Warning] [omni.syntheticdata.plugin] OgnSdSemanticLabelsMap: invalid input AOV SemanticLabelTokenSD.
2026-10-10T05:09:24Z [189,945ms] [Warning] [omni.syntheticdata.plugin] OgnSdSemanticLabelsMap: invalid input AOV SemanticLabelTokenSD.
2026-10-10T05:09:24Z [189,950ms] [Warning] [omni.syntheticdata.plugin] OgnSdSemanticLabelsMap: invalid input host AOV zmfeywSemanticLabelTokenSDhost.
2026-10-10T05:09:24Z [189,950ms] [Warning] [omni.syntheticdata.plugin] OgnSdSemanticLabelsMap: invalid input host AOV koudyxSemanticLabelTokenSDhost.
2026-10-10T05:09:24Z [189,954ms] [Warning] [omni.syntheticdata.plugin] OgnSdSemanticLabelsMap: invalid input AOV SemanticLabelTokenSD.
2026-10-10T05:09:24Z [189,954ms] [Warning] [omni.syntheticdata.plugin] OgnSdSemanticLabelsMap: invalid input AOV SemanticLabelTokenSD.
2026-10-10T05:09:24Z [189,958ms] [Warning] [omni.syntheticdata.plugin] OgnSdSemanticLabelsMap: invalid input host AOV zmfeywSemanticLabelTokenSDhost.
2026-10-10T05:09:24Z [189,958ms] [Warning] [omni.syntheticdata.plugin] OgnSdSemanticLabelsMap: invalid input host AOV koudyxSemanticLabelTokenSDhost.
2026-10-10T05:09:24Z [189,961ms] [Warning] [omni.syntheticdata.plugin] OgnSdSemanticLabelsMap: invalid input AOV SemanticLabelTokenSD.
2026-10-10T05:09:24Z [189,961ms] [Warning] [omni.syntheticdata.plugin] OgnSdSemanticLabelsMap: invalid input AOV SemanticLabelTokenSD.
2026-10-10T05:09:24Z [189,966ms] [Warning] [omni.syntheticdata.plugin] OgnSdSemanticLabelsMap: invalid input host AOV zmfeywSemanticLabelTokenSDhost.
2026-10-10T05:09:24Z [189,966ms] [Warning] [omni.syntheticdata.plugin] OgnSdSemanticLabelsMap: invalid input host AOV koudyxSemanticLabelTokenSDhost.
2026-10-10T05:09:24Z [189,969ms] [Warning] [omni.syntheticdata.plugin] OgnSdSemanticLabelsMap: invalid input AOV SemanticLabelTokenSD.
2026-10-10T05:09:24Z [189,970ms] [Warning] [omni.syntheticdata.plugin] OgnSdSemanticLabelsMap: invalid input AOV SemanticLabelTokenSD.
2026-10-10T05:09:24Z [189,973ms] [Warning] [omni.syntheticdata.plugin] OgnSdSemanticLabelsMap: invalid input host AOV zmfeywSemanticLabelTokenSDhost.
2026-10-10T05:09:24Z [189,973ms] [Warning] [omni.syntheticdata.plugin] OgnSdSemanticLabelsMap: invalid input host AOV koudyxSemanticLabelTokenSDhost.
2026-10-10T05:09:24Z [189,976ms] [Warning] [omni.syntheticdata.plugin] OgnSdSemanticLabelsMap: invalid input AOV SemanticLabelTokenSD.
2026-10-10T05:09:24Z [189,976ms] [Warning] [omni.syntheticdata.plugin] OgnSdSemanticLabelsMap: invalid input AOV SemanticLabelTokenSD.
2026-10-10T05:09:24Z [189,980ms] [Warning] [omni.syntheticdata.plugin] OgnSdSemanticLabelsMap: invalid input host AOV zmfeywSemanticLabelTokenSDhost.
2026-10-10T05:09:24Z [189,980ms] [Warning] [omni.syntheticdata.plugin] OgnSdSemanticLabelsMap: invalid input host AOV koudyxSemanticLabelTokenSDhost.
2026-10-10T05:09:24Z [189,984ms] [Warning] [omni.syntheticdata.plugin] OgnSdSemanticLabelsMap: invalid input AOV SemanticLabelTokenSD.
2026-10-10T05:09:24Z [189,984ms] [Warning] [omni.syntheticdata.plugin] OgnSdSemanticLabelsMap: invalid input AOV SemanticLabelTokenSD.
2026-10-10T05:09:24Z [189,988ms] [Warning] [omni.syntheticdata.plugin] OgnSdSemanticLabelsMap: invalid input host AOV zmfeywSemanticLabelTokenSDhost.
2026-10-10T05:09:24Z [189,988ms] [Warning] [omni.syntheticdata.plugin] OgnSdSemanticLabelsMap: invalid input host AOV koudyxSemanticLabelTokenSDhost.
2026-10-10T05:09:24Z [189,992ms] [Warning] [omni.syntheticdata.plugin] OgnSdSemanticLabelsMap: invalid input AOV SemanticLabelTokenSD.
2026-10-10T05:09:24Z [189,992ms] [Warning] [omni.syntheticdata.plugin] OgnSdSemanticLabelsMap: invalid input AOV SemanticLabelTokenSD.
2026-10-10T05:09:24Z [189,996ms] [Warning] [omni.syntheticdata.plugin] OgnSdSemanticLabelsMap: invalid input host AOV zmfeywSemanticLabelTokenSDhost.
2026-10-10T05:09:24Z [189,996ms] [Warning] [omni.syntheticdata.plugin] OgnSdSemanticLabelsMap: invalid input host AOV koudyxSemanticLabelTokenSDhost.
2026-10-10T05:09:24Z [189,999ms] [Warning] [omni.syntheticdata.plugin] OgnSdSemanticLabelsMap: invalid input AOV SemanticLabelTokenSD.
2026-10-10T05:09:24Z [189,999ms] [Warning] [omni.syntheticdata.plugin] OgnSdSemanticLabelsMap: invalid input AOV SemanticLabelTokenSD.
2026-10-10T05:09:24Z [190,004ms] [Warning] [omni.syntheticdata.plugin] OgnSdSemanticLabelsMap: invalid input host AOV zmfeywSemanticLabelTokenSDhost.
2026-10-10T05:09:24Z [190,004ms] [Warning] [omni.syntheticdata.plugin] OgnSdSemanticLabelsMap: invalid input host AOV koudyxSemanticLabelTokenSDhost.
2026-10-10T05:09:24Z [190,008ms] [Warning] [omni.syntheticdata.plugin] OgnSdSemanticLabelsMap: invalid input AOV SemanticLabelTokenSD.
2026-10-10T05:09:24Z [190,008ms] [Warning] [omni.syntheticdata.plugin] OgnSdSemanticLabelsMap: invalid input AOV SemanticLabelTokenSD.
2026-10-10T05:09:24Z [190,019ms] [Warning] [omni.syntheticdata.plugin] OgnSdSemanticLabelsMap: invalid input host AOV zmfeywSemanticLabelTokenSDhost.
2026-10-10T05:09:24Z [190,019ms] [Warning] [omni.syntheticdata.plugin] OgnSdSemanticLabelsMap: invalid input host AOV koudyxSemanticLabelTokenSDhost.
2026-10-10T05:09:24Z [190,025ms] [Warning] [omni.syntheticdata.plugin] OgnSdSemanticLabelsMap: invalid input AOV SemanticLabelTokenSD.
2026-10-10T05:09:24Z [190,025ms] [Warning] [omni.syntheticdata.plugin] OgnSdSemanticLabelsMap: invalid input AOV SemanticLabelTokenSD.
2026-10-10T05:09:24Z [190,030ms] [Warning] [omni.syntheticdata.plugin] OgnSdSemanticLabelsMap: invalid input host AOV zmfeywSemanticLabelTokenSDhost.
2026-10-10T05:09:24Z [190,030ms] [Warning] [omni.syntheticdata.plugin] OgnSdSemanticLabelsMap: invalid input host AOV koudyxSemanticLabelTokenSDhost.
2026-10-10T05:09:24Z [190,035ms] [Warning] [omni.syntheticdata.plugin] OgnSdSemanticLabelsMap: invalid input AOV SemanticLabelTokenSD.
2026-10-10T05:09:24Z [190,035ms] [Warning] [omni.syntheticdata.plugin] OgnSdSemanticLabelsMap: invalid input AOV SemanticLabelTokenSD.
2026-10-10T05:09:24Z [190,048ms] [Warning] [omni.syntheticdata.plugin] OgnSdSemanticLabelsMap: invalid input host AOV zmfeywSemanticLabelTokenSDhost.
2026-10-10T05:09:24Z [190,048ms] [Warning] [omni.syntheticdata.plugin] OgnSdSemanticLabelsMap: invalid input host AOV koudyxSemanticLabelTokenSDhost.
2026-10-10T05:09:24Z [190,053ms] [Warning] [omni.syntheticdata.plugin] OgnSdSemanticLabelsMap: invalid input AOV SemanticLabelTokenSD.
2026-10-10T05:09:24Z [190,053ms] [Warning] [omni.syntheticdata.plugin] OgnSdSemanticLabelsMap: invalid input AOV SemanticLabelTokenSD.
2026-10-10T05:09:24Z [190,058ms] [Warning] [omni.syntheticdata.plugin] OgnSdSemanticLabelsMap: invalid input host AOV zmfeywSemanticLabelTokenSDhost.
2026-10-10T05:09:24Z [190,058ms] [Warning] [omni.syntheticdata.plugin] OgnSdSemanticLabelsMap: invalid input host AOV koudyxSemanticLabelTokenSDhost.
2026-10-10T05:09:24Z [190,062ms] [Warning] [omni.syntheticdata.plugin] OgnSdSemanticLabelsMap: invalid input AOV SemanticLabelTokenSD.
2026-10-10T05:09:24Z [190,062ms] [Warning] [omni.syntheticdata.plugin] OgnSdSemanticLabelsMap: invalid input AOV SemanticLabelTokenSD.
2026-10-10T05:09:24Z [190,073ms] [Warning] [omni.syntheticdata.plugin] OgnSdSemanticLabelsMap: invalid input host AOV zmfeywSemanticLabelTokenSDhost.
2026-10-10T05:09:24Z [190,073ms] [Warning] [omni.syntheticdata.plugin] OgnSdSemanticLabelsMap: invalid input host AOV koudyxSemanticLabelTokenSDhost.
2026-10-10T05:09:24Z [190,077ms] [Warning] [omni.syntheticdata.plugin] OgnSdSemanticLabelsMap: invalid input AOV SemanticLabelTokenSD.
2026-10-10T05:09:24Z [190,077ms] [Warning] [omni.syntheticdata.plugin] OgnSdSemanticLabelsMap: invalid input AOV SemanticLabelTokenSD.
2026-10-10T05:09:24Z [190,084ms] [Warning] [omni.syntheticdata.plugin] OgnSdSemanticLabelsMap: invalid input host AOV zmfeywSemanticLabelTokenSDhost.
2026-10-10T05:09:24Z [190,084ms] [Warning] [omni.syntheticdata.plugin] OgnSdSemanticLabelsMap: invalid input host AOV koudyxSemanticLabelTokenSDhost.
2026-10-10T05:09:24Z [190,089ms] [Warning] [omni.syntheticdata.plugin] OgnSdSemanticLabelsMap: invalid input AOV SemanticLabelTokenSD.
2026-10-10T05:09:24Z [190,089ms] [Warning] [omni.syntheticdata.plugin] OgnSdSemanticLabelsMap: invalid input AOV SemanticLabelTokenSD.
2026-10-10T05:09:24Z [190,101ms] [Warning] [omni.syntheticdata.plugin] OgnSdSemanticLabelsMap: invalid input host AOV zmfeywSemanticLabelTokenSDhost.
2026-10-10T05:09:24Z [190,101ms] [Warning] [omni.syntheticdata.plugin] OgnSdSemanticLabelsMap: invalid input host AOV koudyxSemanticLabelTokenSDhost.
2026-10-10T05:09:24Z [190,106ms] [Warning] [omni.syntheticdata.plugin] OgnSdSemanticLabelsMap: invalid input AOV SemanticLabelTokenSD.
2026-10-10T05:09:24Z [190,106ms] [Warning] [omni.syntheticdata.plugin] OgnSdSemanticLabelsMap: invalid input AOV SemanticLabelTokenSD.
2026-10-10T05:09:24Z [190,110ms] [Warning] [omni.syntheticdata.plugin] OgnSdSemanticLabelsMap: invalid input host AOV zmfeywSemanticLabelTokenSDhost.
2026-10-10T05:09:24Z [190,110ms] [Warning] [omni.syntheticdata.plugin] OgnSdSemanticLabelsMap: invalid input host AOV koudyxSemanticLabelTokenSDhost.
2026-10-10T05:09:24Z [190,115ms] [Warning] [omni.syntheticdata.plugin] OgnSdSemanticLabelsMap: invalid input AOV SemanticLabelTokenSD.
2026-10-10T05:09:24Z [190,115ms] [Warning] [omni.syntheticdata.plugin] OgnSdSemanticLabelsMap: invalid input AOV SemanticLabelTokenSD.
2026-10-10T05:09:24Z [190,124ms] [Warning] [omni.syntheticdata.plugin] OgnSdSemanticLabelsMap: invalid input host AOV zmfeywSemanticLabelTokenSDhost.
2026-10-10T05:09:24Z [190,124ms] [Warning] [omni.syntheticdata.plugin] OgnSdSemanticLabelsMap: invalid input host AOV koudyxSemanticLabelTokenSDhost.
2026-10-10T05:09:24Z [190,129ms] [Warning] [omni.syntheticdata.plugin] OgnSdSemanticLabelsMap: invalid input AOV SemanticLabelTokenSD.
2026-10-10T05:09:24Z [190,129ms] [Warning] [omni.syntheticdata.plugin] OgnSdSemanticLabelsMap: invalid input AOV SemanticLabelTokenSD.
2026-10-10T05:09:24Z [190,141ms] [Warning] [omni.syntheticdata.plugin] OgnSdSemanticLabelsMap: invalid input host AOV zmfeywSemanticLabelTokenSDhost.
2026-10-10T05:09:24Z [190,141ms] [Warning] [omni.syntheticdata.plugin] OgnSdSemanticLabelsMap: invalid input host AOV koudyxSemanticLabelTokenSDhost.
2026-10-10T05:09:24Z [190,145ms] [Warning] [omni.syntheticdata.plugin] OgnSdSemanticLabelsMap: invalid input AOV SemanticLabelTokenSD.
2026-10-10T05:09:24Z [190,145ms] [Warning] [omni.syntheticdata.plugin] OgnSdSemanticLabelsMap: invalid input AOV SemanticLabelTokenSD.
2026-10-10T05:09:24Z [190,148ms] [Warning] [omni.syntheticdata.plugin] OgnSdSemanticLabelsMap: invalid input host AOV zmfeywSemanticLabelTokenSDhost.
2026-10-10T05:09:24Z [190,148ms] [Warning] [omni.syntheticdata.plugin] OgnSdSemanticLabelsMap: invalid input host AOV koudyxSemanticLabelTokenSDhost.
2026-10-10T05:09:24Z [190,151ms] [Warning] [omni.syntheticdata.plugin] OgnSdSemanticLabelsMap: invalid input AOV SemanticLabelTokenSD.
2026-10-10T05:09:24Z [190,151ms] [Warning] [omni.syntheticdata.plugin] OgnSdSemanticLabelsMap: invalid input AOV SemanticLabelTokenSD.
2026-10-10T05:09:24Z [190,161ms] [Warning] [omni.syntheticdata.plugin] OgnSdSemanticLabelsMap: invalid input host AOV zmfeywSemanticLabelTokenSDhost.
2026-10-10T05:09:24Z [190,161ms] [Warning] [omni.syntheticdata.plugin] OgnSdSemanticLabelsMap: invalid input host AOV koudyxSemanticLabelTokenSDhost.
2026-10-10T05:09:24Z [190,164ms] [Warning] [omni.syntheticdata.plugin] OgnSdSemanticLabelsMap: invalid input AOV SemanticLabelTokenSD.
2026-10-10T05:09:24Z [190,164ms] [Warning] [omni.syntheticdata.plugin] OgnSdSemanticLabelsMap: invalid input AOV SemanticLabelTokenSD.
2026-10-10T05:09:24Z [190,168ms] [Warning] [omni.syntheticdata.plugin] OgnSdSemanticLabelsMap: invalid input host AOV zmfeywSemanticLabelTokenSDhost.
2026-10-10T05:09:24Z [190,168ms] [Warning] [omni.syntheticdata.plugin] OgnSdSemanticLabelsMap: invalid input host AOV koudyxSemanticLabelTokenSDhost.
2026-10-10T05:09:24Z [190,171ms] [Warning] [omni.syntheticdata.plugin] OgnSdSemanticLabelsMap: invalid input AOV SemanticLabelTokenSD.
2026-10-10T05:09:24Z [190,172ms] [Warning] [omni.syntheticdata.plugin] OgnSdSemanticLabelsMap: invalid input AOV SemanticLabelTokenSD.
2026-10-10T05:09:24Z [190,181ms] [Warning] [omni.syntheticdata.plugin] OgnSdSemanticLabelsMap: invalid input host AOV zmfeywSemanticLabelTokenSDhost.
2026-10-10T05:09:24Z [190,181ms] [Warning] [omni.syntheticdata.plugin] OgnSdSemanticLabelsMap: invalid input host AOV koudyxSemanticLabelTokenSDhost.
2026-10-10T05:09:24Z [190,185ms] [Warning] [omni.syntheticdata.plugin] OgnSdSemanticLabelsMap: invalid input AOV SemanticLabelTokenSD.
2026-10-10T05:09:24Z [190,185ms] [Warning] [omni.syntheticdata.plugin] OgnSdSemanticLabelsMap: invalid input AOV SemanticLabelTokenSD.
2026-10-10T05:09:24Z [190,188ms] [Warning] [omni.syntheticdata.plugin] OgnSdSemanticLabelsMap: invalid input host AOV zmfeywSemanticLabelTokenSDhost.
2026-10-10T05:09:24Z [190,188ms] [Warning] [omni.syntheticdata.plugin] OgnSdSemanticLabelsMap: invalid input host AOV koudyxSemanticLabelTokenSDhost.
2026-10-10T05:09:24Z [190,192ms] [Warning] [omni.syntheticdata.plugin] OgnSdSemanticLabelsMap: invalid input AOV SemanticLabelTokenSD.
2026-10-10T05:09:24Z [190,192ms] [Warning] [omni.syntheticdata.plugin] OgnSdSemanticLabelsMap: invalid input AOV SemanticLabelTokenSD.
2026-10-10T05:09:24Z [190,195ms] [Warning] [omni.syntheticdata.plugin] OgnSdSemanticLabelsMap: invalid input host AOV zmfeywSemanticLabelTokenSDhost.
2026-10-10T05:09:24Z [190,195ms] [Warning] [omni.syntheticdata.plugin] OgnSdSemanticLabelsMap: invalid input host AOV koudyxSemanticLabelTokenSDhost.
2026-10-10T05:09:24Z [190,198ms] [Warning] [omni.syntheticdata.plugin] OgnSdSemanticLabelsMap: invalid input AOV SemanticLabelTokenSD.
2026-10-10T05:09:24Z [190,198ms] [Warning] [omni.syntheticdata.plugin] OgnSdSemanticLabelsMap: invalid input AOV SemanticLabelTokenSD.
2026-10-10T05:09:24Z [190,201ms] [Warning] [omni.syntheticdata.plugin] OgnSdSemanticLabelsMap: invalid input host AOV zmfeywSemanticLabelTokenSDhost.
2026-10-10T05:09:24Z [190,201ms] [Warning] [omni.syntheticdata.plugin] OgnSdSemanticLabelsMap: invalid input host AOV koudyxSemanticLabelTokenSDhost.
2026-10-10T05:09:24Z [190,205ms] [Warning] [omni.syntheticdata.plugin] OgnSdSemanticLabelsMap: invalid input AOV SemanticLabelTokenSD.
2026-10-10T05:09:24Z [190,205ms] [Warning] [omni.syntheticdata.plugin] OgnSdSemanticLabelsMap: invalid input AOV SemanticLabelTokenSD.
2026-10-10T05:09:24Z [190,216ms] [Warning] [omni.syntheticdata.plugin] OgnSdSemanticLabelsMap: invalid input host AOV zmfeywSemanticLabelTokenSDhost.
2026-10-10T05:09:24Z [190,216ms] [Warning] [omni.syntheticdata.plugin] OgnSdSemanticLabelsMap: invalid input host AOV koudyxSemanticLabelTokenSDhost.
2026-10-10T05:09:24Z [190,222ms] [Warning] [omni.syntheticdata.plugin] OgnSdSemanticLabelsMap: invalid input AOV SemanticLabelTokenSD.
2026-10-10T05:09:24Z [190,222ms] [Warning] [omni.syntheticdata.plugin] OgnSdSemanticLabelsMap: invalid input AOV SemanticLabelTokenSD.
2026-10-10T05:09:24Z [190,231ms] [Warning] [omni.syntheticdata.plugin] OgnSdSemanticLabelsMap: invalid input host AOV zmfeywSemanticLabelTokenSDhost.
2026-10-10T05:09:24Z [190,232ms] [Warning] [omni.syntheticdata.plugin] OgnSdSemanticLabelsMap: invalid input host AOV koudyxSemanticLabelTokenSDhost.
2026-10-10T05:09:24Z [190,236ms] [Warning] [omni.syntheticdata.plugin] OgnSdSemanticLabelsMap: invalid input AOV SemanticLabelTokenSD.
2026-10-10T05:09:24Z [190,236ms] [Warning] [omni.syntheticdata.plugin] OgnSdSemanticLabelsMap: invalid input AOV SemanticLabelTokenSD.
2026-10-10T05:09:24Z [190,243ms] [Warning] [omni.syntheticdata.plugin] OgnSdSemanticLabelsMap: invalid input host AOV zmfeywSemanticLabelTokenSDhost.
2026-10-10T05:09:24Z [190,243ms] [Warning] [omni.syntheticdata.plugin] OgnSdSemanticLabelsMap: invalid input host AOV koudyxSemanticLabelTokenSDhost.
2026-10-10T05:09:24Z [190,247ms] [Warning] [omni.syntheticdata.plugin] OgnSdSemanticLabelsMap: invalid input AOV SemanticLabelTokenSD.
2026-10-10T05:09:24Z [190,247ms] [Warning] [omni.syntheticdata.plugin] OgnSdSemanticLabelsMap: invalid input AOV SemanticLabelTokenSD.
2026-10-10T05:09:24Z [190,258ms] [Warning] [omni.syntheticdata.plugin] OgnSdSemanticLabelsMap: invalid input host AOV zmfeywSemanticLabelTokenSDhost.
2026-10-10T05:09:24Z [190,258ms] [Warning] [omni.syntheticdata.plugin] OgnSdSemanticLabelsMap: invalid input host AOV koudyxSemanticLabelTokenSDhost.
2026-10-10T05:09:24Z [190,262ms] [Warning] [omni.syntheticdata.plugin] OgnSdSemanticLabelsMap: invalid input AOV SemanticLabelTokenSD.
2026-10-10T05:09:24Z [190,262ms] [Warning] [omni.syntheticdata.plugin] OgnSdSemanticLabelsMap: invalid input AOV SemanticLabelTokenSD.
2026-10-10T05:09:24Z [190,266ms] [Warning] [omni.syntheticdata.plugin] OgnSdSemanticLabelsMap: invalid input host AOV zmfeywSemanticLabelTokenSDhost.
2026-10-10T05:09:24Z [190,266ms] [Warning] [omni.syntheticdata.plugin] OgnSdSemanticLabelsMap: invalid input host AOV koudyxSemanticLabelTokenSDhost.
2026-10-10T05:09:24Z [190,271ms] [Warning] [omni.syntheticdata.plugin] OgnSdSemanticLabelsMap: invalid input AOV SemanticLabelTokenSD.
2026-10-10T05:09:24Z [190,271ms] [Warning] [omni.syntheticdata.plugin] OgnSdSemanticLabelsMap: invalid input AOV SemanticLabelTokenSD.
2026-10-10T05:09:24Z [190,281ms] [Warning] [omni.syntheticdata.plugin] OgnSdSemanticLabelsMap: invalid input host AOV zmfeywSemanticLabelTokenSDhost.
2026-10-10T05:09:24Z [190,281ms] [Warning] [omni.syntheticdata.plugin] OgnSdSemanticLabelsMap: invalid input host AOV koudyxSemanticLabelTokenSDhost.
2026-10-10T05:09:24Z [190,285ms] [Warning] [omni.syntheticdata.plugin] OgnSdSemanticLabelsMap: invalid input AOV SemanticLabelTokenSD.
2026-10-10T05:09:24Z [190,285ms] [Warning] [omni.syntheticdata.plugin] OgnSdSemanticLabelsMap: invalid input AOV SemanticLabelTokenSD.
2026-10-10T05:09:24Z [190,289ms] [Warning] [omni.syntheticdata.plugin] OgnSdSemanticLabelsMap: invalid input host AOV zmfeywSemanticLabelTokenSDhost.
2026-10-10T05:09:24Z [190,289ms] [Warning] [omni.syntheticdata.plugin] OgnSdSemanticLabelsMap: invalid input host AOV koudyxSemanticLabelTokenSDhost.
2026-10-10T05:09:24Z [190,295ms] [Warning] [omni.syntheticdata.plugin] OgnSdSemanticLabelsMap: invalid input AOV SemanticLabelTokenSD.
2026-10-10T05:09:24Z [190,295ms] [Warning] [omni.syntheticdata.plugin] OgnSdSemanticLabelsMap: invalid input AOV SemanticLabelTokenSD.
2026-10-10T05:09:24Z [190,298ms] [Warning] [omni.syntheticdata.plugin] OgnSdSemanticLabelsMap: invalid input host AOV zmfeywSemanticLabelTokenSDhost.
2026-10-10T05:09:24Z [190,298ms] [Warning] [omni.syntheticdata.plugin] OgnSdSemanticLabelsMap: invalid input host AOV koudyxSemanticLabelTokenSDhost.
2026-10-10T05:09:24Z [190,301ms] [Warning] [omni.syntheticdata.plugin] OgnSdSemanticLabelsMap: invalid input AOV SemanticLabelTokenSD.
2026-10-10T05:09:24Z [190,301ms] [Warning] [omni.syntheticdata.plugin] OgnSdSemanticLabelsMap: invalid input AOV SemanticLabelTokenSD.
2026-10-10T05:09:24Z [190,311ms] [Warning] [omni.syntheticdata.plugin] OgnSdSemanticLabelsMap: invalid input host AOV zmfeywSemanticLabelTokenSDhost.
2026-10-10T05:09:24Z [190,311ms] [Warning] [omni.syntheticdata.plugin] OgnSdSemanticLabelsMap: invalid input host AOV koudyxSemanticLabelTokenSDhost.
2026-10-10T05:09:24Z [190,316ms] [Warning] [omni.syntheticdata.plugin] OgnSdSemanticLabelsMap: invalid input AOV SemanticLabelTokenSD.
2026-10-10T05:09:24Z [190,316ms] [Warning] [omni.syntheticdata.plugin] OgnSdSemanticLabelsMap: invalid input AOV SemanticLabelTokenSD.
2026-10-10T05:09:24Z [190,320ms] [Warning] [omni.syntheticdata.plugin] OgnSdSemanticLabelsMap: invalid input host AOV zmfeywSemanticLabelTokenSDhost.
2026-10-10T05:09:24Z [190,320ms] [Warning] [omni.syntheticdata.plugin] OgnSdSemanticLabelsMap: invalid input host AOV koudyxSemanticLabelTokenSDhost.
2026-10-10T05:09:24Z [190,326ms] [Warning] [omni.syntheticdata.plugin] OgnSdSemanticLabelsMap: invalid input AOV SemanticLabelTokenSD.
2026-10-10T05:09:24Z [190,326ms] [Warning] [omni.syntheticdata.plugin] OgnSdSemanticLabelsMap: invalid input AOV SemanticLabelTokenSD.
2026-10-10T05:09:24Z [190,337ms] [Warning] [omni.syntheticdata.plugin] OgnSdSemanticLabelsMap: invalid input host AOV zmfeywSemanticLabelTokenSDhost.
2026-10-10T05:09:24Z [190,337ms] [Warning] [omni.syntheticdata.plugin] OgnSdSemanticLabelsMap: invalid input host AOV koudyxSemanticLabelTokenSDhost.
2026-10-10T05:09:24Z [190,341ms] [Warning] [omni.syntheticdata.plugin] OgnSdSemanticLabelsMap: invalid input AOV SemanticLabelTokenSD.
2026-10-10T05:09:24Z [190,341ms] [Warning] [omni.syntheticdata.plugin] OgnSdSemanticLabelsMap: invalid input AOV SemanticLabelTokenSD.
2026-10-10T05:09:24Z [190,353ms] [Warning] [omni.syntheticdata.plugin] OgnSdSemanticLabelsMap: invalid input host AOV zmfeywSemanticLabelTokenSDhost.
2026-10-10T05:09:24Z [190,353ms] [Warning] [omni.syntheticdata.plugin] OgnSdSemanticLabelsMap: invalid input host AOV koudyxSemanticLabelTokenSDhost.
2026-10-10T05:09:24Z [190,357ms] [Warning] [omni.syntheticdata.plugin] OgnSdSemanticLabelsMap: invalid input AOV SemanticLabelTokenSD.
2026-10-10T05:09:24Z [190,357ms] [Warning] [omni.syntheticdata.plugin] OgnSdSemanticLabelsMap: invalid input AOV SemanticLabelTokenSD.
2026-10-10T05:09:24Z [190,369ms] [Warning] [omni.syntheticdata.plugin] OgnSdSemanticLabelsMap: invalid input host AOV zmfeywSemanticLabelTokenSDhost.
2026-10-10T05:09:24Z [190,369ms] [Warning] [omni.syntheticdata.plugin] OgnSdSemanticLabelsMap: invalid input host AOV koudyxSemanticLabelTokenSDhost.
2026-10-10T05:09:24Z [190,374ms] [Warning] [omni.syntheticdata.plugin] OgnSdSemanticLabelsMap: invalid input AOV SemanticLabelTokenSD.
2026-10-10T05:09:24Z [190,374ms] [Warning] [omni.syntheticdata.plugin] OgnSdSemanticLabelsMap: invalid input AOV SemanticLabelTokenSD.
2026-10-10T05:09:24Z [190,378ms] [Warning] [omni.syntheticdata.plugin] OgnSdSemanticLabelsMap: invalid input host AOV zmfeywSemanticLabelTokenSDhost.
2026-10-10T05:09:24Z [190,378ms] [Warning] [omni.syntheticdata.plugin] OgnSdSemanticLabelsMap: invalid input host AOV koudyxSemanticLabelTokenSDhost.
2026-10-10T05:09:24Z [190,381ms] [Warning] [omni.syntheticdata.plugin] OgnSdSemanticLabelsMap: invalid input AOV SemanticLabelTokenSD.
2026-10-10T05:09:24Z [190,381ms] [Warning] [omni.syntheticdata.plugin] OgnSdSemanticLabelsMap: invalid input AOV SemanticLabelTokenSD.
2026-10-10T05:09:24Z [190,384ms] [Warning] [omni.syntheticdata.plugin] OgnSdSemanticLabelsMap: invalid input host AOV zmfeywSemanticLabelTokenSDhost.
2026-10-10T05:09:24Z [190,384ms] [Warning] [omni.syntheticdata.plugin] OgnSdSemanticLabelsMap: invalid input host AOV koudyxSemanticLabelTokenSDhost.
2026-10-10T05:09:24Z [190,389ms] [Warning] [omni.syntheticdata.plugin] OgnSdSemanticLabelsMap: invalid input AOV SemanticLabelTokenSD.
2026-10-10T05:09:24Z [190,389ms] [Warning] [omni.syntheticdata.plugin] OgnSdSemanticLabelsMap: invalid input AOV SemanticLabelTokenSD.
2026-10-10T05:09:24Z [190,392ms] [Warning] [omni.syntheticdata.plugin] OgnSdSemanticLabelsMap: invalid input host AOV zmfeywSemanticLabelTokenSDhost.
2026-10-10T05:09:24Z [190,392ms] [Warning] [omni.syntheticdata.plugin] OgnSdSemanticLabelsMap: invalid input host AOV koudyxSemanticLabelTokenSDhost.
2026-10-10T05:09:24Z [190,397ms] [Warning] [omni.syntheticdata.plugin] OgnSdSemanticLabelsMap: invalid input AOV SemanticLabelTokenSD.
2026-10-10T05:09:24Z [190,397ms] [Warning] [omni.syntheticdata.plugin] OgnSdSemanticLabelsMap: invalid input AOV SemanticLabelTokenSD.
2026-10-10T05:09:24Z [190,400ms] [Warning] [omni.syntheticdata.plugin] OgnSdSemanticLabelsMap: invalid input host AOV zmfeywSemanticLabelTokenSDhost.
2026-10-10T05:09:24Z [190,400ms] [Warning] [omni.syntheticdata.plugin] OgnSdSemanticLabelsMap: invalid input host AOV koudyxSemanticLabelTokenSDhost.
2026-10-10T05:09:24Z [190,403ms] [Warning] [omni.syntheticdata.plugin] OgnSdSemanticLabelsMap: invalid input AOV SemanticLabelTokenSD.
2026-10-10T05:09:24Z [190,403ms] [Warning] [omni.syntheticdata.plugin] OgnSdSemanticLabelsMap: invalid input AOV SemanticLabelTokenSD.
2026-10-10T05:09:24Z [190,407ms] [Warning] [omni.syntheticdata.plugin] OgnSdSemanticLabelsMap: invalid input host AOV zmfeywSemanticLabelTokenSDhost.
2026-10-10T05:09:24Z [190,407ms] [Warning] [omni.syntheticdata.plugin] OgnSdSemanticLabelsMap: invalid input host AOV koudyxSemanticLabelTokenSDhost.
2026-10-10T05:09:24Z [190,412ms] [Warning] [omni.syntheticdata.plugin] OgnSdSemanticLabelsMap: invalid input AOV SemanticLabelTokenSD.
2026-10-10T05:09:24Z [190,412ms] [Warning] [omni.syntheticdata.plugin] OgnSdSemanticLabelsMap: invalid input AOV SemanticLabelTokenSD.
2026-10-10T05:09:24Z [190,422ms] [Warning] [omni.syntheticdata.plugin] OgnSdSemanticLabelsMap: invalid input host AOV zmfeywSemanticLabelTokenSDhost.
2026-10-10T05:09:24Z [190,423ms] [Warning] [omni.syntheticdata.plugin] OgnSdSemanticLabelsMap: invalid input host AOV koudyxSemanticLabelTokenSDhost.
2026-10-10T05:09:24Z [190,430ms] [Warning] [omni.syntheticdata.plugin] OgnSdSemanticLabelsMap: invalid input AOV SemanticLabelTokenSD.
2026-10-10T05:09:24Z [190,430ms] [Warning] [omni.syntheticdata.plugin] OgnSdSemanticLabelsMap: invalid input AOV SemanticLabelTokenSD.
2026-10-10T05:09:24Z [190,440ms] [Warning] [omni.syntheticdata.plugin] OgnSdSemanticLabelsMap: invalid input host AOV zmfeywSemanticLabelTokenSDhost.
2026-10-10T05:09:24Z [190,440ms] [Warning] [omni.syntheticdata.plugin] OgnSdSemanticLabelsMap: invalid input host AOV koudyxSemanticLabelTokenSDhost.
2026-10-10T05:09:24Z [190,446ms] [Warning] [omni.syntheticdata.plugin] OgnSdSemanticLabelsMap: invalid input AOV SemanticLabelTokenSD.
2026-10-10T05:09:24Z [190,446ms] [Warning] [omni.syntheticdata.plugin] OgnSdSemanticLabelsMap: invalid input AOV SemanticLabelTokenSD.
2026-10-10T05:09:24Z [190,451ms] [Warning] [omni.syntheticdata.plugin] OgnSdSemanticLabelsMap: invalid input host AOV zmfeywSemanticLabelTokenSDhost.
2026-10-10T05:09:24Z [190,451ms] [Warning] [omni.syntheticdata.plugin] OgnSdSemanticLabelsMap: invalid input host AOV koudyxSemanticLabelTokenSDhost.
2026-10-10T05:09:24Z [190,457ms] [Warning] [omni.syntheticdata.plugin] OgnSdSemanticLabelsMap: invalid input AOV SemanticLabelTokenSD.
2026-10-10T05:09:24Z [190,457ms] [Warning] [omni.syntheticdata.plugin] OgnSdSemanticLabelsMap: invalid input AOV SemanticLabelTokenSD.
2026-10-10T05:09:24Z [190,468ms] [Warning] [omni.syntheticdata.plugin] OgnSdSemanticLabelsMap: invalid input host AOV zmfeywSemanticLabelTokenSDhost.
2026-10-10T05:09:24Z [190,468ms] [Warning] [omni.syntheticdata.plugin] OgnSdSemanticLabelsMap: invalid input host AOV koudyxSemanticLabelTokenSDhost.
2026-10-10T05:09:24Z [190,473ms] [Warning] [omni.syntheticdata.plugin] OgnSdSemanticLabelsMap: invalid input AOV SemanticLabelTokenSD.
2026-10-10T05:09:24Z [190,473ms] [Warning] [omni.syntheticdata.plugin] OgnSdSemanticLabelsMap: invalid input AOV SemanticLabelTokenSD.
2026-10-10T05:09:24Z [190,484ms] [Warning] [omni.syntheticdata.plugin] OgnSdSemanticLabelsMap: invalid input host AOV zmfeywSemanticLabelTokenSDhost.
2026-10-10T05:09:24Z [190,484ms] [Warning] [omni.syntheticdata.plugin] OgnSdSemanticLabelsMap: invalid input host AOV koudyxSemanticLabelTokenSDhost.
2026-10-10T05:09:24Z [190,488ms] [Warning] [omni.syntheticdata.plugin] OgnSdSemanticLabelsMap: invalid input AOV SemanticLabelTokenSD.
2026-10-10T05:09:24Z [190,489ms] [Warning] [omni.syntheticdata.plugin] OgnSdSemanticLabelsMap: invalid input AOV SemanticLabelTokenSD.
2026-10-10T05:09:24Z [190,495ms] [Warning] [omni.syntheticdata.plugin] OgnSdSemanticLabelsMap: invalid input host AOV zmfeywSemanticLabelTokenSDhost.
2026-10-10T05:09:24Z [190,495ms] [Warning] [omni.syntheticdata.plugin] OgnSdSemanticLabelsMap: invalid input host AOV koudyxSemanticLabelTokenSDhost.
2026-10-10T05:09:24Z [190,501ms] [Warning] [omni.syntheticdata.plugin] OgnSdSemanticLabelsMap: invalid input AOV SemanticLabelTokenSD.
2026-10-10T05:09:24Z [190,501ms] [Warning] [omni.syntheticdata.plugin] OgnSdSemanticLabelsMap: invalid input AOV SemanticLabelTokenSD.
2026-10-10T05:09:24Z [190,504ms] [Warning] [omni.syntheticdata.plugin] OgnSdSemanticLabelsMap: invalid input host AOV zmfeywSemanticLabelTokenSDhost.
2026-10-10T05:09:24Z [190,504ms] [Warning] [omni.syntheticdata.plugin] OgnSdSemanticLabelsMap: invalid input host AOV koudyxSemanticLabelTokenSDhost.
2026-10-10T05:09:24Z [190,510ms] [Warning] [omni.syntheticdata.plugin] OgnSdSemanticLabelsMap: invalid input AOV SemanticLabelTokenSD.
2026-10-10T05:09:24Z [190,510ms] [Warning] [omni.syntheticdata.plugin] OgnSdSemanticLabelsMap: invalid input AOV SemanticLabelTokenSD.
2026-10-10T05:09:24Z [190,519ms] [Warning] [omni.syntheticdata.plugin] OgnSdSemanticLabelsMap: invalid input host AOV zmfeywSemanticLabelTokenSDhost.
2026-10-10T05:09:24Z [190,519ms] [Warning] [omni.syntheticdata.plugin] OgnSdSemanticLabelsMap: invalid input host AOV koudyxSemanticLabelTokenSDhost.
2026-10-10T05:09:24Z [190,525ms] [Warning] [omni.syntheticdata.plugin] OgnSdSemanticLabelsMap: invalid input AOV SemanticLabelTokenSD.
2026-10-10T05:09:24Z [190,525ms] [Warning] [omni.syntheticdata.plugin] OgnSdSemanticLabelsMap: invalid input AOV SemanticLabelTokenSD.
2026-10-10T05:09:24Z [190,536ms] [Warning] [omni.syntheticdata.plugin] OgnSdSemanticLabelsMap: invalid input host AOV zmfeywSemanticLabelTokenSDhost.
2026-10-10T05:09:24Z [190,536ms] [Warning] [omni.syntheticdata.plugin] OgnSdSemanticLabelsMap: invalid input host AOV koudyxSemanticLabelTokenSDhost.
2026-10-10T05:09:24Z [190,541ms] [Warning] [omni.syntheticdata.plugin] OgnSdSemanticLabelsMap: invalid input AOV SemanticLabelTokenSD.
2026-10-10T05:09:24Z [190,541ms] [Warning] [omni.syntheticdata.plugin] OgnSdSemanticLabelsMap: invalid input AOV SemanticLabelTokenSD.
2026-10-10T05:09:24Z [190,552ms] [Warning] [omni.syntheticdata.plugin] OgnSdSemanticLabelsMap: invalid input host AOV zmfeywSemanticLabelTokenSDhost.
2026-10-10T05:09:24Z [190,552ms] [Warning] [omni.syntheticdata.plugin] OgnSdSemanticLabelsMap: invalid input host AOV koudyxSemanticLabelTokenSDhost.
2026-10-10T05:09:24Z [190,558ms] [Warning] [omni.syntheticdata.plugin] OgnSdSemanticLabelsMap: invalid input AOV SemanticLabelTokenSD.
2026-10-10T05:09:24Z [190,558ms] [Warning] [omni.syntheticdata.plugin] OgnSdSemanticLabelsMap: invalid input AOV SemanticLabelTokenSD.
2026-10-10T05:09:24Z [190,570ms] [Warning] [omni.syntheticdata.plugin] OgnSdSemanticLabelsMap: invalid input host AOV zmfeywSemanticLabelTokenSDhost.
2026-10-10T05:09:24Z [190,570ms] [Warning] [omni.syntheticdata.plugin] OgnSdSemanticLabelsMap: invalid input host AOV koudyxSemanticLabelTokenSDhost.
2026-10-10T05:09:24Z [190,576ms] [Warning] [omni.syntheticdata.plugin] OgnSdSemanticLabelsMap: invalid input AOV SemanticLabelTokenSD.
2026-10-10T05:09:24Z [190,576ms] [Warning] [omni.syntheticdata.plugin] OgnSdSemanticLabelsMap: invalid input AOV SemanticLabelTokenSD.
2026-10-10T05:09:24Z [190,579ms] [Warning] [omni.syntheticdata.plugin] OgnSdSemanticLabelsMap: invalid input host AOV zmfeywSemanticLabelTokenSDhost.
2026-10-10T05:09:24Z [190,579ms] [Warning] [omni.syntheticdata.plugin] OgnSdSemanticLabelsMap: invalid input host AOV koudyxSemanticLabelTokenSDhost.
2026-10-10T05:09:24Z [190,582ms] [Warning] [omni.syntheticdata.plugin] OgnSdSemanticLabelsMap: invalid input AOV SemanticLabelTokenSD.
2026-10-10T05:09:24Z [190,582ms] [Warning] [omni.syntheticdata.plugin] OgnSdSemanticLabelsMap: invalid input AOV SemanticLabelTokenSD.
2026-10-10T05:09:24Z [190,585ms] [Warning] [omni.syntheticdata.plugin] OgnSdSemanticLabelsMap: invalid input host AOV zmfeywSemanticLabelTokenSDhost.
2026-10-10T05:09:24Z [190,585ms] [Warning] [omni.syntheticdata.plugin] OgnSdSemanticLabelsMap: invalid input host AOV koudyxSemanticLabelTokenSDhost.
2026-10-10T05:09:24Z [190,591ms] [Warning] [omni.syntheticdata.plugin] OgnSdSemanticLabelsMap: invalid input AOV SemanticLabelTokenSD.
2026-10-10T05:09:24Z [190,591ms] [Warning] [omni.syntheticdata.plugin] OgnSdSemanticLabelsMap: invalid input AOV SemanticLabelTokenSD.
2026-10-10T05:09:24Z [190,594ms] [Warning] [omni.syntheticdata.plugin] OgnSdSemanticLabelsMap: invalid input host AOV zmfeywSemanticLabelTokenSDhost.
2026-10-10T05:09:24Z [190,594ms] [Warning] [omni.syntheticdata.plugin] OgnSdSemanticLabelsMap: invalid input host AOV koudyxSemanticLabelTokenSDhost.
2026-10-10T05:09:24Z [190,600ms] [Warning] [omni.syntheticdata.plugin] OgnSdSemanticLabelsMap: invalid input AOV SemanticLabelTokenSD.
2026-10-10T05:09:24Z [190,600ms] [Warning] [omni.syntheticdata.plugin] OgnSdSemanticLabelsMap: invalid input AOV SemanticLabelTokenSD.
2026-10-10T05:09:24Z [190,611ms] [Warning] [omni.syntheticdata.plugin] OgnSdSemanticLabelsMap: invalid input host AOV zmfeywSemanticLabelTokenSDhost.
2026-10-10T05:09:24Z [190,611ms] [Warning] [omni.syntheticdata.plugin] OgnSdSemanticLabelsMap: invalid input host AOV koudyxSemanticLabelTokenSDhost.
2026-10-10T05:09:24Z [190,616ms] [Warning] [omni.syntheticdata.plugin] OgnSdSemanticLabelsMap: invalid input AOV SemanticLabelTokenSD.
2026-10-10T05:09:24Z [190,616ms] [Warning] [omni.syntheticdata.plugin] OgnSdSemanticLabelsMap: invalid input AOV SemanticLabelTokenSD.
2026-10-10T05:09:24Z [190,627ms] [Warning] [omni.syntheticdata.plugin] OgnSdSemanticLabelsMap: invalid input host AOV zmfeywSemanticLabelTokenSDhost.
2026-10-10T05:09:24Z [190,627ms] [Warning] [omni.syntheticdata.plugin] OgnSdSemanticLabelsMap: invalid input host AOV koudyxSemanticLabelTokenSDhost.
2026-10-10T05:09:24Z [190,632ms] [Warning] [omni.syntheticdata.plugin] OgnSdSemanticLabelsMap: invalid input AOV SemanticLabelTokenSD.
2026-10-10T05:09:24Z [190,632ms] [Warning] [omni.syntheticdata.plugin] OgnSdSemanticLabelsMap: invalid input AOV SemanticLabelTokenSD.
2026-10-10T05:09:24Z [190,636ms] [Warning] [omni.syntheticdata.plugin] OgnSdSemanticLabelsMap: invalid input host AOV zmfeywSemanticLabelTokenSDhost.
2026-10-10T05:09:24Z [190,636ms] [Warning] [omni.syntheticdata.plugin] OgnSdSemanticLabelsMap: invalid input host AOV koudyxSemanticLabelTokenSDhost.
2026-10-10T05:09:25Z [190,643ms] [Warning] [omni.syntheticdata.plugin] OgnSdSemanticLabelsMap: invalid input AOV SemanticLabelTokenSD.
2026-10-10T05:09:25Z [190,643ms] [Warning] [omni.syntheticdata.plugin] OgnSdSemanticLabelsMap: invalid input AOV SemanticLabelTokenSD.
2026-10-10T05:09:25Z [190,653ms] [Warning] [omni.syntheticdata.plugin] OgnSdSemanticLabelsMap: invalid input host AOV zmfeywSemanticLabelTokenSDhost.
2026-10-10T05:09:25Z [190,653ms] [Warning] [omni.syntheticdata.plugin] OgnSdSemanticLabelsMap: invalid input host AOV koudyxSemanticLabelTokenSDhost.
2026-10-10T05:09:25Z [190,659ms] [Warning] [omni.syntheticdata.plugin] OgnSdSemanticLabelsMap: invalid input AOV SemanticLabelTokenSD.
2026-10-10T05:09:25Z [190,659ms] [Warning] [omni.syntheticdata.plugin] OgnSdSemanticLabelsMap: invalid input AOV SemanticLabelTokenSD.
2026-10-10T05:09:25Z [190,669ms] [Warning] [omni.syntheticdata.plugin] OgnSdSemanticLabelsMap: invalid input host AOV zmfeywSemanticLabelTokenSDhost.
2026-10-10T05:09:25Z [190,669ms] [Warning] [omni.syntheticdata.plugin] OgnSdSemanticLabelsMap: invalid input host AOV koudyxSemanticLabelTokenSDhost.
2026-10-10T05:09:25Z [190,674ms] [Warning] [omni.syntheticdata.plugin] OgnSdSemanticLabelsMap: invalid input AOV SemanticLabelTokenSD.
2026-10-10T05:09:25Z [190,675ms] [Warning] [omni.syntheticdata.plugin] OgnSdSemanticLabelsMap: invalid input AOV SemanticLabelTokenSD.
2026-10-10T05:09:25Z [190,678ms] [Warning] [omni.syntheticdata.plugin] OgnSdSemanticLabelsMap: invalid input host AOV zmfeywSemanticLabelTokenSDhost.
2026-10-10T05:09:25Z [190,678ms] [Warning] [omni.syntheticdata.plugin] OgnSdSemanticLabelsMap: invalid input host AOV koudyxSemanticLabelTokenSDhost.
2026-10-10T05:09:25Z [190,684ms] [Warning] [omni.syntheticdata.plugin] OgnSdSemanticLabelsMap: invalid input AOV SemanticLabelTokenSD.
2026-10-10T05:09:25Z [190,684ms] [Warning] [omni.syntheticdata.plugin] OgnSdSemanticLabelsMap: invalid input AOV SemanticLabelTokenSD.
2026-10-10T05:09:25Z [190,689ms] [Warning] [omni.syntheticdata.plugin] OgnSdSemanticLabelsMap: invalid input host AOV zmfeywSemanticLabelTokenSDhost.
2026-10-10T05:09:25Z [190,689ms] [Warning] [omni.syntheticdata.plugin] OgnSdSemanticLabelsMap: invalid input host AOV koudyxSemanticLabelTokenSDhost.
2026-10-10T05:09:25Z [190,695ms] [Warning] [omni.syntheticdata.plugin] OgnSdSemanticLabelsMap: invalid input AOV SemanticLabelTokenSD.
2026-10-10T05:09:25Z [190,695ms] [Warning] [omni.syntheticdata.plugin] OgnSdSemanticLabelsMap: invalid input AOV SemanticLabelTokenSD.
2026-10-10T05:09:25Z [190,706ms] [Warning] [omni.syntheticdata.plugin] OgnSdSemanticLabelsMap: invalid input host AOV zmfeywSemanticLabelTokenSDhost.
2026-10-10T05:09:25Z [190,706ms] [Warning] [omni.syntheticdata.plugin] OgnSdSemanticLabelsMap: invalid input host AOV koudyxSemanticLabelTokenSDhost.
2026-10-10T05:09:25Z [190,711ms] [Warning] [omni.syntheticdata.plugin] OgnSdSemanticLabelsMap: invalid input AOV SemanticLabelTokenSD.
2026-10-10T05:09:25Z [190,711ms] [Warning] [omni.syntheticdata.plugin] OgnSdSemanticLabelsMap: invalid input AOV SemanticLabelTokenSD.
2026-10-10T05:09:25Z [190,721ms] [Warning] [omni.syntheticdata.plugin] OgnSdSemanticLabelsMap: invalid input host AOV zmfeywSemanticLabelTokenSDhost.
2026-10-10T05:09:25Z [190,721ms] [Warning] [omni.syntheticdata.plugin] OgnSdSemanticLabelsMap: invalid input host AOV koudyxSemanticLabelTokenSDhost.
2026-10-10T05:09:25Z [190,726ms] [Warning] [omni.syntheticdata.plugin] OgnSdSemanticLabelsMap: invalid input AOV SemanticLabelTokenSD.
2026-10-10T05:09:25Z [190,726ms] [Warning] [omni.syntheticdata.plugin] OgnSdSemanticLabelsMap: invalid input AOV SemanticLabelTokenSD.
2026-10-10T05:09:25Z [190,737ms] [Warning] [omni.syntheticdata.plugin] OgnSdSemanticLabelsMap: invalid input host AOV zmfeywSemanticLabelTokenSDhost.
2026-10-10T05:09:25Z [190,737ms] [Warning] [omni.syntheticdata.plugin] OgnSdSemanticLabelsMap: invalid input host AOV koudyxSemanticLabelTokenSDhost.
2026-10-10T05:09:25Z [190,743ms] [Warning] [omni.syntheticdata.plugin] OgnSdSemanticLabelsMap: invalid input AOV SemanticLabelTokenSD.
2026-10-10T05:09:25Z [190,744ms] [Warning] [omni.syntheticdata.plugin] OgnSdSemanticLabelsMap: invalid input AOV SemanticLabelTokenSD.
2026-10-10T05:09:25Z [190,749ms] [Warning] [omni.syntheticdata.plugin] OgnSdSemanticLabelsMap: invalid input host AOV zmfeywSemanticLabelTokenSDhost.
2026-10-10T05:09:25Z [190,750ms] [Warning] [omni.syntheticdata.plugin] OgnSdSemanticLabelsMap: invalid input host AOV koudyxSemanticLabelTokenSDhost.
2026-10-10T05:09:25Z [190,755ms] [Warning] [omni.syntheticdata.plugin] OgnSdSemanticLabelsMap: invalid input AOV SemanticLabelTokenSD.
2026-10-10T05:09:25Z [190,755ms] [Warning] [omni.syntheticdata.plugin] OgnSdSemanticLabelsMap: invalid input AOV SemanticLabelTokenSD.
2026-10-10T05:09:25Z [190,763ms] [Warning] [omni.syntheticdata.plugin] OgnSdSemanticLabelsMap: invalid input host AOV zmfeywSemanticLabelTokenSDhost.
2026-10-10T05:09:25Z [190,763ms] [Warning] [omni.syntheticdata.plugin] OgnSdSemanticLabelsMap: invalid input host AOV koudyxSemanticLabelTokenSDhost.
2026-10-10T05:09:25Z [190,768ms] [Warning] [omni.syntheticdata.plugin] OgnSdSemanticLabelsMap: invalid input AOV SemanticLabelTokenSD.
2026-10-10T05:09:25Z [190,768ms] [Warning] [omni.syntheticdata.plugin] OgnSdSemanticLabelsMap: invalid input AOV SemanticLabelTokenSD.
2026-10-10T05:09:25Z [190,771ms] [Warning] [omni.syntheticdata.plugin] OgnSdSemanticLabelsMap: invalid input host AOV zmfeywSemanticLabelTokenSDhost.
2026-10-10T05:09:25Z [190,771ms] [Warning] [omni.syntheticdata.plugin] OgnSdSemanticLabelsMap: invalid input host AOV koudyxSemanticLabelTokenSDhost.
2026-10-10T05:09:25Z [190,775ms] [Warning] [omni.syntheticdata.plugin] OgnSdSemanticLabelsMap: invalid input AOV SemanticLabelTokenSD.
2026-10-10T05:09:25Z [190,775ms] [Warning] [omni.syntheticdata.plugin] OgnSdSemanticLabelsMap: invalid input AOV SemanticLabelTokenSD.
2026-10-10T05:09:25Z [190,778ms] [Warning] [omni.syntheticdata.plugin] OgnSdSemanticLabelsMap: invalid input host AOV zmfeywSemanticLabelTokenSDhost.
2026-10-10T05:09:25Z [190,778ms] [Warning] [omni.syntheticdata.plugin] OgnSdSemanticLabelsMap: invalid input host AOV koudyxSemanticLabelTokenSDhost.
2026-10-10T05:09:25Z [190,781ms] [Warning] [omni.syntheticdata.plugin] OgnSdSemanticLabelsMap: invalid input AOV SemanticLabelTokenSD.
2026-10-10T05:09:25Z [190,781ms] [Warning] [omni.syntheticdata.plugin] OgnSdSemanticLabelsMap: invalid input AOV SemanticLabelTokenSD.
2026-10-10T05:09:25Z [190,793ms] [Warning] [omni.syntheticdata.plugin] OgnSdSemanticLabelsMap: invalid input host AOV zmfeywSemanticLabelTokenSDhost.
2026-10-10T05:09:25Z [190,793ms] [Warning] [omni.syntheticdata.plugin] OgnSdSemanticLabelsMap: invalid input host AOV koudyxSemanticLabelTokenSDhost.
2026-10-10T05:09:25Z [190,798ms] [Warning] [omni.syntheticdata.plugin] OgnSdSemanticLabelsMap: invalid input AOV SemanticLabelTokenSD.
2026-10-10T05:09:25Z [190,798ms] [Warning] [omni.syntheticdata.plugin] OgnSdSemanticLabelsMap: invalid input AOV SemanticLabelTokenSD.
2026-10-10T05:09:25Z [190,802ms] [Warning] [omni.syntheticdata.plugin] OgnSdSemanticLabelsMap: invalid input host AOV zmfeywSemanticLabelTokenSDhost.
2026-10-10T05:09:25Z [190,802ms] [Warning] [omni.syntheticdata.plugin] OgnSdSemanticLabelsMap: invalid input host AOV koudyxSemanticLabelTokenSDhost.
2026-10-10T05:09:25Z [190,808ms] [Warning] [omni.syntheticdata.plugin] OgnSdSemanticLabelsMap: invalid input AOV SemanticLabelTokenSD.
2026-10-10T05:09:25Z [190,808ms] [Warning] [omni.syntheticdata.plugin] OgnSdSemanticLabelsMap: invalid input AOV SemanticLabelTokenSD.
2026-10-10T05:09:25Z [190,818ms] [Warning] [omni.syntheticdata.plugin] OgnSdSemanticLabelsMap: invalid input host AOV zmfeywSemanticLabelTokenSDhost.
2026-10-10T05:09:25Z [190,818ms] [Warning] [omni.syntheticdata.plugin] OgnSdSemanticLabelsMap: invalid input host AOV koudyxSemanticLabelTokenSDhost.
2026-10-10T05:09:25Z [190,823ms] [Warning] [omni.syntheticdata.plugin] OgnSdSemanticLabelsMap: invalid input AOV SemanticLabelTokenSD.
2026-10-10T05:09:25Z [190,823ms] [Warning] [omni.syntheticdata.plugin] OgnSdSemanticLabelsMap: invalid input AOV SemanticLabelTokenSD.
2026-10-10T05:09:25Z [190,833ms] [Warning] [omni.syntheticdata.plugin] OgnSdSemanticLabelsMap: invalid input host AOV zmfeywSemanticLabelTokenSDhost.
2026-10-10T05:09:25Z [190,833ms] [Warning] [omni.syntheticdata.plugin] OgnSdSemanticLabelsMap: invalid input host AOV koudyxSemanticLabelTokenSDhost.
2026-10-10T05:09:25Z [190,838ms] [Warning] [omni.syntheticdata.plugin] OgnSdSemanticLabelsMap: invalid input AOV SemanticLabelTokenSD.
2026-10-10T05:09:25Z [190,838ms] [Warning] [omni.syntheticdata.plugin] OgnSdSemanticLabelsMap: invalid input AOV SemanticLabelTokenSD.
2026-10-10T05:09:25Z [190,844ms] [Warning] [omni.syntheticdata.plugin] OgnSdSemanticLabelsMap: invalid input host AOV zmfeywSemanticLabelTokenSDhost.
2026-10-10T05:09:25Z [190,844ms] [Warning] [omni.syntheticdata.plugin] OgnSdSemanticLabelsMap: invalid input host AOV koudyxSemanticLabelTokenSDhost.
2026-10-10T05:09:25Z [190,850ms] [Warning] [omni.syntheticdata.plugin] OgnSdSemanticLabelsMap: invalid input AOV SemanticLabelTokenSD.
2026-10-10T05:09:25Z [190,850ms] [Warning] [omni.syntheticdata.plugin] OgnSdSemanticLabelsMap: invalid input AOV SemanticLabelTokenSD.
2026-10-10T05:09:25Z [190,860ms] [Warning] [omni.syntheticdata.plugin] OgnSdSemanticLabelsMap: invalid input host AOV zmfeywSemanticLabelTokenSDhost.
2026-10-10T05:09:25Z [190,860ms] [Warning] [omni.syntheticdata.plugin] OgnSdSemanticLabelsMap: invalid input host AOV koudyxSemanticLabelTokenSDhost.
2026-10-10T05:09:25Z [190,866ms] [Warning] [omni.syntheticdata.plugin] OgnSdSemanticLabelsMap: invalid input AOV SemanticLabelTokenSD.
2026-10-10T05:09:25Z [190,866ms] [Warning] [omni.syntheticdata.plugin] OgnSdSemanticLabelsMap: invalid input AOV SemanticLabelTokenSD.
2026-10-10T05:09:25Z [190,869ms] [Warning] [omni.syntheticdata.plugin] OgnSdSemanticLabelsMap: invalid input host AOV zmfeywSemanticLabelTokenSDhost.
2026-10-10T05:09:25Z [190,869ms] [Warning] [omni.syntheticdata.plugin] OgnSdSemanticLabelsMap: invalid input host AOV koudyxSemanticLabelTokenSDhost.
2026-10-10T05:09:25Z [190,874ms] [Warning] [omni.syntheticdata.plugin] OgnSdSemanticLabelsMap: invalid input AOV SemanticLabelTokenSD.
2026-10-10T05:09:25Z [190,874ms] [Warning] [omni.syntheticdata.plugin] OgnSdSemanticLabelsMap: invalid input AOV SemanticLabelTokenSD.
2026-10-10T05:09:25Z [190,877ms] [Warning] [omni.syntheticdata.plugin] OgnSdSemanticLabelsMap: invalid input host AOV zmfeywSemanticLabelTokenSDhost.
2026-10-10T05:09:25Z [190,877ms] [Warning] [omni.syntheticdata.plugin] OgnSdSemanticLabelsMap: invalid input host AOV koudyxSemanticLabelTokenSDhost.
2026-10-10T05:09:25Z [190,881ms] [Warning] [omni.syntheticdata.plugin] OgnSdSemanticLabelsMap: invalid input AOV SemanticLabelTokenSD.
2026-10-10T05:09:25Z [190,881ms] [Warning] [omni.syntheticdata.plugin] OgnSdSemanticLabelsMap: invalid input AOV SemanticLabelTokenSD.
2026-10-10T05:09:25Z [190,884ms] [Warning] [omni.syntheticdata.plugin] OgnSdSemanticLabelsMap: invalid input host AOV zmfeywSemanticLabelTokenSDhost.
2026-10-10T05:09:25Z [190,884ms] [Warning] [omni.syntheticdata.plugin] OgnSdSemanticLabelsMap: invalid input host AOV koudyxSemanticLabelTokenSDhost.
2026-10-10T05:09:25Z [190,888ms] [Warning] [omni.syntheticdata.plugin] OgnSdSemanticLabelsMap: invalid input AOV SemanticLabelTokenSD.
2026-10-10T05:09:25Z [190,888ms] [Warning] [omni.syntheticdata.plugin] OgnSdSemanticLabelsMap: invalid input AOV SemanticLabelTokenSD.
2026-10-10T05:09:25Z [190,891ms] [Warning] [omni.syntheticdata.plugin] OgnSdSemanticLabelsMap: invalid input host AOV zmfeywSemanticLabelTokenSDhost.
2026-10-10T05:09:25Z [190,891ms] [Warning] [omni.syntheticdata.plugin] OgnSdSemanticLabelsMap: invalid input host AOV koudyxSemanticLabelTokenSDhost.
2026-10-10T05:09:25Z [190,896ms] [Warning] [omni.syntheticdata.plugin] OgnSdSemanticLabelsMap: invalid input AOV SemanticLabelTokenSD.
2026-10-10T05:09:25Z [190,897ms] [Warning] [omni.syntheticdata.plugin] OgnSdSemanticLabelsMap: invalid input AOV SemanticLabelTokenSD.
2026-10-10T05:09:25Z [190,906ms] [Warning] [omni.syntheticdata.plugin] OgnSdSemanticLabelsMap: invalid input host AOV zmfeywSemanticLabelTokenSDhost.
2026-10-10T05:09:25Z [190,906ms] [Warning] [omni.syntheticdata.plugin] OgnSdSemanticLabelsMap: invalid input host AOV koudyxSemanticLabelTokenSDhost.
2026-10-10T05:09:25Z [190,911ms] [Warning] [omni.syntheticdata.plugin] OgnSdSemanticLabelsMap: invalid input AOV SemanticLabelTokenSD.
2026-10-10T05:09:25Z [190,911ms] [Warning] [omni.syntheticdata.plugin] OgnSdSemanticLabelsMap: invalid input AOV SemanticLabelTokenSD.
2026-10-10T05:09:25Z [190,915ms] [Warning] [omni.syntheticdata.plugin] OgnSdSemanticLabelsMap: invalid input host AOV zmfeywSemanticLabelTokenSDhost.
2026-10-10T05:09:25Z [190,915ms] [Warning] [omni.syntheticdata.plugin] OgnSdSemanticLabelsMap: invalid input host AOV koudyxSemanticLabelTokenSDhost.
2026-10-10T05:09:25Z [190,920ms] [Warning] [omni.syntheticdata.plugin] OgnSdSemanticLabelsMap: invalid input AOV SemanticLabelTokenSD.
2026-10-10T05:09:25Z [190,920ms] [Warning] [omni.syntheticdata.plugin] OgnSdSemanticLabelsMap: invalid input AOV SemanticLabelTokenSD.
2026-10-10T05:09:25Z [190,929ms] [Warning] [omni.syntheticdata.plugin] OgnSdSemanticLabelsMap: invalid input host AOV zmfeywSemanticLabelTokenSDhost.
2026-10-10T05:09:25Z [190,929ms] [Warning] [omni.syntheticdata.plugin] OgnSdSemanticLabelsMap: invalid input host AOV koudyxSemanticLabelTokenSDhost.
2026-10-10T05:09:25Z [190,934ms] [Warning] [omni.syntheticdata.plugin] OgnSdSemanticLabelsMap: invalid input AOV SemanticLabelTokenSD.
2026-10-10T05:09:25Z [190,934ms] [Warning] [omni.syntheticdata.plugin] OgnSdSemanticLabelsMap: invalid input AOV SemanticLabelTokenSD.
2026-10-10T05:09:25Z [190,945ms] [Warning] [omni.syntheticdata.plugin] OgnSdSemanticLabelsMap: invalid input host AOV zmfeywSemanticLabelTokenSDhost.
2026-10-10T05:09:25Z [190,945ms] [Warning] [omni.syntheticdata.plugin] OgnSdSemanticLabelsMap: invalid input host AOV koudyxSemanticLabelTokenSDhost.
2026-10-10T05:09:25Z [190,949ms] [Warning] [omni.syntheticdata.plugin] OgnSdSemanticLabelsMap: invalid input AOV SemanticLabelTokenSD.
2026-10-10T05:09:25Z [190,949ms] [Warning] [omni.syntheticdata.plugin] OgnSdSemanticLabelsMap: invalid input AOV SemanticLabelTokenSD.
2026-10-10T05:09:25Z [190,961ms] [Warning] [omni.syntheticdata.plugin] OgnSdSemanticLabelsMap: invalid input host AOV zmfeywSemanticLabelTokenSDhost.
2026-10-10T05:09:25Z [190,961ms] [Warning] [omni.syntheticdata.plugin] OgnSdSemanticLabelsMap: invalid input host AOV koudyxSemanticLabelTokenSDhost.
2026-10-10T05:09:25Z [190,966ms] [Warning] [omni.syntheticdata.plugin] OgnSdSemanticLabelsMap: invalid input AOV SemanticLabelTokenSD.
2026-10-10T05:09:25Z [190,966ms] [Warning] [omni.syntheticdata.plugin] OgnSdSemanticLabelsMap: invalid input AOV SemanticLabelTokenSD.
2026-10-10T05:09:25Z [190,969ms] [Warning] [omni.syntheticdata.plugin] OgnSdSemanticLabelsMap: invalid input host AOV zmfeywSemanticLabelTokenSDhost.
2026-10-10T05:09:25Z [190,969ms] [Warning] [omni.syntheticdata.plugin] OgnSdSemanticLabelsMap: invalid input host AOV koudyxSemanticLabelTokenSDhost.
2026-10-10T05:09:25Z [190,973ms] [Warning] [omni.syntheticdata.plugin] OgnSdSemanticLabelsMap: invalid input AOV SemanticLabelTokenSD.
2026-10-10T05:09:25Z [190,973ms] [Warning] [omni.syntheticdata.plugin] OgnSdSemanticLabelsMap: invalid input AOV SemanticLabelTokenSD.
2026-10-10T05:09:25Z [190,977ms] [Warning] [omni.syntheticdata.plugin] OgnSdSemanticLabelsMap: invalid input host AOV zmfeywSemanticLabelTokenSDhost.
2026-10-10T05:09:25Z [190,977ms] [Warning] [omni.syntheticdata.plugin] OgnSdSemanticLabelsMap: invalid input host AOV koudyxSemanticLabelTokenSDhost.
2026-10-10T05:09:25Z [190,981ms] [Warning] [omni.syntheticdata.plugin] OgnSdSemanticLabelsMap: invalid input AOV SemanticLabelTokenSD.
2026-10-10T05:09:25Z [190,981ms] [Warning] [omni.syntheticdata.plugin] OgnSdSemanticLabelsMap: invalid input AOV SemanticLabelTokenSD.
2026-10-10T05:09:25Z [190,985ms] [Warning] [omni.syntheticdata.plugin] OgnSdSemanticLabelsMap: invalid input host AOV zmfeywSemanticLabelTokenSDhost.
2026-10-10T05:09:25Z [190,985ms] [Warning] [omni.syntheticdata.plugin] OgnSdSemanticLabelsMap: invalid input host AOV koudyxSemanticLabelTokenSDhost.
2026-10-10T05:09:25Z [190,990ms] [Warning] [omni.syntheticdata.plugin] OgnSdSemanticLabelsMap: invalid input AOV SemanticLabelTokenSD.
2026-10-10T05:09:25Z [190,990ms] [Warning] [omni.syntheticdata.plugin] OgnSdSemanticLabelsMap: invalid input AOV SemanticLabelTokenSD.
2026-10-10T05:09:25Z [191,001ms] [Warning] [omni.syntheticdata.plugin] OgnSdSemanticLabelsMap: invalid input host AOV zmfeywSemanticLabelTokenSDhost.
2026-10-10T05:09:25Z [191,001ms] [Warning] [omni.syntheticdata.plugin] OgnSdSemanticLabelsMap: invalid input host AOV koudyxSemanticLabelTokenSDhost.
2026-10-10T05:09:25Z [191,006ms] [Warning] [omni.syntheticdata.plugin] OgnSdSemanticLabelsMap: invalid input AOV SemanticLabelTokenSD.
2026-10-10T05:09:25Z [191,006ms] [Warning] [omni.syntheticdata.plugin] OgnSdSemanticLabelsMap: invalid input AOV SemanticLabelTokenSD.
2026-10-10T05:09:25Z [191,017ms] [Warning] [omni.syntheticdata.plugin] OgnSdSemanticLabelsMap: invalid input host AOV zmfeywSemanticLabelTokenSDhost.
2026-10-10T05:09:25Z [191,017ms] [Warning] [omni.syntheticdata.plugin] OgnSdSemanticLabelsMap: invalid input host AOV koudyxSemanticLabelTokenSDhost.
2026-10-10T05:09:25Z [191,021ms] [Warning] [omni.syntheticdata.plugin] OgnSdSemanticLabelsMap: invalid input AOV SemanticLabelTokenSD.
2026-10-10T05:09:25Z [191,021ms] [Warning] [omni.syntheticdata.plugin] OgnSdSemanticLabelsMap: invalid input AOV SemanticLabelTokenSD.
2026-10-10T05:09:25Z [191,026ms] [Warning] [omni.syntheticdata.plugin] OgnSdSemanticLabelsMap: invalid input host AOV zmfeywSemanticLabelTokenSDhost.
2026-10-10T05:09:25Z [191,026ms] [Warning] [omni.syntheticdata.plugin] OgnSdSemanticLabelsMap: invalid input host AOV koudyxSemanticLabelTokenSDhost.
2026-10-10T05:09:25Z [191,029ms] [Warning] [omni.syntheticdata.plugin] OgnSdSemanticLabelsMap: invalid input AOV SemanticLabelTokenSD.
2026-10-10T05:09:25Z [191,029ms] [Warning] [omni.syntheticdata.plugin] OgnSdSemanticLabelsMap: invalid input AOV SemanticLabelTokenSD.
2026-10-10T05:09:25Z [191,039ms] [Warning] [omni.syntheticdata.plugin] OgnSdSemanticLabelsMap: invalid input host AOV zmfeywSemanticLabelTokenSDhost.
2026-10-10T05:09:25Z [191,040ms] [Warning] [omni.syntheticdata.plugin] OgnSdSemanticLabelsMap: invalid input host AOV koudyxSemanticLabelTokenSDhost.
2026-10-10T05:09:25Z [191,045ms] [Warning] [omni.syntheticdata.plugin] OgnSdSemanticLabelsMap: invalid input AOV SemanticLabelTokenSD.
2026-10-10T05:09:25Z [191,045ms] [Warning] [omni.syntheticdata.plugin] OgnSdSemanticLabelsMap: invalid input AOV SemanticLabelTokenSD.
2026-10-10T05:09:25Z [191,049ms] [Warning] [omni.syntheticdata.plugin] OgnSdSemanticLabelsMap: invalid input host AOV zmfeywSemanticLabelTokenSDhost.
2026-10-10T05:09:25Z [191,049ms] [Warning] [omni.syntheticdata.plugin] OgnSdSemanticLabelsMap: invalid input host AOV koudyxSemanticLabelTokenSDhost.
2026-10-10T05:09:25Z [191,054ms] [Warning] [omni.syntheticdata.plugin] OgnSdSemanticLabelsMap: invalid input AOV SemanticLabelTokenSD.
2026-10-10T05:09:25Z [191,054ms] [Warning] [omni.syntheticdata.plugin] OgnSdSemanticLabelsMap: invalid input AOV SemanticLabelTokenSD.
2026-10-10T05:09:25Z [191,064ms] [Warning] [omni.syntheticdata.plugin] OgnSdSemanticLabelsMap: invalid input host AOV zmfeywSemanticLabelTokenSDhost.
2026-10-10T05:09:25Z [191,064ms] [Warning] [omni.syntheticdata.plugin] OgnSdSemanticLabelsMap: invalid input host AOV koudyxSemanticLabelTokenSDhost.
2026-10-10T05:09:25Z [191,068ms] [Warning] [omni.syntheticdata.plugin] OgnSdSemanticLabelsMap: invalid input AOV SemanticLabelTokenSD.
2026-10-10T05:09:25Z [191,068ms] [Warning] [omni.syntheticdata.plugin] OgnSdSemanticLabelsMap: invalid input AOV SemanticLabelTokenSD.
2026-10-10T05:09:25Z [191,071ms] [Warning] [omni.syntheticdata.plugin] OgnSdSemanticLabelsMap: invalid input host AOV zmfeywSemanticLabelTokenSDhost.
2026-10-10T05:09:25Z [191,071ms] [Warning] [omni.syntheticdata.plugin] OgnSdSemanticLabelsMap: invalid input host AOV koudyxSemanticLabelTokenSDhost.
2026-10-10T05:09:25Z [191,075ms] [Warning] [omni.syntheticdata.plugin] OgnSdSemanticLabelsMap: invalid input AOV SemanticLabelTokenSD.
2026-10-10T05:09:25Z [191,075ms] [Warning] [omni.syntheticdata.plugin] OgnSdSemanticLabelsMap: invalid input AOV SemanticLabelTokenSD.
2026-10-10T05:09:25Z [191,078ms] [Warning] [omni.syntheticdata.plugin] OgnSdSemanticLabelsMap: invalid input host AOV zmfeywSemanticLabelTokenSDhost.
2026-10-10T05:09:25Z [191,078ms] [Warning] [omni.syntheticdata.plugin] OgnSdSemanticLabelsMap: invalid input host AOV koudyxSemanticLabelTokenSDhost.
2026-10-10T05:09:25Z [191,081ms] [Warning] [omni.syntheticdata.plugin] OgnSdSemanticLabelsMap: invalid input AOV SemanticLabelTokenSD.
2026-10-10T05:09:25Z [191,081ms] [Warning] [omni.syntheticdata.plugin] OgnSdSemanticLabelsMap: invalid input AOV SemanticLabelTokenSD.
2026-10-10T05:09:25Z [191,084ms] [Warning] [omni.syntheticdata.plugin] OgnSdSemanticLabelsMap: invalid input host AOV zmfeywSemanticLabelTokenSDhost.
2026-10-10T05:09:25Z [191,084ms] [Warning] [omni.syntheticdata.plugin] OgnSdSemanticLabelsMap: invalid input host AOV koudyxSemanticLabelTokenSDhost.
2026-10-10T05:09:25Z [191,087ms] [Warning] [omni.syntheticdata.plugin] OgnSdSemanticLabelsMap: invalid input AOV SemanticLabelTokenSD.
2026-10-10T05:09:25Z [191,087ms] [Warning] [omni.syntheticdata.plugin] OgnSdSemanticLabelsMap: invalid input AOV SemanticLabelTokenSD.
2026-10-10T05:09:25Z [191,097ms] [Warning] [omni.syntheticdata.plugin] OgnSdSemanticLabelsMap: invalid input host AOV zmfeywSemanticLabelTokenSDhost.
2026-10-10T05:09:25Z [191,097ms] [Warning] [omni.syntheticdata.plugin] OgnSdSemanticLabelsMap: invalid input host AOV koudyxSemanticLabelTokenSDhost.
2026-10-10T05:09:25Z [191,099ms] [Warning] [omni.syntheticdata.plugin] OgnSdSemanticLabelsMap: invalid input AOV SemanticLabelTokenSD.
2026-10-10T05:09:25Z [191,099ms] [Warning] [omni.syntheticdata.plugin] OgnSdSemanticLabelsMap: invalid input AOV SemanticLabelTokenSD.
2026-10-10T05:09:25Z [191,104ms] [Warning] [omni.syntheticdata.plugin] OgnSdSemanticLabelsMap: invalid input host AOV zmfeywSemanticLabelTokenSDhost.
2026-10-10T05:09:25Z [191,104ms] [Warning] [omni.syntheticdata.plugin] OgnSdSemanticLabelsMap: invalid input host AOV koudyxSemanticLabelTokenSDhost.
2026-10-10T05:09:25Z [191,107ms] [Warning] [omni.syntheticdata.plugin] OgnSdSemanticLabelsMap: invalid input AOV SemanticLabelTokenSD.
2026-10-10T05:09:25Z [191,107ms] [Warning] [omni.syntheticdata.plugin] OgnSdSemanticLabelsMap: invalid input AOV SemanticLabelTokenSD.
2026-10-10T05:09:25Z [191,117ms] [Warning] [omni.syntheticdata.plugin] OgnSdSemanticLabelsMap: invalid input host AOV zmfeywSemanticLabelTokenSDhost.
2026-10-10T05:09:25Z [191,117ms] [Warning] [omni.syntheticdata.plugin] OgnSdSemanticLabelsMap: invalid input host AOV koudyxSemanticLabelTokenSDhost.
2026-10-10T05:09:25Z [191,120ms] [Warning] [omni.syntheticdata.plugin] OgnSdSemanticLabelsMap: invalid input AOV SemanticLabelTokenSD.
2026-10-10T05:09:25Z [191,120ms] [Warning] [omni.syntheticdata.plugin] OgnSdSemanticLabelsMap: invalid input AOV SemanticLabelTokenSD.
2026-10-10T05:09:25Z [191,124ms] [Warning] [omni.syntheticdata.plugin] OgnSdSemanticLabelsMap: invalid input host AOV zmfeywSemanticLabelTokenSDhost.
2026-10-10T05:09:25Z [191,124ms] [Warning] [omni.syntheticdata.plugin] OgnSdSemanticLabelsMap: invalid input host AOV koudyxSemanticLabelTokenSDhost.
2026-10-10T05:09:25Z [191,128ms] [Warning] [omni.syntheticdata.plugin] OgnSdSemanticLabelsMap: invalid input AOV SemanticLabelTokenSD.
2026-10-10T05:09:25Z [191,128ms] [Warning] [omni.syntheticdata.plugin] OgnSdSemanticLabelsMap: invalid input AOV SemanticLabelTokenSD.
2026-10-10T05:09:25Z [191,138ms] [Warning] [omni.syntheticdata.plugin] OgnSdSemanticLabelsMap: invalid input host AOV zmfeywSemanticLabelTokenSDhost.
2026-10-10T05:09:25Z [191,138ms] [Warning] [omni.syntheticdata.plugin] OgnSdSemanticLabelsMap: invalid input host AOV koudyxSemanticLabelTokenSDhost.
2026-10-10T05:09:25Z [191,141ms] [Warning] [omni.syntheticdata.plugin] OgnSdSemanticLabelsMap: invalid input AOV SemanticLabelTokenSD.
2026-10-10T05:09:25Z [191,141ms] [Warning] [omni.syntheticdata.plugin] OgnSdSemanticLabelsMap: invalid input AOV SemanticLabelTokenSD.
2026-10-10T05:09:25Z [191,147ms] [Warning] [omni.syntheticdata.plugin] OgnSdSemanticLabelsMap: invalid input host AOV zmfeywSemanticLabelTokenSDhost.
2026-10-10T05:09:25Z [191,147ms] [Warning] [omni.syntheticdata.plugin] OgnSdSemanticLabelsMap: invalid input host AOV koudyxSemanticLabelTokenSDhost.
2026-10-10T05:09:25Z [191,149ms] [Warning] [omni.syntheticdata.plugin] OgnSdSemanticLabelsMap: invalid input AOV SemanticLabelTokenSD.
2026-10-10T05:09:25Z [191,149ms] [Warning] [omni.syntheticdata.plugin] OgnSdSemanticLabelsMap: invalid input AOV SemanticLabelTokenSD.
2026-10-10T05:09:25Z [191,161ms] [Warning] [omni.syntheticdata.plugin] OgnSdSemanticLabelsMap: invalid input host AOV zmfeywSemanticLabelTokenSDhost.
2026-10-10T05:09:25Z [191,161ms] [Warning] [omni.syntheticdata.plugin] OgnSdSemanticLabelsMap: invalid input host AOV koudyxSemanticLabelTokenSDhost.
2026-10-10T05:09:25Z [191,166ms] [Warning] [omni.syntheticdata.plugin] OgnSdSemanticLabelsMap: invalid input AOV SemanticLabelTokenSD.
2026-10-10T05:09:25Z [191,166ms] [Warning] [omni.syntheticdata.plugin] OgnSdSemanticLabelsMap: invalid input AOV SemanticLabelTokenSD.
2026-10-10T05:09:25Z [191,168ms] [Warning] [omni.syntheticdata.plugin] OgnSdSemanticLabelsMap: invalid input host AOV zmfeywSemanticLabelTokenSDhost.
2026-10-10T05:09:25Z [191,168ms] [Warning] [omni.syntheticdata.plugin] OgnSdSemanticLabelsMap: invalid input host AOV koudyxSemanticLabelTokenSDhost.
2026-10-10T05:09:25Z [191,173ms] [Warning] [omni.syntheticdata.plugin] OgnSdSemanticLabelsMap: invalid input AOV SemanticLabelTokenSD.
2026-10-10T05:09:25Z [191,173ms] [Warning] [omni.syntheticdata.plugin] OgnSdSemanticLabelsMap: invalid input AOV SemanticLabelTokenSD.
2026-10-10T05:09:25Z [191,176ms] [Warning] [omni.syntheticdata.plugin] OgnSdSemanticLabelsMap: invalid input host AOV zmfeywSemanticLabelTokenSDhost.
2026-10-10T05:09:25Z [191,176ms] [Warning] [omni.syntheticdata.plugin] OgnSdSemanticLabelsMap: invalid input host AOV koudyxSemanticLabelTokenSDhost.
2026-10-10T05:09:25Z [191,181ms] [Warning] [omni.syntheticdata.plugin] OgnSdSemanticLabelsMap: invalid input AOV SemanticLabelTokenSD.
2026-10-10T05:09:25Z [191,181ms] [Warning] [omni.syntheticdata.plugin] OgnSdSemanticLabelsMap: invalid input AOV SemanticLabelTokenSD.
2026-10-10T05:09:25Z [191,184ms] [Warning] [omni.syntheticdata.plugin] OgnSdSemanticLabelsMap: invalid input host AOV zmfeywSemanticLabelTokenSDhost.
2026-10-10T05:09:25Z [191,184ms] [Warning] [omni.syntheticdata.plugin] OgnSdSemanticLabelsMap: invalid input host AOV koudyxSemanticLabelTokenSDhost.
2026-10-10T05:09:25Z [191,188ms] [Warning] [omni.syntheticdata.plugin] OgnSdSemanticLabelsMap: invalid input AOV SemanticLabelTokenSD.
2026-10-10T05:09:25Z [191,188ms] [Warning] [omni.syntheticdata.plugin] OgnSdSemanticLabelsMap: invalid input AOV SemanticLabelTokenSD.
2026-10-10T05:09:25Z [191,191ms] [Warning] [omni.syntheticdata.plugin] OgnSdSemanticLabelsMap: invalid input host AOV zmfeywSemanticLabelTokenSDhost.
2026-10-10T05:09:25Z [191,191ms] [Warning] [omni.syntheticdata.plugin] OgnSdSemanticLabelsMap: invalid input host AOV koudyxSemanticLabelTokenSDhost.
2026-10-10T05:09:25Z [191,195ms] [Warning] [omni.syntheticdata.plugin] OgnSdSemanticLabelsMap: invalid input AOV SemanticLabelTokenSD.
2026-10-10T05:09:25Z [191,195ms] [Warning] [omni.syntheticdata.plugin] OgnSdSemanticLabelsMap: invalid input AOV SemanticLabelTokenSD.
2026-10-10T05:09:25Z [191,206ms] [Warning] [omni.syntheticdata.plugin] OgnSdSemanticLabelsMap: invalid input host AOV zmfeywSemanticLabelTokenSDhost.
2026-10-10T05:09:25Z [191,206ms] [Warning] [omni.syntheticdata.plugin] OgnSdSemanticLabelsMap: invalid input host AOV koudyxSemanticLabelTokenSDhost.
2026-10-10T05:09:25Z [191,210ms] [Warning] [omni.syntheticdata.plugin] OgnSdSemanticLabelsMap: invalid input AOV SemanticLabelTokenSD.
2026-10-10T05:09:25Z [191,210ms] [Warning] [omni.syntheticdata.plugin] OgnSdSemanticLabelsMap: invalid input AOV SemanticLabelTokenSD.
2026-10-10T05:09:25Z [191,215ms] [Warning] [omni.syntheticdata.plugin] OgnSdSemanticLabelsMap: invalid input host AOV zmfeywSemanticLabelTokenSDhost.
2026-10-10T05:09:25Z [191,215ms] [Warning] [omni.syntheticdata.plugin] OgnSdSemanticLabelsMap: invalid input host AOV koudyxSemanticLabelTokenSDhost.
2026-10-10T05:09:25Z [191,218ms] [Warning] [omni.syntheticdata.plugin] OgnSdSemanticLabelsMap: invalid input AOV SemanticLabelTokenSD.
2026-10-10T05:09:25Z [191,218ms] [Warning] [omni.syntheticdata.plugin] OgnSdSemanticLabelsMap: invalid input AOV SemanticLabelTokenSD.
2026-10-10T05:09:25Z [191,228ms] [Warning] [omni.syntheticdata.plugin] OgnSdSemanticLabelsMap: invalid input host AOV zmfeywSemanticLabelTokenSDhost.
2026-10-10T05:09:25Z [191,228ms] [Warning] [omni.syntheticdata.plugin] OgnSdSemanticLabelsMap: invalid input host AOV koudyxSemanticLabelTokenSDhost.
2026-10-10T05:09:25Z [191,232ms] [Warning] [omni.syntheticdata.plugin] OgnSdSemanticLabelsMap: invalid input AOV SemanticLabelTokenSD.
2026-10-10T05:09:25Z [191,232ms] [Warning] [omni.syntheticdata.plugin] OgnSdSemanticLabelsMap: invalid input AOV SemanticLabelTokenSD.
2026-10-10T05:09:25Z [191,237ms] [Warning] [omni.syntheticdata.plugin] OgnSdSemanticLabelsMap: invalid input host AOV zmfeywSemanticLabelTokenSDhost.
2026-10-10T05:09:25Z [191,237ms] [Warning] [omni.syntheticdata.plugin] OgnSdSemanticLabelsMap: invalid input host AOV koudyxSemanticLabelTokenSDhost.
2026-10-10T05:09:25Z [191,241ms] [Warning] [omni.syntheticdata.plugin] OgnSdSemanticLabelsMap: invalid input AOV SemanticLabelTokenSD.
2026-10-10T05:09:25Z [191,241ms] [Warning] [omni.syntheticdata.plugin] OgnSdSemanticLabelsMap: invalid input AOV SemanticLabelTokenSD.
2026-10-10T05:09:25Z [191,251ms] [Warning] [omni.syntheticdata.plugin] OgnSdSemanticLabelsMap: invalid input host AOV zmfeywSemanticLabelTokenSDhost.
2026-10-10T05:09:25Z [191,251ms] [Warning] [omni.syntheticdata.plugin] OgnSdSemanticLabelsMap: invalid input host AOV koudyxSemanticLabelTokenSDhost.
2026-10-10T05:09:25Z [191,255ms] [Warning] [omni.syntheticdata.plugin] OgnSdSemanticLabelsMap: invalid input AOV SemanticLabelTokenSD.
2026-10-10T05:09:25Z [191,255ms] [Warning] [omni.syntheticdata.plugin] OgnSdSemanticLabelsMap: invalid input AOV SemanticLabelTokenSD.
2026-10-10T05:09:25Z [191,260ms] [Warning] [omni.syntheticdata.plugin] OgnSdSemanticLabelsMap: invalid input host AOV zmfeywSemanticLabelTokenSDhost.
2026-10-10T05:09:25Z [191,260ms] [Warning] [omni.syntheticdata.plugin] OgnSdSemanticLabelsMap: invalid input host AOV koudyxSemanticLabelTokenSDhost.
2026-10-10T05:09:25Z [191,264ms] [Warning] [omni.syntheticdata.plugin] OgnSdSemanticLabelsMap: invalid input AOV SemanticLabelTokenSD.
2026-10-10T05:09:25Z [191,264ms] [Warning] [omni.syntheticdata.plugin] OgnSdSemanticLabelsMap: invalid input AOV SemanticLabelTokenSD.
2026-10-10T05:09:25Z [191,276ms] [Warning] [omni.syntheticdata.plugin] OgnSdSemanticLabelsMap: invalid input host AOV zmfeywSemanticLabelTokenSDhost.
2026-10-10T05:09:25Z [191,276ms] [Warning] [omni.syntheticdata.plugin] OgnSdSemanticLabelsMap: invalid input host AOV koudyxSemanticLabelTokenSDhost.
2026-10-10T05:09:25Z [191,281ms] [Warning] [omni.syntheticdata.plugin] OgnSdSemanticLabelsMap: invalid input AOV SemanticLabelTokenSD.
2026-10-10T05:09:25Z [191,281ms] [Warning] [omni.syntheticdata.plugin] OgnSdSemanticLabelsMap: invalid input AOV SemanticLabelTokenSD.
2026-10-10T05:09:25Z [191,284ms] [Warning] [omni.syntheticdata.plugin] OgnSdSemanticLabelsMap: invalid input host AOV zmfeywSemanticLabelTokenSDhost.
2026-10-10T05:09:25Z [191,284ms] [Warning] [omni.syntheticdata.plugin] OgnSdSemanticLabelsMap: invalid input host AOV koudyxSemanticLabelTokenSDhost.
2026-10-10T05:09:25Z [191,289ms] [Warning] [omni.syntheticdata.plugin] OgnSdSemanticLabelsMap: invalid input AOV SemanticLabelTokenSD.
2026-10-10T05:09:25Z [191,289ms] [Warning] [omni.syntheticdata.plugin] OgnSdSemanticLabelsMap: invalid input AOV SemanticLabelTokenSD.
2026-10-10T05:09:25Z [191,292ms] [Warning] [omni.syntheticdata.plugin] OgnSdSemanticLabelsMap: invalid input host AOV zmfeywSemanticLabelTokenSDhost.
2026-10-10T05:09:25Z [191,292ms] [Warning] [omni.syntheticdata.plugin] OgnSdSemanticLabelsMap: invalid input host AOV koudyxSemanticLabelTokenSDhost.
2026-10-10T05:09:25Z [191,295ms] [Warning] [omni.syntheticdata.plugin] OgnSdSemanticLabelsMap: invalid input AOV SemanticLabelTokenSD.
2026-10-10T05:09:25Z [191,295ms] [Warning] [omni.syntheticdata.plugin] OgnSdSemanticLabelsMap: invalid input AOV SemanticLabelTokenSD.
2026-10-10T05:09:25Z [191,299ms] [Warning] [omni.syntheticdata.plugin] OgnSdSemanticLabelsMap: invalid input host AOV zmfeywSemanticLabelTokenSDhost.
2026-10-10T05:09:25Z [191,299ms] [Warning] [omni.syntheticdata.plugin] OgnSdSemanticLabelsMap: invalid input host AOV koudyxSemanticLabelTokenSDhost.
2026-10-10T05:09:25Z [191,302ms] [Warning] [omni.syntheticdata.plugin] OgnSdSemanticLabelsMap: invalid input AOV SemanticLabelTokenSD.
2026-10-10T05:09:25Z [191,302ms] [Warning] [omni.syntheticdata.plugin] OgnSdSemanticLabelsMap: invalid input AOV SemanticLabelTokenSD.
2026-10-10T05:09:25Z [191,313ms] [Warning] [omni.syntheticdata.plugin] OgnSdSemanticLabelsMap: invalid input host AOV zmfeywSemanticLabelTokenSDhost.
2026-10-10T05:09:25Z [191,313ms] [Warning] [omni.syntheticdata.plugin] OgnSdSemanticLabelsMap: invalid input host AOV koudyxSemanticLabelTokenSDhost.
2026-10-10T05:09:25Z [191,318ms] [Warning] [omni.syntheticdata.plugin] OgnSdSemanticLabelsMap: invalid input AOV SemanticLabelTokenSD.
2026-10-10T05:09:25Z [191,319ms] [Warning] [omni.syntheticdata.plugin] OgnSdSemanticLabelsMap: invalid input AOV SemanticLabelTokenSD.
2026-10-10T05:09:25Z [191,328ms] [Warning] [omni.syntheticdata.plugin] OgnSdSemanticLabelsMap: invalid input host AOV zmfeywSemanticLabelTokenSDhost.
2026-10-10T05:09:25Z [191,328ms] [Warning] [omni.syntheticdata.plugin] OgnSdSemanticLabelsMap: invalid input host AOV koudyxSemanticLabelTokenSDhost.
2026-10-10T05:09:25Z [191,333ms] [Warning] [omni.syntheticdata.plugin] OgnSdSemanticLabelsMap: invalid input AOV SemanticLabelTokenSD.
2026-10-10T05:09:25Z [191,333ms] [Warning] [omni.syntheticdata.plugin] OgnSdSemanticLabelsMap: invalid input AOV SemanticLabelTokenSD.
2026-10-10T05:09:25Z [191,343ms] [Warning] [omni.syntheticdata.plugin] OgnSdSemanticLabelsMap: invalid input host AOV zmfeywSemanticLabelTokenSDhost.
2026-10-10T05:09:25Z [191,343ms] [Warning] [omni.syntheticdata.plugin] OgnSdSemanticLabelsMap: invalid input host AOV koudyxSemanticLabelTokenSDhost.
2026-10-10T05:09:25Z [191,348ms] [Warning] [omni.syntheticdata.plugin] OgnSdSemanticLabelsMap: invalid input AOV SemanticLabelTokenSD.
2026-10-10T05:09:25Z [191,348ms] [Warning] [omni.syntheticdata.plugin] OgnSdSemanticLabelsMap: invalid input AOV SemanticLabelTokenSD.
2026-10-10T05:09:25Z [191,353ms] [Warning] [omni.syntheticdata.plugin] OgnSdSemanticLabelsMap: invalid input host AOV zmfeywSemanticLabelTokenSDhost.
2026-10-10T05:09:25Z [191,353ms] [Warning] [omni.syntheticdata.plugin] OgnSdSemanticLabelsMap: invalid input host AOV koudyxSemanticLabelTokenSDhost.
2026-10-10T05:09:25Z [191,358ms] [Warning] [omni.syntheticdata.plugin] OgnSdSemanticLabelsMap: invalid input AOV SemanticLabelTokenSD.
2026-10-10T05:09:25Z [191,358ms] [Warning] [omni.syntheticdata.plugin] OgnSdSemanticLabelsMap: invalid input AOV SemanticLabelTokenSD.
2026-10-10T05:09:25Z [191,369ms] [Warning] [omni.syntheticdata.plugin] OgnSdSemanticLabelsMap: invalid input host AOV zmfeywSemanticLabelTokenSDhost.
2026-10-10T05:09:25Z [191,369ms] [Warning] [omni.syntheticdata.plugin] OgnSdSemanticLabelsMap: invalid input host AOV koudyxSemanticLabelTokenSDhost.
2026-10-10T05:09:25Z [191,375ms] [Warning] [omni.syntheticdata.plugin] OgnSdSemanticLabelsMap: invalid input AOV SemanticLabelTokenSD.
2026-10-10T05:09:25Z [191,375ms] [Warning] [omni.syntheticdata.plugin] OgnSdSemanticLabelsMap: invalid input AOV SemanticLabelTokenSD.
2026-10-10T05:09:25Z [191,377ms] [Warning] [omni.syntheticdata.plugin] OgnSdSemanticLabelsMap: invalid input host AOV zmfeywSemanticLabelTokenSDhost.
2026-10-10T05:09:25Z [191,377ms] [Warning] [omni.syntheticdata.plugin] OgnSdSemanticLabelsMap: invalid input host AOV koudyxSemanticLabelTokenSDhost.
2026-10-10T05:09:25Z [191,382ms] [Warning] [omni.syntheticdata.plugin] OgnSdSemanticLabelsMap: invalid input AOV SemanticLabelTokenSD.
2026-10-10T05:09:25Z [191,382ms] [Warning] [omni.syntheticdata.plugin] OgnSdSemanticLabelsMap: invalid input AOV SemanticLabelTokenSD.
2026-10-10T05:09:25Z [191,385ms] [Warning] [omni.syntheticdata.plugin] OgnSdSemanticLabelsMap: invalid input host AOV zmfeywSemanticLabelTokenSDhost.
2026-10-10T05:09:25Z [191,385ms] [Warning] [omni.syntheticdata.plugin] OgnSdSemanticLabelsMap: invalid input host AOV koudyxSemanticLabelTokenSDhost.
2026-10-10T05:09:25Z [191,391ms] [Warning] [omni.syntheticdata.plugin] OgnSdSemanticLabelsMap: invalid input AOV SemanticLabelTokenSD.
2026-10-10T05:09:25Z [191,391ms] [Warning] [omni.syntheticdata.plugin] OgnSdSemanticLabelsMap: invalid input AOV SemanticLabelTokenSD.
2026-10-10T05:09:25Z [191,400ms] [Warning] [omni.syntheticdata.plugin] OgnSdSemanticLabelsMap: invalid input host AOV zmfeywSemanticLabelTokenSDhost.
2026-10-10T05:09:25Z [191,400ms] [Warning] [omni.syntheticdata.plugin] OgnSdSemanticLabelsMap: invalid input host AOV koudyxSemanticLabelTokenSDhost.
2026-10-10T05:09:25Z [191,405ms] [Warning] [omni.syntheticdata.plugin] OgnSdSemanticLabelsMap: invalid input AOV SemanticLabelTokenSD.
2026-10-10T05:09:25Z [191,405ms] [Warning] [omni.syntheticdata.plugin] OgnSdSemanticLabelsMap: invalid input AOV SemanticLabelTokenSD.
2026-10-10T05:09:25Z [191,411ms] [Warning] [omni.syntheticdata.plugin] OgnSdSemanticLabelsMap: invalid input host AOV zmfeywSemanticLabelTokenSDhost.
2026-10-10T05:09:25Z [191,411ms] [Warning] [omni.syntheticdata.plugin] OgnSdSemanticLabelsMap: invalid input host AOV koudyxSemanticLabelTokenSDhost.
2026-10-10T05:09:25Z [191,417ms] [Warning] [omni.syntheticdata.plugin] OgnSdSemanticLabelsMap: invalid input AOV SemanticLabelTokenSD.
2026-10-10T05:09:25Z [191,417ms] [Warning] [omni.syntheticdata.plugin] OgnSdSemanticLabelsMap: invalid input AOV SemanticLabelTokenSD.
2026-10-10T05:09:25Z [191,427ms] [Warning] [omni.syntheticdata.plugin] OgnSdSemanticLabelsMap: invalid input host AOV zmfeywSemanticLabelTokenSDhost.
2026-10-10T05:09:25Z [191,427ms] [Warning] [omni.syntheticdata.plugin] OgnSdSemanticLabelsMap: invalid input host AOV koudyxSemanticLabelTokenSDhost.
2026-10-10T05:09:25Z [191,432ms] [Warning] [omni.syntheticdata.plugin] OgnSdSemanticLabelsMap: invalid input AOV SemanticLabelTokenSD.
2026-10-10T05:09:25Z [191,432ms] [Warning] [omni.syntheticdata.plugin] OgnSdSemanticLabelsMap: invalid input AOV SemanticLabelTokenSD.
2026-10-10T05:09:25Z [191,438ms] [Warning] [omni.syntheticdata.plugin] OgnSdSemanticLabelsMap: invalid input host AOV zmfeywSemanticLabelTokenSDhost.
2026-10-10T05:09:25Z [191,438ms] [Warning] [omni.syntheticdata.plugin] OgnSdSemanticLabelsMap: invalid input host AOV koudyxSemanticLabelTokenSDhost.
2026-10-10T05:09:25Z [191,444ms] [Warning] [omni.syntheticdata.plugin] OgnSdSemanticLabelsMap: invalid input AOV SemanticLabelTokenSD.
2026-10-10T05:09:25Z [191,444ms] [Warning] [omni.syntheticdata.plugin] OgnSdSemanticLabelsMap: invalid input AOV SemanticLabelTokenSD.
2026-10-10T05:09:25Z [191,454ms] [Warning] [omni.syntheticdata.plugin] OgnSdSemanticLabelsMap: invalid input host AOV zmfeywSemanticLabelTokenSDhost.
2026-10-10T05:09:25Z [191,454ms] [Warning] [omni.syntheticdata.plugin] OgnSdSemanticLabelsMap: invalid input host AOV koudyxSemanticLabelTokenSDhost.
2026-10-10T05:09:25Z [191,459ms] [Warning] [omni.syntheticdata.plugin] OgnSdSemanticLabelsMap: invalid input AOV SemanticLabelTokenSD.
2026-10-10T05:09:25Z [191,459ms] [Warning] [omni.syntheticdata.plugin] OgnSdSemanticLabelsMap: invalid input AOV SemanticLabelTokenSD.
2026-10-10T05:09:25Z [191,470ms] [Warning] [omni.syntheticdata.plugin] OgnSdSemanticLabelsMap: invalid input host AOV zmfeywSemanticLabelTokenSDhost.
2026-10-10T05:09:25Z [191,470ms] [Warning] [omni.syntheticdata.plugin] OgnSdSemanticLabelsMap: invalid input host AOV koudyxSemanticLabelTokenSDhost.
2026-10-10T05:09:25Z [191,476ms] [Warning] [omni.syntheticdata.plugin] OgnSdSemanticLabelsMap: invalid input AOV SemanticLabelTokenSD.
2026-10-10T05:09:25Z [191,476ms] [Warning] [omni.syntheticdata.plugin] OgnSdSemanticLabelsMap: invalid input AOV SemanticLabelTokenSD.
2026-10-10T05:09:25Z [191,479ms] [Warning] [omni.syntheticdata.plugin] OgnSdSemanticLabelsMap: invalid input host AOV zmfeywSemanticLabelTokenSDhost.
2026-10-10T05:09:25Z [191,479ms] [Warning] [omni.syntheticdata.plugin] OgnSdSemanticLabelsMap: invalid input host AOV koudyxSemanticLabelTokenSDhost.
2026-10-10T05:09:25Z [191,483ms] [Warning] [omni.syntheticdata.plugin] OgnSdSemanticLabelsMap: invalid input AOV SemanticLabelTokenSD.
2026-10-10T05:09:25Z [191,483ms] [Warning] [omni.syntheticdata.plugin] OgnSdSemanticLabelsMap: invalid input AOV SemanticLabelTokenSD.
2026-10-10T05:09:25Z [191,486ms] [Warning] [omni.syntheticdata.plugin] OgnSdSemanticLabelsMap: invalid input host AOV zmfeywSemanticLabelTokenSDhost.
2026-10-10T05:09:25Z [191,486ms] [Warning] [omni.syntheticdata.plugin] OgnSdSemanticLabelsMap: invalid input host AOV koudyxSemanticLabelTokenSDhost.
2026-10-10T05:09:25Z [191,490ms] [Warning] [omni.syntheticdata.plugin] OgnSdSemanticLabelsMap: invalid input AOV SemanticLabelTokenSD.
2026-10-10T05:09:25Z [191,490ms] [Warning] [omni.syntheticdata.plugin] OgnSdSemanticLabelsMap: invalid input AOV SemanticLabelTokenSD.
2026-10-10T05:09:25Z [191,493ms] [Warning] [omni.syntheticdata.plugin] OgnSdSemanticLabelsMap: invalid input host AOV zmfeywSemanticLabelTokenSDhost.
2026-10-10T05:09:25Z [191,493ms] [Warning] [omni.syntheticdata.plugin] OgnSdSemanticLabelsMap: invalid input host AOV koudyxSemanticLabelTokenSDhost.
2026-10-10T05:09:25Z [191,497ms] [Warning] [omni.syntheticdata.plugin] OgnSdSemanticLabelsMap: invalid input AOV SemanticLabelTokenSD.
2026-10-10T05:09:25Z [191,497ms] [Warning] [omni.syntheticdata.plugin] OgnSdSemanticLabelsMap: invalid input AOV SemanticLabelTokenSD.
2026-10-10T05:09:25Z [191,508ms] [Warning] [omni.syntheticdata.plugin] OgnSdSemanticLabelsMap: invalid input host AOV zmfeywSemanticLabelTokenSDhost.
2026-10-10T05:09:25Z [191,508ms] [Warning] [omni.syntheticdata.plugin] OgnSdSemanticLabelsMap: invalid input host AOV koudyxSemanticLabelTokenSDhost.
2026-10-10T05:09:25Z [191,512ms] [Warning] [omni.syntheticdata.plugin] OgnSdSemanticLabelsMap: invalid input AOV SemanticLabelTokenSD.
2026-10-10T05:09:25Z [191,512ms] [Warning] [omni.syntheticdata.plugin] OgnSdSemanticLabelsMap: invalid input AOV SemanticLabelTokenSD.
2026-10-10T05:09:25Z [191,523ms] [Warning] [omni.syntheticdata.plugin] OgnSdSemanticLabelsMap: invalid input host AOV zmfeywSemanticLabelTokenSDhost.
2026-10-10T05:09:25Z [191,523ms] [Warning] [omni.syntheticdata.plugin] OgnSdSemanticLabelsMap: invalid input host AOV koudyxSemanticLabelTokenSDhost.
2026-10-10T05:09:25Z [191,529ms] [Warning] [omni.syntheticdata.plugin] OgnSdSemanticLabelsMap: invalid input AOV SemanticLabelTokenSD.
2026-10-10T05:09:25Z [191,529ms] [Warning] [omni.syntheticdata.plugin] OgnSdSemanticLabelsMap: invalid input AOV SemanticLabelTokenSD.
2026-10-10T05:09:25Z [191,539ms] [Warning] [omni.syntheticdata.plugin] OgnSdSemanticLabelsMap: invalid input host AOV zmfeywSemanticLabelTokenSDhost.
2026-10-10T05:09:25Z [191,539ms] [Warning] [omni.syntheticdata.plugin] OgnSdSemanticLabelsMap: invalid input host AOV koudyxSemanticLabelTokenSDhost.
2026-10-10T05:09:25Z [191,545ms] [Warning] [omni.syntheticdata.plugin] OgnSdSemanticLabelsMap: invalid input AOV SemanticLabelTokenSD.
2026-10-10T05:09:25Z [191,545ms] [Warning] [omni.syntheticdata.plugin] OgnSdSemanticLabelsMap: invalid input AOV SemanticLabelTokenSD.
2026-10-10T05:09:25Z [191,549ms] [Warning] [omni.syntheticdata.plugin] OgnSdSemanticLabelsMap: invalid input host AOV zmfeywSemanticLabelTokenSDhost.
2026-10-10T05:09:25Z [191,549ms] [Warning] [omni.syntheticdata.plugin] OgnSdSemanticLabelsMap: invalid input host AOV koudyxSemanticLabelTokenSDhost.
2026-10-10T05:09:25Z [191,556ms] [Warning] [omni.syntheticdata.plugin] OgnSdSemanticLabelsMap: invalid input AOV SemanticLabelTokenSD.
2026-10-10T05:09:25Z [191,556ms] [Warning] [omni.syntheticdata.plugin] OgnSdSemanticLabelsMap: invalid input AOV SemanticLabelTokenSD.
2026-10-10T05:09:25Z [191,565ms] [Warning] [omni.syntheticdata.plugin] OgnSdSemanticLabelsMap: invalid input host AOV zmfeywSemanticLabelTokenSDhost.
2026-10-10T05:09:25Z [191,566ms] [Warning] [omni.syntheticdata.plugin] OgnSdSemanticLabelsMap: invalid input host AOV koudyxSemanticLabelTokenSDhost.
2026-10-10T05:09:25Z [191,573ms] [Warning] [omni.syntheticdata.plugin] OgnSdSemanticLabelsMap: invalid input AOV SemanticLabelTokenSD.
2026-10-10T05:09:25Z [191,573ms] [Warning] [omni.syntheticdata.plugin] OgnSdSemanticLabelsMap: invalid input AOV SemanticLabelTokenSD.
2026-10-10T05:09:25Z [191,576ms] [Warning] [omni.syntheticdata.plugin] OgnSdSemanticLabelsMap: invalid input host AOV zmfeywSemanticLabelTokenSDhost.
2026-10-10T05:09:25Z [191,576ms] [Warning] [omni.syntheticdata.plugin] OgnSdSemanticLabelsMap: invalid input host AOV koudyxSemanticLabelTokenSDhost.
2026-10-10T05:09:25Z [191,582ms] [Warning] [omni.syntheticdata.plugin] OgnSdSemanticLabelsMap: invalid input AOV SemanticLabelTokenSD.
2026-10-10T05:09:25Z [191,582ms] [Warning] [omni.syntheticdata.plugin] OgnSdSemanticLabelsMap: invalid input AOV SemanticLabelTokenSD.
2026-10-10T05:09:25Z [191,585ms] [Warning] [omni.syntheticdata.plugin] OgnSdSemanticLabelsMap: invalid input host AOV zmfeywSemanticLabelTokenSDhost.
2026-10-10T05:09:25Z [191,585ms] [Warning] [omni.syntheticdata.plugin] OgnSdSemanticLabelsMap: invalid input host AOV koudyxSemanticLabelTokenSDhost.
2026-10-10T05:09:25Z [191,592ms] [Warning] [omni.syntheticdata.plugin] OgnSdSemanticLabelsMap: invalid input AOV SemanticLabelTokenSD.
2026-10-10T05:09:25Z [191,592ms] [Warning] [omni.syntheticdata.plugin] OgnSdSemanticLabelsMap: invalid input AOV SemanticLabelTokenSD.
2026-10-10T05:09:25Z [191,603ms] [Warning] [omni.syntheticdata.plugin] OgnSdSemanticLabelsMap: invalid input host AOV zmfeywSemanticLabelTokenSDhost.
2026-10-10T05:09:25Z [191,603ms] [Warning] [omni.syntheticdata.plugin] OgnSdSemanticLabelsMap: invalid input host AOV koudyxSemanticLabelTokenSDhost.
2026-10-10T05:09:25Z [191,608ms] [Warning] [omni.syntheticdata.plugin] OgnSdSemanticLabelsMap: invalid input AOV SemanticLabelTokenSD.
2026-10-10T05:09:25Z [191,608ms] [Warning] [omni.syntheticdata.plugin] OgnSdSemanticLabelsMap: invalid input AOV SemanticLabelTokenSD.
2026-10-10T05:09:25Z [191,612ms] [Warning] [omni.syntheticdata.plugin] OgnSdSemanticLabelsMap: invalid input host AOV zmfeywSemanticLabelTokenSDhost.
2026-10-10T05:09:25Z [191,612ms] [Warning] [omni.syntheticdata.plugin] OgnSdSemanticLabelsMap: invalid input host AOV koudyxSemanticLabelTokenSDhost.
2026-10-10T05:09:25Z [191,616ms] [Warning] [omni.syntheticdata.plugin] OgnSdSemanticLabelsMap: invalid input AOV SemanticLabelTokenSD.
2026-10-10T05:09:25Z [191,616ms] [Warning] [omni.syntheticdata.plugin] OgnSdSemanticLabelsMap: invalid input AOV SemanticLabelTokenSD.
2026-10-10T05:09:25Z [191,626ms] [Warning] [omni.syntheticdata.plugin] OgnSdSemanticLabelsMap: invalid input host AOV zmfeywSemanticLabelTokenSDhost.
2026-10-10T05:09:25Z [191,626ms] [Warning] [omni.syntheticdata.plugin] OgnSdSemanticLabelsMap: invalid input host AOV koudyxSemanticLabelTokenSDhost.
2026-10-10T05:09:25Z [191,631ms] [Warning] [omni.syntheticdata.plugin] OgnSdSemanticLabelsMap: invalid input AOV SemanticLabelTokenSD.
2026-10-10T05:09:25Z [191,631ms] [Warning] [omni.syntheticdata.plugin] OgnSdSemanticLabelsMap: invalid input AOV SemanticLabelTokenSD.
2026-10-10T05:09:25Z [191,634ms] [Warning] [omni.syntheticdata.plugin] OgnSdSemanticLabelsMap: invalid input host AOV zmfeywSemanticLabelTokenSDhost.
2026-10-10T05:09:25Z [191,634ms] [Warning] [omni.syntheticdata.plugin] OgnSdSemanticLabelsMap: invalid input host AOV koudyxSemanticLabelTokenSDhost.
2026-10-10T05:09:25Z [191,638ms] [Warning] [omni.syntheticdata.plugin] OgnSdSemanticLabelsMap: invalid input AOV SemanticLabelTokenSD.
2026-10-10T05:09:25Z [191,638ms] [Warning] [omni.syntheticdata.plugin] OgnSdSemanticLabelsMap: invalid input AOV SemanticLabelTokenSD.
2026-10-10T05:09:26Z [191,650ms] [Warning] [omni.syntheticdata.plugin] OgnSdSemanticLabelsMap: invalid input host AOV zmfeywSemanticLabelTokenSDhost.
2026-10-10T05:09:26Z [191,650ms] [Warning] [omni.syntheticdata.plugin] OgnSdSemanticLabelsMap: invalid input host AOV koudyxSemanticLabelTokenSDhost.
2026-10-10T05:09:26Z [191,655ms] [Warning] [omni.syntheticdata.plugin] OgnSdSemanticLabelsMap: invalid input AOV SemanticLabelTokenSD.
2026-10-10T05:09:26Z [191,655ms] [Warning] [omni.syntheticdata.plugin] OgnSdSemanticLabelsMap: invalid input AOV SemanticLabelTokenSD.
2026-10-10T05:09:26Z [191,663ms] [Warning] [omni.syntheticdata.plugin] OgnSdSemanticLabelsMap: invalid input host AOV zmfeywSemanticLabelTokenSDhost.
2026-10-10T05:09:26Z [191,663ms] [Warning] [omni.syntheticdata.plugin] OgnSdSemanticLabelsMap: invalid input host AOV koudyxSemanticLabelTokenSDhost.
2026-10-10T05:09:26Z [191,669ms] [Warning] [omni.syntheticdata.plugin] OgnSdSemanticLabelsMap: invalid input AOV SemanticLabelTokenSD.
2026-10-10T05:09:26Z [191,669ms] [Warning] [omni.syntheticdata.plugin] OgnSdSemanticLabelsMap: invalid input AOV SemanticLabelTokenSD.
2026-10-10T05:09:26Z [191,677ms] [Warning] [omni.syntheticdata.plugin] OgnSdSemanticLabelsMap: invalid input host AOV zmfeywSemanticLabelTokenSDhost.
2026-10-10T05:09:26Z [191,677ms] [Warning] [omni.syntheticdata.plugin] OgnSdSemanticLabelsMap: invalid input host AOV koudyxSemanticLabelTokenSDhost.
2026-10-10T05:09:26Z [191,685ms] [Warning] [omni.syntheticdata.plugin] OgnSdSemanticLabelsMap: invalid input AOV SemanticLabelTokenSD.
2026-10-10T05:09:26Z [191,685ms] [Warning] [omni.syntheticdata.plugin] OgnSdSemanticLabelsMap: invalid input AOV SemanticLabelTokenSD.
2026-10-10T05:09:26Z [191,688ms] [Warning] [omni.syntheticdata.plugin] OgnSdSemanticLabelsMap: invalid input host AOV zmfeywSemanticLabelTokenSDhost.
2026-10-10T05:09:26Z [191,688ms] [Warning] [omni.syntheticdata.plugin] OgnSdSemanticLabelsMap: invalid input host AOV koudyxSemanticLabelTokenSDhost.
2026-10-10T05:09:26Z [191,696ms] [Warning] [omni.syntheticdata.plugin] OgnSdSemanticLabelsMap: invalid input AOV SemanticLabelTokenSD.
2026-10-10T05:09:26Z [191,696ms] [Warning] [omni.syntheticdata.plugin] OgnSdSemanticLabelsMap: invalid input AOV SemanticLabelTokenSD.
2026-10-10T05:09:26Z [191,705ms] [Warning] [omni.syntheticdata.plugin] OgnSdSemanticLabelsMap: invalid input host AOV zmfeywSemanticLabelTokenSDhost.
2026-10-10T05:09:26Z [191,705ms] [Warning] [omni.syntheticdata.plugin] OgnSdSemanticLabelsMap: invalid input host AOV koudyxSemanticLabelTokenSDhost.
2026-10-10T05:09:26Z [191,714ms] [Warning] [omni.syntheticdata.plugin] OgnSdSemanticLabelsMap: invalid input AOV SemanticLabelTokenSD.
2026-10-10T05:09:26Z [191,714ms] [Warning] [omni.syntheticdata.plugin] OgnSdSemanticLabelsMap: invalid input AOV SemanticLabelTokenSD.
2026-10-10T05:09:26Z [191,717ms] [Warning] [omni.syntheticdata.plugin] OgnSdSemanticLabelsMap: invalid input host AOV zmfeywSemanticLabelTokenSDhost.
2026-10-10T05:09:26Z [191,717ms] [Warning] [omni.syntheticdata.plugin] OgnSdSemanticLabelsMap: invalid input host AOV koudyxSemanticLabelTokenSDhost.
2026-10-10T05:09:26Z [191,724ms] [Warning] [omni.syntheticdata.plugin] OgnSdSemanticLabelsMap: invalid input AOV SemanticLabelTokenSD.
2026-10-10T05:09:26Z [191,724ms] [Warning] [omni.syntheticdata.plugin] OgnSdSemanticLabelsMap: invalid input AOV SemanticLabelTokenSD.
2026-10-10T05:09:26Z [191,733ms] [Warning] [omni.syntheticdata.plugin] OgnSdSemanticLabelsMap: invalid input host AOV zmfeywSemanticLabelTokenSDhost.
2026-10-10T05:09:26Z [191,733ms] [Warning] [omni.syntheticdata.plugin] OgnSdSemanticLabelsMap: invalid input host AOV koudyxSemanticLabelTokenSDhost.
2026-10-10T05:09:26Z [191,739ms] [Warning] [omni.syntheticdata.plugin] OgnSdSemanticLabelsMap: invalid input AOV SemanticLabelTokenSD.
2026-10-10T05:09:26Z [191,739ms] [Warning] [omni.syntheticdata.plugin] OgnSdSemanticLabelsMap: invalid input AOV SemanticLabelTokenSD.
2026-10-10T05:09:26Z [191,750ms] [Warning] [omni.syntheticdata.plugin] OgnSdSemanticLabelsMap: invalid input host AOV zmfeywSemanticLabelTokenSDhost.
2026-10-10T05:09:26Z [191,750ms] [Warning] [omni.syntheticdata.plugin] OgnSdSemanticLabelsMap: invalid input host AOV koudyxSemanticLabelTokenSDhost.
2026-10-10T05:09:26Z [191,759ms] [Warning] [omni.syntheticdata.plugin] OgnSdSemanticLabelsMap: invalid input AOV SemanticLabelTokenSD.
2026-10-10T05:09:26Z [191,759ms] [Warning] [omni.syntheticdata.plugin] OgnSdSemanticLabelsMap: invalid input AOV SemanticLabelTokenSD.
2026-10-10T05:09:26Z [191,767ms] [Warning] [omni.syntheticdata.plugin] OgnSdSemanticLabelsMap: invalid input host AOV zmfeywSemanticLabelTokenSDhost.
2026-10-10T05:09:26Z [191,767ms] [Warning] [omni.syntheticdata.plugin] OgnSdSemanticLabelsMap: invalid input host AOV koudyxSemanticLabelTokenSDhost.
2026-10-10T05:09:26Z [191,776ms] [Warning] [omni.syntheticdata.plugin] OgnSdSemanticLabelsMap: invalid input AOV SemanticLabelTokenSD.
2026-10-10T05:09:26Z [191,776ms] [Warning] [omni.syntheticdata.plugin] OgnSdSemanticLabelsMap: invalid input AOV SemanticLabelTokenSD.
2026-10-10T05:09:26Z [191,779ms] [Warning] [omni.syntheticdata.plugin] OgnSdSemanticLabelsMap: invalid input host AOV zmfeywSemanticLabelTokenSDhost.
2026-10-10T05:09:26Z [191,779ms] [Warning] [omni.syntheticdata.plugin] OgnSdSemanticLabelsMap: invalid input host AOV koudyxSemanticLabelTokenSDhost.
2026-10-10T05:09:26Z [191,783ms] [Warning] [omni.syntheticdata.plugin] OgnSdSemanticLabelsMap: invalid input AOV SemanticLabelTokenSD.
2026-10-10T05:09:26Z [191,783ms] [Warning] [omni.syntheticdata.plugin] OgnSdSemanticLabelsMap: invalid input AOV SemanticLabelTokenSD.
2026-10-10T05:09:26Z [191,787ms] [Warning] [omni.syntheticdata.plugin] OgnSdSemanticLabelsMap: invalid input host AOV zmfeywSemanticLabelTokenSDhost.
2026-10-10T05:09:26Z [191,787ms] [Warning] [omni.syntheticdata.plugin] OgnSdSemanticLabelsMap: invalid input host AOV koudyxSemanticLabelTokenSDhost.
2026-10-10T05:09:26Z [191,791ms] [Warning] [omni.syntheticdata.plugin] OgnSdSemanticLabelsMap: invalid input AOV SemanticLabelTokenSD.
2026-10-10T05:09:26Z [191,791ms] [Warning] [omni.syntheticdata.plugin] OgnSdSemanticLabelsMap: invalid input AOV SemanticLabelTokenSD.
2026-10-10T05:09:26Z [191,794ms] [Warning] [omni.syntheticdata.plugin] OgnSdSemanticLabelsMap: invalid input host AOV zmfeywSemanticLabelTokenSDhost.
2026-10-10T05:09:26Z [191,794ms] [Warning] [omni.syntheticdata.plugin] OgnSdSemanticLabelsMap: invalid input host AOV koudyxSemanticLabelTokenSDhost.
2026-10-10T05:09:26Z [191,798ms] [Warning] [omni.syntheticdata.plugin] OgnSdSemanticLabelsMap: invalid input AOV SemanticLabelTokenSD.
2026-10-10T05:09:26Z [191,798ms] [Warning] [omni.syntheticdata.plugin] OgnSdSemanticLabelsMap: invalid input AOV SemanticLabelTokenSD.
2026-10-10T05:09:26Z [191,812ms] [Warning] [omni.syntheticdata.plugin] OgnSdSemanticLabelsMap: invalid input host AOV zmfeywSemanticLabelTokenSDhost.
2026-10-10T05:09:26Z [191,812ms] [Warning] [omni.syntheticdata.plugin] OgnSdSemanticLabelsMap: invalid input host AOV koudyxSemanticLabelTokenSDhost.
2026-10-10T05:09:26Z [191,817ms] [Warning] [omni.syntheticdata.plugin] OgnSdSemanticLabelsMap: invalid input AOV SemanticLabelTokenSD.
2026-10-10T05:09:26Z [191,817ms] [Warning] [omni.syntheticdata.plugin] OgnSdSemanticLabelsMap: invalid input AOV SemanticLabelTokenSD.
2026-10-10T05:09:26Z [191,830ms] [Warning] [omni.syntheticdata.plugin] OgnSdSemanticLabelsMap: invalid input host AOV zmfeywSemanticLabelTokenSDhost.
2026-10-10T05:09:26Z [191,830ms] [Warning] [omni.syntheticdata.plugin] OgnSdSemanticLabelsMap: invalid input host AOV koudyxSemanticLabelTokenSDhost.
2026-10-10T05:09:26Z [191,836ms] [Warning] [omni.syntheticdata.plugin] OgnSdSemanticLabelsMap: invalid input AOV SemanticLabelTokenSD.
2026-10-10T05:09:26Z [191,836ms] [Warning] [omni.syntheticdata.plugin] OgnSdSemanticLabelsMap: invalid input AOV SemanticLabelTokenSD.
2026-10-10T05:09:26Z [191,848ms] [Warning] [omni.syntheticdata.plugin] OgnSdSemanticLabelsMap: invalid input host AOV zmfeywSemanticLabelTokenSDhost.
2026-10-10T05:09:26Z [191,848ms] [Warning] [omni.syntheticdata.plugin] OgnSdSemanticLabelsMap: invalid input host AOV koudyxSemanticLabelTokenSDhost.
2026-10-10T05:09:26Z [191,854ms] [Warning] [omni.syntheticdata.plugin] OgnSdSemanticLabelsMap: invalid input AOV SemanticLabelTokenSD.
2026-10-10T05:09:26Z [191,854ms] [Warning] [omni.syntheticdata.plugin] OgnSdSemanticLabelsMap: invalid input AOV SemanticLabelTokenSD.
2026-10-10T05:09:26Z [191,858ms] [Warning] [omni.syntheticdata.plugin] OgnSdSemanticLabelsMap: invalid input host AOV zmfeywSemanticLabelTokenSDhost.
2026-10-10T05:09:26Z [191,858ms] [Warning] [omni.syntheticdata.plugin] OgnSdSemanticLabelsMap: invalid input host AOV koudyxSemanticLabelTokenSDhost.
2026-10-10T05:09:26Z [191,863ms] [Warning] [omni.syntheticdata.plugin] OgnSdSemanticLabelsMap: invalid input AOV SemanticLabelTokenSD.
2026-10-10T05:09:26Z [191,863ms] [Warning] [omni.syntheticdata.plugin] OgnSdSemanticLabelsMap: invalid input AOV SemanticLabelTokenSD.
2026-10-10T05:09:26Z [191,873ms] [Warning] [omni.syntheticdata.plugin] OgnSdSemanticLabelsMap: invalid input host AOV zmfeywSemanticLabelTokenSDhost.
2026-10-10T05:09:26Z [191,874ms] [Warning] [omni.syntheticdata.plugin] OgnSdSemanticLabelsMap: invalid input host AOV koudyxSemanticLabelTokenSDhost.
2026-10-10T05:09:26Z [191,882ms] [Warning] [omni.syntheticdata.plugin] OgnSdSemanticLabelsMap: invalid input AOV SemanticLabelTokenSD.
2026-10-10T05:09:26Z [191,883ms] [Warning] [omni.syntheticdata.plugin] OgnSdSemanticLabelsMap: invalid input AOV SemanticLabelTokenSD.
2026-10-10T05:09:26Z [191,885ms] [Warning] [omni.syntheticdata.plugin] OgnSdSemanticLabelsMap: invalid input host AOV zmfeywSemanticLabelTokenSDhost.
2026-10-10T05:09:26Z [191,886ms] [Warning] [omni.syntheticdata.plugin] OgnSdSemanticLabelsMap: invalid input host AOV koudyxSemanticLabelTokenSDhost.
2026-10-10T05:09:26Z [191,891ms] [Warning] [omni.syntheticdata.plugin] OgnSdSemanticLabelsMap: invalid input AOV SemanticLabelTokenSD.
2026-10-10T05:09:26Z [191,891ms] [Warning] [omni.syntheticdata.plugin] OgnSdSemanticLabelsMap: invalid input AOV SemanticLabelTokenSD.
2026-10-10T05:09:26Z [191,900ms] [Warning] [omni.syntheticdata.plugin] OgnSdSemanticLabelsMap: invalid input host AOV zmfeywSemanticLabelTokenSDhost.
2026-10-10T05:09:26Z [191,900ms] [Warning] [omni.syntheticdata.plugin] OgnSdSemanticLabelsMap: invalid input host AOV koudyxSemanticLabelTokenSDhost.
2026-10-10T05:09:26Z [191,905ms] [Warning] [omni.syntheticdata.plugin] OgnSdSemanticLabelsMap: invalid input AOV SemanticLabelTokenSD.
2026-10-10T05:09:26Z [191,905ms] [Warning] [omni.syntheticdata.plugin] OgnSdSemanticLabelsMap: invalid input AOV SemanticLabelTokenSD.
2026-10-10T05:09:26Z [191,909ms] [Warning] [omni.syntheticdata.plugin] OgnSdSemanticLabelsMap: invalid input host AOV zmfeywSemanticLabelTokenSDhost.
2026-10-10T05:09:26Z [191,909ms] [Warning] [omni.syntheticdata.plugin] OgnSdSemanticLabelsMap: invalid input host AOV koudyxSemanticLabelTokenSDhost.
2026-10-10T05:09:26Z [191,914ms] [Warning] [omni.syntheticdata.plugin] OgnSdSemanticLabelsMap: invalid input AOV SemanticLabelTokenSD.
2026-10-10T05:09:26Z [191,914ms] [Warning] [omni.syntheticdata.plugin] OgnSdSemanticLabelsMap: invalid input AOV SemanticLabelTokenSD.
2026-10-10T05:09:26Z [191,924ms] [Warning] [omni.syntheticdata.plugin] OgnSdSemanticLabelsMap: invalid input host AOV zmfeywSemanticLabelTokenSDhost.
2026-10-10T05:09:26Z [191,924ms] [Warning] [omni.syntheticdata.plugin] OgnSdSemanticLabelsMap: invalid input host AOV koudyxSemanticLabelTokenSDhost.
2026-10-10T05:09:26Z [191,929ms] [Warning] [omni.syntheticdata.plugin] OgnSdSemanticLabelsMap: invalid input AOV SemanticLabelTokenSD.
2026-10-10T05:09:26Z [191,929ms] [Warning] [omni.syntheticdata.plugin] OgnSdSemanticLabelsMap: invalid input AOV SemanticLabelTokenSD.
2026-10-10T05:09:26Z [191,939ms] [Warning] [omni.syntheticdata.plugin] OgnSdSemanticLabelsMap: invalid input host AOV zmfeywSemanticLabelTokenSDhost.
2026-10-10T05:09:26Z [191,940ms] [Warning] [omni.syntheticdata.plugin] OgnSdSemanticLabelsMap: invalid input host AOV koudyxSemanticLabelTokenSDhost.
2026-10-10T05:09:26Z [191,946ms] [Warning] [omni.syntheticdata.plugin] OgnSdSemanticLabelsMap: invalid input AOV SemanticLabelTokenSD.
2026-10-10T05:09:26Z [191,946ms] [Warning] [omni.syntheticdata.plugin] OgnSdSemanticLabelsMap: invalid input AOV SemanticLabelTokenSD.
2026-10-10T05:09:26Z [191,957ms] [Warning] [omni.syntheticdata.plugin] OgnSdSemanticLabelsMap: invalid input host AOV zmfeywSemanticLabelTokenSDhost.
2026-10-10T05:09:26Z [191,957ms] [Warning] [omni.syntheticdata.plugin] OgnSdSemanticLabelsMap: invalid input host AOV koudyxSemanticLabelTokenSDhost.
2026-10-10T05:09:26Z [191,962ms] [Warning] [omni.syntheticdata.plugin] OgnSdSemanticLabelsMap: invalid input AOV SemanticLabelTokenSD.
2026-10-10T05:09:26Z [191,962ms] [Warning] [omni.syntheticdata.plugin] OgnSdSemanticLabelsMap: invalid input AOV SemanticLabelTokenSD.
2026-10-10T05:09:26Z [191,965ms] [Warning] [omni.syntheticdata.plugin] OgnSdSemanticLabelsMap: invalid input host AOV zmfeywSemanticLabelTokenSDhost.
2026-10-10T05:09:26Z [191,965ms] [Warning] [omni.syntheticdata.plugin] OgnSdSemanticLabelsMap: invalid input host AOV koudyxSemanticLabelTokenSDhost.
2026-10-10T05:09:26Z [191,970ms] [Warning] [omni.syntheticdata.plugin] OgnSdSemanticLabelsMap: invalid input AOV SemanticLabelTokenSD.
2026-10-10T05:09:26Z [191,970ms] [Warning] [omni.syntheticdata.plugin] OgnSdSemanticLabelsMap: invalid input AOV SemanticLabelTokenSD.
2026-10-10T05:09:26Z [191,973ms] [Warning] [omni.syntheticdata.plugin] OgnSdSemanticLabelsMap: invalid input host AOV zmfeywSemanticLabelTokenSDhost.
2026-10-10T05:09:26Z [191,973ms] [Warning] [omni.syntheticdata.plugin] OgnSdSemanticLabelsMap: invalid input host AOV koudyxSemanticLabelTokenSDhost.
2026-10-10T05:09:26Z [191,979ms] [Warning] [omni.syntheticdata.plugin] OgnSdSemanticLabelsMap: invalid input AOV SemanticLabelTokenSD.
2026-10-10T05:09:26Z [191,979ms] [Warning] [omni.syntheticdata.plugin] OgnSdSemanticLabelsMap: invalid input AOV SemanticLabelTokenSD.
2026-10-10T05:09:26Z [191,981ms] [Warning] [omni.syntheticdata.plugin] OgnSdSemanticLabelsMap: invalid input host AOV zmfeywSemanticLabelTokenSDhost.
2026-10-10T05:09:26Z [191,981ms] [Warning] [omni.syntheticdata.plugin] OgnSdSemanticLabelsMap: invalid input host AOV koudyxSemanticLabelTokenSDhost.
2026-10-10T05:09:26Z [191,986ms] [Warning] [omni.syntheticdata.plugin] OgnSdSemanticLabelsMap: invalid input AOV SemanticLabelTokenSD.
2026-10-10T05:09:26Z [191,986ms] [Warning] [omni.syntheticdata.plugin] OgnSdSemanticLabelsMap: invalid input AOV SemanticLabelTokenSD.
2026-10-10T05:09:26Z [191,989ms] [Warning] [omni.syntheticdata.plugin] OgnSdSemanticLabelsMap: invalid input host AOV zmfeywSemanticLabelTokenSDhost.
2026-10-10T05:09:26Z [191,989ms] [Warning] [omni.syntheticdata.plugin] OgnSdSemanticLabelsMap: invalid input host AOV koudyxSemanticLabelTokenSDhost.
2026-10-10T05:09:26Z [191,994ms] [Warning] [omni.syntheticdata.plugin] OgnSdSemanticLabelsMap: invalid input AOV SemanticLabelTokenSD.
2026-10-10T05:09:26Z [191,995ms] [Warning] [omni.syntheticdata.plugin] OgnSdSemanticLabelsMap: invalid input AOV SemanticLabelTokenSD.
2026-10-10T05:09:26Z [191,997ms] [Warning] [omni.syntheticdata.plugin] OgnSdSemanticLabelsMap: invalid input host AOV zmfeywSemanticLabelTokenSDhost.
2026-10-10T05:09:26Z [191,997ms] [Warning] [omni.syntheticdata.plugin] OgnSdSemanticLabelsMap: invalid input host AOV koudyxSemanticLabelTokenSDhost.
2026-10-10T05:09:26Z [192,001ms] [Warning] [omni.syntheticdata.plugin] OgnSdSemanticLabelsMap: invalid input AOV SemanticLabelTokenSD.
2026-10-10T05:09:26Z [192,001ms] [Warning] [omni.syntheticdata.plugin] OgnSdSemanticLabelsMap: invalid input AOV SemanticLabelTokenSD.
2026-10-10T05:09:26Z [192,005ms] [Warning] [omni.syntheticdata.plugin] OgnSdSemanticLabelsMap: invalid input host AOV zmfeywSemanticLabelTokenSDhost.
2026-10-10T05:09:26Z [192,005ms] [Warning] [omni.syntheticdata.plugin] OgnSdSemanticLabelsMap: invalid input host AOV koudyxSemanticLabelTokenSDhost.
2026-10-10T05:09:26Z [192,011ms] [Warning] [omni.syntheticdata.plugin] OgnSdSemanticLabelsMap: invalid input AOV SemanticLabelTokenSD.
2026-10-10T05:09:26Z [192,011ms] [Warning] [omni.syntheticdata.plugin] OgnSdSemanticLabelsMap: invalid input AOV SemanticLabelTokenSD.
2026-10-10T05:09:26Z [192,021ms] [Warning] [omni.syntheticdata.plugin] OgnSdSemanticLabelsMap: invalid input host AOV zmfeywSemanticLabelTokenSDhost.
2026-10-10T05:09:26Z [192,022ms] [Warning] [omni.syntheticdata.plugin] OgnSdSemanticLabelsMap: invalid input host AOV koudyxSemanticLabelTokenSDhost.
2026-10-10T05:09:26Z [192,026ms] [Warning] [omni.syntheticdata.plugin] OgnSdSemanticLabelsMap: invalid input AOV SemanticLabelTokenSD.
2026-10-10T05:09:26Z [192,026ms] [Warning] [omni.syntheticdata.plugin] OgnSdSemanticLabelsMap: invalid input AOV SemanticLabelTokenSD.
2026-10-10T05:09:26Z [192,037ms] [Warning] [omni.syntheticdata.plugin] OgnSdSemanticLabelsMap: invalid input host AOV zmfeywSemanticLabelTokenSDhost.
2026-10-10T05:09:26Z [192,037ms] [Warning] [omni.syntheticdata.plugin] OgnSdSemanticLabelsMap: invalid input host AOV koudyxSemanticLabelTokenSDhost.
2026-10-10T05:09:26Z [192,042ms] [Warning] [omni.syntheticdata.plugin] OgnSdSemanticLabelsMap: invalid input AOV SemanticLabelTokenSD.
2026-10-10T05:09:26Z [192,042ms] [Warning] [omni.syntheticdata.plugin] OgnSdSemanticLabelsMap: invalid input AOV SemanticLabelTokenSD.
2026-10-10T05:09:26Z [192,047ms] [Warning] [omni.syntheticdata.plugin] OgnSdSemanticLabelsMap: invalid input host AOV zmfeywSemanticLabelTokenSDhost.
2026-10-10T05:09:26Z [192,047ms] [Warning] [omni.syntheticdata.plugin] OgnSdSemanticLabelsMap: invalid input host AOV koudyxSemanticLabelTokenSDhost.
2026-10-10T05:09:26Z [192,051ms] [Warning] [omni.syntheticdata.plugin] OgnSdSemanticLabelsMap: invalid input AOV SemanticLabelTokenSD.
2026-10-10T05:09:26Z [192,051ms] [Warning] [omni.syntheticdata.plugin] OgnSdSemanticLabelsMap: invalid input AOV SemanticLabelTokenSD.
2026-10-10T05:09:26Z [192,062ms] [Warning] [omni.syntheticdata.plugin] OgnSdSemanticLabelsMap: invalid input host AOV zmfeywSemanticLabelTokenSDhost.
2026-10-10T05:09:26Z [192,062ms] [Warning] [omni.syntheticdata.plugin] OgnSdSemanticLabelsMap: invalid input host AOV koudyxSemanticLabelTokenSDhost.
2026-10-10T05:09:26Z [192,066ms] [Warning] [omni.syntheticdata.plugin] OgnSdSemanticLabelsMap: invalid input AOV SemanticLabelTokenSD.
2026-10-10T05:09:26Z [192,066ms] [Warning] [omni.syntheticdata.plugin] OgnSdSemanticLabelsMap: invalid input AOV SemanticLabelTokenSD.
2026-10-10T05:09:26Z [192,070ms] [Warning] [omni.syntheticdata.plugin] OgnSdSemanticLabelsMap: invalid input host AOV zmfeywSemanticLabelTokenSDhost.
2026-10-10T05:09:26Z [192,070ms] [Warning] [omni.syntheticdata.plugin] OgnSdSemanticLabelsMap: invalid input host AOV koudyxSemanticLabelTokenSDhost.
2026-10-10T05:09:26Z [192,074ms] [Warning] [omni.syntheticdata.plugin] OgnSdSemanticLabelsMap: invalid input AOV SemanticLabelTokenSD.
2026-10-10T05:09:26Z [192,074ms] [Warning] [omni.syntheticdata.plugin] OgnSdSemanticLabelsMap: invalid input AOV SemanticLabelTokenSD.
2026-10-10T05:09:26Z [192,085ms] [Warning] [omni.syntheticdata.plugin] OgnSdSemanticLabelsMap: invalid input host AOV zmfeywSemanticLabelTokenSDhost.
2026-10-10T05:09:26Z [192,085ms] [Warning] [omni.syntheticdata.plugin] OgnSdSemanticLabelsMap: invalid input host AOV koudyxSemanticLabelTokenSDhost.
2026-10-10T05:09:26Z [192,088ms] [Warning] [omni.syntheticdata.plugin] OgnSdSemanticLabelsMap: invalid input AOV SemanticLabelTokenSD.
2026-10-10T05:09:26Z [192,088ms] [Warning] [omni.syntheticdata.plugin] OgnSdSemanticLabelsMap: invalid input AOV SemanticLabelTokenSD.
2026-10-10T05:09:26Z [192,091ms] [Warning] [omni.syntheticdata.plugin] OgnSdSemanticLabelsMap: invalid input host AOV zmfeywSemanticLabelTokenSDhost.
2026-10-10T05:09:26Z [192,092ms] [Warning] [omni.syntheticdata.plugin] OgnSdSemanticLabelsMap: invalid input host AOV koudyxSemanticLabelTokenSDhost.
2026-10-10T05:09:26Z [192,095ms] [Warning] [omni.syntheticdata.plugin] OgnSdSemanticLabelsMap: invalid input AOV SemanticLabelTokenSD.
2026-10-10T05:09:26Z [192,095ms] [Warning] [omni.syntheticdata.plugin] OgnSdSemanticLabelsMap: invalid input AOV SemanticLabelTokenSD.
2026-10-10T05:09:26Z [192,098ms] [Warning] [omni.syntheticdata.plugin] OgnSdSemanticLabelsMap: invalid input host AOV zmfeywSemanticLabelTokenSDhost.
2026-10-10T05:09:26Z [192,098ms] [Warning] [omni.syntheticdata.plugin] OgnSdSemanticLabelsMap: invalid input host AOV koudyxSemanticLabelTokenSDhost.
2026-10-10T05:09:26Z [192,102ms] [Warning] [omni.syntheticdata.plugin] OgnSdSemanticLabelsMap: invalid input AOV SemanticLabelTokenSD.
2026-10-10T05:09:26Z [192,102ms] [Warning] [omni.syntheticdata.plugin] OgnSdSemanticLabelsMap: invalid input AOV SemanticLabelTokenSD.
2026-10-10T05:09:26Z [192,113ms] [Warning] [omni.syntheticdata.plugin] OgnSdSemanticLabelsMap: invalid input host AOV zmfeywSemanticLabelTokenSDhost.
2026-10-10T05:09:26Z [192,113ms] [Warning] [omni.syntheticdata.plugin] OgnSdSemanticLabelsMap: invalid input host AOV koudyxSemanticLabelTokenSDhost.
2026-10-10T05:09:26Z [192,117ms] [Warning] [omni.syntheticdata.plugin] OgnSdSemanticLabelsMap: invalid input AOV SemanticLabelTokenSD.
2026-10-10T05:09:26Z [192,117ms] [Warning] [omni.syntheticdata.plugin] OgnSdSemanticLabelsMap: invalid input AOV SemanticLabelTokenSD.
2026-10-10T05:09:26Z [192,128ms] [Warning] [omni.syntheticdata.plugin] OgnSdSemanticLabelsMap: invalid input host AOV zmfeywSemanticLabelTokenSDhost.
2026-10-10T05:09:26Z [192,128ms] [Warning] [omni.syntheticdata.plugin] OgnSdSemanticLabelsMap: invalid input host AOV koudyxSemanticLabelTokenSDhost.
2026-10-10T05:09:26Z [192,133ms] [Warning] [omni.syntheticdata.plugin] OgnSdSemanticLabelsMap: invalid input AOV SemanticLabelTokenSD.
2026-10-10T05:09:26Z [192,133ms] [Warning] [omni.syntheticdata.plugin] OgnSdSemanticLabelsMap: invalid input AOV SemanticLabelTokenSD.
2026-10-10T05:09:26Z [192,138ms] [Warning] [omni.syntheticdata.plugin] OgnSdSemanticLabelsMap: invalid input host AOV zmfeywSemanticLabelTokenSDhost.
2026-10-10T05:09:26Z [192,138ms] [Warning] [omni.syntheticdata.plugin] OgnSdSemanticLabelsMap: invalid input host AOV koudyxSemanticLabelTokenSDhost.
2026-10-10T05:09:26Z [192,141ms] [Warning] [omni.syntheticdata.plugin] OgnSdSemanticLabelsMap: invalid input AOV SemanticLabelTokenSD.
2026-10-10T05:09:26Z [192,141ms] [Warning] [omni.syntheticdata.plugin] OgnSdSemanticLabelsMap: invalid input AOV SemanticLabelTokenSD.
2026-10-10T05:09:26Z [192,152ms] [Warning] [omni.syntheticdata.plugin] OgnSdSemanticLabelsMap: invalid input host AOV zmfeywSemanticLabelTokenSDhost.
2026-10-10T05:09:26Z [192,152ms] [Warning] [omni.syntheticdata.plugin] OgnSdSemanticLabelsMap: invalid input host AOV koudyxSemanticLabelTokenSDhost.
2026-10-10T05:09:26Z [192,156ms] [Warning] [omni.syntheticdata.plugin] OgnSdSemanticLabelsMap: invalid input AOV SemanticLabelTokenSD.
2026-10-10T05:09:26Z [192,156ms] [Warning] [omni.syntheticdata.plugin] OgnSdSemanticLabelsMap: invalid input AOV SemanticLabelTokenSD.
2026-10-10T05:09:26Z [192,167ms] [Warning] [omni.syntheticdata.plugin] OgnSdSemanticLabelsMap: invalid input host AOV zmfeywSemanticLabelTokenSDhost.
2026-10-10T05:09:26Z [192,167ms] [Warning] [omni.syntheticdata.plugin] OgnSdSemanticLabelsMap: invalid input host AOV koudyxSemanticLabelTokenSDhost.
2026-10-10T05:09:26Z [192,171ms] [Warning] [omni.syntheticdata.plugin] OgnSdSemanticLabelsMap: invalid input AOV SemanticLabelTokenSD.
2026-10-10T05:09:26Z [192,171ms] [Warning] [omni.syntheticdata.plugin] OgnSdSemanticLabelsMap: invalid input AOV SemanticLabelTokenSD.
2026-10-10T05:09:26Z [192,174ms] [Warning] [omni.syntheticdata.plugin] OgnSdSemanticLabelsMap: invalid input host AOV zmfeywSemanticLabelTokenSDhost.
2026-10-10T05:09:26Z [192,174ms] [Warning] [omni.syntheticdata.plugin] OgnSdSemanticLabelsMap: invalid input host AOV koudyxSemanticLabelTokenSDhost.
2026-10-10T05:09:26Z [192,178ms] [Warning] [omni.syntheticdata.plugin] OgnSdSemanticLabelsMap: invalid input AOV SemanticLabelTokenSD.
2026-10-10T05:09:26Z [192,178ms] [Warning] [omni.syntheticdata.plugin] OgnSdSemanticLabelsMap: invalid input AOV SemanticLabelTokenSD.
2026-10-10T05:09:26Z [192,181ms] [Warning] [omni.syntheticdata.plugin] OgnSdSemanticLabelsMap: invalid input host AOV zmfeywSemanticLabelTokenSDhost.
2026-10-10T05:09:26Z [192,181ms] [Warning] [omni.syntheticdata.plugin] OgnSdSemanticLabelsMap: invalid input host AOV koudyxSemanticLabelTokenSDhost.
2026-10-10T05:09:26Z [192,184ms] [Warning] [omni.syntheticdata.plugin] OgnSdSemanticLabelsMap: invalid input AOV SemanticLabelTokenSD.
2026-10-10T05:09:26Z [192,184ms] [Warning] [omni.syntheticdata.plugin] OgnSdSemanticLabelsMap: invalid input AOV SemanticLabelTokenSD.
2026-10-10T05:09:26Z [192,187ms] [Warning] [omni.syntheticdata.plugin] OgnSdSemanticLabelsMap: invalid input host AOV zmfeywSemanticLabelTokenSDhost.
2026-10-10T05:09:26Z [192,187ms] [Warning] [omni.syntheticdata.plugin] OgnSdSemanticLabelsMap: invalid input host AOV koudyxSemanticLabelTokenSDhost.
2026-10-10T05:09:26Z [192,191ms] [Warning] [omni.syntheticdata.plugin] OgnSdSemanticLabelsMap: invalid input AOV SemanticLabelTokenSD.
2026-10-10T05:09:26Z [192,191ms] [Warning] [omni.syntheticdata.plugin] OgnSdSemanticLabelsMap: invalid input AOV SemanticLabelTokenSD.
2026-10-10T05:09:26Z [192,202ms] [Warning] [omni.syntheticdata.plugin] OgnSdSemanticLabelsMap: invalid input host AOV zmfeywSemanticLabelTokenSDhost.
2026-10-10T05:09:26Z [192,202ms] [Warning] [omni.syntheticdata.plugin] OgnSdSemanticLabelsMap: invalid input host AOV koudyxSemanticLabelTokenSDhost.
2026-10-10T05:09:26Z [192,207ms] [Warning] [omni.syntheticdata.plugin] OgnSdSemanticLabelsMap: invalid input AOV SemanticLabelTokenSD.
2026-10-10T05:09:26Z [192,207ms] [Warning] [omni.syntheticdata.plugin] OgnSdSemanticLabelsMap: invalid input AOV SemanticLabelTokenSD.
2026-10-10T05:09:26Z [192,211ms] [Warning] [omni.syntheticdata.plugin] OgnSdSemanticLabelsMap: invalid input host AOV zmfeywSemanticLabelTokenSDhost.
2026-10-10T05:09:26Z [192,211ms] [Warning] [omni.syntheticdata.plugin] OgnSdSemanticLabelsMap: invalid input host AOV koudyxSemanticLabelTokenSDhost.
2026-10-10T05:09:26Z [192,214ms] [Warning] [omni.syntheticdata.plugin] OgnSdSemanticLabelsMap: invalid input AOV SemanticLabelTokenSD.
2026-10-10T05:09:26Z [192,214ms] [Warning] [omni.syntheticdata.plugin] OgnSdSemanticLabelsMap: invalid input AOV SemanticLabelTokenSD.
2026-10-10T05:09:26Z [192,224ms] [Warning] [omni.syntheticdata.plugin] OgnSdSemanticLabelsMap: invalid input host AOV zmfeywSemanticLabelTokenSDhost.
2026-10-10T05:09:26Z [192,224ms] [Warning] [omni.syntheticdata.plugin] OgnSdSemanticLabelsMap: invalid input host AOV koudyxSemanticLabelTokenSDhost.
2026-10-10T05:09:26Z [192,227ms] [Warning] [omni.syntheticdata.plugin] OgnSdSemanticLabelsMap: invalid input AOV SemanticLabelTokenSD.
2026-10-10T05:09:26Z [192,227ms] [Warning] [omni.syntheticdata.plugin] OgnSdSemanticLabelsMap: invalid input AOV SemanticLabelTokenSD.
2026-10-10T05:09:26Z [192,233ms] [Warning] [omni.syntheticdata.plugin] OgnSdSemanticLabelsMap: invalid input host AOV zmfeywSemanticLabelTokenSDhost.
2026-10-10T05:09:26Z [192,233ms] [Warning] [omni.syntheticdata.plugin] OgnSdSemanticLabelsMap: invalid input host AOV koudyxSemanticLabelTokenSDhost.
2026-10-10T05:09:26Z [192,236ms] [Warning] [omni.syntheticdata.plugin] OgnSdSemanticLabelsMap: invalid input AOV SemanticLabelTokenSD.
2026-10-10T05:09:26Z [192,236ms] [Warning] [omni.syntheticdata.plugin] OgnSdSemanticLabelsMap: invalid input AOV SemanticLabelTokenSD.
2026-10-10T05:09:26Z [192,247ms] [Warning] [omni.syntheticdata.plugin] OgnSdSemanticLabelsMap: invalid input host AOV zmfeywSemanticLabelTokenSDhost.
2026-10-10T05:09:26Z [192,247ms] [Warning] [omni.syntheticdata.plugin] OgnSdSemanticLabelsMap: invalid input host AOV koudyxSemanticLabelTokenSDhost.
2026-10-10T05:09:26Z [192,251ms] [Warning] [omni.syntheticdata.plugin] OgnSdSemanticLabelsMap: invalid input AOV SemanticLabelTokenSD.
2026-10-10T05:09:26Z [192,251ms] [Warning] [omni.syntheticdata.plugin] OgnSdSemanticLabelsMap: invalid input AOV SemanticLabelTokenSD.
2026-10-10T05:09:26Z [192,256ms] [Warning] [omni.syntheticdata.plugin] OgnSdSemanticLabelsMap: invalid input host AOV zmfeywSemanticLabelTokenSDhost.
2026-10-10T05:09:26Z [192,256ms] [Warning] [omni.syntheticdata.plugin] OgnSdSemanticLabelsMap: invalid input host AOV koudyxSemanticLabelTokenSDhost.
2026-10-10T05:09:26Z [192,260ms] [Warning] [omni.syntheticdata.plugin] OgnSdSemanticLabelsMap: invalid input AOV SemanticLabelTokenSD.
2026-10-10T05:09:26Z [192,260ms] [Warning] [omni.syntheticdata.plugin] OgnSdSemanticLabelsMap: invalid input AOV SemanticLabelTokenSD.
2026-10-10T05:09:26Z [192,270ms] [Warning] [omni.syntheticdata.plugin] OgnSdSemanticLabelsMap: invalid input host AOV zmfeywSemanticLabelTokenSDhost.
2026-10-10T05:09:26Z [192,270ms] [Warning] [omni.syntheticdata.plugin] OgnSdSemanticLabelsMap: invalid input host AOV koudyxSemanticLabelTokenSDhost.
2026-10-10T05:09:26Z [192,274ms] [Warning] [omni.syntheticdata.plugin] OgnSdSemanticLabelsMap: invalid input AOV SemanticLabelTokenSD.
2026-10-10T05:09:26Z [192,274ms] [Warning] [omni.syntheticdata.plugin] OgnSdSemanticLabelsMap: invalid input AOV SemanticLabelTokenSD.
2026-10-10T05:09:26Z [192,279ms] [Warning] [omni.syntheticdata.plugin] OgnSdSemanticLabelsMap: invalid input host AOV zmfeywSemanticLabelTokenSDhost.
2026-10-10T05:09:26Z [192,279ms] [Warning] [omni.syntheticdata.plugin] OgnSdSemanticLabelsMap: invalid input host AOV koudyxSemanticLabelTokenSDhost.
2026-10-10T05:09:26Z [192,283ms] [Warning] [omni.syntheticdata.plugin] OgnSdSemanticLabelsMap: invalid input AOV SemanticLabelTokenSD.
2026-10-10T05:09:26Z [192,283ms] [Warning] [omni.syntheticdata.plugin] OgnSdSemanticLabelsMap: invalid input AOV SemanticLabelTokenSD.
2026-10-10T05:09:26Z [192,286ms] [Warning] [omni.syntheticdata.plugin] OgnSdSemanticLabelsMap: invalid input host AOV zmfeywSemanticLabelTokenSDhost.
2026-10-10T05:09:26Z [192,286ms] [Warning] [omni.syntheticdata.plugin] OgnSdSemanticLabelsMap: invalid input host AOV koudyxSemanticLabelTokenSDhost.
2026-10-10T05:09:26Z [192,290ms] [Warning] [omni.syntheticdata.plugin] OgnSdSemanticLabelsMap: invalid input AOV SemanticLabelTokenSD.
2026-10-10T05:09:26Z [192,290ms] [Warning] [omni.syntheticdata.plugin] OgnSdSemanticLabelsMap: invalid input AOV SemanticLabelTokenSD.
2026-10-10T05:09:26Z [192,293ms] [Warning] [omni.syntheticdata.plugin] OgnSdSemanticLabelsMap: invalid input host AOV zmfeywSemanticLabelTokenSDhost.
2026-10-10T05:09:26Z [192,293ms] [Warning] [omni.syntheticdata.plugin] OgnSdSemanticLabelsMap: invalid input host AOV koudyxSemanticLabelTokenSDhost.
2026-10-10T05:09:26Z [192,297ms] [Warning] [omni.syntheticdata.plugin] OgnSdSemanticLabelsMap: invalid input AOV SemanticLabelTokenSD.
2026-10-10T05:09:26Z [192,297ms] [Warning] [omni.syntheticdata.plugin] OgnSdSemanticLabelsMap: invalid input AOV SemanticLabelTokenSD.
2026-10-10T05:09:26Z [192,307ms] [Warning] [omni.syntheticdata.plugin] OgnSdSemanticLabelsMap: invalid input host AOV zmfeywSemanticLabelTokenSDhost.
2026-10-10T05:09:26Z [192,307ms] [Warning] [omni.syntheticdata.plugin] OgnSdSemanticLabelsMap: invalid input host AOV koudyxSemanticLabelTokenSDhost.
2026-10-10T05:09:26Z [192,312ms] [Warning] [omni.syntheticdata.plugin] OgnSdSemanticLabelsMap: invalid input AOV SemanticLabelTokenSD.
2026-10-10T05:09:26Z [192,312ms] [Warning] [omni.syntheticdata.plugin] OgnSdSemanticLabelsMap: invalid input AOV SemanticLabelTokenSD.
2026-10-10T05:09:26Z [192,316ms] [Warning] [omni.syntheticdata.plugin] OgnSdSemanticLabelsMap: invalid input host AOV zmfeywSemanticLabelTokenSDhost.
2026-10-10T05:09:26Z [192,316ms] [Warning] [omni.syntheticdata.plugin] OgnSdSemanticLabelsMap: invalid input host AOV koudyxSemanticLabelTokenSDhost.
2026-10-10T05:09:26Z [192,322ms] [Warning] [omni.syntheticdata.plugin] OgnSdSemanticLabelsMap: invalid input AOV SemanticLabelTokenSD.
2026-10-10T05:09:26Z [192,322ms] [Warning] [omni.syntheticdata.plugin] OgnSdSemanticLabelsMap: invalid input AOV SemanticLabelTokenSD.
2026-10-10T05:09:26Z [192,332ms] [Warning] [omni.syntheticdata.plugin] OgnSdSemanticLabelsMap: invalid input host AOV zmfeywSemanticLabelTokenSDhost.
2026-10-10T05:09:26Z [192,332ms] [Warning] [omni.syntheticdata.plugin] OgnSdSemanticLabelsMap: invalid input host AOV koudyxSemanticLabelTokenSDhost.
2026-10-10T05:09:26Z [192,338ms] [Warning] [omni.syntheticdata.plugin] OgnSdSemanticLabelsMap: invalid input AOV SemanticLabelTokenSD.
2026-10-10T05:09:26Z [192,338ms] [Warning] [omni.syntheticdata.plugin] OgnSdSemanticLabelsMap: invalid input AOV SemanticLabelTokenSD.
2026-10-10T05:09:26Z [192,348ms] [Warning] [omni.syntheticdata.plugin] OgnSdSemanticLabelsMap: invalid input host AOV zmfeywSemanticLabelTokenSDhost.
2026-10-10T05:09:26Z [192,348ms] [Warning] [omni.syntheticdata.plugin] OgnSdSemanticLabelsMap: invalid input host AOV koudyxSemanticLabelTokenSDhost.
2026-10-10T05:09:26Z [192,354ms] [Warning] [omni.syntheticdata.plugin] OgnSdSemanticLabelsMap: invalid input AOV SemanticLabelTokenSD.
2026-10-10T05:09:26Z [192,354ms] [Warning] [omni.syntheticdata.plugin] OgnSdSemanticLabelsMap: invalid input AOV SemanticLabelTokenSD.
2026-10-10T05:09:26Z [192,366ms] [Warning] [omni.syntheticdata.plugin] OgnSdSemanticLabelsMap: invalid input host AOV zmfeywSemanticLabelTokenSDhost.
2026-10-10T05:09:26Z [192,366ms] [Warning] [omni.syntheticdata.plugin] OgnSdSemanticLabelsMap: invalid input host AOV koudyxSemanticLabelTokenSDhost.
2026-10-10T05:09:26Z [192,371ms] [Warning] [omni.syntheticdata.plugin] OgnSdSemanticLabelsMap: invalid input AOV SemanticLabelTokenSD.
2026-10-10T05:09:26Z [192,371ms] [Warning] [omni.syntheticdata.plugin] OgnSdSemanticLabelsMap: invalid input AOV SemanticLabelTokenSD.
2026-10-10T05:09:26Z [192,375ms] [Warning] [omni.syntheticdata.plugin] OgnSdSemanticLabelsMap: invalid input host AOV zmfeywSemanticLabelTokenSDhost.
2026-10-10T05:09:26Z [192,375ms] [Warning] [omni.syntheticdata.plugin] OgnSdSemanticLabelsMap: invalid input host AOV koudyxSemanticLabelTokenSDhost.
2026-10-10T05:09:26Z [192,379ms] [Warning] [omni.syntheticdata.plugin] OgnSdSemanticLabelsMap: invalid input AOV SemanticLabelTokenSD.
2026-10-10T05:09:26Z [192,379ms] [Warning] [omni.syntheticdata.plugin] OgnSdSemanticLabelsMap: invalid input AOV SemanticLabelTokenSD.
2026-10-10T05:09:26Z [192,382ms] [Warning] [omni.syntheticdata.plugin] OgnSdSemanticLabelsMap: invalid input host AOV zmfeywSemanticLabelTokenSDhost.
2026-10-10T05:09:26Z [192,382ms] [Warning] [omni.syntheticdata.plugin] OgnSdSemanticLabelsMap: invalid input host AOV koudyxSemanticLabelTokenSDhost.
2026-10-10T05:09:26Z [192,386ms] [Warning] [omni.syntheticdata.plugin] OgnSdSemanticLabelsMap: invalid input AOV SemanticLabelTokenSD.
2026-10-10T05:09:26Z [192,386ms] [Warning] [omni.syntheticdata.plugin] OgnSdSemanticLabelsMap: invalid input AOV SemanticLabelTokenSD.
2026-10-10T05:09:26Z [192,389ms] [Warning] [omni.syntheticdata.plugin] OgnSdSemanticLabelsMap: invalid input host AOV zmfeywSemanticLabelTokenSDhost.
2026-10-10T05:09:26Z [192,389ms] [Warning] [omni.syntheticdata.plugin] OgnSdSemanticLabelsMap: invalid input host AOV koudyxSemanticLabelTokenSDhost.
2026-10-10T05:09:26Z [192,394ms] [Warning] [omni.syntheticdata.plugin] OgnSdSemanticLabelsMap: invalid input AOV SemanticLabelTokenSD.
2026-10-10T05:09:26Z [192,394ms] [Warning] [omni.syntheticdata.plugin] OgnSdSemanticLabelsMap: invalid input AOV SemanticLabelTokenSD.
2026-10-10T05:09:26Z [192,404ms] [Warning] [omni.syntheticdata.plugin] OgnSdSemanticLabelsMap: invalid input host AOV zmfeywSemanticLabelTokenSDhost.
2026-10-10T05:09:26Z [192,404ms] [Warning] [omni.syntheticdata.plugin] OgnSdSemanticLabelsMap: invalid input host AOV koudyxSemanticLabelTokenSDhost.
2026-10-10T05:09:26Z [192,408ms] [Warning] [omni.syntheticdata.plugin] OgnSdSemanticLabelsMap: invalid input AOV SemanticLabelTokenSD.
2026-10-10T05:09:26Z [192,408ms] [Warning] [omni.syntheticdata.plugin] OgnSdSemanticLabelsMap: invalid input AOV SemanticLabelTokenSD.
2026-10-10T05:09:26Z [192,412ms] [Warning] [omni.syntheticdata.plugin] OgnSdSemanticLabelsMap: invalid input host AOV zmfeywSemanticLabelTokenSDhost.
2026-10-10T05:09:26Z [192,412ms] [Warning] [omni.syntheticdata.plugin] OgnSdSemanticLabelsMap: invalid input host AOV koudyxSemanticLabelTokenSDhost.
2026-10-10T05:09:26Z [192,416ms] [Warning] [omni.syntheticdata.plugin] OgnSdSemanticLabelsMap: invalid input AOV SemanticLabelTokenSD.
2026-10-10T05:09:26Z [192,416ms] [Warning] [omni.syntheticdata.plugin] OgnSdSemanticLabelsMap: invalid input AOV SemanticLabelTokenSD.
2026-10-10T05:09:26Z [192,427ms] [Warning] [omni.syntheticdata.plugin] OgnSdSemanticLabelsMap: invalid input host AOV zmfeywSemanticLabelTokenSDhost.
2026-10-10T05:09:26Z [192,427ms] [Warning] [omni.syntheticdata.plugin] OgnSdSemanticLabelsMap: invalid input host AOV koudyxSemanticLabelTokenSDhost.
2026-10-10T05:09:26Z [192,432ms] [Warning] [omni.syntheticdata.plugin] OgnSdSemanticLabelsMap: invalid input AOV SemanticLabelTokenSD.
2026-10-10T05:09:26Z [192,432ms] [Warning] [omni.syntheticdata.plugin] OgnSdSemanticLabelsMap: invalid input AOV SemanticLabelTokenSD.
2026-10-10T05:09:26Z [192,440ms] [Warning] [omni.syntheticdata.plugin] OgnSdSemanticLabelsMap: invalid input host AOV zmfeywSemanticLabelTokenSDhost.
2026-10-10T05:09:26Z [192,440ms] [Warning] [omni.syntheticdata.plugin] OgnSdSemanticLabelsMap: invalid input host AOV koudyxSemanticLabelTokenSDhost.
2026-10-10T05:09:26Z [192,445ms] [Warning] [omni.syntheticdata.plugin] OgnSdSemanticLabelsMap: invalid input AOV SemanticLabelTokenSD.
2026-10-10T05:09:26Z [192,446ms] [Warning] [omni.syntheticdata.plugin] OgnSdSemanticLabelsMap: invalid input AOV SemanticLabelTokenSD.
2026-10-10T05:09:26Z [192,454ms] [Warning] [omni.syntheticdata.plugin] OgnSdSemanticLabelsMap: invalid input host AOV zmfeywSemanticLabelTokenSDhost.
2026-10-10T05:09:26Z [192,454ms] [Warning] [omni.syntheticdata.plugin] OgnSdSemanticLabelsMap: invalid input host AOV koudyxSemanticLabelTokenSDhost.
2026-10-10T05:09:26Z [192,459ms] [Warning] [omni.syntheticdata.plugin] OgnSdSemanticLabelsMap: invalid input AOV SemanticLabelTokenSD.
2026-10-10T05:09:26Z [192,459ms] [Warning] [omni.syntheticdata.plugin] OgnSdSemanticLabelsMap: invalid input AOV SemanticLabelTokenSD.
2026-10-10T05:09:26Z [192,470ms] [Warning] [omni.syntheticdata.plugin] OgnSdSemanticLabelsMap: invalid input host AOV zmfeywSemanticLabelTokenSDhost.
2026-10-10T05:09:26Z [192,470ms] [Warning] [omni.syntheticdata.plugin] OgnSdSemanticLabelsMap: invalid input host AOV koudyxSemanticLabelTokenSDhost.
2026-10-10T05:09:26Z [192,475ms] [Warning] [omni.syntheticdata.plugin] OgnSdSemanticLabelsMap: invalid input AOV SemanticLabelTokenSD.
2026-10-10T05:09:26Z [192,475ms] [Warning] [omni.syntheticdata.plugin] OgnSdSemanticLabelsMap: invalid input AOV SemanticLabelTokenSD.
2026-10-10T05:09:26Z [192,479ms] [Warning] [omni.syntheticdata.plugin] OgnSdSemanticLabelsMap: invalid input host AOV zmfeywSemanticLabelTokenSDhost.
2026-10-10T05:09:26Z [192,479ms] [Warning] [omni.syntheticdata.plugin] OgnSdSemanticLabelsMap: invalid input host AOV koudyxSemanticLabelTokenSDhost.
2026-10-10T05:09:26Z [192,486ms] [Warning] [omni.syntheticdata.plugin] OgnSdSemanticLabelsMap: invalid input AOV SemanticLabelTokenSD.
2026-10-10T05:09:26Z [192,486ms] [Warning] [omni.syntheticdata.plugin] OgnSdSemanticLabelsMap: invalid input AOV SemanticLabelTokenSD.
2026-10-10T05:09:26Z [192,489ms] [Warning] [omni.syntheticdata.plugin] OgnSdSemanticLabelsMap: invalid input host AOV zmfeywSemanticLabelTokenSDhost.
2026-10-10T05:09:26Z [192,489ms] [Warning] [omni.syntheticdata.plugin] OgnSdSemanticLabelsMap: invalid input host AOV koudyxSemanticLabelTokenSDhost.
2026-10-10T05:09:26Z [192,494ms] [Warning] [omni.syntheticdata.plugin] OgnSdSemanticLabelsMap: invalid input AOV SemanticLabelTokenSD.
2026-10-10T05:09:26Z [192,494ms] [Warning] [omni.syntheticdata.plugin] OgnSdSemanticLabelsMap: invalid input AOV SemanticLabelTokenSD.
2026-10-10T05:09:26Z [192,497ms] [Warning] [omni.syntheticdata.plugin] OgnSdSemanticLabelsMap: invalid input host AOV zmfeywSemanticLabelTokenSDhost.
2026-10-10T05:09:26Z [192,497ms] [Warning] [omni.syntheticdata.plugin] OgnSdSemanticLabelsMap: invalid input host AOV koudyxSemanticLabelTokenSDhost.
2026-10-10T05:09:26Z [192,502ms] [Warning] [omni.syntheticdata.plugin] OgnSdSemanticLabelsMap: invalid input AOV SemanticLabelTokenSD.
2026-10-10T05:09:26Z [192,502ms] [Warning] [omni.syntheticdata.plugin] OgnSdSemanticLabelsMap: invalid input AOV SemanticLabelTokenSD.
2026-10-10T05:09:26Z [192,513ms] [Warning] [omni.syntheticdata.plugin] OgnSdSemanticLabelsMap: invalid input host AOV zmfeywSemanticLabelTokenSDhost.
2026-10-10T05:09:26Z [192,513ms] [Warning] [omni.syntheticdata.plugin] OgnSdSemanticLabelsMap: invalid input host AOV koudyxSemanticLabelTokenSDhost.
2026-10-10T05:09:26Z [192,518ms] [Warning] [omni.syntheticdata.plugin] OgnSdSemanticLabelsMap: invalid input AOV SemanticLabelTokenSD.
2026-10-10T05:09:26Z [192,518ms] [Warning] [omni.syntheticdata.plugin] OgnSdSemanticLabelsMap: invalid input AOV SemanticLabelTokenSD.
2026-10-10T05:09:26Z [192,527ms] [Warning] [omni.syntheticdata.plugin] OgnSdSemanticLabelsMap: invalid input host AOV zmfeywSemanticLabelTokenSDhost.
2026-10-10T05:09:26Z [192,527ms] [Warning] [omni.syntheticdata.plugin] OgnSdSemanticLabelsMap: invalid input host AOV koudyxSemanticLabelTokenSDhost.
2026-10-10T05:09:26Z [192,531ms] [Warning] [omni.syntheticdata.plugin] OgnSdSemanticLabelsMap: invalid input AOV SemanticLabelTokenSD.
2026-10-10T05:09:26Z [192,531ms] [Warning] [omni.syntheticdata.plugin] OgnSdSemanticLabelsMap: invalid input AOV SemanticLabelTokenSD.
2026-10-10T05:09:26Z [192,537ms] [Warning] [omni.syntheticdata.plugin] OgnSdSemanticLabelsMap: invalid input host AOV zmfeywSemanticLabelTokenSDhost.
2026-10-10T05:09:26Z [192,537ms] [Warning] [omni.syntheticdata.plugin] OgnSdSemanticLabelsMap: invalid input host AOV koudyxSemanticLabelTokenSDhost.
2026-10-10T05:09:26Z [192,542ms] [Warning] [omni.syntheticdata.plugin] OgnSdSemanticLabelsMap: invalid input AOV SemanticLabelTokenSD.
2026-10-10T05:09:26Z [192,542ms] [Warning] [omni.syntheticdata.plugin] OgnSdSemanticLabelsMap: invalid input AOV SemanticLabelTokenSD.
2026-10-10T05:09:26Z [192,552ms] [Warning] [omni.syntheticdata.plugin] OgnSdSemanticLabelsMap: invalid input host AOV zmfeywSemanticLabelTokenSDhost.
2026-10-10T05:09:26Z [192,553ms] [Warning] [omni.syntheticdata.plugin] OgnSdSemanticLabelsMap: invalid input host AOV koudyxSemanticLabelTokenSDhost.
2026-10-10T05:09:26Z [192,557ms] [Warning] [omni.syntheticdata.plugin] OgnSdSemanticLabelsMap: invalid input AOV SemanticLabelTokenSD.
2026-10-10T05:09:26Z [192,557ms] [Warning] [omni.syntheticdata.plugin] OgnSdSemanticLabelsMap: invalid input AOV SemanticLabelTokenSD.
2026-10-10T05:09:26Z [192,568ms] [Warning] [omni.syntheticdata.plugin] OgnSdSemanticLabelsMap: invalid input host AOV zmfeywSemanticLabelTokenSDhost.
2026-10-10T05:09:26Z [192,568ms] [Warning] [omni.syntheticdata.plugin] OgnSdSemanticLabelsMap: invalid input host AOV koudyxSemanticLabelTokenSDhost.
2026-10-10T05:09:26Z [192,572ms] [Warning] [omni.syntheticdata.plugin] OgnSdSemanticLabelsMap: invalid input AOV SemanticLabelTokenSD.
2026-10-10T05:09:26Z [192,572ms] [Warning] [omni.syntheticdata.plugin] OgnSdSemanticLabelsMap: invalid input AOV SemanticLabelTokenSD.
2026-10-10T05:09:26Z [192,575ms] [Warning] [omni.syntheticdata.plugin] OgnSdSemanticLabelsMap: invalid input host AOV zmfeywSemanticLabelTokenSDhost.
2026-10-10T05:09:26Z [192,575ms] [Warning] [omni.syntheticdata.plugin] OgnSdSemanticLabelsMap: invalid input host AOV koudyxSemanticLabelTokenSDhost.
2026-10-10T05:09:26Z [192,579ms] [Warning] [omni.syntheticdata.plugin] OgnSdSemanticLabelsMap: invalid input AOV SemanticLabelTokenSD.
2026-10-10T05:09:26Z [192,579ms] [Warning] [omni.syntheticdata.plugin] OgnSdSemanticLabelsMap: invalid input AOV SemanticLabelTokenSD.
2026-10-10T05:09:26Z [192,582ms] [Warning] [omni.syntheticdata.plugin] OgnSdSemanticLabelsMap: invalid input host AOV zmfeywSemanticLabelTokenSDhost.
2026-10-10T05:09:26Z [192,582ms] [Warning] [omni.syntheticdata.plugin] OgnSdSemanticLabelsMap: invalid input host AOV koudyxSemanticLabelTokenSDhost.
2026-10-10T05:09:26Z [192,586ms] [Warning] [omni.syntheticdata.plugin] OgnSdSemanticLabelsMap: invalid input AOV SemanticLabelTokenSD.
2026-10-10T05:09:26Z [192,586ms] [Warning] [omni.syntheticdata.plugin] OgnSdSemanticLabelsMap: invalid input AOV SemanticLabelTokenSD.
2026-10-10T05:09:26Z [192,589ms] [Warning] [omni.syntheticdata.plugin] OgnSdSemanticLabelsMap: invalid input host AOV zmfeywSemanticLabelTokenSDhost.
2026-10-10T05:09:26Z [192,589ms] [Warning] [omni.syntheticdata.plugin] OgnSdSemanticLabelsMap: invalid input host AOV koudyxSemanticLabelTokenSDhost.
2026-10-10T05:09:26Z [192,592ms] [Warning] [omni.syntheticdata.plugin] OgnSdSemanticLabelsMap: invalid input AOV SemanticLabelTokenSD.
2026-10-10T05:09:26Z [192,592ms] [Warning] [omni.syntheticdata.plugin] OgnSdSemanticLabelsMap: invalid input AOV SemanticLabelTokenSD.
2026-10-10T05:09:26Z [192,601ms] [Warning] [omni.syntheticdata.plugin] OgnSdSemanticLabelsMap: invalid input host AOV zmfeywSemanticLabelTokenSDhost.
2026-10-10T05:09:26Z [192,601ms] [Warning] [omni.syntheticdata.plugin] OgnSdSemanticLabelsMap: invalid input host AOV koudyxSemanticLabelTokenSDhost.
2026-10-10T05:09:26Z [192,605ms] [Warning] [omni.syntheticdata.plugin] OgnSdSemanticLabelsMap: invalid input AOV SemanticLabelTokenSD.
2026-10-10T05:09:26Z [192,605ms] [Warning] [omni.syntheticdata.plugin] OgnSdSemanticLabelsMap: invalid input AOV SemanticLabelTokenSD.
2026-10-10T05:09:26Z [192,613ms] [Warning] [omni.syntheticdata.plugin] OgnSdSemanticLabelsMap: invalid input host AOV zmfeywSemanticLabelTokenSDhost.
2026-10-10T05:09:26Z [192,613ms] [Warning] [omni.syntheticdata.plugin] OgnSdSemanticLabelsMap: invalid input host AOV koudyxSemanticLabelTokenSDhost.
2026-10-10T05:09:26Z [192,617ms] [Warning] [omni.syntheticdata.plugin] OgnSdSemanticLabelsMap: invalid input AOV SemanticLabelTokenSD.
2026-10-10T05:09:26Z [192,617ms] [Warning] [omni.syntheticdata.plugin] OgnSdSemanticLabelsMap: invalid input AOV SemanticLabelTokenSD.
2026-10-10T05:09:26Z [192,628ms] [Warning] [omni.syntheticdata.plugin] OgnSdSemanticLabelsMap: invalid input host AOV zmfeywSemanticLabelTokenSDhost.
2026-10-10T05:09:26Z [192,628ms] [Warning] [omni.syntheticdata.plugin] OgnSdSemanticLabelsMap: invalid input host AOV koudyxSemanticLabelTokenSDhost.
2026-10-10T05:09:26Z [192,633ms] [Warning] [omni.syntheticdata.plugin] OgnSdSemanticLabelsMap: invalid input AOV SemanticLabelTokenSD.
2026-10-10T05:09:26Z [192,633ms] [Warning] [omni.syntheticdata.plugin] OgnSdSemanticLabelsMap: invalid input AOV SemanticLabelTokenSD.
2026-10-10T05:09:26Z [192,638ms] [Warning] [omni.syntheticdata.plugin] OgnSdSemanticLabelsMap: invalid input host AOV zmfeywSemanticLabelTokenSDhost.
2026-10-10T05:09:26Z [192,638ms] [Warning] [omni.syntheticdata.plugin] OgnSdSemanticLabelsMap: invalid input host AOV koudyxSemanticLabelTokenSDhost.
2026-10-10T05:09:27Z [192,643ms] [Warning] [omni.syntheticdata.plugin] OgnSdSemanticLabelsMap: invalid input AOV SemanticLabelTokenSD.
2026-10-10T05:09:27Z [192,643ms] [Warning] [omni.syntheticdata.plugin] OgnSdSemanticLabelsMap: invalid input AOV SemanticLabelTokenSD.
2026-10-10T05:09:27Z [192,654ms] [Warning] [omni.syntheticdata.plugin] OgnSdSemanticLabelsMap: invalid input host AOV zmfeywSemanticLabelTokenSDhost.
2026-10-10T05:09:27Z [192,654ms] [Warning] [omni.syntheticdata.plugin] OgnSdSemanticLabelsMap: invalid input host AOV koudyxSemanticLabelTokenSDhost.
2026-10-10T05:09:27Z [192,658ms] [Warning] [omni.syntheticdata.plugin] OgnSdSemanticLabelsMap: invalid input AOV SemanticLabelTokenSD.
2026-10-10T05:09:27Z [192,658ms] [Warning] [omni.syntheticdata.plugin] OgnSdSemanticLabelsMap: invalid input AOV SemanticLabelTokenSD.
2026-10-10T05:09:27Z [192,669ms] [Warning] [omni.syntheticdata.plugin] OgnSdSemanticLabelsMap: invalid input host AOV zmfeywSemanticLabelTokenSDhost.
2026-10-10T05:09:27Z [192,670ms] [Warning] [omni.syntheticdata.plugin] OgnSdSemanticLabelsMap: invalid input host AOV koudyxSemanticLabelTokenSDhost.
2026-10-10T05:09:27Z [192,673ms] [Warning] [omni.syntheticdata.plugin] OgnSdSemanticLabelsMap: invalid input AOV SemanticLabelTokenSD.
2026-10-10T05:09:27Z [192,673ms] [Warning] [omni.syntheticdata.plugin] OgnSdSemanticLabelsMap: invalid input AOV SemanticLabelTokenSD.
2026-10-10T05:09:27Z [192,678ms] [Warning] [omni.syntheticdata.plugin] OgnSdSemanticLabelsMap: invalid input host AOV zmfeywSemanticLabelTokenSDhost.
2026-10-10T05:09:27Z [192,678ms] [Warning] [omni.syntheticdata.plugin] OgnSdSemanticLabelsMap: invalid input host AOV koudyxSemanticLabelTokenSDhost.
2026-10-10T05:09:27Z [192,682ms] [Warning] [omni.syntheticdata.plugin] OgnSdSemanticLabelsMap: invalid input AOV SemanticLabelTokenSD.
2026-10-10T05:09:27Z [192,682ms] [Warning] [omni.syntheticdata.plugin] OgnSdSemanticLabelsMap: invalid input AOV SemanticLabelTokenSD.
2026-10-10T05:09:27Z [192,685ms] [Warning] [omni.syntheticdata.plugin] OgnSdSemanticLabelsMap: invalid input host AOV zmfeywSemanticLabelTokenSDhost.
2026-10-10T05:09:27Z [192,685ms] [Warning] [omni.syntheticdata.plugin] OgnSdSemanticLabelsMap: invalid input host AOV koudyxSemanticLabelTokenSDhost.
2026-10-10T05:09:27Z [192,690ms] [Warning] [omni.syntheticdata.plugin] OgnSdSemanticLabelsMap: invalid input AOV SemanticLabelTokenSD.
2026-10-10T05:09:27Z [192,691ms] [Warning] [omni.syntheticdata.plugin] OgnSdSemanticLabelsMap: invalid input AOV SemanticLabelTokenSD.
2026-10-10T05:09:27Z [192,694ms] [Warning] [omni.syntheticdata.plugin] OgnSdSemanticLabelsMap: invalid input host AOV zmfeywSemanticLabelTokenSDhost.
2026-10-10T05:09:27Z [192,694ms] [Warning] [omni.syntheticdata.plugin] OgnSdSemanticLabelsMap: invalid input host AOV koudyxSemanticLabelTokenSDhost.
2026-10-10T05:09:27Z [192,699ms] [Warning] [omni.syntheticdata.plugin] OgnSdSemanticLabelsMap: invalid input AOV SemanticLabelTokenSD.
2026-10-10T05:09:27Z [192,699ms] [Warning] [omni.syntheticdata.plugin] OgnSdSemanticLabelsMap: invalid input AOV SemanticLabelTokenSD.
2026-10-10T05:09:27Z [192,708ms] [Warning] [omni.syntheticdata.plugin] OgnSdSemanticLabelsMap: invalid input host AOV zmfeywSemanticLabelTokenSDhost.
2026-10-10T05:09:27Z [192,708ms] [Warning] [omni.syntheticdata.plugin] OgnSdSemanticLabelsMap: invalid input host AOV koudyxSemanticLabelTokenSDhost.
2026-10-10T05:09:27Z [192,714ms] [Warning] [omni.syntheticdata.plugin] OgnSdSemanticLabelsMap: invalid input AOV SemanticLabelTokenSD.
2026-10-10T05:09:27Z [192,714ms] [Warning] [omni.syntheticdata.plugin] OgnSdSemanticLabelsMap: invalid input AOV SemanticLabelTokenSD.
2026-10-10T05:09:27Z [192,724ms] [Warning] [omni.syntheticdata.plugin] OgnSdSemanticLabelsMap: invalid input host AOV zmfeywSemanticLabelTokenSDhost.
2026-10-10T05:09:27Z [192,725ms] [Warning] [omni.syntheticdata.plugin] OgnSdSemanticLabelsMap: invalid input host AOV koudyxSemanticLabelTokenSDhost.
2026-10-10T05:09:27Z [192,728ms] [Warning] [omni.syntheticdata.plugin] OgnSdSemanticLabelsMap: invalid input AOV SemanticLabelTokenSD.
2026-10-10T05:09:27Z [192,729ms] [Warning] [omni.syntheticdata.plugin] OgnSdSemanticLabelsMap: invalid input AOV SemanticLabelTokenSD.
2026-10-10T05:09:27Z [192,732ms] [Warning] [omni.syntheticdata.plugin] OgnSdSemanticLabelsMap: invalid input host AOV zmfeywSemanticLabelTokenSDhost.
2026-10-10T05:09:27Z [192,732ms] [Warning] [omni.syntheticdata.plugin] OgnSdSemanticLabelsMap: invalid input host AOV koudyxSemanticLabelTokenSDhost.
2026-10-10T05:09:27Z [192,736ms] [Warning] [omni.syntheticdata.plugin] OgnSdSemanticLabelsMap: invalid input AOV SemanticLabelTokenSD.
2026-10-10T05:09:27Z [192,736ms] [Warning] [omni.syntheticdata.plugin] OgnSdSemanticLabelsMap: invalid input AOV SemanticLabelTokenSD.
2026-10-10T05:09:27Z [192,747ms] [Warning] [omni.syntheticdata.plugin] OgnSdSemanticLabelsMap: invalid input host AOV zmfeywSemanticLabelTokenSDhost.
2026-10-10T05:09:27Z [192,747ms] [Warning] [omni.syntheticdata.plugin] OgnSdSemanticLabelsMap: invalid input host AOV koudyxSemanticLabelTokenSDhost.
2026-10-10T05:09:27Z [192,752ms] [Warning] [omni.syntheticdata.plugin] OgnSdSemanticLabelsMap: invalid input AOV SemanticLabelTokenSD.
2026-10-10T05:09:27Z [192,752ms] [Warning] [omni.syntheticdata.plugin] OgnSdSemanticLabelsMap: invalid input AOV SemanticLabelTokenSD.
2026-10-10T05:09:27Z [192,762ms] [Warning] [omni.syntheticdata.plugin] OgnSdSemanticLabelsMap: invalid input host AOV zmfeywSemanticLabelTokenSDhost.
2026-10-10T05:09:27Z [192,763ms] [Warning] [omni.syntheticdata.plugin] OgnSdSemanticLabelsMap: invalid input host AOV koudyxSemanticLabelTokenSDhost.
2026-10-10T05:09:27Z [192,766ms] [Warning] [omni.syntheticdata.plugin] OgnSdSemanticLabelsMap: invalid input AOV SemanticLabelTokenSD.
2026-10-10T05:09:27Z [192,766ms] [Warning] [omni.syntheticdata.plugin] OgnSdSemanticLabelsMap: invalid input AOV SemanticLabelTokenSD.
2026-10-10T05:09:27Z [192,769ms] [Warning] [omni.syntheticdata.plugin] OgnSdSemanticLabelsMap: invalid input host AOV zmfeywSemanticLabelTokenSDhost.
2026-10-10T05:09:27Z [192,769ms] [Warning] [omni.syntheticdata.plugin] OgnSdSemanticLabelsMap: invalid input host AOV koudyxSemanticLabelTokenSDhost.
2026-10-10T05:09:27Z [192,776ms] [Warning] [omni.syntheticdata.plugin] OgnSdSemanticLabelsMap: invalid input AOV SemanticLabelTokenSD.
2026-10-10T05:09:27Z [192,776ms] [Warning] [omni.syntheticdata.plugin] OgnSdSemanticLabelsMap: invalid input AOV SemanticLabelTokenSD.
2026-10-10T05:09:27Z [192,779ms] [Warning] [omni.syntheticdata.plugin] OgnSdSemanticLabelsMap: invalid input host AOV zmfeywSemanticLabelTokenSDhost.
2026-10-10T05:09:27Z [192,779ms] [Warning] [omni.syntheticdata.plugin] OgnSdSemanticLabelsMap: invalid input host AOV koudyxSemanticLabelTokenSDhost.
2026-10-10T05:09:27Z [192,783ms] [Warning] [omni.syntheticdata.plugin] OgnSdSemanticLabelsMap: invalid input AOV SemanticLabelTokenSD.
2026-10-10T05:09:27Z [192,783ms] [Warning] [omni.syntheticdata.plugin] OgnSdSemanticLabelsMap: invalid input AOV SemanticLabelTokenSD.
2026-10-10T05:09:27Z [192,785ms] [Warning] [omni.syntheticdata.plugin] OgnSdSemanticLabelsMap: invalid input host AOV zmfeywSemanticLabelTokenSDhost.
2026-10-10T05:09:27Z [192,786ms] [Warning] [omni.syntheticdata.plugin] OgnSdSemanticLabelsMap: invalid input host AOV koudyxSemanticLabelTokenSDhost.
2026-10-10T05:09:27Z [192,790ms] [Warning] [omni.syntheticdata.plugin] OgnSdSemanticLabelsMap: invalid input AOV SemanticLabelTokenSD.
2026-10-10T05:09:27Z [192,790ms] [Warning] [omni.syntheticdata.plugin] OgnSdSemanticLabelsMap: invalid input AOV SemanticLabelTokenSD.
2026-10-10T05:09:27Z [192,793ms] [Warning] [omni.syntheticdata.plugin] OgnSdSemanticLabelsMap: invalid input host AOV zmfeywSemanticLabelTokenSDhost.
2026-10-10T05:09:27Z [192,793ms] [Warning] [omni.syntheticdata.plugin] OgnSdSemanticLabelsMap: invalid input host AOV koudyxSemanticLabelTokenSDhost.
2026-10-10T05:09:27Z [192,797ms] [Warning] [omni.syntheticdata.plugin] OgnSdSemanticLabelsMap: invalid input AOV SemanticLabelTokenSD.
2026-10-10T05:09:27Z [192,797ms] [Warning] [omni.syntheticdata.plugin] OgnSdSemanticLabelsMap: invalid input AOV SemanticLabelTokenSD.
2026-10-10T05:09:27Z [192,801ms] [Warning] [omni.syntheticdata.plugin] OgnSdSemanticLabelsMap: invalid input host AOV zmfeywSemanticLabelTokenSDhost.
2026-10-10T05:09:27Z [192,801ms] [Warning] [omni.syntheticdata.plugin] OgnSdSemanticLabelsMap: invalid input host AOV koudyxSemanticLabelTokenSDhost.
2026-10-10T05:09:27Z [192,804ms] [Warning] [omni.syntheticdata.plugin] OgnSdSemanticLabelsMap: invalid input AOV SemanticLabelTokenSD.
2026-10-10T05:09:27Z [192,804ms] [Warning] [omni.syntheticdata.plugin] OgnSdSemanticLabelsMap: invalid input AOV SemanticLabelTokenSD.
2026-10-10T05:09:27Z [192,809ms] [Warning] [omni.syntheticdata.plugin] OgnSdSemanticLabelsMap: invalid input host AOV zmfeywSemanticLabelTokenSDhost.
2026-10-10T05:09:27Z [192,809ms] [Warning] [omni.syntheticdata.plugin] OgnSdSemanticLabelsMap: invalid input host AOV koudyxSemanticLabelTokenSDhost.
2026-10-10T05:09:27Z [192,813ms] [Warning] [omni.syntheticdata.plugin] OgnSdSemanticLabelsMap: invalid input AOV SemanticLabelTokenSD.
2026-10-10T05:09:27Z [192,813ms] [Warning] [omni.syntheticdata.plugin] OgnSdSemanticLabelsMap: invalid input AOV SemanticLabelTokenSD.
2026-10-10T05:09:27Z [192,816ms] [Warning] [omni.syntheticdata.plugin] OgnSdSemanticLabelsMap: invalid input host AOV zmfeywSemanticLabelTokenSDhost.
2026-10-10T05:09:27Z [192,817ms] [Warning] [omni.syntheticdata.plugin] OgnSdSemanticLabelsMap: invalid input host AOV koudyxSemanticLabelTokenSDhost.
2026-10-10T05:09:27Z [192,821ms] [Warning] [omni.syntheticdata.plugin] OgnSdSemanticLabelsMap: invalid input AOV SemanticLabelTokenSD.
2026-10-10T05:09:27Z [192,821ms] [Warning] [omni.syntheticdata.plugin] OgnSdSemanticLabelsMap: invalid input AOV SemanticLabelTokenSD.
2026-10-10T05:09:27Z [192,827ms] [Warning] [omni.syntheticdata.plugin] OgnSdSemanticLabelsMap: invalid input host AOV zmfeywSemanticLabelTokenSDhost.
2026-10-10T05:09:27Z [192,827ms] [Warning] [omni.syntheticdata.plugin] OgnSdSemanticLabelsMap: invalid input host AOV koudyxSemanticLabelTokenSDhost.
2026-10-10T05:09:27Z [192,832ms] [Warning] [omni.syntheticdata.plugin] OgnSdSemanticLabelsMap: invalid input AOV SemanticLabelTokenSD.
2026-10-10T05:09:27Z [192,832ms] [Warning] [omni.syntheticdata.plugin] OgnSdSemanticLabelsMap: invalid input AOV SemanticLabelTokenSD.
2026-10-10T05:09:27Z [192,843ms] [Warning] [omni.syntheticdata.plugin] OgnSdSemanticLabelsMap: invalid input host AOV zmfeywSemanticLabelTokenSDhost.
2026-10-10T05:09:27Z [192,843ms] [Warning] [omni.syntheticdata.plugin] OgnSdSemanticLabelsMap: invalid input host AOV koudyxSemanticLabelTokenSDhost.
2026-10-10T05:09:27Z [192,847ms] [Warning] [omni.syntheticdata.plugin] OgnSdSemanticLabelsMap: invalid input AOV SemanticLabelTokenSD.
2026-10-10T05:09:27Z [192,847ms] [Warning] [omni.syntheticdata.plugin] OgnSdSemanticLabelsMap: invalid input AOV SemanticLabelTokenSD.
2026-10-10T05:09:27Z [192,858ms] [Warning] [omni.syntheticdata.plugin] OgnSdSemanticLabelsMap: invalid input host AOV zmfeywSemanticLabelTokenSDhost.
2026-10-10T05:09:27Z [192,858ms] [Warning] [omni.syntheticdata.plugin] OgnSdSemanticLabelsMap: invalid input host AOV koudyxSemanticLabelTokenSDhost.
2026-10-10T05:09:27Z [192,863ms] [Warning] [omni.syntheticdata.plugin] OgnSdSemanticLabelsMap: invalid input AOV SemanticLabelTokenSD.
2026-10-10T05:09:27Z [192,863ms] [Warning] [omni.syntheticdata.plugin] OgnSdSemanticLabelsMap: invalid input AOV SemanticLabelTokenSD.
2026-10-10T05:09:27Z [192,866ms] [Warning] [omni.syntheticdata.plugin] OgnSdSemanticLabelsMap: invalid input host AOV zmfeywSemanticLabelTokenSDhost.
2026-10-10T05:09:27Z [192,866ms] [Warning] [omni.syntheticdata.plugin] OgnSdSemanticLabelsMap: invalid input host AOV koudyxSemanticLabelTokenSDhost.
2026-10-10T05:09:27Z [192,871ms] [Warning] [omni.syntheticdata.plugin] OgnSdSemanticLabelsMap: invalid input AOV SemanticLabelTokenSD.
2026-10-10T05:09:27Z [192,871ms] [Warning] [omni.syntheticdata.plugin] OgnSdSemanticLabelsMap: invalid input AOV SemanticLabelTokenSD.
2026-10-10T05:09:27Z [192,882ms] [Warning] [omni.syntheticdata.plugin] OgnSdSemanticLabelsMap: invalid input host AOV zmfeywSemanticLabelTokenSDhost.
2026-10-10T05:09:27Z [192,882ms] [Warning] [omni.syntheticdata.plugin] OgnSdSemanticLabelsMap: invalid input host AOV koudyxSemanticLabelTokenSDhost.
2026-10-10T05:09:27Z [192,887ms] [Warning] [omni.syntheticdata.plugin] OgnSdSemanticLabelsMap: invalid input AOV SemanticLabelTokenSD.
2026-10-10T05:09:27Z [192,887ms] [Warning] [omni.syntheticdata.plugin] OgnSdSemanticLabelsMap: invalid input AOV SemanticLabelTokenSD.
2026-10-10T05:09:27Z [192,897ms] [Warning] [omni.syntheticdata.plugin] OgnSdSemanticLabelsMap: invalid input host AOV zmfeywSemanticLabelTokenSDhost.
2026-10-10T05:09:27Z [192,897ms] [Warning] [omni.syntheticdata.plugin] OgnSdSemanticLabelsMap: invalid input host AOV koudyxSemanticLabelTokenSDhost.
2026-10-10T05:09:27Z [192,902ms] [Warning] [omni.syntheticdata.plugin] OgnSdSemanticLabelsMap: invalid input AOV SemanticLabelTokenSD.
2026-10-10T05:09:27Z [192,902ms] [Warning] [omni.syntheticdata.plugin] OgnSdSemanticLabelsMap: invalid input AOV SemanticLabelTokenSD.
2026-10-10T05:09:27Z [192,908ms] [Warning] [omni.syntheticdata.plugin] OgnSdSemanticLabelsMap: invalid input host AOV zmfeywSemanticLabelTokenSDhost.
2026-10-10T05:09:27Z [192,908ms] [Warning] [omni.syntheticdata.plugin] OgnSdSemanticLabelsMap: invalid input host AOV koudyxSemanticLabelTokenSDhost.
2026-10-10T05:09:27Z [192,912ms] [Warning] [omni.syntheticdata.plugin] OgnSdSemanticLabelsMap: invalid input AOV SemanticLabelTokenSD.
2026-10-10T05:09:27Z [192,912ms] [Warning] [omni.syntheticdata.plugin] OgnSdSemanticLabelsMap: invalid input AOV SemanticLabelTokenSD.
2026-10-10T05:09:27Z [192,922ms] [Warning] [omni.syntheticdata.plugin] OgnSdSemanticLabelsMap: invalid input host AOV zmfeywSemanticLabelTokenSDhost.
2026-10-10T05:09:27Z [192,922ms] [Warning] [omni.syntheticdata.plugin] OgnSdSemanticLabelsMap: invalid input host AOV koudyxSemanticLabelTokenSDhost.
2026-10-10T05:09:27Z [192,926ms] [Warning] [omni.syntheticdata.plugin] OgnSdSemanticLabelsMap: invalid input AOV SemanticLabelTokenSD.
2026-10-10T05:09:27Z [192,926ms] [Warning] [omni.syntheticdata.plugin] OgnSdSemanticLabelsMap: invalid input AOV SemanticLabelTokenSD.
2026-10-10T05:09:27Z [192,931ms] [Warning] [omni.syntheticdata.plugin] OgnSdSemanticLabelsMap: invalid input host AOV zmfeywSemanticLabelTokenSDhost.
2026-10-10T05:09:27Z [192,931ms] [Warning] [omni.syntheticdata.plugin] OgnSdSemanticLabelsMap: invalid input host AOV koudyxSemanticLabelTokenSDhost.
2026-10-10T05:09:27Z [192,935ms] [Warning] [omni.syntheticdata.plugin] OgnSdSemanticLabelsMap: invalid input AOV SemanticLabelTokenSD.
2026-10-10T05:09:27Z [192,935ms] [Warning] [omni.syntheticdata.plugin] OgnSdSemanticLabelsMap: invalid input AOV SemanticLabelTokenSD.
2026-10-10T05:09:27Z [192,944ms] [Warning] [omni.syntheticdata.plugin] OgnSdSemanticLabelsMap: invalid input host AOV zmfeywSemanticLabelTokenSDhost.
2026-10-10T05:09:27Z [192,944ms] [Warning] [omni.syntheticdata.plugin] OgnSdSemanticLabelsMap: invalid input host AOV koudyxSemanticLabelTokenSDhost.
2026-10-10T05:09:27Z [192,948ms] [Warning] [omni.syntheticdata.plugin] OgnSdSemanticLabelsMap: invalid input AOV SemanticLabelTokenSD.
2026-10-10T05:09:27Z [192,948ms] [Warning] [omni.syntheticdata.plugin] OgnSdSemanticLabelsMap: invalid input AOV SemanticLabelTokenSD.
2026-10-10T05:09:27Z [192,959ms] [Warning] [omni.syntheticdata.plugin] OgnSdSemanticLabelsMap: invalid input host AOV zmfeywSemanticLabelTokenSDhost.
2026-10-10T05:09:27Z [192,959ms] [Warning] [omni.syntheticdata.plugin] OgnSdSemanticLabelsMap: invalid input host AOV koudyxSemanticLabelTokenSDhost.
2026-10-10T05:09:27Z [192,963ms] [Warning] [omni.syntheticdata.plugin] OgnSdSemanticLabelsMap: invalid input AOV SemanticLabelTokenSD.
2026-10-10T05:09:27Z [192,963ms] [Warning] [omni.syntheticdata.plugin] OgnSdSemanticLabelsMap: invalid input AOV SemanticLabelTokenSD.
2026-10-10T05:09:27Z [192,967ms] [Warning] [omni.syntheticdata.plugin] OgnSdSemanticLabelsMap: invalid input host AOV zmfeywSemanticLabelTokenSDhost.
2026-10-10T05:09:27Z [192,967ms] [Warning] [omni.syntheticdata.plugin] OgnSdSemanticLabelsMap: invalid input host AOV koudyxSemanticLabelTokenSDhost.
2026-10-10T05:09:27Z [192,971ms] [Warning] [omni.syntheticdata.plugin] OgnSdSemanticLabelsMap: invalid input AOV SemanticLabelTokenSD.
2026-10-10T05:09:27Z [192,971ms] [Warning] [omni.syntheticdata.plugin] OgnSdSemanticLabelsMap: invalid input AOV SemanticLabelTokenSD.
2026-10-10T05:09:27Z [192,981ms] [Warning] [omni.syntheticdata.plugin] OgnSdSemanticLabelsMap: invalid input host AOV zmfeywSemanticLabelTokenSDhost.
2026-10-10T05:09:27Z [192,981ms] [Warning] [omni.syntheticdata.plugin] OgnSdSemanticLabelsMap: invalid input host AOV koudyxSemanticLabelTokenSDhost.
2026-10-10T05:09:27Z [192,987ms] [Warning] [omni.syntheticdata.plugin] OgnSdSemanticLabelsMap: invalid input AOV SemanticLabelTokenSD.
2026-10-10T05:09:27Z [192,987ms] [Warning] [omni.syntheticdata.plugin] OgnSdSemanticLabelsMap: invalid input AOV SemanticLabelTokenSD.
2026-10-10T05:09:27Z [192,989ms] [Warning] [omni.syntheticdata.plugin] OgnSdSemanticLabelsMap: invalid input host AOV zmfeywSemanticLabelTokenSDhost.
2026-10-10T05:09:27Z [192,989ms] [Warning] [omni.syntheticdata.plugin] OgnSdSemanticLabelsMap: invalid input host AOV koudyxSemanticLabelTokenSDhost.
2026-10-10T05:09:27Z [192,993ms] [Warning] [omni.syntheticdata.plugin] OgnSdSemanticLabelsMap: invalid input AOV SemanticLabelTokenSD.
2026-10-10T05:09:27Z [192,993ms] [Warning] [omni.syntheticdata.plugin] OgnSdSemanticLabelsMap: invalid input AOV SemanticLabelTokenSD.
2026-10-10T05:09:27Z [192,996ms] [Warning] [omni.syntheticdata.plugin] OgnSdSemanticLabelsMap: invalid input host AOV zmfeywSemanticLabelTokenSDhost.
2026-10-10T05:09:27Z [192,996ms] [Warning] [omni.syntheticdata.plugin] OgnSdSemanticLabelsMap: invalid input host AOV koudyxSemanticLabelTokenSDhost.
2026-10-10T05:09:27Z [192,999ms] [Warning] [omni.syntheticdata.plugin] OgnSdSemanticLabelsMap: invalid input AOV SemanticLabelTokenSD.
2026-10-10T05:09:27Z [192,999ms] [Warning] [omni.syntheticdata.plugin] OgnSdSemanticLabelsMap: invalid input AOV SemanticLabelTokenSD.
2026-10-10T05:09:27Z [193,002ms] [Warning] [omni.syntheticdata.plugin] OgnSdSemanticLabelsMap: invalid input host AOV zmfeywSemanticLabelTokenSDhost.
2026-10-10T05:09:27Z [193,002ms] [Warning] [omni.syntheticdata.plugin] OgnSdSemanticLabelsMap: invalid input host AOV koudyxSemanticLabelTokenSDhost.
2026-10-10T05:09:27Z [193,005ms] [Warning] [omni.syntheticdata.plugin] OgnSdSemanticLabelsMap: invalid input AOV SemanticLabelTokenSD.
2026-10-10T05:09:27Z [193,005ms] [Warning] [omni.syntheticdata.plugin] OgnSdSemanticLabelsMap: invalid input AOV SemanticLabelTokenSD.
2026-10-10T05:09:27Z [193,009ms] [Warning] [omni.syntheticdata.plugin] OgnSdSemanticLabelsMap: invalid input host AOV zmfeywSemanticLabelTokenSDhost.
2026-10-10T05:09:27Z [193,009ms] [Warning] [omni.syntheticdata.plugin] OgnSdSemanticLabelsMap: invalid input host AOV koudyxSemanticLabelTokenSDhost.
2026-10-10T05:09:27Z [193,011ms] [Warning] [omni.syntheticdata.plugin] OgnSdSemanticLabelsMap: invalid input AOV SemanticLabelTokenSD.
2026-10-10T05:09:27Z [193,011ms] [Warning] [omni.syntheticdata.plugin] OgnSdSemanticLabelsMap: invalid input AOV SemanticLabelTokenSD.
2026-10-10T05:09:27Z [193,023ms] [Warning] [omni.syntheticdata.plugin] OgnSdSemanticLabelsMap: invalid input host AOV zmfeywSemanticLabelTokenSDhost.
2026-10-10T05:09:27Z [193,023ms] [Warning] [omni.syntheticdata.plugin] OgnSdSemanticLabelsMap: invalid input host AOV koudyxSemanticLabelTokenSDhost.
2026-10-10T05:09:27Z [193,026ms] [Warning] [omni.syntheticdata.plugin] OgnSdSemanticLabelsMap: invalid input AOV SemanticLabelTokenSD.
2026-10-10T05:09:27Z [193,026ms] [Warning] [omni.syntheticdata.plugin] OgnSdSemanticLabelsMap: invalid input AOV SemanticLabelTokenSD.
2026-10-10T05:09:27Z [193,031ms] [Warning] [omni.syntheticdata.plugin] OgnSdSemanticLabelsMap: invalid input host AOV zmfeywSemanticLabelTokenSDhost.
2026-10-10T05:09:27Z [193,031ms] [Warning] [omni.syntheticdata.plugin] OgnSdSemanticLabelsMap: invalid input host AOV koudyxSemanticLabelTokenSDhost.
2026-10-10T05:09:27Z [193,036ms] [Warning] [omni.syntheticdata.plugin] OgnSdSemanticLabelsMap: invalid input AOV SemanticLabelTokenSD.
2026-10-10T05:09:27Z [193,036ms] [Warning] [omni.syntheticdata.plugin] OgnSdSemanticLabelsMap: invalid input AOV SemanticLabelTokenSD.
2026-10-10T05:09:27Z [193,045ms] [Warning] [omni.syntheticdata.plugin] OgnSdSemanticLabelsMap: invalid input host AOV zmfeywSemanticLabelTokenSDhost.
2026-10-10T05:09:27Z [193,045ms] [Warning] [omni.syntheticdata.plugin] OgnSdSemanticLabelsMap: invalid input host AOV koudyxSemanticLabelTokenSDhost.
2026-10-10T05:09:27Z [193,049ms] [Warning] [omni.syntheticdata.plugin] OgnSdSemanticLabelsMap: invalid input AOV SemanticLabelTokenSD.
2026-10-10T05:09:27Z [193,049ms] [Warning] [omni.syntheticdata.plugin] OgnSdSemanticLabelsMap: invalid input AOV SemanticLabelTokenSD.
2026-10-10T05:09:27Z [193,053ms] [Warning] [omni.syntheticdata.plugin] OgnSdSemanticLabelsMap: invalid input host AOV zmfeywSemanticLabelTokenSDhost.
2026-10-10T05:09:27Z [193,053ms] [Warning] [omni.syntheticdata.plugin] OgnSdSemanticLabelsMap: invalid input host AOV koudyxSemanticLabelTokenSDhost.
2026-10-10T05:09:27Z [193,056ms] [Warning] [omni.syntheticdata.plugin] OgnSdSemanticLabelsMap: invalid input AOV SemanticLabelTokenSD.
2026-10-10T05:09:27Z [193,056ms] [Warning] [omni.syntheticdata.plugin] OgnSdSemanticLabelsMap: invalid input AOV SemanticLabelTokenSD.
2026-10-10T05:09:27Z [193,068ms] [Warning] [omni.syntheticdata.plugin] OgnSdSemanticLabelsMap: invalid input host AOV zmfeywSemanticLabelTokenSDhost.
2026-10-10T05:09:27Z [193,068ms] [Warning] [omni.syntheticdata.plugin] OgnSdSemanticLabelsMap: invalid input host AOV koudyxSemanticLabelTokenSDhost.
2026-10-10T05:09:27Z [193,072ms] [Warning] [omni.syntheticdata.plugin] OgnSdSemanticLabelsMap: invalid input AOV SemanticLabelTokenSD.
2026-10-10T05:09:27Z [193,072ms] [Warning] [omni.syntheticdata.plugin] OgnSdSemanticLabelsMap: invalid input AOV SemanticLabelTokenSD.
2026-10-10T05:09:27Z [193,076ms] [Warning] [omni.syntheticdata.plugin] OgnSdSemanticLabelsMap: invalid input host AOV zmfeywSemanticLabelTokenSDhost.
2026-10-10T05:09:27Z [193,076ms] [Warning] [omni.syntheticdata.plugin] OgnSdSemanticLabelsMap: invalid input host AOV koudyxSemanticLabelTokenSDhost.
2026-10-10T05:09:27Z [193,080ms] [Warning] [omni.syntheticdata.plugin] OgnSdSemanticLabelsMap: invalid input AOV SemanticLabelTokenSD.
2026-10-10T05:09:27Z [193,080ms] [Warning] [omni.syntheticdata.plugin] OgnSdSemanticLabelsMap: invalid input AOV SemanticLabelTokenSD.
2026-10-10T05:09:27Z [193,090ms] [Warning] [omni.syntheticdata.plugin] OgnSdSemanticLabelsMap: invalid input host AOV zmfeywSemanticLabelTokenSDhost.
2026-10-10T05:09:27Z [193,090ms] [Warning] [omni.syntheticdata.plugin] OgnSdSemanticLabelsMap: invalid input host AOV koudyxSemanticLabelTokenSDhost.
2026-10-10T05:09:27Z [193,095ms] [Warning] [omni.syntheticdata.plugin] OgnSdSemanticLabelsMap: invalid input AOV SemanticLabelTokenSD.
2026-10-10T05:09:27Z [193,095ms] [Warning] [omni.syntheticdata.plugin] OgnSdSemanticLabelsMap: invalid input AOV SemanticLabelTokenSD.
2026-10-10T05:09:27Z [193,098ms] [Warning] [omni.syntheticdata.plugin] OgnSdSemanticLabelsMap: invalid input host AOV zmfeywSemanticLabelTokenSDhost.
2026-10-10T05:09:27Z [193,098ms] [Warning] [omni.syntheticdata.plugin] OgnSdSemanticLabelsMap: invalid input host AOV koudyxSemanticLabelTokenSDhost.
2026-10-10T05:09:27Z [193,105ms] [Warning] [omni.syntheticdata.plugin] OgnSdSemanticLabelsMap: invalid input AOV SemanticLabelTokenSD.
2026-10-10T05:09:27Z [193,105ms] [Warning] [omni.syntheticdata.plugin] OgnSdSemanticLabelsMap: invalid input AOV SemanticLabelTokenSD.
2026-10-10T05:09:27Z [193,108ms] [Warning] [omni.syntheticdata.plugin] OgnSdSemanticLabelsMap: invalid input host AOV zmfeywSemanticLabelTokenSDhost.
2026-10-10T05:09:27Z [193,108ms] [Warning] [omni.syntheticdata.plugin] OgnSdSemanticLabelsMap: invalid input host AOV koudyxSemanticLabelTokenSDhost.
2026-10-10T05:09:27Z [193,113ms] [Warning] [omni.syntheticdata.plugin] OgnSdSemanticLabelsMap: invalid input AOV SemanticLabelTokenSD.
2026-10-10T05:09:27Z [193,113ms] [Warning] [omni.syntheticdata.plugin] OgnSdSemanticLabelsMap: invalid input AOV SemanticLabelTokenSD.
2026-10-10T05:09:27Z [193,123ms] [Warning] [omni.syntheticdata.plugin] OgnSdSemanticLabelsMap: invalid input host AOV zmfeywSemanticLabelTokenSDhost.
2026-10-10T05:09:27Z [193,123ms] [Warning] [omni.syntheticdata.plugin] OgnSdSemanticLabelsMap: invalid input host AOV koudyxSemanticLabelTokenSDhost.
2026-10-10T05:09:27Z [193,128ms] [Warning] [omni.syntheticdata.plugin] OgnSdSemanticLabelsMap: invalid input AOV SemanticLabelTokenSD.
2026-10-10T05:09:27Z [193,128ms] [Warning] [omni.syntheticdata.plugin] OgnSdSemanticLabelsMap: invalid input AOV SemanticLabelTokenSD.
2026-10-10T05:09:27Z [193,135ms] [Warning] [omni.syntheticdata.plugin] OgnSdSemanticLabelsMap: invalid input host AOV zmfeywSemanticLabelTokenSDhost.
2026-10-10T05:09:27Z [193,135ms] [Warning] [omni.syntheticdata.plugin] OgnSdSemanticLabelsMap: invalid input host AOV koudyxSemanticLabelTokenSDhost.
2026-10-10T05:09:27Z [193,140ms] [Warning] [omni.syntheticdata.plugin] OgnSdSemanticLabelsMap: invalid input AOV SemanticLabelTokenSD.
2026-10-10T05:09:27Z [193,140ms] [Warning] [omni.syntheticdata.plugin] OgnSdSemanticLabelsMap: invalid input AOV SemanticLabelTokenSD.
2026-10-10T05:09:27Z [193,147ms] [Warning] [omni.syntheticdata.plugin] OgnSdSemanticLabelsMap: invalid input host AOV zmfeywSemanticLabelTokenSDhost.
2026-10-10T05:09:27Z [193,147ms] [Warning] [omni.syntheticdata.plugin] OgnSdSemanticLabelsMap: invalid input host AOV koudyxSemanticLabelTokenSDhost.
2026-10-10T05:09:27Z [193,151ms] [Warning] [omni.syntheticdata.plugin] OgnSdSemanticLabelsMap: invalid input AOV SemanticLabelTokenSD.
2026-10-10T05:09:27Z [193,151ms] [Warning] [omni.syntheticdata.plugin] OgnSdSemanticLabelsMap: invalid input AOV SemanticLabelTokenSD.
2026-10-10T05:09:27Z [193,161ms] [Warning] [omni.syntheticdata.plugin] OgnSdSemanticLabelsMap: invalid input host AOV zmfeywSemanticLabelTokenSDhost.
2026-10-10T05:09:27Z [193,161ms] [Warning] [omni.syntheticdata.plugin] OgnSdSemanticLabelsMap: invalid input host AOV koudyxSemanticLabelTokenSDhost.
2026-10-10T05:09:27Z [193,165ms] [Warning] [omni.syntheticdata.plugin] OgnSdSemanticLabelsMap: invalid input AOV SemanticLabelTokenSD.
2026-10-10T05:09:27Z [193,165ms] [Warning] [omni.syntheticdata.plugin] OgnSdSemanticLabelsMap: invalid input AOV SemanticLabelTokenSD.
2026-10-10T05:09:27Z [193,171ms] [Warning] [omni.syntheticdata.plugin] OgnSdSemanticLabelsMap: invalid input host AOV zmfeywSemanticLabelTokenSDhost.
2026-10-10T05:09:27Z [193,171ms] [Warning] [omni.syntheticdata.plugin] OgnSdSemanticLabelsMap: invalid input host AOV koudyxSemanticLabelTokenSDhost.
2026-10-10T05:09:27Z [193,176ms] [Warning] [omni.syntheticdata.plugin] OgnSdSemanticLabelsMap: invalid input AOV SemanticLabelTokenSD.
2026-10-10T05:09:27Z [193,176ms] [Warning] [omni.syntheticdata.plugin] OgnSdSemanticLabelsMap: invalid input AOV SemanticLabelTokenSD.
2026-10-10T05:09:27Z [193,185ms] [Warning] [omni.syntheticdata.plugin] OgnSdSemanticLabelsMap: invalid input host AOV zmfeywSemanticLabelTokenSDhost.
2026-10-10T05:09:27Z [193,185ms] [Warning] [omni.syntheticdata.plugin] OgnSdSemanticLabelsMap: invalid input host AOV koudyxSemanticLabelTokenSDhost.
2026-10-10T05:09:27Z [193,190ms] [Warning] [omni.syntheticdata.plugin] OgnSdSemanticLabelsMap: invalid input AOV SemanticLabelTokenSD.
2026-10-10T05:09:27Z [193,190ms] [Warning] [omni.syntheticdata.plugin] OgnSdSemanticLabelsMap: invalid input AOV SemanticLabelTokenSD.
2026-10-10T05:09:27Z [193,193ms] [Warning] [omni.syntheticdata.plugin] OgnSdSemanticLabelsMap: invalid input host AOV zmfeywSemanticLabelTokenSDhost.
2026-10-10T05:09:27Z [193,193ms] [Warning] [omni.syntheticdata.plugin] OgnSdSemanticLabelsMap: invalid input host AOV koudyxSemanticLabelTokenSDhost.
2026-10-10T05:09:27Z [193,196ms] [Warning] [omni.syntheticdata.plugin] OgnSdSemanticLabelsMap: invalid input AOV SemanticLabelTokenSD.
2026-10-10T05:09:27Z [193,196ms] [Warning] [omni.syntheticdata.plugin] OgnSdSemanticLabelsMap: invalid input AOV SemanticLabelTokenSD.
2026-10-10T05:09:27Z [193,199ms] [Warning] [omni.syntheticdata.plugin] OgnSdSemanticLabelsMap: invalid input host AOV zmfeywSemanticLabelTokenSDhost.
2026-10-10T05:09:27Z [193,199ms] [Warning] [omni.syntheticdata.plugin] OgnSdSemanticLabelsMap: invalid input host AOV koudyxSemanticLabelTokenSDhost.
2026-10-10T05:09:27Z [193,204ms] [Warning] [omni.syntheticdata.plugin] OgnSdSemanticLabelsMap: invalid input AOV SemanticLabelTokenSD.
2026-10-10T05:09:27Z [193,204ms] [Warning] [omni.syntheticdata.plugin] OgnSdSemanticLabelsMap: invalid input AOV SemanticLabelTokenSD.
2026-10-10T05:09:27Z [193,214ms] [Warning] [omni.syntheticdata.plugin] OgnSdSemanticLabelsMap: invalid input host AOV zmfeywSemanticLabelTokenSDhost.
2026-10-10T05:09:27Z [193,214ms] [Warning] [omni.syntheticdata.plugin] OgnSdSemanticLabelsMap: invalid input host AOV koudyxSemanticLabelTokenSDhost.
2026-10-10T05:09:27Z [193,218ms] [Warning] [omni.syntheticdata.plugin] OgnSdSemanticLabelsMap: invalid input AOV SemanticLabelTokenSD.
2026-10-10T05:09:27Z [193,218ms] [Warning] [omni.syntheticdata.plugin] OgnSdSemanticLabelsMap: invalid input AOV SemanticLabelTokenSD.
2026-10-10T05:09:27Z [193,225ms] [Warning] [omni.syntheticdata.plugin] OgnSdSemanticLabelsMap: invalid input host AOV zmfeywSemanticLabelTokenSDhost.
2026-10-10T05:09:27Z [193,225ms] [Warning] [omni.syntheticdata.plugin] OgnSdSemanticLabelsMap: invalid input host AOV koudyxSemanticLabelTokenSDhost.
2026-10-10T05:09:27Z [193,229ms] [Warning] [omni.syntheticdata.plugin] OgnSdSemanticLabelsMap: invalid input AOV SemanticLabelTokenSD.
2026-10-10T05:09:27Z [193,229ms] [Warning] [omni.syntheticdata.plugin] OgnSdSemanticLabelsMap: invalid input AOV SemanticLabelTokenSD.
2026-10-10T05:09:27Z [193,239ms] [Warning] [omni.syntheticdata.plugin] OgnSdSemanticLabelsMap: invalid input host AOV zmfeywSemanticLabelTokenSDhost.
2026-10-10T05:09:27Z [193,239ms] [Warning] [omni.syntheticdata.plugin] OgnSdSemanticLabelsMap: invalid input host AOV koudyxSemanticLabelTokenSDhost.
2026-10-10T05:09:27Z [193,244ms] [Warning] [omni.syntheticdata.plugin] OgnSdSemanticLabelsMap: invalid input AOV SemanticLabelTokenSD.
2026-10-10T05:09:27Z [193,244ms] [Warning] [omni.syntheticdata.plugin] OgnSdSemanticLabelsMap: invalid input AOV SemanticLabelTokenSD.
2026-10-10T05:09:27Z [193,249ms] [Warning] [omni.syntheticdata.plugin] OgnSdSemanticLabelsMap: invalid input host AOV zmfeywSemanticLabelTokenSDhost.
2026-10-10T05:09:27Z [193,249ms] [Warning] [omni.syntheticdata.plugin] OgnSdSemanticLabelsMap: invalid input host AOV koudyxSemanticLabelTokenSDhost.
2026-10-10T05:09:27Z [193,253ms] [Warning] [omni.syntheticdata.plugin] OgnSdSemanticLabelsMap: invalid input AOV SemanticLabelTokenSD.
2026-10-10T05:09:27Z [193,253ms] [Warning] [omni.syntheticdata.plugin] OgnSdSemanticLabelsMap: invalid input AOV SemanticLabelTokenSD.
2026-10-10T05:09:27Z [193,264ms] [Warning] [omni.syntheticdata.plugin] OgnSdSemanticLabelsMap: invalid input host AOV zmfeywSemanticLabelTokenSDhost.
2026-10-10T05:09:27Z [193,264ms] [Warning] [omni.syntheticdata.plugin] OgnSdSemanticLabelsMap: invalid input host AOV koudyxSemanticLabelTokenSDhost.
2026-10-10T05:09:27Z [193,269ms] [Warning] [omni.syntheticdata.plugin] OgnSdSemanticLabelsMap: invalid input AOV SemanticLabelTokenSD.
2026-10-10T05:09:27Z [193,270ms] [Warning] [omni.syntheticdata.plugin] OgnSdSemanticLabelsMap: invalid input AOV SemanticLabelTokenSD.
2026-10-10T05:09:27Z [193,273ms] [Warning] [omni.syntheticdata.plugin] OgnSdSemanticLabelsMap: invalid input host AOV zmfeywSemanticLabelTokenSDhost.
2026-10-10T05:09:27Z [193,273ms] [Warning] [omni.syntheticdata.plugin] OgnSdSemanticLabelsMap: invalid input host AOV koudyxSemanticLabelTokenSDhost.
2026-10-10T05:09:27Z [193,278ms] [Warning] [omni.syntheticdata.plugin] OgnSdSemanticLabelsMap: invalid input AOV SemanticLabelTokenSD.
2026-10-10T05:09:27Z [193,278ms] [Warning] [omni.syntheticdata.plugin] OgnSdSemanticLabelsMap: invalid input AOV SemanticLabelTokenSD.
2026-10-10T05:09:27Z [193,289ms] [Warning] [omni.syntheticdata.plugin] OgnSdSemanticLabelsMap: invalid input host AOV zmfeywSemanticLabelTokenSDhost.
2026-10-10T05:09:27Z [193,289ms] [Warning] [omni.syntheticdata.plugin] OgnSdSemanticLabelsMap: invalid input host AOV koudyxSemanticLabelTokenSDhost.
2026-10-10T05:09:27Z [193,295ms] [Warning] [omni.syntheticdata.plugin] OgnSdSemanticLabelsMap: invalid input AOV SemanticLabelTokenSD.
2026-10-10T05:09:27Z [193,295ms] [Warning] [omni.syntheticdata.plugin] OgnSdSemanticLabelsMap: invalid input AOV SemanticLabelTokenSD.
2026-10-10T05:09:27Z [193,298ms] [Warning] [omni.syntheticdata.plugin] OgnSdSemanticLabelsMap: invalid input host AOV zmfeywSemanticLabelTokenSDhost.
2026-10-10T05:09:27Z [193,298ms] [Warning] [omni.syntheticdata.plugin] OgnSdSemanticLabelsMap: invalid input host AOV koudyxSemanticLabelTokenSDhost.
2026-10-10T05:09:27Z [193,302ms] [Warning] [omni.syntheticdata.plugin] OgnSdSemanticLabelsMap: invalid input AOV SemanticLabelTokenSD.
2026-10-10T05:09:27Z [193,302ms] [Warning] [omni.syntheticdata.plugin] OgnSdSemanticLabelsMap: invalid input AOV SemanticLabelTokenSD.
2026-10-10T05:09:27Z [193,305ms] [Warning] [omni.syntheticdata.plugin] OgnSdSemanticLabelsMap: invalid input host AOV zmfeywSemanticLabelTokenSDhost.
2026-10-10T05:09:27Z [193,305ms] [Warning] [omni.syntheticdata.plugin] OgnSdSemanticLabelsMap: invalid input host AOV koudyxSemanticLabelTokenSDhost.
2026-10-10T05:09:27Z [193,309ms] [Warning] [omni.syntheticdata.plugin] OgnSdSemanticLabelsMap: invalid input AOV SemanticLabelTokenSD.
2026-10-10T05:09:27Z [193,309ms] [Warning] [omni.syntheticdata.plugin] OgnSdSemanticLabelsMap: invalid input AOV SemanticLabelTokenSD.
2026-10-10T05:09:27Z [193,312ms] [Warning] [omni.syntheticdata.plugin] OgnSdSemanticLabelsMap: invalid input host AOV zmfeywSemanticLabelTokenSDhost.
2026-10-10T05:09:27Z [193,312ms] [Warning] [omni.syntheticdata.plugin] OgnSdSemanticLabelsMap: invalid input host AOV koudyxSemanticLabelTokenSDhost.
2026-10-10T05:09:27Z [193,315ms] [Warning] [omni.syntheticdata.plugin] OgnSdSemanticLabelsMap: invalid input AOV SemanticLabelTokenSD.
2026-10-10T05:09:27Z [193,315ms] [Warning] [omni.syntheticdata.plugin] OgnSdSemanticLabelsMap: invalid input AOV SemanticLabelTokenSD.
2026-10-10T05:09:27Z [193,326ms] [Warning] [omni.syntheticdata.plugin] OgnSdSemanticLabelsMap: invalid input host AOV zmfeywSemanticLabelTokenSDhost.
2026-10-10T05:09:27Z [193,326ms] [Warning] [omni.syntheticdata.plugin] OgnSdSemanticLabelsMap: invalid input host AOV koudyxSemanticLabelTokenSDhost.
2026-10-10T05:09:27Z [193,331ms] [Warning] [omni.syntheticdata.plugin] OgnSdSemanticLabelsMap: invalid input AOV SemanticLabelTokenSD.
2026-10-10T05:09:27Z [193,331ms] [Warning] [omni.syntheticdata.plugin] OgnSdSemanticLabelsMap: invalid input AOV SemanticLabelTokenSD.
2026-10-10T05:09:27Z [193,342ms] [Warning] [omni.syntheticdata.plugin] OgnSdSemanticLabelsMap: invalid input host AOV zmfeywSemanticLabelTokenSDhost.
2026-10-10T05:09:27Z [193,342ms] [Warning] [omni.syntheticdata.plugin] OgnSdSemanticLabelsMap: invalid input host AOV koudyxSemanticLabelTokenSDhost.
2026-10-10T05:09:27Z [193,345ms] [Warning] [omni.syntheticdata.plugin] OgnSdSemanticLabelsMap: invalid input AOV SemanticLabelTokenSD.
2026-10-10T05:09:27Z [193,345ms] [Warning] [omni.syntheticdata.plugin] OgnSdSemanticLabelsMap: invalid input AOV SemanticLabelTokenSD.
2026-10-10T05:09:27Z [193,350ms] [Warning] [omni.syntheticdata.plugin] OgnSdSemanticLabelsMap: invalid input host AOV zmfeywSemanticLabelTokenSDhost.
2026-10-10T05:09:27Z [193,350ms] [Warning] [omni.syntheticdata.plugin] OgnSdSemanticLabelsMap: invalid input host AOV koudyxSemanticLabelTokenSDhost.
2026-10-10T05:09:27Z [193,356ms] [Warning] [omni.syntheticdata.plugin] OgnSdSemanticLabelsMap: invalid input AOV SemanticLabelTokenSD.
2026-10-10T05:09:27Z [193,356ms] [Warning] [omni.syntheticdata.plugin] OgnSdSemanticLabelsMap: invalid input AOV SemanticLabelTokenSD.
2026-10-10T05:09:27Z [193,366ms] [Warning] [omni.syntheticdata.plugin] OgnSdSemanticLabelsMap: invalid input host AOV zmfeywSemanticLabelTokenSDhost.
2026-10-10T05:09:27Z [193,366ms] [Warning] [omni.syntheticdata.plugin] OgnSdSemanticLabelsMap: invalid input host AOV koudyxSemanticLabelTokenSDhost.
2026-10-10T05:09:27Z [193,370ms] [Warning] [omni.syntheticdata.plugin] OgnSdSemanticLabelsMap: invalid input AOV SemanticLabelTokenSD.
2026-10-10T05:09:27Z [193,370ms] [Warning] [omni.syntheticdata.plugin] OgnSdSemanticLabelsMap: invalid input AOV SemanticLabelTokenSD.
2026-10-10T05:09:27Z [193,382ms] [Warning] [omni.syntheticdata.plugin] OgnSdSemanticLabelsMap: invalid input host AOV zmfeywSemanticLabelTokenSDhost.
2026-10-10T05:09:27Z [193,382ms] [Warning] [omni.syntheticdata.plugin] OgnSdSemanticLabelsMap: invalid input host AOV koudyxSemanticLabelTokenSDhost.
2026-10-10T05:09:27Z [193,386ms] [Warning] [omni.syntheticdata.plugin] OgnSdSemanticLabelsMap: invalid input AOV SemanticLabelTokenSD.
2026-10-10T05:09:27Z [193,386ms] [Warning] [omni.syntheticdata.plugin] OgnSdSemanticLabelsMap: invalid input AOV SemanticLabelTokenSD.
2026-10-10T05:09:27Z [193,389ms] [Warning] [omni.syntheticdata.plugin] OgnSdSemanticLabelsMap: invalid input host AOV zmfeywSemanticLabelTokenSDhost.
2026-10-10T05:09:27Z [193,389ms] [Warning] [omni.syntheticdata.plugin] OgnSdSemanticLabelsMap: invalid input host AOV koudyxSemanticLabelTokenSDhost.
2026-10-10T05:09:27Z [193,394ms] [Warning] [omni.syntheticdata.plugin] OgnSdSemanticLabelsMap: invalid input AOV SemanticLabelTokenSD.
2026-10-10T05:09:27Z [193,394ms] [Warning] [omni.syntheticdata.plugin] OgnSdSemanticLabelsMap: invalid input AOV SemanticLabelTokenSD.
2026-10-10T05:09:27Z [193,398ms] [Warning] [omni.syntheticdata.plugin] OgnSdSemanticLabelsMap: invalid input host AOV zmfeywSemanticLabelTokenSDhost.
2026-10-10T05:09:27Z [193,398ms] [Warning] [omni.syntheticdata.plugin] OgnSdSemanticLabelsMap: invalid input host AOV koudyxSemanticLabelTokenSDhost.
2026-10-10T05:09:27Z [193,403ms] [Warning] [omni.syntheticdata.plugin] OgnSdSemanticLabelsMap: invalid input AOV SemanticLabelTokenSD.
2026-10-10T05:09:27Z [193,403ms] [Warning] [omni.syntheticdata.plugin] OgnSdSemanticLabelsMap: invalid input AOV SemanticLabelTokenSD.
2026-10-10T05:09:27Z [193,414ms] [Warning] [omni.syntheticdata.plugin] OgnSdSemanticLabelsMap: invalid input host AOV zmfeywSemanticLabelTokenSDhost.
2026-10-10T05:09:27Z [193,414ms] [Warning] [omni.syntheticdata.plugin] OgnSdSemanticLabelsMap: invalid input host AOV koudyxSemanticLabelTokenSDhost.
2026-10-10T05:09:27Z [193,418ms] [Warning] [omni.syntheticdata.plugin] OgnSdSemanticLabelsMap: invalid input AOV SemanticLabelTokenSD.
2026-10-10T05:09:27Z [193,418ms] [Warning] [omni.syntheticdata.plugin] OgnSdSemanticLabelsMap: invalid input AOV SemanticLabelTokenSD.
2026-10-10T05:09:27Z [193,423ms] [Warning] [omni.syntheticdata.plugin] OgnSdSemanticLabelsMap: invalid input host AOV zmfeywSemanticLabelTokenSDhost.
2026-10-10T05:09:27Z [193,423ms] [Warning] [omni.syntheticdata.plugin] OgnSdSemanticLabelsMap: invalid input host AOV koudyxSemanticLabelTokenSDhost.
2026-10-10T05:09:27Z [193,426ms] [Warning] [omni.syntheticdata.plugin] OgnSdSemanticLabelsMap: invalid input AOV SemanticLabelTokenSD.
2026-10-10T05:09:27Z [193,426ms] [Warning] [omni.syntheticdata.plugin] OgnSdSemanticLabelsMap: invalid input AOV SemanticLabelTokenSD.
2026-10-10T05:09:27Z [193,438ms] [Warning] [omni.syntheticdata.plugin] OgnSdSemanticLabelsMap: invalid input host AOV zmfeywSemanticLabelTokenSDhost.
2026-10-10T05:09:27Z [193,438ms] [Warning] [omni.syntheticdata.plugin] OgnSdSemanticLabelsMap: invalid input host AOV koudyxSemanticLabelTokenSDhost.
2026-10-10T05:09:27Z [193,444ms] [Warning] [omni.syntheticdata.plugin] OgnSdSemanticLabelsMap: invalid input AOV SemanticLabelTokenSD.
2026-10-10T05:09:27Z [193,444ms] [Warning] [omni.syntheticdata.plugin] OgnSdSemanticLabelsMap: invalid input AOV SemanticLabelTokenSD.
2026-10-10T05:09:27Z [193,447ms] [Warning] [omni.syntheticdata.plugin] OgnSdSemanticLabelsMap: invalid input host AOV zmfeywSemanticLabelTokenSDhost.
2026-10-10T05:09:27Z [193,448ms] [Warning] [omni.syntheticdata.plugin] OgnSdSemanticLabelsMap: invalid input host AOV koudyxSemanticLabelTokenSDhost.
2026-10-10T05:09:27Z [193,451ms] [Warning] [omni.syntheticdata.plugin] OgnSdSemanticLabelsMap: invalid input AOV SemanticLabelTokenSD.
2026-10-10T05:09:27Z [193,451ms] [Warning] [omni.syntheticdata.plugin] OgnSdSemanticLabelsMap: invalid input AOV SemanticLabelTokenSD.
2026-10-10T05:09:27Z [193,463ms] [Warning] [omni.syntheticdata.plugin] OgnSdSemanticLabelsMap: invalid input host AOV zmfeywSemanticLabelTokenSDhost.
2026-10-10T05:09:27Z [193,463ms] [Warning] [omni.syntheticdata.plugin] OgnSdSemanticLabelsMap: invalid input host AOV koudyxSemanticLabelTokenSDhost.
2026-10-10T05:09:27Z [193,467ms] [Warning] [omni.syntheticdata.plugin] OgnSdSemanticLabelsMap: invalid input AOV SemanticLabelTokenSD.
2026-10-10T05:09:27Z [193,467ms] [Warning] [omni.syntheticdata.plugin] OgnSdSemanticLabelsMap: invalid input AOV SemanticLabelTokenSD.
2026-10-10T05:09:27Z [193,470ms] [Warning] [omni.syntheticdata.plugin] OgnSdSemanticLabelsMap: invalid input host AOV zmfeywSemanticLabelTokenSDhost.
2026-10-10T05:09:27Z [193,470ms] [Warning] [omni.syntheticdata.plugin] OgnSdSemanticLabelsMap: invalid input host AOV koudyxSemanticLabelTokenSDhost.
2026-10-10T05:09:27Z [193,474ms] [Warning] [omni.syntheticdata.plugin] OgnSdSemanticLabelsMap: invalid input AOV SemanticLabelTokenSD.
2026-10-10T05:09:27Z [193,474ms] [Warning] [omni.syntheticdata.plugin] OgnSdSemanticLabelsMap: invalid input AOV SemanticLabelTokenSD.
2026-10-10T05:09:27Z [193,485ms] [Warning] [omni.syntheticdata.plugin] OgnSdSemanticLabelsMap: invalid input host AOV zmfeywSemanticLabelTokenSDhost.
2026-10-10T05:09:27Z [193,485ms] [Warning] [omni.syntheticdata.plugin] OgnSdSemanticLabelsMap: invalid input host AOV koudyxSemanticLabelTokenSDhost.
2026-10-10T05:09:27Z [193,488ms] [Warning] [omni.syntheticdata.plugin] OgnSdSemanticLabelsMap: invalid input AOV SemanticLabelTokenSD.
2026-10-10T05:09:27Z [193,488ms] [Warning] [omni.syntheticdata.plugin] OgnSdSemanticLabelsMap: invalid input AOV SemanticLabelTokenSD.
2026-10-10T05:09:27Z [193,495ms] [Warning] [omni.syntheticdata.plugin] OgnSdSemanticLabelsMap: invalid input host AOV zmfeywSemanticLabelTokenSDhost.
2026-10-10T05:09:27Z [193,495ms] [Warning] [omni.syntheticdata.plugin] OgnSdSemanticLabelsMap: invalid input host AOV koudyxSemanticLabelTokenSDhost.
2026-10-10T05:09:27Z [193,501ms] [Warning] [omni.syntheticdata.plugin] OgnSdSemanticLabelsMap: invalid input AOV SemanticLabelTokenSD.
2026-10-10T05:09:27Z [193,501ms] [Warning] [omni.syntheticdata.plugin] OgnSdSemanticLabelsMap: invalid input AOV SemanticLabelTokenSD.
2026-10-10T05:09:27Z [193,504ms] [Warning] [omni.syntheticdata.plugin] OgnSdSemanticLabelsMap: invalid input host AOV zmfeywSemanticLabelTokenSDhost.
2026-10-10T05:09:27Z [193,504ms] [Warning] [omni.syntheticdata.plugin] OgnSdSemanticLabelsMap: invalid input host AOV koudyxSemanticLabelTokenSDhost.
2026-10-10T05:09:27Z [193,509ms] [Warning] [omni.syntheticdata.plugin] OgnSdSemanticLabelsMap: invalid input AOV SemanticLabelTokenSD.
2026-10-10T05:09:27Z [193,509ms] [Warning] [omni.syntheticdata.plugin] OgnSdSemanticLabelsMap: invalid input AOV SemanticLabelTokenSD.
2026-10-10T05:09:27Z [193,521ms] [Warning] [omni.syntheticdata.plugin] OgnSdSemanticLabelsMap: invalid input host AOV zmfeywSemanticLabelTokenSDhost.
2026-10-10T05:09:27Z [193,521ms] [Warning] [omni.syntheticdata.plugin] OgnSdSemanticLabelsMap: invalid input host AOV koudyxSemanticLabelTokenSDhost.
2026-10-10T05:09:27Z [193,526ms] [Warning] [omni.syntheticdata.plugin] OgnSdSemanticLabelsMap: invalid input AOV SemanticLabelTokenSD.
2026-10-10T05:09:27Z [193,526ms] [Warning] [omni.syntheticdata.plugin] OgnSdSemanticLabelsMap: invalid input AOV SemanticLabelTokenSD.
2026-10-10T05:09:27Z [193,536ms] [Warning] [omni.syntheticdata.plugin] OgnSdSemanticLabelsMap: invalid input host AOV zmfeywSemanticLabelTokenSDhost.
2026-10-10T05:09:27Z [193,537ms] [Warning] [omni.syntheticdata.plugin] OgnSdSemanticLabelsMap: invalid input host AOV koudyxSemanticLabelTokenSDhost.
2026-10-10T05:09:27Z [193,542ms] [Warning] [omni.syntheticdata.plugin] OgnSdSemanticLabelsMap: invalid input AOV SemanticLabelTokenSD.
2026-10-10T05:09:27Z [193,542ms] [Warning] [omni.syntheticdata.plugin] OgnSdSemanticLabelsMap: invalid input AOV SemanticLabelTokenSD.
2026-10-10T05:09:27Z [193,552ms] [Warning] [omni.syntheticdata.plugin] OgnSdSemanticLabelsMap: invalid input host AOV zmfeywSemanticLabelTokenSDhost.
2026-10-10T05:09:27Z [193,552ms] [Warning] [omni.syntheticdata.plugin] OgnSdSemanticLabelsMap: invalid input host AOV koudyxSemanticLabelTokenSDhost.
2026-10-10T05:09:27Z [193,557ms] [Warning] [omni.syntheticdata.plugin] OgnSdSemanticLabelsMap: invalid input AOV SemanticLabelTokenSD.
2026-10-10T05:09:27Z [193,557ms] [Warning] [omni.syntheticdata.plugin] OgnSdSemanticLabelsMap: invalid input AOV SemanticLabelTokenSD.
2026-10-10T05:09:27Z [193,561ms] [Warning] [omni.syntheticdata.plugin] OgnSdSemanticLabelsMap: invalid input host AOV zmfeywSemanticLabelTokenSDhost.
2026-10-10T05:09:27Z [193,561ms] [Warning] [omni.syntheticdata.plugin] OgnSdSemanticLabelsMap: invalid input host AOV koudyxSemanticLabelTokenSDhost.
2026-10-10T05:09:27Z [193,565ms] [Warning] [omni.syntheticdata.plugin] OgnSdSemanticLabelsMap: invalid input AOV SemanticLabelTokenSD.
2026-10-10T05:09:27Z [193,565ms] [Warning] [omni.syntheticdata.plugin] OgnSdSemanticLabelsMap: invalid input AOV SemanticLabelTokenSD.
2026-10-10T05:09:27Z [193,576ms] [Warning] [omni.syntheticdata.plugin] OgnSdSemanticLabelsMap: invalid input host AOV zmfeywSemanticLabelTokenSDhost.
2026-10-10T05:09:27Z [193,576ms] [Warning] [omni.syntheticdata.plugin] OgnSdSemanticLabelsMap: invalid input host AOV koudyxSemanticLabelTokenSDhost.
2026-10-10T05:09:27Z [193,582ms] [Warning] [omni.syntheticdata.plugin] OgnSdSemanticLabelsMap: invalid input AOV SemanticLabelTokenSD.
2026-10-10T05:09:27Z [193,582ms] [Warning] [omni.syntheticdata.plugin] OgnSdSemanticLabelsMap: invalid input AOV SemanticLabelTokenSD.
2026-10-10T05:09:27Z [193,588ms] [Warning] [omni.syntheticdata.plugin] OgnSdSemanticLabelsMap: invalid input host AOV zmfeywSemanticLabelTokenSDhost.
2026-10-10T05:09:27Z [193,588ms] [Warning] [omni.syntheticdata.plugin] OgnSdSemanticLabelsMap: invalid input host AOV koudyxSemanticLabelTokenSDhost.
2026-10-10T05:09:27Z [193,594ms] [Warning] [omni.syntheticdata.plugin] OgnSdSemanticLabelsMap: invalid input AOV SemanticLabelTokenSD.
2026-10-10T05:09:27Z [193,594ms] [Warning] [omni.syntheticdata.plugin] OgnSdSemanticLabelsMap: invalid input AOV SemanticLabelTokenSD.
2026-10-10T05:09:27Z [193,597ms] [Warning] [omni.syntheticdata.plugin] OgnSdSemanticLabelsMap: invalid input host AOV zmfeywSemanticLabelTokenSDhost.
2026-10-10T05:09:27Z [193,597ms] [Warning] [omni.syntheticdata.plugin] OgnSdSemanticLabelsMap: invalid input host AOV koudyxSemanticLabelTokenSDhost.
2026-10-10T05:09:27Z [193,602ms] [Warning] [omni.syntheticdata.plugin] OgnSdSemanticLabelsMap: invalid input AOV SemanticLabelTokenSD.
2026-10-10T05:09:27Z [193,602ms] [Warning] [omni.syntheticdata.plugin] OgnSdSemanticLabelsMap: invalid input AOV SemanticLabelTokenSD.
2026-10-10T05:09:27Z [193,604ms] [Warning] [omni.syntheticdata.plugin] OgnSdSemanticLabelsMap: invalid input host AOV zmfeywSemanticLabelTokenSDhost.
2026-10-10T05:09:27Z [193,605ms] [Warning] [omni.syntheticdata.plugin] OgnSdSemanticLabelsMap: invalid input host AOV koudyxSemanticLabelTokenSDhost.
2026-10-10T05:09:27Z [193,609ms] [Warning] [omni.syntheticdata.plugin] OgnSdSemanticLabelsMap: invalid input AOV SemanticLabelTokenSD.
2026-10-10T05:09:27Z [193,609ms] [Warning] [omni.syntheticdata.plugin] OgnSdSemanticLabelsMap: invalid input AOV SemanticLabelTokenSD.
2026-10-10T05:09:27Z [193,613ms] [Warning] [omni.syntheticdata.plugin] OgnSdSemanticLabelsMap: invalid input host AOV zmfeywSemanticLabelTokenSDhost.
2026-10-10T05:09:27Z [193,613ms] [Warning] [omni.syntheticdata.plugin] OgnSdSemanticLabelsMap: invalid input host AOV koudyxSemanticLabelTokenSDhost.
2026-10-10T05:09:27Z [193,618ms] [Warning] [omni.syntheticdata.plugin] OgnSdSemanticLabelsMap: invalid input AOV SemanticLabelTokenSD.
2026-10-10T05:09:27Z [193,618ms] [Warning] [omni.syntheticdata.plugin] OgnSdSemanticLabelsMap: invalid input AOV SemanticLabelTokenSD.
2026-10-10T05:09:27Z [193,628ms] [Warning] [omni.syntheticdata.plugin] OgnSdSemanticLabelsMap: invalid input host AOV zmfeywSemanticLabelTokenSDhost.
2026-10-10T05:09:27Z [193,628ms] [Warning] [omni.syntheticdata.plugin] OgnSdSemanticLabelsMap: invalid input host AOV koudyxSemanticLabelTokenSDhost.
2026-10-10T05:09:27Z [193,634ms] [Warning] [omni.syntheticdata.plugin] OgnSdSemanticLabelsMap: invalid input AOV SemanticLabelTokenSD.
2026-10-10T05:09:27Z [193,634ms] [Warning] [omni.syntheticdata.plugin] OgnSdSemanticLabelsMap: invalid input AOV SemanticLabelTokenSD.
2026-10-10T05:09:28Z [193,646ms] [Warning] [omni.syntheticdata.plugin] OgnSdSemanticLabelsMap: invalid input host AOV zmfeywSemanticLabelTokenSDhost.
2026-10-10T05:09:28Z [193,646ms] [Warning] [omni.syntheticdata.plugin] OgnSdSemanticLabelsMap: invalid input host AOV koudyxSemanticLabelTokenSDhost.
2026-10-10T05:09:28Z [193,653ms] [Warning] [omni.syntheticdata.plugin] OgnSdSemanticLabelsMap: invalid input AOV SemanticLabelTokenSD.
2026-10-10T05:09:28Z [193,653ms] [Warning] [omni.syntheticdata.plugin] OgnSdSemanticLabelsMap: invalid input AOV SemanticLabelTokenSD.
2026-10-10T05:09:28Z [193,659ms] [Warning] [omni.syntheticdata.plugin] OgnSdSemanticLabelsMap: invalid input host AOV zmfeywSemanticLabelTokenSDhost.
2026-10-10T05:09:28Z [193,659ms] [Warning] [omni.syntheticdata.plugin] OgnSdSemanticLabelsMap: invalid input host AOV koudyxSemanticLabelTokenSDhost.
2026-10-10T05:09:28Z [193,665ms] [Warning] [omni.syntheticdata.plugin] OgnSdSemanticLabelsMap: invalid input AOV SemanticLabelTokenSD.
2026-10-10T05:09:28Z [193,665ms] [Warning] [omni.syntheticdata.plugin] OgnSdSemanticLabelsMap: invalid input AOV SemanticLabelTokenSD.
2026-10-10T05:09:28Z [193,675ms] [Warning] [omni.syntheticdata.plugin] OgnSdSemanticLabelsMap: invalid input host AOV zmfeywSemanticLabelTokenSDhost.
2026-10-10T05:09:28Z [193,675ms] [Warning] [omni.syntheticdata.plugin] OgnSdSemanticLabelsMap: invalid input host AOV koudyxSemanticLabelTokenSDhost.
2026-10-10T05:09:28Z [193,681ms] [Warning] [omni.syntheticdata.plugin] OgnSdSemanticLabelsMap: invalid input AOV SemanticLabelTokenSD.
2026-10-10T05:09:28Z [193,681ms] [Warning] [omni.syntheticdata.plugin] OgnSdSemanticLabelsMap: invalid input AOV SemanticLabelTokenSD.
2026-10-10T05:09:28Z [193,692ms] [Warning] [omni.syntheticdata.plugin] OgnSdSemanticLabelsMap: invalid input host AOV zmfeywSemanticLabelTokenSDhost.
2026-10-10T05:09:28Z [193,692ms] [Warning] [omni.syntheticdata.plugin] OgnSdSemanticLabelsMap: invalid input host AOV koudyxSemanticLabelTokenSDhost.
2026-10-10T05:09:28Z [193,698ms] [Warning] [omni.syntheticdata.plugin] OgnSdSemanticLabelsMap: invalid input AOV SemanticLabelTokenSD.
2026-10-10T05:09:28Z [193,698ms] [Warning] [omni.syntheticdata.plugin] OgnSdSemanticLabelsMap: invalid input AOV SemanticLabelTokenSD.
2026-10-10T05:09:28Z [193,701ms] [Warning] [omni.syntheticdata.plugin] OgnSdSemanticLabelsMap: invalid input host AOV zmfeywSemanticLabelTokenSDhost.
2026-10-10T05:09:28Z [193,702ms] [Warning] [omni.syntheticdata.plugin] OgnSdSemanticLabelsMap: invalid input host AOV koudyxSemanticLabelTokenSDhost.
2026-10-10T05:09:28Z [193,709ms] [Warning] [omni.syntheticdata.plugin] OgnSdSemanticLabelsMap: invalid input AOV SemanticLabelTokenSD.
2026-10-10T05:09:28Z [193,709ms] [Warning] [omni.syntheticdata.plugin] OgnSdSemanticLabelsMap: invalid input AOV SemanticLabelTokenSD.
2026-10-10T05:09:28Z [193,719ms] [Warning] [omni.syntheticdata.plugin] OgnSdSemanticLabelsMap: invalid input host AOV zmfeywSemanticLabelTokenSDhost.
2026-10-10T05:09:28Z [193,719ms] [Warning] [omni.syntheticdata.plugin] OgnSdSemanticLabelsMap: invalid input host AOV koudyxSemanticLabelTokenSDhost.
2026-10-10T05:09:28Z [193,722ms] [Warning] [omni.syntheticdata.plugin] OgnSdSemanticLabelsMap: invalid input AOV SemanticLabelTokenSD.
2026-10-10T05:09:28Z [193,722ms] [Warning] [omni.syntheticdata.plugin] OgnSdSemanticLabelsMap: invalid input AOV SemanticLabelTokenSD.
2026-10-10T05:09:28Z [193,732ms] [Warning] [omni.syntheticdata.plugin] OgnSdSemanticLabelsMap: invalid input host AOV zmfeywSemanticLabelTokenSDhost.
2026-10-10T05:09:28Z [193,732ms] [Warning] [omni.syntheticdata.plugin] OgnSdSemanticLabelsMap: invalid input host AOV koudyxSemanticLabelTokenSDhost.
2026-10-10T05:09:28Z [193,736ms] [Warning] [omni.syntheticdata.plugin] OgnSdSemanticLabelsMap: invalid input AOV SemanticLabelTokenSD.
2026-10-10T05:09:28Z [193,736ms] [Warning] [omni.syntheticdata.plugin] OgnSdSemanticLabelsMap: invalid input AOV SemanticLabelTokenSD.
2026-10-10T05:09:28Z [193,740ms] [Warning] [omni.syntheticdata.plugin] OgnSdSemanticLabelsMap: invalid input host AOV zmfeywSemanticLabelTokenSDhost.
2026-10-10T05:09:28Z [193,740ms] [Warning] [omni.syntheticdata.plugin] OgnSdSemanticLabelsMap: invalid input host AOV koudyxSemanticLabelTokenSDhost.
2026-10-10T05:09:28Z [193,746ms] [Warning] [omni.syntheticdata.plugin] OgnSdSemanticLabelsMap: invalid input AOV SemanticLabelTokenSD.
2026-10-10T05:09:28Z [193,746ms] [Warning] [omni.syntheticdata.plugin] OgnSdSemanticLabelsMap: invalid input AOV SemanticLabelTokenSD.
2026-10-10T05:09:28Z [193,756ms] [Warning] [omni.syntheticdata.plugin] OgnSdSemanticLabelsMap: invalid input host AOV zmfeywSemanticLabelTokenSDhost.
2026-10-10T05:09:28Z [193,756ms] [Warning] [omni.syntheticdata.plugin] OgnSdSemanticLabelsMap: invalid input host AOV koudyxSemanticLabelTokenSDhost.
2026-10-10T05:09:28Z [193,760ms] [Warning] [omni.syntheticdata.plugin] OgnSdSemanticLabelsMap: invalid input AOV SemanticLabelTokenSD.
2026-10-10T05:09:28Z [193,760ms] [Warning] [omni.syntheticdata.plugin] OgnSdSemanticLabelsMap: invalid input AOV SemanticLabelTokenSD.
2026-10-10T05:09:28Z [193,770ms] [Warning] [omni.syntheticdata.plugin] OgnSdSemanticLabelsMap: invalid input host AOV zmfeywSemanticLabelTokenSDhost.
2026-10-10T05:09:28Z [193,770ms] [Warning] [omni.syntheticdata.plugin] OgnSdSemanticLabelsMap: invalid input host AOV koudyxSemanticLabelTokenSDhost.
2026-10-10T05:09:28Z [193,775ms] [Warning] [omni.syntheticdata.plugin] OgnSdSemanticLabelsMap: invalid input AOV SemanticLabelTokenSD.
2026-10-10T05:09:28Z [193,775ms] [Warning] [omni.syntheticdata.plugin] OgnSdSemanticLabelsMap: invalid input AOV SemanticLabelTokenSD.
2026-10-10T05:09:28Z [193,778ms] [Warning] [omni.syntheticdata.plugin] OgnSdSemanticLabelsMap: invalid input host AOV zmfeywSemanticLabelTokenSDhost.
2026-10-10T05:09:28Z [193,778ms] [Warning] [omni.syntheticdata.plugin] OgnSdSemanticLabelsMap: invalid input host AOV koudyxSemanticLabelTokenSDhost.
2026-10-10T05:09:28Z [193,782ms] [Warning] [omni.syntheticdata.plugin] OgnSdSemanticLabelsMap: invalid input AOV SemanticLabelTokenSD.
2026-10-10T05:09:28Z [193,782ms] [Warning] [omni.syntheticdata.plugin] OgnSdSemanticLabelsMap: invalid input AOV SemanticLabelTokenSD.
2026-10-10T05:09:28Z [193,785ms] [Warning] [omni.syntheticdata.plugin] OgnSdSemanticLabelsMap: invalid input host AOV zmfeywSemanticLabelTokenSDhost.
2026-10-10T05:09:28Z [193,785ms] [Warning] [omni.syntheticdata.plugin] OgnSdSemanticLabelsMap: invalid input host AOV koudyxSemanticLabelTokenSDhost.
2026-10-10T05:09:28Z [193,789ms] [Warning] [omni.syntheticdata.plugin] OgnSdSemanticLabelsMap: invalid input AOV SemanticLabelTokenSD.
2026-10-10T05:09:28Z [193,789ms] [Warning] [omni.syntheticdata.plugin] OgnSdSemanticLabelsMap: invalid input AOV SemanticLabelTokenSD.
2026-10-10T05:09:28Z [193,791ms] [Warning] [omni.syntheticdata.plugin] OgnSdSemanticLabelsMap: invalid input host AOV zmfeywSemanticLabelTokenSDhost.
2026-10-10T05:09:28Z [193,792ms] [Warning] [omni.syntheticdata.plugin] OgnSdSemanticLabelsMap: invalid input host AOV koudyxSemanticLabelTokenSDhost.
2026-10-10T05:09:28Z [193,796ms] [Warning] [omni.syntheticdata.plugin] OgnSdSemanticLabelsMap: invalid input AOV SemanticLabelTokenSD.
2026-10-10T05:09:28Z [193,796ms] [Warning] [omni.syntheticdata.plugin] OgnSdSemanticLabelsMap: invalid input AOV SemanticLabelTokenSD.
2026-10-10T05:09:28Z [193,808ms] [Warning] [omni.syntheticdata.plugin] OgnSdSemanticLabelsMap: invalid input host AOV zmfeywSemanticLabelTokenSDhost.
2026-10-10T05:09:28Z [193,808ms] [Warning] [omni.syntheticdata.plugin] OgnSdSemanticLabelsMap: invalid input host AOV koudyxSemanticLabelTokenSDhost.
2026-10-10T05:09:28Z [193,813ms] [Warning] [omni.syntheticdata.plugin] OgnSdSemanticLabelsMap: invalid input AOV SemanticLabelTokenSD.
2026-10-10T05:09:28Z [193,813ms] [Warning] [omni.syntheticdata.plugin] OgnSdSemanticLabelsMap: invalid input AOV SemanticLabelTokenSD.
2026-10-10T05:09:28Z [193,817ms] [Warning] [omni.syntheticdata.plugin] OgnSdSemanticLabelsMap: invalid input host AOV zmfeywSemanticLabelTokenSDhost.
2026-10-10T05:09:28Z [193,817ms] [Warning] [omni.syntheticdata.plugin] OgnSdSemanticLabelsMap: invalid input host AOV koudyxSemanticLabelTokenSDhost.
2026-10-10T05:09:28Z [193,821ms] [Warning] [omni.syntheticdata.plugin] OgnSdSemanticLabelsMap: invalid input AOV SemanticLabelTokenSD.
2026-10-10T05:09:28Z [193,821ms] [Warning] [omni.syntheticdata.plugin] OgnSdSemanticLabelsMap: invalid input AOV SemanticLabelTokenSD.
2026-10-10T05:09:28Z [193,832ms] [Warning] [omni.syntheticdata.plugin] OgnSdSemanticLabelsMap: invalid input host AOV zmfeywSemanticLabelTokenSDhost.
2026-10-10T05:09:28Z [193,832ms] [Warning] [omni.syntheticdata.plugin] OgnSdSemanticLabelsMap: invalid input host AOV koudyxSemanticLabelTokenSDhost.
2026-10-10T05:09:28Z [193,838ms] [Warning] [omni.syntheticdata.plugin] OgnSdSemanticLabelsMap: invalid input AOV SemanticLabelTokenSD.
2026-10-10T05:09:28Z [193,838ms] [Warning] [omni.syntheticdata.plugin] OgnSdSemanticLabelsMap: invalid input AOV SemanticLabelTokenSD.
2026-10-10T05:09:28Z [193,846ms] [Warning] [omni.syntheticdata.plugin] OgnSdSemanticLabelsMap: invalid input host AOV zmfeywSemanticLabelTokenSDhost.
2026-10-10T05:09:28Z [193,846ms] [Warning] [omni.syntheticdata.plugin] OgnSdSemanticLabelsMap: invalid input host AOV koudyxSemanticLabelTokenSDhost.
2026-10-10T05:09:28Z [193,851ms] [Warning] [omni.syntheticdata.plugin] OgnSdSemanticLabelsMap: invalid input AOV SemanticLabelTokenSD.
2026-10-10T05:09:28Z [193,851ms] [Warning] [omni.syntheticdata.plugin] OgnSdSemanticLabelsMap: invalid input AOV SemanticLabelTokenSD.
2026-10-10T05:09:28Z [193,859ms] [Warning] [omni.syntheticdata.plugin] OgnSdSemanticLabelsMap: invalid input host AOV zmfeywSemanticLabelTokenSDhost.
2026-10-10T05:09:28Z [193,859ms] [Warning] [omni.syntheticdata.plugin] OgnSdSemanticLabelsMap: invalid input host AOV koudyxSemanticLabelTokenSDhost.
2026-10-10T05:09:28Z [193,864ms] [Warning] [omni.syntheticdata.plugin] OgnSdSemanticLabelsMap: invalid input AOV SemanticLabelTokenSD.
2026-10-10T05:09:28Z [193,864ms] [Warning] [omni.syntheticdata.plugin] OgnSdSemanticLabelsMap: invalid input AOV SemanticLabelTokenSD.
2026-10-10T05:09:28Z [193,875ms] [Warning] [omni.syntheticdata.plugin] OgnSdSemanticLabelsMap: invalid input host AOV zmfeywSemanticLabelTokenSDhost.
2026-10-10T05:09:28Z [193,875ms] [Warning] [omni.syntheticdata.plugin] OgnSdSemanticLabelsMap: invalid input host AOV koudyxSemanticLabelTokenSDhost.
2026-10-10T05:09:28Z [193,881ms] [Warning] [omni.syntheticdata.plugin] OgnSdSemanticLabelsMap: invalid input AOV SemanticLabelTokenSD.
2026-10-10T05:09:28Z [193,881ms] [Warning] [omni.syntheticdata.plugin] OgnSdSemanticLabelsMap: invalid input AOV SemanticLabelTokenSD.
2026-10-10T05:09:28Z [193,884ms] [Warning] [omni.syntheticdata.plugin] OgnSdSemanticLabelsMap: invalid input host AOV zmfeywSemanticLabelTokenSDhost.
2026-10-10T05:09:28Z [193,884ms] [Warning] [omni.syntheticdata.plugin] OgnSdSemanticLabelsMap: invalid input host AOV koudyxSemanticLabelTokenSDhost.
2026-10-10T05:09:28Z [193,889ms] [Warning] [omni.syntheticdata.plugin] OgnSdSemanticLabelsMap: invalid input AOV SemanticLabelTokenSD.
2026-10-10T05:09:28Z [193,889ms] [Warning] [omni.syntheticdata.plugin] OgnSdSemanticLabelsMap: invalid input AOV SemanticLabelTokenSD.
2026-10-10T05:09:28Z [193,892ms] [Warning] [omni.syntheticdata.plugin] OgnSdSemanticLabelsMap: invalid input host AOV zmfeywSemanticLabelTokenSDhost.
2026-10-10T05:09:28Z [193,892ms] [Warning] [omni.syntheticdata.plugin] OgnSdSemanticLabelsMap: invalid input host AOV koudyxSemanticLabelTokenSDhost.
2026-10-10T05:09:28Z [193,897ms] [Warning] [omni.syntheticdata.plugin] OgnSdSemanticLabelsMap: invalid input AOV SemanticLabelTokenSD.
2026-10-10T05:09:28Z [193,897ms] [Warning] [omni.syntheticdata.plugin] OgnSdSemanticLabelsMap: invalid input AOV SemanticLabelTokenSD.
2026-10-10T05:09:28Z [193,906ms] [Warning] [omni.syntheticdata.plugin] OgnSdSemanticLabelsMap: invalid input host AOV zmfeywSemanticLabelTokenSDhost.
2026-10-10T05:09:28Z [193,906ms] [Warning] [omni.syntheticdata.plugin] OgnSdSemanticLabelsMap: invalid input host AOV koudyxSemanticLabelTokenSDhost.
2026-10-10T05:09:28Z [193,910ms] [Warning] [omni.syntheticdata.plugin] OgnSdSemanticLabelsMap: invalid input AOV SemanticLabelTokenSD.
2026-10-10T05:09:28Z [193,910ms] [Warning] [omni.syntheticdata.plugin] OgnSdSemanticLabelsMap: invalid input AOV SemanticLabelTokenSD.
2026-10-10T05:09:28Z [193,914ms] [Warning] [omni.syntheticdata.plugin] OgnSdSemanticLabelsMap: invalid input host AOV zmfeywSemanticLabelTokenSDhost.
2026-10-10T05:09:28Z [193,914ms] [Warning] [omni.syntheticdata.plugin] OgnSdSemanticLabelsMap: invalid input host AOV koudyxSemanticLabelTokenSDhost.
2026-10-10T05:09:28Z [193,917ms] [Warning] [omni.syntheticdata.plugin] OgnSdSemanticLabelsMap: invalid input AOV SemanticLabelTokenSD.
2026-10-10T05:09:28Z [193,917ms] [Warning] [omni.syntheticdata.plugin] OgnSdSemanticLabelsMap: invalid input AOV SemanticLabelTokenSD.
2026-10-10T05:09:28Z [193,929ms] [Warning] [omni.syntheticdata.plugin] OgnSdSemanticLabelsMap: invalid input host AOV zmfeywSemanticLabelTokenSDhost.
2026-10-10T05:09:28Z [193,929ms] [Warning] [omni.syntheticdata.plugin] OgnSdSemanticLabelsMap: invalid input host AOV koudyxSemanticLabelTokenSDhost.
2026-10-10T05:09:28Z [193,936ms] [Warning] [omni.syntheticdata.plugin] OgnSdSemanticLabelsMap: invalid input AOV SemanticLabelTokenSD.
2026-10-10T05:09:28Z [193,936ms] [Warning] [omni.syntheticdata.plugin] OgnSdSemanticLabelsMap: invalid input AOV SemanticLabelTokenSD.
2026-10-10T05:09:28Z [193,947ms] [Warning] [omni.syntheticdata.plugin] OgnSdSemanticLabelsMap: invalid input host AOV zmfeywSemanticLabelTokenSDhost.
