lane,variant,substep,column,joint,group,sample_count,q_rmse,q_mae,q_max_abs,q_signed_mean,q_empirical_p95_abs,qd_rmse,qd_mae,qd_max_abs,qd_signed_mean,qd_empirical_p95_abs
18,implicit_add_armature,both,0,F_L/fr3_joint1,controlled26,16,3.5367911933316535e-05,3.054564288423878e-05,6.376422209020127e-05,2.38393921493385e-05,5.957803883732682e-05,0.0031504749970919436,0.0018824618062401864,0.010122046683238073,0.00047241217927821604,0.006242029399247884
18,implicit_add_armature,both,1,F_L/fr3_joint2,controlled26,16,0.00013310910894581303,0.00010391069923720853,0.00033622628619589534,1.7627718261831182e-05,0.0002609559781469595,0.006727125139929889,0.005155005595508785,0.014388614409631663,-0.000638334905544471,0.012688669768627276
18,implicit_add_armature,both,2,F_L/fr3_joint3,controlled26,16,8.101866723302769e-05,5.148001868590657e-05,0.00015698261421781545,-5.148001868590657e-05,0.00015437441353621795,0.0034978565854531605,0.002818888807184809,0.008095709365478175,0.00017971746015058845,0.007212728131982167
18,implicit_add_armature,both,3,F_L/fr3_joint4,controlled26,16,3.087257672067797e-05,2.045475860025514e-05,8.239786179453645e-05,-2.0573699235221232e-06,7.127983201554722e-05,0.00853106000559674,0.004807432134513167,0.023918178121644762,0.0006231186007080712,0.018353592724362267
18,implicit_add_armature,both,4,F_L/fr3_joint5,controlled26,16,2.8630913035238816e-05,1.632533687154908e-05,7.935602596975677e-05,-7.0287350994249764e-06,6.776888859283403e-05,0.004840451640549321,0.0022950185344816527,0.016919682254389657,0.001848010562039905,0.00901010079297605
18,implicit_add_armature,both,5,F_L/fr3_joint6,controlled26,16,2.1135240302911284e-05,1.103594787536799e-05,6.349505720248949e-05,-1.039506078036323e-05,4.301938840733932e-05,0.0016661059605366717,0.0009252185094426111,0.0043702404907019765,-0.0003762151033167257,0.004233588615410767
18,implicit_add_armature,both,6,F_L/fr3_joint7,controlled26,16,8.397629320124004e-05,5.421210017766964e-05,0.00016674609475542113,4.640102667829993e-05,0.0001598303566900383,0.0023702174169073762,0.0014909907477216983,0.006583509349943631,0.000597185417122425,0.0056901030683799425
18,implicit_add_armature,both,7,F_L/left_index_1_joint,hand48,16,0.003604212264596164,0.002250282661147759,0.008772488125961195,0.0019380392241196802,0.007553526026284684,0.1859878139563294,0.11035658617172017,0.46616962148462615,0.08602376058651953,0.4224384497454407
18,implicit_add_armature,both,8,F_L/left_middle_1_joint,hand48,16,0.003653143355581871,0.00230174355380293,0.008941924275414681,0.001993046877976604,0.007536445604390287,0.19289461772511535,0.11606090025705569,0.4904171199610269,0.09218646408770444,0.4328486049507397
18,implicit_add_armature,both,9,F_L/left_pinky_1_joint,hand48,16,0.0015230470498049631,0.0009245548251433843,0.0034608021836676495,0.00084893778766438,0.0034056945369668086,0.04481216350264877,0.024662498366947047,0.11443942887644933,0.01572127382733062,0.11233282932598479
18,implicit_add_armature,both,10,F_L/left_ring_1_joint,hand48,16,0.0033364703762934875,0.0020933947346575095,0.008022780494788356,0.0018176443844926228,0.006904627035286926,0.1700991773341183,0.10038847995734776,0.42558891171632085,0.07896648449870179,0.3829245755567186
18,implicit_add_armature,both,11,F_L/left_thumb_1_joint,hand48,16,7.59752890792414e-05,4.62227051866446e-05,0.00019041179897386074,-4.0430401046335183e-05,0.00016097803870239458,0.011797119835771416,0.005641547547255061,0.04147157529240829,-0.005016176364489691,0.022471560071050938
18,implicit_add_armature,both,12,F_L/left_index_2_joint,hand48,16,4.492421147735081e-06,2.32778653980973e-06,1.32714360675662e-05,-2.07778592263997e-06,1.012746666264469e-05,0.0010992979474470663,0.0004850705635528691,0.004027554060764702,-0.00033317418191919167,0.0020143786681970084
18,implicit_add_armature,both,13,F_L/left_middle_2_joint,hand48,16,6.1908963729108e-05,3.9354212224861074e-05,0.00014747978590351485,3.214009861514898e-05,0.00012118592446358142,0.002272197292041331,0.0015358662501556136,0.005727254674360239,0.0009164562974484558,0.005001990812615339
18,implicit_add_armature,both,14,F_L/left_pinky_2_joint,hand48,16,9.574937907993057e-05,6.157517686301069e-05,0.00021518140855934786,5.0892776919316506e-05,0.00019253926645541528,0.004059565602128173,0.0025599007363449624,0.010212894885837744,0.001701474892086773,0.008515275927946113
18,implicit_add_armature,both,15,F_L/left_ring_2_joint,hand48,16,0.00016136606192972656,0.00010371922233307941,0.00035764862988038604,8.573445005193546e-05,0.00032598102607395846,0.006130290241089801,0.003912126808886127,0.01584552312220364,0.0024154326547353787,0.013660393468961038
18,implicit_add_armature,both,16,F_L/left_thumb_2_joint,hand48,16,0.0005723285673361249,0.00042713509618172614,0.0015845046077944888,-8.238449932757887e-05,0.0010843498568066396,0.039084869067262024,0.03131429125481256,0.09383253448807591,-0.002863179095147165,0.07931229265860312
18,implicit_add_armature,both,17,F_L/left_thumb_3_joint,hand48,16,0.002963340742401629,0.002244034522762393,0.008211157094850069,-0.0004426090314366296,0.005558845909535403,0.2140457743103465,0.1704518151457416,0.5307352175793988,-0.022921345997779993,0.42416613654798285
18,implicit_add_armature,both,18,F_L/left_thumb_4_joint,hand48,16,5.951233796420002e-06,4.532580835493218e-06,1.1986138765095189e-05,2.4564804398854306e-06,1.1400448192861248e-05,0.00038467969170937383,0.0002318167290441119,0.0011929424887604772,8.590991897908197e-05,0.0008420291749048153
18,implicit_add_armature,both,19,F_R/fr3_joint1,controlled26,16,0.00016261740540565806,0.00011878313254132244,0.0003695509455532431,2.558677300845691e-05,0.0003264163754078675,0.00672679458752604,0.005400957321521405,0.01449951262525219,0.0024706396655073287,0.013884543548627991
18,implicit_add_armature,both,20,F_R/fr3_joint2,controlled26,16,9.018303369325023e-05,5.3573282644065606e-05,0.0002208376171946025,4.959846193887743e-05,0.00019067682018703014,0.008230261113979655,0.003337461447302104,0.029809109406891042,-0.0021448918560023223,0.016914890735828587
18,implicit_add_armature,both,21,F_R/fr3_joint3,controlled26,16,0.00024947861394553793,0.00015518539041112223,0.0006047725867142084,-1.9335489297084285e-05,0.0005758088465732669,0.0062999515469539125,0.004102847235970547,0.01657580255446582,0.0018655450292677986,0.013381760135155626
18,implicit_add_armature,both,22,F_R/fr3_joint4,controlled26,16,9.578991607100218e-05,5.4694238159153086e-05,0.0002715294472992458,-4.459551314645038e-06,0.00021915801319316586,0.012866157005395812,0.006262579721129279,0.04564587381919703,0.0018890220397187038,0.022514195619298134
18,implicit_add_armature,both,23,F_R/fr3_joint5,controlled26,16,2.9329178429761034e-05,1.5033777646347724e-05,8.330462620831369e-05,-1.4193782060703541e-05,6.731301925333444e-05,0.011012311352318593,0.004544687669078391,0.041076266113317494,0.0014961123990444587,0.01786297471734738
18,implicit_add_armature,both,24,F_R/fr3_joint6,controlled26,16,1.5677995731242762e-05,8.41512263266564e-06,5.151583275875282e-05,7.539940179046578e-06,3.0350473653406596e-05,0.002598373869105006,0.0012595119271936882,0.007922750548995602,7.27985579625684e-05,0.006638439431939712
18,implicit_add_armature,both,25,F_R/fr3_joint7,controlled26,16,2.9336936153126693e-05,1.3827173469829757e-05,8.148085515313763e-05,-9.952361159287076e-06,8.002620577537284e-05,0.0012265159472813591,0.000684505841647789,0.0032294038327378843,-0.0005367332817077378,0.002762651793955292
18,implicit_add_armature,both,26,F_R/right_index_1_joint,hand48,16,0.0009925950470093434,0.0004914328677306373,0.003366556523218295,0.00021712811890629846,0.0021381451829715,0.08003062524724902,0.04467076502310792,0.22328178864680465,0.023962157599394962,0.1826704084631428
18,implicit_add_armature,both,27,F_R/right_middle_1_joint,hand48,16,0.001080270144824483,0.0006018526920306727,0.0034848788456564306,0.00012827154816552914,0.0021678363886945932,0.0862162347602579,0.047747901476913476,0.2313533777590727,0.02116267001325458,0.19741131084948405
18,implicit_add_armature,both,28,F_R/right_pinky_1_joint,hand48,16,0.0009007622797092799,0.0005426749847217494,0.002427918090093281,-9.277214595503937e-06,0.0018837055801198335,0.06171712387878451,0.03346485465532935,0.15956714734450275,0.013552152952749816,0.14359099875509823
18,implicit_add_armature,both,29,F_R/right_ring_1_joint,hand48,16,0.0009306479295280948,0.0005485612049652569,0.0027676333037863626,5.445594575482875e-05,0.0018635197163825706,0.06979752316891637,0.038615504527326705,0.18341527796753088,0.016391955190060366,0.15113952344565362
18,implicit_add_armature,both,30,F_R/right_thumb_1_joint,hand48,16,3.0021316535308336e-05,1.538856666137567e-05,9.840015107984157e-05,-6.617747035198018e-06,6.612527809786439e-05,0.0030014011661897424,0.0015766618540126354,0.00839956543349984,-0.0013540604011103518,0.006957014471400351
18,implicit_add_armature,both,31,F_R/right_index_2_joint,hand48,16,4.039297688969727e-06,2.425544181722597e-06,1.078243810337387e-05,-1.5281360077838008e-06,9.506886646904605e-06,0.000309080793915037,0.00013422999577976792,0.0011640421219432534,-7.259647720030569e-05,0.0005563532916592462
18,implicit_add_armature,both,32,F_R/right_middle_2_joint,hand48,16,2.0609441691384177e-05,9.899142027877152e-06,7.074763114618687e-05,3.822364883402686e-06,4.2325318034976134e-05,0.0016308219667698902,0.0009430273339208854,0.003970283267111786,0.0005084050841962578,0.0037859734932826758
18,implicit_add_armature,both,33,F_R/right_pinky_2_joint,hand48,16,3.17652677808578e-05,1.6286150923464603e-05,0.00010501374345639469,5.2948829316603815e-06,6.708356767719248e-05,0.0023890928236613798,0.001371735572391531,0.006406240870184207,0.000738170844033216,0.005438323398989885
18,implicit_add_armature,both,34,F_R/right_ring_2_joint,hand48,16,5.214766265494367e-05,2.8335731281162787e-05,0.0001652240886892975,5.748323623288188e-06,0.0001059326542719452,0.003801447755769505,0.002175815864597242,0.009978081220337161,0.001108637904422002,0.00841266899549446
18,implicit_add_armature,both,35,F_R/right_thumb_2_joint,hand48,16,0.0008552797089025364,0.0004924307045953641,0.0025706011173869947,0.0001732625020671513,0.0019325822580017124,0.04570433933838123,0.024811463887546098,0.15391609441964377,0.006704578416270772,0.08070089778324058
18,implicit_add_armature,both,36,F_R/right_thumb_3_joint,hand48,16,0.007977444439445132,0.004650610954407651,0.02396882445029258,0.0015955193123196928,0.01762112592094957,0.4953769764406263,0.2659085853372474,1.679836323471267,0.07096519533334456,0.8694768825261816
18,implicit_add_armature,both,37,F_R/right_thumb_4_joint,hand48,16,4.839459830889912e-06,2.6854710067402213e-06,1.2233814069548266e-05,3.762915918009008e-08,1.022846467639213e-05,0.00046193106698496175,0.00025513141321236723,0.0013506136018642438,3.8581911081490174e-05,0.0011298313344101564
18,implicit_add_armature,both,38,U_L/shoulder_pan_joint,controlled26,16,5.564357837786026e-05,4.121695212974674e-05,0.00011920498263640056,-1.0469367128701501e-05,0.00011870898144394904,0.007425038968804067,0.0067590456979823976,0.010842729298780275,-0.004927288634048082,0.010765763898574263
18,implicit_add_armature,both,39,U_L/shoulder_lift_joint,controlled26,16,0.0004994724068281892,0.00045133581297868153,0.0008665705696944137,0.00045133581297868153,0.0008654352406649579,0.0357992932532528,0.03343931445276198,0.047998872847499624,-0.03343931445276198,0.04755157123820049
18,implicit_add_armature,both,40,U_L/elbow_joint,controlled26,16,0.0002620429320798719,0.0002457485617701899,0.0003814569722719874,-0.0002457485617701899,0.000376931330348107,0.06060771790793409,0.05629823450281454,0.08174391080993337,0.05629823450281454,0.08098124640301516
18,implicit_add_armature,both,41,U_L/wrist_1_joint,controlled26,16,0.00010345827106843282,8.359101341753189e-05,0.00028924642845928883,-6.294319692866368e-06,0.00017986223058977235,0.011452980950115325,0.0076138100191241054,0.02926198403488725,0.005401506644593476,0.027798566698632725
18,implicit_add_armature,both,42,U_L/wrist_2_joint,controlled26,16,7.853934007591394e-05,4.0015349830266334e-05,0.000216310921720142,3.3118168731041675e-05,0.00019182041804927108,0.008808065179818247,0.004549383140355977,0.02679085882481899,0.002521960210586162,0.022379613362837295
18,implicit_add_armature,both,43,U_L/wrist_3_joint,controlled26,16,0.00011198492111837712,5.2475099357573995e-05,0.00034829450122186856,4.9706468713939245e-05,0.00023239304669209204,0.007545049566599022,0.0037377826878083643,0.019976084249085757,0.0027200289780585974,0.01856080421644861
18,implicit_add_armature,both,44,U_L/left_index_1_joint,hand48,16,0.005090643246716814,0.004028071684178071,0.01134161937336451,-0.0035809219816382095,0.009890746860925658,0.3702224747395217,0.33674849372501164,0.7332772093330097,-0.3309881008378856,0.6380448149576705
18,implicit_add_armature,both,45,U_L/left_little_1_joint,hand48,16,0.0037774208490127283,0.003018211322262078,0.008477655338884865,-0.002615699200779179,0.0072431768138784235,0.28609493040480954,0.2633812328842395,0.5388088227466433,-0.26204204923358543,0.462467367590498
18,implicit_add_armature,both,46,U_L/left_middle_1_joint,hand48,16,0.004499698585730145,0.0031954629235042623,0.01051446710210971,-0.0026306012600782434,0.009295155469378834,0.33039744534237064,0.2834368776427501,0.7304774349272145,-0.2763806829492581,0.6460178693704883
18,implicit_add_armature,both,47,U_L/left_ring_1_joint,hand48,16,0.0041485532445339045,0.0030086555105603647,0.00968335828312937,-0.0024953875578033686,0.008448525647009757,0.30979289429711965,0.27085645885031373,0.6660980191933972,-0.26563468676573265,0.5826780394545533
18,implicit_add_armature,both,48,U_L/left_thumb_1_joint,hand48,16,2.104918149360044e-05,1.495428543752883e-05,5.870603136381991e-05,1.2144599312834126e-06,4.5851953438549864e-05,0.011999550611776147,0.006626282606001646,0.03819962791151599,0.0024509445848990147,0.02938860226766642
18,implicit_add_armature,both,49,U_L/left_index_2_joint,hand48,16,2.7575059312937858e-05,1.806224945850258e-05,5.607613255596139e-05,-1.5175412136626994e-05,5.1711165106457443e-05,0.0014976001004544947,0.0009557820839698617,0.004087199821757974,0.00020362232880113805,0.003814939412197893
18,implicit_add_armature,both,50,U_L/left_little_2_joint,hand48,16,3.8982244287548205e-05,2.738309819718277e-05,8.864200940211786e-05,-2.738309819718277e-05,7.941479227700429e-05,0.001931112603279622,0.001844708467782851,0.002506420197137795,-0.001844708467782851,0.002488282140074192
18,implicit_add_armature,both,51,U_L/left_middle_2_joint,hand48,16,6.747573163069818e-05,4.688906885341477e-05,0.00015573678668970303,-4.688906885341477e-05,0.00013600554870682804,0.003484262282925048,0.00331237965352923,0.004561338246282916,-0.00331237965352923,0.004516736469885624
18,implicit_add_armature,both,52,U_L/left_ring_2_joint,hand48,16,0.00010177891256387401,6.936710832980073e-05,0.0002349682217768767,-6.919016752152118e-05,0.0002024768922632425,0.0056291255207572746,0.0053375347091943,0.008337285302487172,-0.0053375347091943,0.007047778087016499
18,implicit_add_armature,both,53,U_L/left_thumb_2_joint,hand48,16,0.0006724697495209524,0.0005911548864081318,0.0011017941811132664,-0.000526749668264566,0.0010910702635310507,0.019286730908966668,0.013624519732435114,0.04558097906875947,0.005178392577987044,0.043535324355233974
18,implicit_add_armature,both,54,U_L/left_thumb_3_joint,hand48,16,0.001689321836738311,0.0013985680734035586,0.003534546627891974,-0.00043192122039783024,0.0030341673476860787,0.09815139148978115,0.06929031502360111,0.24203424064525977,0.04981978054545079,0.2136703374453994
18,implicit_add_armature,both,55,U_L/left_thumb_4_joint,hand48,16,5.355232099970434e-05,4.093768401231771e-05,0.00012158432836915922,-3.571564718424323e-05,0.00010488535469448113,0.003753612803347406,0.0034076232300298864,0.007322958740794956,-0.0033391469041270166,0.006529021650386326
18,implicit_add_armature,both,56,U_R/shoulder_pan_joint,controlled26,16,0.0001655964677803632,0.0001311900883801398,0.0004009054442715154,8.162926253196812e-05,0.0003156255559301213,0.014601692980810349,0.012326628965756689,0.026141798730369745,-0.000934926066917979,0.024101866357409556
18,implicit_add_armature,both,57,U_R/shoulder_lift_joint,controlled26,16,0.00035250525137646714,0.00029929215481711013,0.0005827239499147652,0.00029929215481711013,0.0005816561397331554,0.015244968261108417,0.012340020458298162,0.03976806055696036,0.010709105028167937,0.027188407554066055
18,implicit_add_armature,both,58,U_R/elbow_joint,controlled26,16,0.00017535100797117336,0.00015821905794155544,0.00025475258443208304,0.00013633190297238085,0.0002525399614420887,0.04647420266560644,0.042788480664270837,0.0989078304457415,-0.039398486017159215,0.0735925244688134
18,implicit_add_armature,both,59,U_R/wrist_1_joint,controlled26,16,5.8156633822224885e-05,4.715751374281818e-05,0.00014166678564508928,-2.248611621208374e-06,0.00012686612400314434,0.010230506145463803,0.006305128883361558,0.0365253398164071,0.006305128883361558,0.017773994003579943
18,implicit_add_armature,both,60,U_R/wrist_2_joint,controlled26,16,0.00011496377689530112,5.993563211353914e-05,0.00036119801723522027,-4.347966377550583e-05,0.0002372306835695115,0.009446691895938305,0.005756122507285067,0.026370627643883954,-0.0006040270195189074,0.02497558333888187
18,implicit_add_armature,both,61,U_R/wrist_3_joint,controlled26,16,0.00010509335210065337,5.288251618051909e-05,0.0003208562772378798,4.3525392370735716e-05,0.00022284455157040028,0.008458971549707026,0.004137113170600599,0.021714473979414645,0.0036110685184162794,0.02066803542450408
18,implicit_add_armature,both,62,U_R/right_index_1_joint,hand48,16,0.007423277627051125,0.007066700046511059,0.009897549128817691,0.007066700046511059,0.009526745967149683,0.2629969423022376,0.24611242663490446,0.3268822772960436,0.2427859766645335,0.31930122623281876
18,implicit_add_armature,both,63,U_R/right_little_1_joint,hand48,16,0.005566233911862203,0.005239450050538415,0.008633845050037739,0.005239450050538415,0.007518220781946593,0.1911259958378909,0.1772474615685434,0.23803353780678094,0.1772474615685434,0.23093194996291994
18,implicit_add_armature,both,64,U_R/right_middle_1_joint,hand48,16,0.008109010526968986,0.007638252176165832,0.01371958160944238,0.007638252176165832,0.010882910797793539,0.3220388132712111,0.30559495489009697,0.5451479526380322,0.30559495489009697,0.4058206882870148
18,implicit_add_armature,both,65,U_R/right_ring_1_joint,hand48,16,0.007226701713257528,0.006804019349237347,0.011888213920261952,0.006804019349237347,0.009714720788827737,0.28026985134282234,0.26564235965939936,0.4392825249626921,0.26564235965939936,0.3478210734420576
18,implicit_add_armature,both,66,U_R/right_thumb_1_joint,hand48,16,4.3363405479145165e-05,3.7755907266956434e-05,9.042301708983569e-05,-3.7755907266956434e-05,6.428890808400645e-05,0.0320361661131908,0.030659847158587026,0.06514956448067274,-0.030659847158587026,0.04341492770997444
18,implicit_add_armature,both,67,U_R/right_index_2_joint,hand48,16,0.0003583843965967304,0.00021753197305214925,0.0007204513294337411,0.00021753197305214925,0.0006853397373021222,0.010913577172373302,0.0072828669175103635,0.024635221580557726,-0.0072828669175103635,0.021093299558328935
18,implicit_add_armature,both,68,U_R/right_little_2_joint,hand48,16,0.00031108191710002407,0.00021474063357579572,0.000589030030660298,0.00021474063357579572,0.0005839471799935526,0.0077321727553479784,0.004583936941725299,0.018218618463447196,-0.003992103235889435,0.01594203521089563
18,implicit_add_armature,both,69,U_R/right_middle_2_joint,hand48,16,0.0003628161476832471,0.00026216659688860396,0.0006757101913709568,0.00026216659688860396,0.000669771914390542,0.008973322903150949,0.005474987330141935,0.02166646284134168,-0.004364451245316169,0.01835655314362237
18,implicit_add_armature,both,70,U_R/right_ring_2_joint,hand48,16,0.00040459912918712357,0.0003122079893955153,0.000741336091157549,0.0003122079893955153,0.0007345216058212839,0.0085859837613671,0.0061719747949241085,0.02045839967563959,-0.0024891656820731976,0.017812168819028903
18,implicit_add_armature,both,71,U_R/right_thumb_2_joint,hand48,16,0.00024307715666956539,0.00020685939325357054,0.0005748370824214533,-2.9003022210777156e-05,0.00040024116130274456,0.02913037298599446,0.024213176801868852,0.05092187748069377,0.012762376916163483,0.048532967415996026
18,implicit_add_armature,both,72,U_R/right_thumb_3_joint,hand48,16,0.001138634821872,0.0009248501419577022,0.0023139150258200125,-0.0009248501419577022,0.0021473214282049374,0.08191983261879868,0.06448421839353453,0.1634548722231535,-0.01809227697717638,0.15122503236651458
18,implicit_add_armature,both,73,U_R/right_thumb_4_joint,hand48,16,0.00012730877627001823,0.00012017930543020347,0.00021153720264525944,0.00012017930543020347,0.0001735212993524901,0.004216779240155763,0.0038803872213590477,0.007282335475869924,0.0037259664346932847,0.0054350391560166285
18,implicit_add_armature,0,0,F_L/fr3_joint1,controlled26,8,2.286877109991361e-05,2.0803303071387225e-05,3.6994523943123525e-05,1.7284804950917776e-05,3.482785337658445e-05,0.004362496089904244,0.0029250044021839603,0.010122046683238073,0.0003944927313744421,0.008311371950709315
18,implicit_add_armature,0,1,F_L/fr3_joint2,controlled26,8,7.92376849237117e-05,6.555110997150115e-05,0.00014281551009176496,1.9420393018915183e-05,0.0001406796775206831,0.007601043212004884,0.005690303970108201,0.014388614409631663,-0.0009373550210395021,0.013595306910496282
18,implicit_add_armature,0,2,F_L/fr3_joint3,controlled26,8,7.629922900287319e-05,4.80414845450694e-05,0.00013806964489337936,-4.80414845450694e-05,0.00013712216367061102,0.004093801700703798,0.0031989310229644675,0.008095709365478175,0.0005545965819426172,0.007683651456513371
18,implicit_add_armature,0,3,F_L/fr3_joint4,controlled26,8,1.3797649159830318e-05,1.0000694865647253e-05,2.9372824918327822e-05,-3.993829865184262e-06,2.693106427406055e-05,0.011553061749200897,0.0071974070999399,0.023918178121644762,0.0006545462343101804,0.021321371602912927
18,implicit_add_armature,0,4,F_L/fr3_joint5,controlled26,8,2.3222004308404977e-05,1.1449665868468184e-05,6.390650946719312e-05,-8.136727158575274e-06,4.6177345347525576e-05,0.006779174582877711,0.003860184278088919,0.016919682254389657,0.0035525076183509302,0.013228544239063302
18,implicit_add_armature,0,5,F_L/fr3_joint6,controlled26,8,1.4722604226858715e-05,7.771435789422076e-06,3.61941654756226e-05,-7.468209498623368e-06,3.053638626803189e-05,0.002318461500792716,0.0014941334475396038,0.0043702404907019765,-0.0006454361727143147,0.004306469615566078
18,implicit_add_armature,0,6,F_L/fr3_joint7,controlled26,8,7.613964537417913e-05,4.802934901432243e-05,0.00015752511066824404,4.261057339788321e-05,0.00014346777330125348,0.0030765677999863906,0.0019783661717724904,0.006583509349943631,0.0010155864093447623,0.006166586418547242
18,implicit_add_armature,0,7,F_L/left_index_1_joint,hand48,8,0.0030214047003338,0.001858795784848431,0.007147205326392514,0.0016387370787120503,0.00595574237695538,0.24932090323033743,0.16241980494480984,0.46616962148462615,0.13956857785999735,0.44576174133967295
18,implicit_add_armature,0,8,F_L/left_middle_1_joint,hand48,8,0.0030151008333785707,0.0018804834513151784,0.007067952714048822,0.0016647233571716602,0.005916292454705375,0.25739438534578124,0.16849945035638653,0.4904171199610269,0.14584619244161595,0.46355181295622616
18,implicit_add_armature,0,9,F_L/left_pinky_1_joint,hand48,8,0.0014749106008912244,0.0008706017594404744,0.0034608021836676495,0.0008170781821138229,0.0028394994299612442,0.061603293973522,0.03941388043192358,0.11443942887644933,0.034228806677984856,0.11345634908623255
18,implicit_add_armature,0,10,F_L/left_ring_1_joint,hand48,8,0.0028030408884608727,0.0017383316207021174,0.006531909215453116,0.0015440296961701794,0.005460033564322388,0.22887820822068228,0.1490786831995816,0.42558891171632085,0.1289533659700373,0.4056788881751731
18,implicit_add_armature,0,11,F_L/left_thumb_1_joint,hand48,8,6.057285841412021e-05,3.5641063863605695e-05,0.00015116678527857252,-3.2085838354573536e-05,0.000121180075781601,0.016294441386957022,0.00893547055549293,0.04147157529240829,-0.008465979984059646,0.03260490152244151
18,implicit_add_armature,0,12,F_L/left_index_2_joint,hand48,8,6.213480909323626e-06,3.892636678883357e-06,1.32714360675662e-05,-3.606052344997876e-06,1.1804250345269494e-05,0.0015339713574986503,0.0008433967654296497,0.004027554060764702,-0.0007870108096084324,0.003088072210899777
18,implicit_add_armature,0,13,F_L/left_middle_2_joint,hand48,8,4.908805269349286e-05,3.0645553340240966e-05,0.00011242130398360362,2.6007436342748158e-05,9.566895430602806e-05,0.0027685551818529045,0.0018990813092310082,0.005727254674360239,0.001241792355397203,0.005388798205545952
18,implicit_add_armature,0,14,F_L/left_pinky_2_joint,hand48,8,8.200822848481327e-05,5.171393824710685e-05,0.0001849918857541044,4.4382673007312134e-05,0.00015879671098811897,0.0053268105438625925,0.003642188044015284,0.010212894885837744,0.002782638955704576,0.009420672705488315
18,implicit_add_armature,0,15,F_L/left_ring_2_joint,hand48,8,0.0001401683281629909,8.727472357413293e-05,0.0003154251581384826,7.574561638529556e-05,0.00026936615048513265,0.008014465364415727,0.005521485350102356,0.01584552312220364,0.0040148417631448875,0.014825795950690425
18,implicit_add_armature,0,16,F_L/left_thumb_2_joint,hand48,8,0.00038363208356648377,0.0003049351359166513,0.0008555475852692826,-6.949540037564598e-05,0.0007249979944768147,0.042525556893283425,0.033037515272164183,0.09383253448807591,-0.005914193966422648,0.08049016315589233
18,implicit_add_armature,0,17,F_L/left_thumb_3_joint,hand48,8,0.0019920245133120545,0.001606338914421977,0.004444308770299554,-0.00036000147167868524,0.0037234925743509393,0.24084704106304608,0.1887188015219317,0.5307352175793988,-0.043315509399722826,0.4583271476894041
18,implicit_add_armature,0,18,F_L/left_thumb_4_joint,hand48,8,5.8119216793926216e-06,4.436197170871667e-06,1.1205218002116601e-05,2.4046486120348626e-06,1.022030973611039e-05,0.0005407223824323086,0.00041864621337189627,0.0011929424887604772,0.0001647825961047959,0.0010291829422945013
18,implicit_add_armature,0,19,F_R/fr3_joint1,controlled26,8,0.00013969994041490236,0.00010042031048695943,0.00029669486469208195,1.43677321738922e-05,0.0002656540398684903,0.007591838705989955,0.005785219572413989,0.01449951262525219,0.0015716950693474498,0.014212527056160896
18,implicit_add_armature,0,20,F_R/fr3_joint2,controlled26,8,7.758563038875878e-05,4.536136471759017e-05,0.00018062322118450602,4.260579651364088e-05,0.00015451972193603888,0.010739632991121217,0.004845454184424948,0.029809109406891042,-0.0027947184461242615,0.02095253875572839
18,implicit_add_armature,0,21,F_R/fr3_joint3,controlled26,8,0.00023103487815832828,0.00013887749753133116,0.0005661542665262864,-2.4596286924138955e-05,0.00044991259053264157,0.007546035048452213,0.00506232319629007,0.01657580255446582,0.0023434074605668156,0.015085249425454394
18,implicit_add_armature,0,22,F_R/fr3_joint4,controlled26,8,0.00010536379433139312,5.775948778041773e-05,0.0002715294472992458,-1.0122874044393715e-05,0.00021028656221260258,0.017187323919355298,0.009037997375390976,0.04564587381919703,0.0031532610966391373,0.03386612720177963
18,implicit_add_armature,0,23,F_R/fr3_joint5,controlled26,8,3.0639516626021323e-05,1.3984446099013503e-05,8.330462620831369e-05,-1.2743412451554637e-05,6.241038983328948e-05,0.01532884723577478,0.007613663013171641,0.041076266113317494,0.002708316046652711,0.03024339679519809
18,implicit_add_armature,0,24,F_R/fr3_joint6,controlled26,8,9.107917847905835e-06,5.113684667712448e-06,2.329535395162452e-05,5.113684667712448e-06,1.876000339664507e-05,0.0035827338271424746,0.001990130502511024,0.007922750548995602,9.442865262123475e-06,0.007323405361036185
18,implicit_add_armature,0,25,F_R/fr3_joint7,controlled26,8,2.9466196261108997e-05,1.333991547262936e-05,8.148085515313763e-05,-9.403762693462048e-06,5.847316974037366e-05,0.0013513287707529577,0.0007676546304116562,0.0032294038327378843,-0.0005689491435659636,0.0027573110353869153
18,implicit_add_armature,0,26,F_R/right_index_1_joint,hand48,8,0.0006553907851852258,0.0003708320875567689,0.0017286747362225685,0.0001066276795851015,0.0013137708324348707,0.09024155289101245,0.04993354706683774,0.22328178864680465,0.018252192923964256,0.1869928188459019
18,implicit_add_armature,0,27,F_R/right_middle_1_joint,hand48,8,0.0007183816280019174,0.0004577385024408555,0.0017288222363739808,2.6734960742680336e-05,0.0013902725917879079,0.09687994895936801,0.05252086025739373,0.2313533777590727,0.012523955769354132,0.20132039851036643
18,implicit_add_armature,0,28,F_R/right_pinky_1_joint,hand48,8,0.000698680154930603,0.0004562935313629224,0.0013232415110879386,-8.067746013139601e-05,0.0012669357835926875,0.07475203645578513,0.04041263499462878,0.15956714734450275,0.0056064465383573875,0.15211161133611395
18,implicit_add_armature,0,29,F_R/right_ring_1_joint,hand48,8,0.000665200975602474,0.00043841154093749325,0.001428607223149074,-2.7268622095693966e-05,0.0012493416917454979,0.08179609630948043,0.04445915455344975,0.18341527796753088,0.008257586833997174,0.1683532591906548
18,implicit_add_armature,0,30,F_R/right_thumb_1_joint,hand48,8,2.172512355012685e-05,1.2396244545815477e-05,5.5366987103872e-05,-3.1079858459175103e-06,4.461251579813417e-05,0.003796872577810269,0.002170241734574122,0.00839956543349984,-0.001725038828769555,0.007726374984520078
18,implicit_add_armature,0,31,F_R/right_index_2_joint,hand48,8,4.4302511015611036e-06,2.6322225223866097e-06,1.078243810337387e-05,-1.276301179716291e-06,8.90687464693146e-06,0.00043305533378230313,0.00022853297557476777,0.0011640421219432534,-0.00010986666325185899,0.0008804540011440496
18,implicit_add_armature,0,32,F_R/right_middle_2_joint,hand48,8,1.2847517142188558e-05,7.042081669678471e-06,3.2851213664572554e-05,1.6014594881649108e-06,2.648834038993449e-05,0.00171882650339859,0.0010055591549967449,0.003970283267111786,0.0004012673145445304,0.003415263355605165
18,implicit_add_armature,0,33,F_R/right_pinky_2_joint,hand48,8,2.1391554453210584e-05,1.2594632624169516e-05,5.444017575079174e-05,2.0826777219346004e-06,4.254939369271111e-05,0.0026528050578391647,0.0015417512206402216,0.006406240870184207,0.0005956408757983951,0.005393529541354971
18,implicit_add_armature,0,34,F_R/right_ring_2_joint,hand48,8,3.639725040876326e-05,2.2543533612484797e-05,8.616884279949444e-05,7.103990927364093e-07,7.025875897230802e-05,0.004285451767705203,0.002485151880488732,0.009978081220337161,0.0008145962273247037,0.008725126087958739
18,implicit_add_armature,0,35,F_R/right_thumb_2_joint,hand48,8,0.0006691107724569243,0.00039112403792319374,0.001719909304873285,0.00015001104461480168,0.001319791397144967,0.060173227588305234,0.035094890110742336,0.15391609441964377,0.01137840396454358,0.11890731079761019
18,implicit_add_armature,0,36,F_R/right_thumb_3_joint,hand48,8,0.006109898654184799,0.0036388586595347636,0.015505226411168568,0.0013785957870817763,0.012036709799772335,0.6556922136019647,0.38044405797347014,1.679836323471267,0.12458029969811193,1.30166858436356
18,implicit_add_armature,0,37,F_R/right_thumb_4_joint,hand48,8,4.654746518625977e-06,2.752445660668054e-06,9.560014878673417e-06,-5.137287750912184e-07,9.266100300792807e-06,0.0006281811452691516,0.00039204461932840624,0.0013506136018642438,-4.1054384933348004e-05,0.0012475818770523363
18,implicit_add_armature,0,38,U_L/shoulder_pan_joint,controlled26,8,5.3402023152473626e-05,3.942246750138212e-05,0.00011920498263640056,-7.836140240080613e-06,0.00010192354562896797,0.005831082735791129,0.005251752169340065,0.0080924424415654,-0.003228641558948715,0.00763144637752902
18,implicit_add_armature,0,39,U_L/shoulder_lift_joint,controlled26,8,0.0003569799163272518,0.00032862764114510723,0.0004999956946658557,0.00032862764114510723,0.000499377653734534,0.025774011655256657,0.024107804701239653,0.0313806443609361,-0.024107804701239653,0.03124368911011094
18,implicit_add_armature,0,40,U_L/elbow_joint,controlled26,8,0.00021154350019326532,0.0001925256386318408,0.00028361197155946094,-0.0001925256386318408,0.00027966679288864426,0.04674027420437342,0.04194653715670813,0.0587507592439218,0.04194653715670813,0.05857804323274108
18,implicit_add_armature,0,41,U_L/wrist_1_joint,controlled26,8,6.938456817942765e-05,6.077383666244773e-05,0.00014340083129993353,-9.049518681997215e-06,0.00011347265801884827,0.015353923997463756,0.010641217860432626,0.02926198403488725,0.006678655684641435,0.028579055944635137
18,implicit_add_armature,0,42,U_L/wrist_2_joint,controlled26,8,4.744856160540532e-05,2.657762858152002e-05,0.00011009771686865122,1.960413247717452e-05,9.754874553277169e-05,0.012344030361981085,0.007580330710785207,0.02679085882481899,0.0062557967774255225,0.02473227760922753
18,implicit_add_armature,0,43,U_L/wrist_3_joint,controlled26,8,7.22661157311984e-05,3.602453934714589e-05,0.00018151207131067437,3.274723186730277e-05,0.0001507341010934304,0.010554426234617343,0.006514502727520523,0.019976084249085757,0.006209282559043966,0.019315620233855087
18,implicit_add_armature,0,44,U_L/left_index_1_joint,hand48,8,0.004085597652688418,0.003117823395441514,0.00814526887248554,-0.0027233817058132026,0.007764306284864408,0.42072550101716305,0.3699370528775325,0.7332772093330097,-0.35841626710328034,0.6888354252911846
18,implicit_add_armature,0,45,U_L/left_little_1_joint,hand48,8,0.0030402078186316252,0.0023563226591005702,0.006120461440864242,-0.0019714047407931035,0.0057598719759214745,0.31630982653244283,0.2794282446642084,0.5388088227466433,-0.27674987736290024,0.5031828103404421
18,implicit_add_armature,0,46,U_L/left_middle_1_joint,hand48,8,0.003660837919599706,0.002535198697389756,0.007427496111825832,-0.002055984955252093,0.007155784621140272,0.38829386192283855,0.32103853625603246,0.7304774349272145,-0.3069261468690485,0.6910629710007422
18,implicit_add_armature,0,47,U_L/left_ring_1_joint,hand48,8,0.0033734625553988756,0.0023663866052330874,0.006870709165953573,-0.0019338283184145953,0.006569572449696899,0.3589143909355401,0.3014808536566451,0.6660980191933972,-0.29103730948748296,0.62716869531527
18,implicit_add_armature,0,48,U_L/left_thumb_1_joint,hand48,8,1.136952585699714e-05,1.0151152473762692e-05,1.922154811678789e-05,-2.8819847762914796e-06,1.7701722412585826e-05,0.016753550517115655,0.01083022528936569,0.03819962791151599,0.006699158651691257,0.03408781594438618
18,implicit_add_armature,0,49,U_L/left_index_2_joint,hand48,8,2.961954389077944e-05,2.001814729673569e-05,5.607613255596139e-05,-1.5832534169483298e-05,5.21159109943655e-05,0.0019706505276692898,0.0011550465342909416,0.004087199821757974,0.000797799906734685,0.003960144963963269
18,implicit_add_armature,0,50,U_L/left_little_2_joint,hand48,8,3.5544801172716444e-05,2.3296175344715217e-05,7.633905323529977e-05,-2.3296175344715217e-05,7.129275549578873e-05,0.0017775581056473566,0.0016693364168885458,0.002220809271146886,-0.0016693364168885458,0.00220934991426761
18,implicit_add_armature,0,51,U_L/left_middle_2_joint,hand48,8,6.0351841952006444e-05,3.9259356860351854e-05,0.00012942846937920305,-3.9259356860351854e-05,0.0001211608375706448,0.0031263867626749034,0.002903340277574001,0.0038883633330635287,-0.002903340277574001,0.0038683778178434805
18,implicit_add_armature,0,52,U_L/left_ring_2_joint,hand48,8,8.982912641866243e-05,5.758366621671368e-05,0.0001916464490920311,-5.758366621671368e-05,0.00018031227084187306,0.005659067955577041,0.005209151176118136,0.008337285302487172,-0.005209151176118136,0.007590142835225944
18,implicit_add_armature,0,53,U_L/left_thumb_2_joint,hand48,8,0.0004623121999074161,0.00043179269903567685,0.0006042201343194609,-0.000350536294669232,0.0005953830805018448,0.02369801388852177,0.01678587478173553,0.04558097906875947,0.005507981617923846,0.04462634020244757
18,implicit_add_armature,0,54,U_L/left_thumb_3_joint,hand48,8,0.001361051524781547,0.001099026187003518,0.002584580777515458,-0.00031097341990817505,0.002472800921874033,0.11880453871514575,0.08451088732814097,0.24203424064525977,0.05246425902754131,0.2287977524853249
18,implicit_add_armature,0,55,U_L/left_thumb_4_joint,hand48,8,4.4136427650907944e-05,3.2351086597545015e-05,9.008423134121424e-05,-2.7741830480817325e-05,8.531582921357319e-05,0.004241444426238541,0.003721466731644669,0.007322958740794956,-0.00358451407983893,0.006952454765270928
18,implicit_add_armature,0,56,U_R/shoulder_pan_joint,controlled26,8,0.00014603052614105264,0.00012458557338423937,0.00028719892648298995,5.4034807297265175e-05,0.0002453312025115561,0.014662031864732498,0.011448304961900982,0.026141798730369745,0.0009426169456304943,0.025189830289654987
18,implicit_add_armature,0,57,U_R/shoulder_lift_joint,controlled26,8,0.00019950728851817162,0.0001819226867632029,0.0002902006976954752,0.0001819226867632029,0.00028146816472065513,0.01805401558781313,0.014489271953042452,0.03976806055696036,0.011227441092782002,0.03389755582227634
18,implicit_add_armature,0,58,U_R/elbow_joint,controlled26,8,0.00014960675864443576,0.00013737998945576035,0.00020487009801550826,0.00012188869811416425,0.0001938272935531393,0.04839147370274499,0.04279440042052122,0.0989078304457415,-0.036014411126297975,0.08340887343606887
18,implicit_add_armature,0,59,U_R/wrist_1_joint,controlled26,8,3.2455596565888947e-05,2.987582786656562e-05,6.071477554980831e-05,-5.957862565242333e-06,5.169958408679508e-05,0.01388259797824692,0.008651165932121792,0.0365253398164071,0.008651165932121792,0.02777471177042108
18,implicit_add_armature,0,60,U_R/wrist_2_joint,controlled26,8,7.17621002473528e-05,3.8780175991778854e-05,0.00018183640324409556,-2.8773851723937205e-05,0.0001491265597752311,0.012919735361611905,0.008271836968609381,0.026370627643883954,-0.004448462084998567,0.02571960696821631
18,implicit_add_armature,0,61,U_R/wrist_3_joint,controlled26,8,6.831416469375405e-05,3.6923263348920266e-05,0.00016950401787330094,2.813499035714262e-05,0.00014193276055047828,0.011882101473750505,0.007343051995108861,0.021714473979414645,0.007343051995108861,0.021226135987123047
18,implicit_add_armature,0,62,U_R/right_index_1_joint,hand48,8,0.0054542136954381475,0.005212594713257777,0.009403144913260346,0.005212594713257777,0.0078115597790421884,0.2879643037997772,0.27892863340808416,0.3268822772960436,0.27892863340808416,0.3233444534665387
18,implicit_add_armature,0,63,U_R/right_little_1_joint,hand48,8,0.0038749484008590704,0.003715808337884815,0.006341111015404452,0.003715808337884815,0.005430163197242149,0.21024495462621856,0.20085831457619008,0.23803353780678094,0.20085831457619008,0.2347194634796458
18,implicit_add_armature,0,64,U_R/right_middle_1_joint,hand48,8,0.005691530536117977,0.0054550133495840335,0.009642034134009436,0.0054550133495840335,0.008085089153971228,0.36465092585209535,0.3538224775757668,0.5451479526380322,0.3538224775757668,0.4801285626075573
18,implicit_add_armature,0,65,U_R/right_ring_1_joint,hand48,8,0.0050458283269440634,0.004837513485983517,0.008433140474027503,0.004837513485983517,0.007123251295574489,0.31329262573247546,0.30385019104214284,0.4392825249626921,0.30385019104214284,0.3966005142530626
18,implicit_add_armature,0,66,U_R/right_thumb_1_joint,hand48,8,1.8703544703682814e-05,1.8545198976573085e-05,2.1284853190639552e-05,-1.8545198976573085e-05,2.10217376816757e-05,0.03549398108442902,0.03319311940987702,0.06514956448067274,-0.03319311940987702,0.05500673398768019
18,implicit_add_armature,0,67,U_R/right_index_2_joint,hand48,8,0.0003871963813619746,0.00023549462035954254,0.0007204513294337411,0.00023549462035954254,0.000702658415224977,0.011478674146373047,0.007800955325465308,0.024635221580557726,-0.007800955325465308,0.022570121125364762
18,implicit_add_armature,0,68,U_R/right_little_2_joint,hand48,8,0.0003265607795003174,0.000216981445364672,0.000589030030660298,0.000216981445364672,0.0005866580336824836,0.00769155830613313,0.004486142686325561,0.018218618463447196,-0.003916699470812958,0.015692715640155334
18,implicit_add_armature,0,69,U_R/right_middle_2_joint,hand48,8,0.0003738130181478099,0.00025596854160713986,0.0006757101913709568,0.00025596854160713986,0.000670404573159896,0.009211520959150232,0.0053731599265193905,0.02166646284134168,-0.004648025276691718,0.01883325628768721
18,implicit_add_armature,0,70,U_R/right_ring_2_joint,hand48,8,0.0004050652863454882,0.0002933458612386173,0.000741336091157549,0.0002933458612386173,0.0007256763938852939,0.008470413571607611,0.005998112412976963,0.02045839967563959,-0.002328198404955579,0.016897077234079974
18,implicit_add_armature,0,71,U_R/right_thumb_2_joint,hand48,8,0.00016833212359282213,0.00015264916453219292,0.0002607599624302806,-7.440578181396561e-05,0.0002466292101234932,0.029545316258163652,0.024694070400599545,0.04773666406109678,0.010092180593143768,0.04644814631802402
18,implicit_add_armature,0,72,U_R/right_thumb_3_joint,hand48,8,0.0010678595999065524,0.000870605981479573,0.0020917902289999124,-0.000870605981479573,0.0018468296939863735,0.0770157743959748,0.060560299785073504,0.1634548722231535,-0.03661756442571429,0.14118410818312124
18,implicit_add_armature,0,73,U_R/right_thumb_4_joint,hand48,8,9.189136092314583e-05,8.760126727857219e-05,0.00016084933158823367,8.760126727857219e-05,0.00013234075625668593,0.004820582909855469,0.004546771472406353,0.007282335475869924,0.004546771472406353,0.006420263859938385
18,implicit_add_armature,1,0,F_L/fr3_joint1,controlled26,8,4.448367900056632e-05,4.028798269709033e-05,6.376422209020127e-05,3.0393979347759226e-05,6.181066990552652e-05,0.0009053249583288577,0.0008399192102964124,0.0014775595110598436,0.0005503316271819902,0.00138589760345935
18,implicit_add_armature,1,1,F_L/fr3_joint2,controlled26,8,0.00017075555351620995,0.0001422702885029159,0.00033622628619589534,1.583504350474718e-05,0.0003011001424397252,0.005721238273816947,0.004619707220909369,0.011621478126178794,-0.0003393147900494402,0.01042907425319597
18,implicit_add_armature,1,2,F_L/fr3_joint3,controlled26,8,8.547793009893995e-05,5.491855282674374e-05,0.00015698261421781545,-5.491855282674374e-05,0.00015576545389973663,0.0027768307510741045,0.0024388465914051503,0.0054490898597718,-0.00019516166164144054,0.004775885859600732
18,implicit_add_armature,1,3,F_L/fr3_joint4,controlled26,8,4.142290265554224e-05,3.090882233486303e-05,8.239786179453645e-05,-1.2090998185998458e-07,7.72094478976748e-05,0.003476310379890669,0.002417457169086432,0.00677248038281672,0.000591690967105962,0.006244551505514367
18,implicit_add_armature,1,4,F_L/fr3_joint5,controlled26,8,3.316921582376099e-05,2.1201007874629973e-05,7.935602596975677e-05,-5.9207430402746786e-06,6.734307082583711e-05,0.0009501242781121044,0.0007298527908743868,0.0018941889738662843,0.00014351350572887987,0.0017909695074044584
18,implicit_add_armature,1,5,F_L/fr3_joint6,controlled26,8,2.6012337267206358e-05,1.4300459961313905e-05,6.349505720248949e-05,-1.3321912062103092e-05,5.359128176346538e-05,0.00042018378456770174,0.0003563035713456186,0.0007737899507487215,-0.00010699403391913647,0.0007123605942653607
18,implicit_add_armature,1,6,F_L/fr3_joint7,controlled26,8,9.114159336952318e-05,6.039485134101685e-05,0.00016674609475542113,5.0191479958716645e-05,0.0001608655338033449,0.0013306358551117765,0.0010036153236709063,0.002848759326684422,0.0001787844249000877,0.0025099874460047175
18,implicit_add_armature,1,7,F_L/left_index_1_joint,hand48,8,0.004105095094310439,0.0026417695374470872,0.008772488125961195,0.00223734136952731,0.007804840452049215,0.08379750051712231,0.058293367398630516,0.1799706989204617,0.032478943313041714,0.16584515437611896
18,implicit_add_armature,1,8,F_L/left_middle_1_joint,hand48,8,0.00419524489361751,0.0027230036562906814,0.008941924275414681,0.0023213703987815474,0.007955540897601733,0.09035926896065637,0.06362235015772484,0.189848513001859,0.038526735733792915,0.17553302319771338
18,implicit_add_armature,1,9,F_L/left_pinky_1_joint,hand48,8,0.0015697080464907771,0.0009785078908462943,0.0033873253213998616,0.0008807973932149372,0.0029151736490478893,0.0148759593703425,0.009911116301970509,0.03568485419333152,-0.0027862590233236136,0.02950700589750317
18,implicit_add_armature,1,10,F_L/left_ring_1_joint,hand48,8,0.00379565948438272,0.0024484578486129015,0.008022780494788356,0.0020912590728150663,0.007135455409323921,0.07404205603018907,0.05169827671511393,0.15757322614001135,0.028979603027366317,0.14602997863664455
18,implicit_add_armature,1,11,F_L/left_thumb_1_joint,hand48,8,8.87435514552553e-05,5.68043465096835e-05,0.00019041179897386074,-4.877496373809683e-05,0.00016902145363610757,0.0035826320947209963,0.0023476245390171924,0.00757241664927738,-0.0015663727449197343,0.007138306773954384
18,implicit_add_armature,1,12,F_L/left_index_2_joint,hand48,8,1.3252737553824932e-06,7.629364007361028e-07,2.922632286697646e-06,-5.495195002820641e-07,2.7028551565895506e-06,0.00025267336404222375,0.00012674436167608836,0.000688413641382129,0.00012066244577004897,0.000505475237449948
18,implicit_add_armature,1,13,F_L/left_middle_2_joint,hand48,8,7.249691485011544e-05,4.806287110948118e-05,0.00014747978590351485,3.82727608875498e-05,0.000135187715699972,0.0016312152748657498,0.0011726511910802192,0.003568764806533956,0.0005911202394997086,0.0032104382699875587
18,implicit_add_armature,1,14,F_L/left_pinky_2_joint,hand48,8,0.0001077522048459666,7.143641547891454e-05,0.00021518140855934786,5.7402880831320877e-05,0.0001992024072281502,0.002141316227407542,0.001477613428674641,0.004729990671756676,0.0006203108284689702,0.0042670571735855724
18,implicit_add_armature,1,15,F_L/left_ring_2_joint,hand48,8,0.00018008567867936859,0.00012016372109202589,0.00035764862988038604,9.572328371857536e-05,0.0003303874721916608,0.0033059434058347694,0.0023027682676698964,0.007355399096557635,0.0008160235463258691,0.006572928268561361
18,implicit_add_armature,1,16,F_L/left_thumb_2_joint,hand48,8,0.0007127035866589146,0.000549335056446801,0.0015845046077944888,-9.527359827951176e-05,0.0013510990573334923,0.0353104940623343,0.029591067237460935,0.07447221204877885,0.00018783577612832385,0.06350618766049929
18,implicit_add_armature,1,17,F_L/left_thumb_3_joint,hand48,8,0.0036870876107734066,0.0028817301311028086,0.008211157094850069,-0.000525216591194574,0.006973411875036557,0.1833681810222454,0.1521848287695515,0.3886431095375109,-0.0025271825958371533,0.3331897487727973
18,implicit_add_armature,1,18,F_L/left_thumb_4_joint,hand48,8,6.087358523358824e-06,4.628964500114768e-06,1.1986138765095189e-05,2.5083122677359987e-06,1.0810415398081889e-05,5.980163512786284e-05,4.498724471632753e-05,0.00010961595852363056,7.037241853368032e-06,0.00010571906875466294
18,implicit_add_armature,1,19,F_R/fr3_joint1,controlled26,8,0.00018268214945584867,0.00013714595459568546,0.0003695509455532431,3.680581384302162e-05,0.00034942147948540113,0.005732670922682727,0.005016695070628822,0.010905296145953564,0.0033695842616672084,0.009394397627416073
18,implicit_add_armature,1,20,F_R/fr3_joint2,controlled26,8,0.00010122464664998698,6.178520057054104e-05,0.0002208376171946025,5.659112736411398e-05,0.0001961520544841416,0.004487168285744587,0.0018294687101792603,0.012616817845474438,-0.0014950652658803835,0.008669096421576806
18,implicit_add_armature,1,21,F_R/fr3_joint3,controlled26,8,0.0002666496628663534,0.0001714932832909133,0.0006047725867142084,-1.4074691670029615e-05,0.0005047102442708338,0.004736679642477926,0.0031433712756510235,0.010501281352262429,0.0013876825979687814,0.009493859828746454
18,implicit_add_armature,1,22,F_R/fr3_joint4,controlled26,8,8.514626759800559e-05,5.162898853788844e-05,0.00020170086849113922,1.2037714151036383e-06,0.0001686576729149291,0.005972594801771567,0.0034871620668675803,0.014803636219331834,0.00062478298279827,0.011630570963420638
18,implicit_add_armature,1,23,F_R/fr3_joint5,controlled26,8,2.7957493372140546e-05,1.6083109193681944e-05,6.198248360167469e-05,-1.5644151669852446e-05,5.5956276433599675e-05,0.0027510807082108324,0.0014757123249851394,0.007031139333273273,0.00028390875143620626,0.005465266127527289
18,implicit_add_armature,1,24,F_R/fr3_joint6,controlled26,8,2.0214968037905247e-05,1.171656059761883e-05,5.151583275875282e-05,9.966195690380708e-06,4.156321574151354e-05,0.0008167691541338205,0.0005288933518763524,0.0015709564048533562,0.0001361542506630134,0.0014912842046013721
18,implicit_add_armature,1,25,F_R/fr3_joint7,controlled26,8,2.920710399212955e-05,1.4314431467030153e-05,7.954132264945124e-05,-1.0500959625112105e-05,5.7371875371529905e-05,0.001087471053042921,0.0006013570528839215,0.002607067781027761,-0.0005045174198495118,0.0022483020202481285
18,implicit_add_armature,1,26,F_R/right_index_1_joint,hand48,8,0.001241351188580111,0.0006120336479045058,0.003366556523218295,0.0003276285582274954,0.0025259866072325846,0.06831005845956968,0.039407982979378094,0.16913328173525555,0.029672122274825657,0.13942874861898547
18,implicit_add_armature,1,27,F_R/right_middle_1_joint,hand48,8,0.001348293368724898,0.00074596688162049,0.0034848788456564306,0.00022980813558837795,0.0027821474453920718,0.07403211304631291,0.04297494269643324,0.18609728854628782,0.029801384257155037,0.14873716846262525
18,implicit_add_armature,1,28,F_R/right_pinky_1_joint,hand48,8,0.0010651720096774351,0.0006290564380805764,0.002427918090093281,6.212303094038814e-05,0.002173952252105672,0.04505707275724243,0.02651707431602992,0.11020565999478853,0.021497859367142238,0.09261045363842832
18,implicit_add_armature,1,29,F_R/right_ring_1_joint,hand48,8,0.001135657870807655,0.0006587108689930206,0.0027676333037863626,0.00013618051360535146,0.0023457136296645923,0.055252032628320895,0.03277185450120365,0.13799109685872515,0.024526323546123552,0.11222599708193325
18,implicit_add_armature,1,30,F_R/right_thumb_1_joint,hand48,8,3.647708732558123e-05,1.838088877693586e-05,9.840015107984157e-05,-1.0127508224478526e-05,7.448285517160643e-05,0.0018975185239366418,0.0009830819734511487,0.004975472618957699,-0.0009830819734511487,0.003925954245583892
18,implicit_add_armature,1,31,F_R/right_index_2_joint,hand48,8,3.6062067075181616e-06,2.2188658410585843e-06,9.081702828081517e-06,-1.7799708358513106e-06,7.335642873450979e-06,5.9371308028349414e-05,3.992701598476808e-05,0.0001495446383600602,-3.5326291148752406e-05,0.00011834252196797855
18,implicit_add_armature,1,32,F_R/right_middle_2_joint,hand48,8,2.616179422253565e-05,1.2756202386075832e-05,7.074763114618687e-05,6.043270278640461e-06,5.333634469788446e-05,0.0015377893307644587,0.000880495512845026,0.003724536902006306,0.000615542853847985,0.0031156286195948815
18,implicit_add_armature,1,33,F_R/right_pinky_2_joint,hand48,8,3.950273246820442e-05,1.997766922275969e-05,0.00010501374345639469,8.507088141386163e-06,8.128143783535931e-05,0.0020924039679860004,0.0012017199241428406,0.005115684241925111,0.0008807008122680366,0.004260633568555208
18,implicit_add_armature,1,34,F_R/right_ring_2_joint,hand48,8,6.41404521610925e-05,3.412792894984078e-05,0.0001652240886892975,1.0786248153839967e-05,0.0001330102992241677,0.0032460611864785238,0.0018664798487057514,0.007890864920546893,0.0014026795815193,0.00663125965929756
18,implicit_add_armature,1,35,F_R/right_thumb_2_joint,hand48,8,0.0010076197373527938,0.0005937373712675345,0.0025706011173869947,0.0001965139595195009,0.0019896550604793367,0.023599914201577636,0.014528037664349864,0.05629583223777285,0.0020307528679979698,0.0457125815427526
18,implicit_add_armature,1,36,F_R/right_thumb_3_joint,hand48,8,0.009484111872202843,0.005662363249280539,0.02396882445029258,0.0018124428375576093,0.018748764103378484,0.2467071514907283,0.15137311270102477,0.5853416449591913,0.01735009096857716,0.4797985686126641
18,implicit_add_armature,1,37,F_R/right_thumb_4_joint,hand48,8,5.017377577672761e-06,2.6184963528123884e-06,1.2233814069548266e-05,5.889870934513985e-07,1.0444328850828935e-05,0.00017930161744966874,0.0001182182070963283,0.0004174312773775709,0.0001182182070963283,0.0003539604741900663
18,implicit_add_armature,1,38,U_L/shoulder_pan_joint,controlled26,8,5.7798266000017915e-05,4.3011436758111365e-05,0.00011854364771313186,-1.3102594017322389e-05,0.00011053378785281785,0.00873274764921537,0.00826633922662473,0.010842729298780275,-0.00662593570914745,0.010806812112017469
18,implicit_add_armature,1,39,U_L/shoulder_lift_joint,controlled26,8,0.0006095167837758666,0.0005740439848122558,0.0008665705696944137,0.0005740439848122558,0.0008660407494806676,0.043576130140932395,0.0427708242042843,0.047998872847499624,-0.0427708242042843,0.04779013209649336
18,implicit_add_armature,1,40,U_L/elbow_joint,controlled26,8,0.0003042734691556506,0.000298971484908539,0.0003814569722719874,-0.000298971484908539,0.0003793450060408432,0.07184662627650246,0.07064993184892096,0.08174391080993337,0.07064993184892096,0.08138800075337153
18,implicit_add_armature,1,41,U_L/wrist_1_joint,controlled26,8,0.00012881385563476083,0.00010640819017261605,0.00028924642845928883,-3.539120703735521e-06,0.0002307906257942193,0.005157379486475245,0.004586402177815583,0.006512139655856675,0.004124357604545518,0.006467495467723184
18,implicit_add_armature,1,42,U_L/wrist_2_joint,controlled26,8,0.0001004265397228152,5.345307107901265e-05,0.000216310921720142,4.663220498490883e-05,0.00020488202000706887,0.0016700116306009587,0.0015184355699267463,0.0033564772362914552,-0.001211876356253198,0.0026297183178444314
18,implicit_add_armature,1,43,U_L/wrist_3_joint,controlled26,8,0.00014092144490070817,6.89256593680021e-05,0.00034829450122186856,6.666570556057572e-05,0.00029420715577463944,0.0015683216452288548,0.0009610626480962059,0.0040068517957554395,-0.0007692246029267706,0.0031807634953609125
18,implicit_add_armature,1,44,U_L/left_index_1_joint,hand48,8,0.005927663042973505,0.004938319972914627,0.01134161937336451,-0.004438462257463216,0.010664545534226378,0.31163987934532494,0.30355993457249086,0.3867335020705763,-0.30355993457249086,0.37291160542780044
18,implicit_add_armature,1,45,U_L/left_little_1_joint,hand48,8,0.004392602071738711,0.0036800999854235857,0.008477655338884865,-0.0032599936607652542,0.007901565360548524,0.2522869636855649,0.24733422110427064,0.31666474399800676,-0.24733422110427064,0.3026710897303522
18,implicit_add_armature,1,46,U_L/left_middle_1_joint,hand48,8,0.005205078332865378,0.0038557271496187685,0.01051446710210971,-0.003205217564904394,0.0099454550068353,0.2599092544919807,0.24583521902946776,0.3764972131401253,-0.24583521902946776,0.3458122215859015
18,implicit_add_armature,1,47,U_L/left_ring_1_joint,hand48,8,0.004800076919465693,0.003650924415887642,0.00968335828312937,-0.0030569467971921418,0.009107103052940217,0.2512443724610424,0.24023206404398229,0.35468759374279035,-0.24023206404398229,0.3274561432461828
18,implicit_add_armature,1,48,U_L/left_thumb_1_joint,hand48,8,2.751126977964005e-05,1.9757418401294968e-05,5.870603136381991e-05,5.310904638858305e-06,5.2707461665360545e-05,0.002701291328162933,0.0024223399226376017,0.004785502875538846,-0.001797269481893226,0.004260322420659496
18,implicit_add_armature,1,49,U_L/left_index_2_joint,hand48,8,2.5366324367678348e-05,1.6106351620269466e-05,5.0256175956622795e-05,-1.451829010377069e-05,4.582118770264584e-05,0.000775982357762969,0.000756517633648782,0.0009041792996373362,-0.000390555249132409,0.0008923626817991256
18,implicit_add_armature,1,50,U_L/left_little_2_joint,hand48,8,4.2140216527448274e-05,3.1470021049650326e-05,8.864200940211786e-05,-3.1470021049650326e-05,8.15204888846753e-05,0.002073325578421821,0.0020200805186771564,0.002506420197137795,-0.0020200805186771564,0.0024979557705081135
18,implicit_add_armature,1,51,U_L/left_middle_2_joint,hand48,8,7.391619505356075e-05,5.451878084647768e-05,0.00015573678668970303,-5.451878084647768e-05,0.00014355164497899806,0.003808657653635894,0.0037214190294844593,0.004561338246282916,-0.0037214190294844593,0.004540524083964179
18,implicit_add_armature,1,52,U_L/left_ring_2_joint,hand48,8,0.0001124660932558315,8.115055044288777e-05,0.0002349682217768767,-8.079666882632869e-05,0.00021775945322219102,0.005599022962182134,0.005465918242270463,0.0066179423485262755,-0.005465918242270463,0.006582346858278033
18,implicit_add_armature,1,53,U_L/left_thumb_2_joint,hand48,8,0.0008310827623397747,0.0007505170737805867,0.0011017941811132664,-0.0007029630418599001,0.0010967896862415657,0.013504077756337518,0.010463164683134697,0.030250961292258446,0.00484880353805024,0.02526629090247187
18,implicit_add_armature,1,54,U_L/left_thumb_3_joint,hand48,8,0.00196345493532488,0.0016981099598035992,0.003534546627891974,-0.0005528690208874854,0.0033010362971292225,0.07178351400873326,0.054069742719061245,0.15411140864536643,0.04717530206336027,0.13659841136667716
18,implicit_add_armature,1,55,U_L/left_thumb_4_joint,hand48,8,6.154411363507415e-05,4.952428142709041e-05,0.00012158432836915922,-4.368946388766913e-05,0.00011379147398764276,0.0031920788420772366,0.003093779728415104,0.004155799779004266,-0.003093779728415104,0.003940029085924041
18,implicit_add_armature,1,56,U_R/shoulder_pan_joint,controlled26,8,0.00018308322074300827,0.00013779460337604021,0.0004009054442715154,0.00010922371776667106,0.0003477766159307948,0.014541103720462946,0.013204952969612398,0.021619079635553373,-0.002812469079466454,0.021365197881341575
18,implicit_add_armature,1,57,U_R/shoulder_lift_joint,controlled26,8,0.00045685527940924535,0.0004166616228710174,0.0005827239499147652,0.0004166616228710174,0.0005822256384966807,0.011784338577934974,0.010190768963553871,0.021616328820787012,0.010190768963553871,0.01968123725065435
18,implicit_add_armature,1,58,U_R/elbow_joint,controlled26,8,0.0001977720146049955,0.00017905812642735053,0.00025475258443208304,0.00015077510783059744,0.0002537200270367523,0.044474355528599394,0.04278256090802046,0.0651540891431707,-0.04278256090802046,0.0577456152145069
18,implicit_add_armature,1,59,U_R/wrist_1_joint,controlled26,8,7.557130650330826e-05,6.443919961907074e-05,0.00014166678564508928,1.4606393228255854e-06,0.00013475981021218164,0.004074307960760916,0.003959091834601321,0.005715526780962488,0.003959091834601321,0.005457198090490727
18,implicit_add_armature,1,60,U_R/wrist_2_joint,controlled26,8,0.0001458887965683247,8.109108823529942e-05,0.00036119801723522027,-5.818547582707445e-05,0.0003033465948578894,0.003400060843497919,0.0032404080459607514,0.005849473010917483,0.0032404080459607514,0.004964587939945734
18,implicit_add_armature,1,61,U_R/wrist_3_joint,controlled26,8,0.00013199394006430167,6.884176901211791e-05,0.0003208562772378798,5.891579438432881e-05,0.0002751174719263893,0.0013871063135181185,0.0009311743460923377,0.003273376959157026,-0.00012091495827630283,0.0027744559187414942
18,implicit_add_armature,1,62,U_R/right_index_1_joint,hand48,8,0.008970042052356865,0.008920805379764342,0.009897549128817691,0.008920805379764342,0.009686506120589291,0.2353961407027791,0.21329621986172476,0.2797315112578794,0.20664331992098284,0.2784789348550112
18,implicit_add_armature,1,63,U_R/right_little_1_joint,hand48,8,0.006852057706544024,0.006763091763192015,0.008633845050037739,0.006763091763192015,0.008113220391595203,0.16986863048918205,0.15363660856089673,0.21195708716469314,0.15363660856089673,0.20623810822426508
18,implicit_add_armature,1,64,U_R/right_middle_1_joint,hand48,8,0.009955831638262283,0.00982149100274763,0.01371958160944238,0.00982149100274763,0.012395801897339586,0.27285105237376234,0.25736743220442715,0.3310712459913894,0.25736743220442715,0.3226660793842811
18,implicit_add_armature,1,65,U_R/right_ring_1_joint,hand48,8,0.008887634769712775,0.008770525212491175,0.011888213920261952,0.008770525212491175,0.01087391712559265,0.2427964369695456,0.22743452827665583,0.29143761668989887,0.22743452827665583,0.2865614223078019
18,implicit_add_armature,1,66,U_R/right_thumb_1_joint,hand48,8,5.840331570223434e-05,5.6966615557339784e-05,9.042301708983569e-05,-5.6966615557339784e-05,7.822709955378203e-05,0.02815686746145785,0.02812657490729703,0.03148726883186204,-0.02812657490729703,0.030227642106066387
18,implicit_add_armature,1,67,U_R/right_index_2_joint,hand48,8,0.0003270439018055488,0.00019956932574475596,0.0006736358732582493,0.00019956932574475596,0.0006290722722055046,0.01031757593798477,0.00676477850955542,0.01991265888425267,-0.00676477850955542,0.01978650933908016
18,implicit_add_armature,1,68,U_R/right_little_2_joint,hand48,8,0.0002947914102978537,0.00021249982178691944,0.0005787803417287435,0.00021249982178691944,0.0005526553253077895,0.007772574982619695,0.0046817311971250365,0.015183174126711775,-0.004067507000965912,0.015176340647727684
18,implicit_add_armature,1,69,U_R/right_middle_2_joint,hand48,8,0.0003514753782310344,0.00026836465217006805,0.0006677924887304038,0.00026836465217006805,0.000645849457678958,0.008728627009304655,0.005576814733764481,0.017253249911049266,-0.004080877213940622,0.017115450489750723
18,implicit_add_armature,1,70,U_R/right_ring_2_joint,hand48,8,0.0004041324343279132,0.00033107011755241327,0.0007322501107091955,0.00033107011755241327,0.0007175538012252659,0.008700018863591312,0.006345837176871253,0.01693009186682534,-0.0026501329591908157,0.016733721814187728
18,implicit_add_armature,1,71,U_R/right_thumb_2_joint,hand48,8,0.0002997287179364896,0.00026106962197494817,0.0005748370824214533,1.6399737392411295e-05,0.0004933589858993891,0.028709433080634016,0.02373228320313817,0.05092187748069377,0.015432573239183203,0.049730947631850916
18,implicit_add_armature,1,72,U_R/right_thumb_3_joint,hand48,8,0.0012052611294015834,0.0009790943024358314,0.0023139150258200125,-0.0009790943024358314,0.0021165914627515737,0.08654645253719123,0.06840813700199555,0.14714841908096826,0.00043301047136153764,0.1405221321869904
18,implicit_add_armature,1,73,U_R/right_thumb_4_joint,hand48,8,0.00015482579506797718,0.00015275734358183475,0.00021153720264525944,0.00015275734358183475,0.00019042565179680778,0.003510617428548233,0.003214002970311742,0.004135506206077578,0.0029051613969802163,0.0041238512035310215
18,implicit_mass_as_recorded,both,0,F_L/fr3_joint1,controlled26,16,3.5367911933316535e-05,3.054564288423878e-05,6.376422209020127e-05,2.38393921493385e-05,5.957803883732682e-05,0.0031504749970919436,0.0018824618062401864,0.010122046683238073,0.00047241217927821604,0.006242029399247884
18,implicit_mass_as_recorded,both,1,F_L/fr3_joint2,controlled26,16,0.00013310910894581303,0.00010391069923720853,0.00033622628619589534,1.7627718261831182e-05,0.0002609559781469595,0.006727125139929889,0.005155005595508785,0.014388614409631663,-0.000638334905544471,0.012688669768627276
18,implicit_mass_as_recorded,both,2,F_L/fr3_joint3,controlled26,16,8.101866723302769e-05,5.148001868590657e-05,0.00015698261421781545,-5.148001868590657e-05,0.00015437441353621795,0.0034978565854531605,0.002818888807184809,0.008095709365478175,0.00017971746015058845,0.007212728131982167
18,implicit_mass_as_recorded,both,3,F_L/fr3_joint4,controlled26,16,3.087257672067797e-05,2.045475860025514e-05,8.239786179453645e-05,-2.0573699235221232e-06,7.127983201554722e-05,0.00853106000559674,0.004807432134513167,0.023918178121644762,0.0006231186007080712,0.018353592724362267
18,implicit_mass_as_recorded,both,4,F_L/fr3_joint5,controlled26,16,2.8630913035238816e-05,1.632533687154908e-05,7.935602596975677e-05,-7.0287350994249764e-06,6.776888859283403e-05,0.004840451640549321,0.0022950185344816527,0.016919682254389657,0.001848010562039905,0.00901010079297605
18,implicit_mass_as_recorded,both,5,F_L/fr3_joint6,controlled26,16,2.1135240302911284e-05,1.103594787536799e-05,6.349505720248949e-05,-1.039506078036323e-05,4.301938840733932e-05,0.0016661059605366717,0.0009252185094426111,0.0043702404907019765,-0.0003762151033167257,0.004233588615410767
18,implicit_mass_as_recorded,both,6,F_L/fr3_joint7,controlled26,16,8.397629320124004e-05,5.421210017766964e-05,0.00016674609475542113,4.640102667829993e-05,0.0001598303566900383,0.0023702174169073762,0.0014909907477216983,0.006583509349943631,0.000597185417122425,0.0056901030683799425
18,implicit_mass_as_recorded,both,7,F_L/left_index_1_joint,hand48,16,0.003604212264596164,0.002250282661147759,0.008772488125961195,0.0019380392241196802,0.007553526026284684,0.1859878139563294,0.11035658617172017,0.46616962148462615,0.08602376058651953,0.4224384497454407
18,implicit_mass_as_recorded,both,8,F_L/left_middle_1_joint,hand48,16,0.003653143355581871,0.00230174355380293,0.008941924275414681,0.001993046877976604,0.007536445604390287,0.19289461772511535,0.11606090025705569,0.4904171199610269,0.09218646408770444,0.4328486049507397
18,implicit_mass_as_recorded,both,9,F_L/left_pinky_1_joint,hand48,16,0.0015230470498049631,0.0009245548251433843,0.0034608021836676495,0.00084893778766438,0.0034056945369668086,0.04481216350264877,0.024662498366947047,0.11443942887644933,0.01572127382733062,0.11233282932598479
18,implicit_mass_as_recorded,both,10,F_L/left_ring_1_joint,hand48,16,0.0033364703762934875,0.0020933947346575095,0.008022780494788356,0.0018176443844926228,0.006904627035286926,0.1700991773341183,0.10038847995734776,0.42558891171632085,0.07896648449870179,0.3829245755567186
18,implicit_mass_as_recorded,both,11,F_L/left_thumb_1_joint,hand48,16,7.59752890792414e-05,4.62227051866446e-05,0.00019041179897386074,-4.0430401046335183e-05,0.00016097803870239458,0.011797119835771416,0.005641547547255061,0.04147157529240829,-0.005016176364489691,0.022471560071050938
18,implicit_mass_as_recorded,both,12,F_L/left_index_2_joint,hand48,16,4.492421147735081e-06,2.32778653980973e-06,1.32714360675662e-05,-2.07778592263997e-06,1.012746666264469e-05,0.0010992979474470663,0.0004850705635528691,0.004027554060764702,-0.00033317418191919167,0.0020143786681970084
18,implicit_mass_as_recorded,both,13,F_L/left_middle_2_joint,hand48,16,6.1908963729108e-05,3.9354212224861074e-05,0.00014747978590351485,3.214009861514898e-05,0.00012118592446358142,0.002272197292041331,0.0015358662501556136,0.005727254674360239,0.0009164562974484558,0.005001990812615339
18,implicit_mass_as_recorded,both,14,F_L/left_pinky_2_joint,hand48,16,9.574937907993057e-05,6.157517686301069e-05,0.00021518140855934786,5.0892776919316506e-05,0.00019253926645541528,0.004059565602128173,0.0025599007363449624,0.010212894885837744,0.001701474892086773,0.008515275927946113
18,implicit_mass_as_recorded,both,15,F_L/left_ring_2_joint,hand48,16,0.00016136606192972656,0.00010371922233307941,0.00035764862988038604,8.573445005193546e-05,0.00032598102607395846,0.006130290241089801,0.003912126808886127,0.01584552312220364,0.0024154326547353787,0.013660393468961038
18,implicit_mass_as_recorded,both,16,F_L/left_thumb_2_joint,hand48,16,0.0005723285673361249,0.00042713509618172614,0.0015845046077944888,-8.238449932757887e-05,0.0010843498568066396,0.039084869067262024,0.03131429125481256,0.09383253448807591,-0.002863179095147165,0.07931229265860312
18,implicit_mass_as_recorded,both,17,F_L/left_thumb_3_joint,hand48,16,0.002963340742401629,0.002244034522762393,0.008211157094850069,-0.0004426090314366296,0.005558845909535403,0.2140457743103465,0.1704518151457416,0.5307352175793988,-0.022921345997779993,0.42416613654798285
18,implicit_mass_as_recorded,both,18,F_L/left_thumb_4_joint,hand48,16,5.951233796420002e-06,4.532580835493218e-06,1.1986138765095189e-05,2.4564804398854306e-06,1.1400448192861248e-05,0.00038467969170937383,0.0002318167290441119,0.0011929424887604772,8.590991897908197e-05,0.0008420291749048153
18,implicit_mass_as_recorded,both,19,F_R/fr3_joint1,controlled26,16,0.00016261740540565806,0.00011878313254132244,0.0003695509455532431,2.558677300845691e-05,0.0003264163754078675,0.00672679458752604,0.005400957321521405,0.01449951262525219,0.0024706396655073287,0.013884543548627991
18,implicit_mass_as_recorded,both,20,F_R/fr3_joint2,controlled26,16,9.018303369325023e-05,5.3573282644065606e-05,0.0002208376171946025,4.959846193887743e-05,0.00019067682018703014,0.008230261113979655,0.003337461447302104,0.029809109406891042,-0.0021448918560023223,0.016914890735828587
18,implicit_mass_as_recorded,both,21,F_R/fr3_joint3,controlled26,16,0.00024947861394553793,0.00015518539041112223,0.0006047725867142084,-1.9335489297084285e-05,0.0005758088465732669,0.0062999515469539125,0.004102847235970547,0.01657580255446582,0.0018655450292677986,0.013381760135155626
18,implicit_mass_as_recorded,both,22,F_R/fr3_joint4,controlled26,16,9.578991607100218e-05,5.4694238159153086e-05,0.0002715294472992458,-4.459551314645038e-06,0.00021915801319316586,0.012866157005395812,0.006262579721129279,0.04564587381919703,0.0018890220397187038,0.022514195619298134
18,implicit_mass_as_recorded,both,23,F_R/fr3_joint5,controlled26,16,2.9329178429761034e-05,1.5033777646347724e-05,8.330462620831369e-05,-1.4193782060703541e-05,6.731301925333444e-05,0.011012311352318593,0.004544687669078391,0.041076266113317494,0.0014961123990444587,0.01786297471734738
18,implicit_mass_as_recorded,both,24,F_R/fr3_joint6,controlled26,16,1.5677995731242762e-05,8.41512263266564e-06,5.151583275875282e-05,7.539940179046578e-06,3.0350473653406596e-05,0.002598373869105006,0.0012595119271936882,0.007922750548995602,7.27985579625684e-05,0.006638439431939712
18,implicit_mass_as_recorded,both,25,F_R/fr3_joint7,controlled26,16,2.9336936153126693e-05,1.3827173469829757e-05,8.148085515313763e-05,-9.952361159287076e-06,8.002620577537284e-05,0.0012265159472813591,0.000684505841647789,0.0032294038327378843,-0.0005367332817077378,0.002762651793955292
18,implicit_mass_as_recorded,both,26,F_R/right_index_1_joint,hand48,16,0.0009925950470093434,0.0004914328677306373,0.003366556523218295,0.00021712811890629846,0.0021381451829715,0.08003062524724902,0.04467076502310792,0.22328178864680465,0.023962157599394962,0.1826704084631428
18,implicit_mass_as_recorded,both,27,F_R/right_middle_1_joint,hand48,16,0.001080270144824483,0.0006018526920306727,0.0034848788456564306,0.00012827154816552914,0.0021678363886945932,0.0862162347602579,0.047747901476913476,0.2313533777590727,0.02116267001325458,0.19741131084948405
18,implicit_mass_as_recorded,both,28,F_R/right_pinky_1_joint,hand48,16,0.0009007622797092799,0.0005426749847217494,0.002427918090093281,-9.277214595503937e-06,0.0018837055801198335,0.06171712387878451,0.03346485465532935,0.15956714734450275,0.013552152952749816,0.14359099875509823
18,implicit_mass_as_recorded,both,29,F_R/right_ring_1_joint,hand48,16,0.0009306479295280948,0.0005485612049652569,0.0027676333037863626,5.445594575482875e-05,0.0018635197163825706,0.06979752316891637,0.038615504527326705,0.18341527796753088,0.016391955190060366,0.15113952344565362
18,implicit_mass_as_recorded,both,30,F_R/right_thumb_1_joint,hand48,16,3.0021316535308336e-05,1.538856666137567e-05,9.840015107984157e-05,-6.617747035198018e-06,6.612527809786439e-05,0.0030014011661897424,0.0015766618540126354,0.00839956543349984,-0.0013540604011103518,0.006957014471400351
18,implicit_mass_as_recorded,both,31,F_R/right_index_2_joint,hand48,16,4.039297688969727e-06,2.425544181722597e-06,1.078243810337387e-05,-1.5281360077838008e-06,9.506886646904605e-06,0.000309080793915037,0.00013422999577976792,0.0011640421219432534,-7.259647720030569e-05,0.0005563532916592462
18,implicit_mass_as_recorded,both,32,F_R/right_middle_2_joint,hand48,16,2.0609441691384177e-05,9.899142027877152e-06,7.074763114618687e-05,3.822364883402686e-06,4.2325318034976134e-05,0.0016308219667698902,0.0009430273339208854,0.003970283267111786,0.0005084050841962578,0.0037859734932826758
18,implicit_mass_as_recorded,both,33,F_R/right_pinky_2_joint,hand48,16,3.17652677808578e-05,1.6286150923464603e-05,0.00010501374345639469,5.2948829316603815e-06,6.708356767719248e-05,0.0023890928236613798,0.001371735572391531,0.006406240870184207,0.000738170844033216,0.005438323398989885
18,implicit_mass_as_recorded,both,34,F_R/right_ring_2_joint,hand48,16,5.214766265494367e-05,2.8335731281162787e-05,0.0001652240886892975,5.748323623288188e-06,0.0001059326542719452,0.003801447755769505,0.002175815864597242,0.009978081220337161,0.001108637904422002,0.00841266899549446
18,implicit_mass_as_recorded,both,35,F_R/right_thumb_2_joint,hand48,16,0.0008552797089025364,0.0004924307045953641,0.0025706011173869947,0.0001732625020671513,0.0019325822580017124,0.04570433933838123,0.024811463887546098,0.15391609441964377,0.006704578416270772,0.08070089778324058
18,implicit_mass_as_recorded,both,36,F_R/right_thumb_3_joint,hand48,16,0.007977444439445132,0.004650610954407651,0.02396882445029258,0.0015955193123196928,0.01762112592094957,0.4953769764406263,0.2659085853372474,1.679836323471267,0.07096519533334456,0.8694768825261816
18,implicit_mass_as_recorded,both,37,F_R/right_thumb_4_joint,hand48,16,4.839459830889912e-06,2.6854710067402213e-06,1.2233814069548266e-05,3.762915918009008e-08,1.022846467639213e-05,0.00046193106698496175,0.00025513141321236723,0.0013506136018642438,3.8581911081490174e-05,0.0011298313344101564
18,implicit_mass_as_recorded,both,38,U_L/shoulder_pan_joint,controlled26,16,6.701116421046707e-05,4.602119460417331e-05,0.00016075248816438403,-1.848604256199371e-05,0.00014523210849326507,0.007348974480742036,0.006767789465198312,0.010931992055280382,-0.00556919033434779,0.010838664464731354
18,implicit_mass_as_recorded,both,39,U_L/shoulder_lift_joint,controlled26,16,0.00048295366739793775,0.0004316146836004786,0.0008421279386352509,0.0004298532674255062,0.0008391686541204812,0.03679323672223106,0.03497843022595905,0.04814763491170092,-0.03497843022595905,0.04787363516764834
18,implicit_mass_as_recorded,both,40,U_L/elbow_joint,controlled26,16,0.00022277621242143862,0.0002039171661793182,0.0003544859779487375,-0.00019361725250069406,0.0003260884432798039,0.06309290923740529,0.06003800937666402,0.08255427871715275,0.06003800937666402,0.08198209507560736
18,implicit_mass_as_recorded,both,41,U_L/wrist_1_joint,controlled26,16,7.965268007226466e-05,6.866431702612363e-05,0.00019509650259330602,-2.854375002105114e-05,0.00011752381616608742,0.006587168263286752,0.0055205147207329965,0.01292378459841631,0.004325627106360923,0.012568369521747239
18,implicit_mass_as_recorded,both,42,U_L/wrist_2_joint,controlled26,16,7.113104257324494e-05,4.203285783208055e-05,0.0001998261083191455,6.868108305413401e-07,0.0001438112375893308,0.0036946599327316396,0.0023403986010912784,0.010969086365013092,0.0006721655149398137,0.00885915205498217
18,implicit_mass_as_recorded,both,43,U_L/wrist_3_joint,controlled26,16,7.77852644935308e-05,4.0300350632266335e-05,0.0002592638834348904,9.16268693365585e-06,0.0001406675119378642,0.0013616951592744998,0.0008334168882089018,0.003572151335177298,0.0004991706537995085,0.003403051963983883
18,implicit_mass_as_recorded,both,44,U_L/left_index_1_joint,hand48,16,0.005089852532322904,0.0040274544510145146,0.011342385993377564,-0.003580674800791328,0.009891881427460046,0.3701689972508507,0.336760462274328,0.7325235313163795,-0.3310220703701958,0.6374414394030851
18,implicit_mass_as_recorded,both,45,U_L/left_little_1_joint,hand48,16,0.003776842147876468,0.00301776571154493,0.008477884330975086,-0.002615534087458216,0.007243670930547924,0.286066110846937,0.26337834007650934,0.5383216600619466,-0.26205962477922307,0.46209346048010147
18,implicit_mass_as_recorded,both,46,U_L/left_middle_1_joint,hand48,16,0.00449870455638198,0.0031947376949581947,0.010514932284677758,-0.0026302027712583886,0.009295996712247553,0.3303213264493757,0.2834456944445466,0.7296910375136022,-0.2764064238740703,0.6453861253230451
18,implicit_mass_as_recorded,both,47,U_L/left_ring_1_joint,hand48,16,0.004147706232884072,0.0030080222603766395,0.009683713570456914,-0.002495094138304413,0.008449221492745473,0.30973422018032,0.270858918684421,0.6654278387217076,-0.26565737714009313,0.5821507741092943
18,implicit_mass_as_recorded,both,48,U_L/left_thumb_1_joint,hand48,16,2.225064111635809e-05,1.6662766013850194e-05,5.613850831442946e-05,2.208894680527651e-06,4.289533530725531e-05,0.012605539343915504,0.006859580220441918,0.04022795821620572,0.00236018157163913,0.030829479910154695
18,implicit_mass_as_recorded,both,49,U_L/left_index_2_joint,hand48,16,2.734742845751061e-05,1.792078544962097e-05,5.4219590300635945e-05,-1.5110754952994254e-05,5.1432841582370326e-05,0.0015502708876886165,0.000956665585867284,0.004249348324064321,0.00019308317858608237,0.004022572024572889
18,implicit_mass_as_recorded,both,50,U_L/left_little_2_joint,hand48,16,3.883842212084602e-05,2.735011218443252e-05,8.871510370475622e-05,-2.735011218443252e-05,7.869125218589942e-05,0.0019353361503206422,0.0018494184793144421,0.002506239507078341,-0.0018494184793144421,0.0024882081659709314
18,implicit_mass_as_recorded,both,51,U_L/left_middle_2_joint,hand48,16,6.715377525526099e-05,4.676222978211488e-05,0.0001558919919521229,-4.676222978211488e-05,0.00013448631373127323,0.0034977036590771427,0.003320543301234718,0.004562696708728601,-0.003320543301234718,0.004518277900716983
18,implicit_mass_as_recorded,both,52,U_L/left_ring_2_joint,hand48,16,0.00010151671177334969,6.9234400028104e-05,0.00023506625563660122,-6.909401981584733e-05,0.00020126159367633845,0.005626459498722152,0.005343770336467388,0.008138908239110745,-0.005343770336467388,0.006998945331023282
18,implicit_mass_as_recorded,both,53,U_L/left_thumb_2_joint,hand48,16,0.000672617509098833,0.0005912911906674262,0.0011015407644571484,-0.00052813330266309,0.0010923355733303206,0.01915151406540808,0.013611075775557289,0.04466677702434994,0.005113443390713322,0.042990297457805554
18,implicit_mass_as_recorded,both,54,U_L/left_thumb_3_joint,hand48,16,0.0016891883520233051,0.0013984808374753388,0.0035347848546882915,-0.00043209195229540736,0.003034020523110484,0.09813113210137343,0.06928688258634719,0.24191532541775376,0.04981175998911269,0.21360237252205855
18,implicit_mass_as_recorded,both,55,U_L/left_thumb_4_joint,hand48,16,5.359494924615622e-05,4.0974351614443336e-05,0.00012164421898822053,-3.573117146066923e-05,0.0001049245427646589,0.0037566913903006745,0.003411045337728933,0.007331565111609266,-0.0033399252912703088,0.0065488618304855835
18,implicit_mass_as_recorded,both,56,U_R/shoulder_pan_joint,controlled26,16,0.0001866733335316779,0.00014998452938705387,0.00045375326394037074,7.852431235602642e-05,0.00035007418955357306,0.012614518290807971,0.010869868034297311,0.02180250317482338,-0.0011630230557864042,0.020612469277761065
18,implicit_mass_as_recorded,both,57,U_R/shoulder_lift_joint,controlled26,16,0.00034457027589168297,0.0002950428548937345,0.0005894661772458676,0.0002950428548937345,0.0005603266551272856,0.013797455267797935,0.011555730503885272,0.03417989708735525,0.010365229623495209,0.02441448347276831
18,implicit_mass_as_recorded,both,58,U_R/elbow_joint,controlled26,16,0.00017864186082755008,0.00016543286557041403,0.00029441421003872925,0.00012465157113292213,0.0002525816446991569,0.04507225419050178,0.04207602223895068,0.08816210717402148,-0.04032483767124574,0.06861721624909911
18,implicit_mass_as_recorded,both,59,U_R/wrist_1_joint,controlled26,16,6.002062425301e-05,4.915837590077632e-05,0.0001512891040094111,-1.7697324724258445e-05,0.00010720622004423142,0.0069117564987060285,0.005437235972278518,0.02122844661535017,0.005437235972278518,0.011145461332987248
18,implicit_mass_as_recorded,both,60,U_R/wrist_2_joint,controlled26,16,7.268943254471261e-05,3.634865800461462e-05,0.00026716515163582866,-1.402483927870346e-05,0.00012128107606446115,0.004386598220269249,0.003589400439920471,0.010270003649456239,0.0010375062839824388,0.010176363110900075
18,implicit_mass_as_recorded,both,61,U_R/wrist_3_joint,controlled26,16,8.957956802585352e-05,5.08305974828982e-05,0.00024828159862444465,-2.2648892016308153e-06,0.0001917761456857736,0.0016737374734778967,0.0010761592829041104,0.0037204297905400474,0.0010761592829041104,0.0034942258363322015
18,implicit_mass_as_recorded,both,62,U_R/right_index_1_joint,hand48,16,0.007422861711166921,0.007066303236828648,0.00989924743117438,0.007066303236828648,0.00952187775175933,0.2629374738540829,0.24600738748763812,0.3267205779603871,0.24281227312563236,0.31926706768705526
18,implicit_mass_as_recorded,both,63,U_R/right_little_1_joint,hand48,16,0.005566126881158616,0.0052393523961444645,0.008635001140443646,0.0052393523961444645,0.00751846165977129,0.19109624690365107,0.17726449771460953,0.23757359717519932,0.17726449771460953,0.2308152139150456
18,implicit_mass_as_recorded,both,64,U_R/right_middle_1_joint,hand48,16,0.008108704730843533,0.007637900273956457,0.013721356384650149,0.007637900273956457,0.010883280498201725,0.32197504257659587,0.30562099218221916,0.5443166779657899,0.30562099218221916,0.4056094868318856
18,implicit_mass_as_recorded,both,65,U_R/right_ring_1_joint,hand48,16,0.007226497433527981,0.006803795226397647,0.011889742684008622,0.006803795226397647,0.00971505729044769,0.28022252251163937,0.2656654062325774,0.43860117907854673,0.2656654062325774,0.34764962837509106
18,implicit_mass_as_recorded,both,66,U_R/right_thumb_1_joint,hand48,16,4.3202151180375304e-05,3.83555547175847e-05,8.853905904798731e-05,-3.83555547175847e-05,6.34763179863107e-05,0.032131710826661976,0.03060038184056742,0.06712130356049947,-0.03060038184056742,0.04422982693057363
18,implicit_mass_as_recorded,both,67,U_R/right_index_2_joint,hand48,16,0.0003581170631706492,0.00021740895398458283,0.0007200336161725801,0.00021740895398458283,0.0006852108600088856,0.010900729567614596,0.007275299170160657,0.02469772664138514,-0.007275299170160657,0.021012450784626383
18,implicit_mass_as_recorded,both,68,U_R/right_little_2_joint,hand48,16,0.00031100760712893553,0.00021471324241612456,0.0005890812356012937,0.00021471324241612456,0.0005832460342652425,0.007720248592132114,0.004579772439323353,0.018233941210229334,-0.003988043575160062,0.0159054191951022
18,implicit_mass_as_recorded,both,69,U_R/right_middle_2_joint,hand48,16,0.0003625691505648613,0.0002620484335416249,0.0006734858288917414,0.0002620484335416249,0.0006691569303205486,0.008953226884892434,0.005466531924092781,0.02172576455382101,-0.0043563920782345,0.018270730917356048
18,implicit_mass_as_recorded,both,70,U_R/right_ring_2_joint,hand48,16,0.0004044434769007941,0.00031213601519238746,0.0007396449928983861,0.00031213601519238746,0.0007340475245640153,0.00856455204760539,0.006165223102870003,0.02049604466079863,-0.002482590246739452,0.01774748778254648
18,implicit_mass_as_recorded,both,71,U_R/right_thumb_2_joint,hand48,16,0.0002411816552725719,0.00020496123630811764,0.0005717056161401515,-2.8108226801879573e-05,0.00039837311183829084,0.028981773470566248,0.02411087971340449,0.04961892572406545,0.012738539116926384,0.048785166562198626
18,implicit_mass_as_recorded,both,72,U_R/right_thumb_3_joint,hand48,16,0.001138376756769927,0.000924713104442287,0.00231351813268868,-0.000924713104442287,0.0021464391504406183,0.08188299322918227,0.06447166254180087,0.16343098272633497,-0.018094722731712413,0.15108152370696148
18,implicit_mass_as_recorded,both,73,U_R/right_thumb_4_joint,hand48,16,0.00012733258273055396,0.00012020999292106354,0.0002114212027337914,0.00012020999292106354,0.00017370514108405732,0.004222449715356027,0.003885325677906986,0.007316391511620316,0.0037249078184975726,0.005443776149882172
18,implicit_mass_as_recorded,0,0,F_L/fr3_joint1,controlled26,8,2.286877109991361e-05,2.0803303071387225e-05,3.6994523943123525e-05,1.7284804950917776e-05,3.482785337658445e-05,0.004362496089904244,0.0029250044021839603,0.010122046683238073,0.0003944927313744421,0.008311371950709315
18,implicit_mass_as_recorded,0,1,F_L/fr3_joint2,controlled26,8,7.92376849237117e-05,6.555110997150115e-05,0.00014281551009176496,1.9420393018915183e-05,0.0001406796775206831,0.007601043212004884,0.005690303970108201,0.014388614409631663,-0.0009373550210395021,0.013595306910496282
18,implicit_mass_as_recorded,0,2,F_L/fr3_joint3,controlled26,8,7.629922900287319e-05,4.80414845450694e-05,0.00013806964489337936,-4.80414845450694e-05,0.00013712216367061102,0.004093801700703798,0.0031989310229644675,0.008095709365478175,0.0005545965819426172,0.007683651456513371
18,implicit_mass_as_recorded,0,3,F_L/fr3_joint4,controlled26,8,1.3797649159830318e-05,1.0000694865647253e-05,2.9372824918327822e-05,-3.993829865184262e-06,2.693106427406055e-05,0.011553061749200897,0.0071974070999399,0.023918178121644762,0.0006545462343101804,0.021321371602912927
18,implicit_mass_as_recorded,0,4,F_L/fr3_joint5,controlled26,8,2.3222004308404977e-05,1.1449665868468184e-05,6.390650946719312e-05,-8.136727158575274e-06,4.6177345347525576e-05,0.006779174582877711,0.003860184278088919,0.016919682254389657,0.0035525076183509302,0.013228544239063302
18,implicit_mass_as_recorded,0,5,F_L/fr3_joint6,controlled26,8,1.4722604226858715e-05,7.771435789422076e-06,3.61941654756226e-05,-7.468209498623368e-06,3.053638626803189e-05,0.002318461500792716,0.0014941334475396038,0.0043702404907019765,-0.0006454361727143147,0.004306469615566078
18,implicit_mass_as_recorded,0,6,F_L/fr3_joint7,controlled26,8,7.613964537417913e-05,4.802934901432243e-05,0.00015752511066824404,4.261057339788321e-05,0.00014346777330125348,0.0030765677999863906,0.0019783661717724904,0.006583509349943631,0.0010155864093447623,0.006166586418547242
18,implicit_mass_as_recorded,0,7,F_L/left_index_1_joint,hand48,8,0.0030214047003338,0.001858795784848431,0.007147205326392514,0.0016387370787120503,0.00595574237695538,0.24932090323033743,0.16241980494480984,0.46616962148462615,0.13956857785999735,0.44576174133967295
18,implicit_mass_as_recorded,0,8,F_L/left_middle_1_joint,hand48,8,0.0030151008333785707,0.0018804834513151784,0.007067952714048822,0.0016647233571716602,0.005916292454705375,0.25739438534578124,0.16849945035638653,0.4904171199610269,0.14584619244161595,0.46355181295622616
18,implicit_mass_as_recorded,0,9,F_L/left_pinky_1_joint,hand48,8,0.0014749106008912244,0.0008706017594404744,0.0034608021836676495,0.0008170781821138229,0.0028394994299612442,0.061603293973522,0.03941388043192358,0.11443942887644933,0.034228806677984856,0.11345634908623255
18,implicit_mass_as_recorded,0,10,F_L/left_ring_1_joint,hand48,8,0.0028030408884608727,0.0017383316207021174,0.006531909215453116,0.0015440296961701794,0.005460033564322388,0.22887820822068228,0.1490786831995816,0.42558891171632085,0.1289533659700373,0.4056788881751731
18,implicit_mass_as_recorded,0,11,F_L/left_thumb_1_joint,hand48,8,6.057285841412021e-05,3.5641063863605695e-05,0.00015116678527857252,-3.2085838354573536e-05,0.000121180075781601,0.016294441386957022,0.00893547055549293,0.04147157529240829,-0.008465979984059646,0.03260490152244151
18,implicit_mass_as_recorded,0,12,F_L/left_index_2_joint,hand48,8,6.213480909323626e-06,3.892636678883357e-06,1.32714360675662e-05,-3.606052344997876e-06,1.1804250345269494e-05,0.0015339713574986503,0.0008433967654296497,0.004027554060764702,-0.0007870108096084324,0.003088072210899777
18,implicit_mass_as_recorded,0,13,F_L/left_middle_2_joint,hand48,8,4.908805269349286e-05,3.0645553340240966e-05,0.00011242130398360362,2.6007436342748158e-05,9.566895430602806e-05,0.0027685551818529045,0.0018990813092310082,0.005727254674360239,0.001241792355397203,0.005388798205545952
18,implicit_mass_as_recorded,0,14,F_L/left_pinky_2_joint,hand48,8,8.200822848481327e-05,5.171393824710685e-05,0.0001849918857541044,4.4382673007312134e-05,0.00015879671098811897,0.0053268105438625925,0.003642188044015284,0.010212894885837744,0.002782638955704576,0.009420672705488315
18,implicit_mass_as_recorded,0,15,F_L/left_ring_2_joint,hand48,8,0.0001401683281629909,8.727472357413293e-05,0.0003154251581384826,7.574561638529556e-05,0.00026936615048513265,0.008014465364415727,0.005521485350102356,0.01584552312220364,0.0040148417631448875,0.014825795950690425
18,implicit_mass_as_recorded,0,16,F_L/left_thumb_2_joint,hand48,8,0.00038363208356648377,0.0003049351359166513,0.0008555475852692826,-6.949540037564598e-05,0.0007249979944768147,0.042525556893283425,0.033037515272164183,0.09383253448807591,-0.005914193966422648,0.08049016315589233
18,implicit_mass_as_recorded,0,17,F_L/left_thumb_3_joint,hand48,8,0.0019920245133120545,0.001606338914421977,0.004444308770299554,-0.00036000147167868524,0.0037234925743509393,0.24084704106304608,0.1887188015219317,0.5307352175793988,-0.043315509399722826,0.4583271476894041
18,implicit_mass_as_recorded,0,18,F_L/left_thumb_4_joint,hand48,8,5.8119216793926216e-06,4.436197170871667e-06,1.1205218002116601e-05,2.4046486120348626e-06,1.022030973611039e-05,0.0005407223824323086,0.00041864621337189627,0.0011929424887604772,0.0001647825961047959,0.0010291829422945013
18,implicit_mass_as_recorded,0,19,F_R/fr3_joint1,controlled26,8,0.00013969994041490236,0.00010042031048695943,0.00029669486469208195,1.43677321738922e-05,0.0002656540398684903,0.007591838705989955,0.005785219572413989,0.01449951262525219,0.0015716950693474498,0.014212527056160896
18,implicit_mass_as_recorded,0,20,F_R/fr3_joint2,controlled26,8,7.758563038875878e-05,4.536136471759017e-05,0.00018062322118450602,4.260579651364088e-05,0.00015451972193603888,0.010739632991121217,0.004845454184424948,0.029809109406891042,-0.0027947184461242615,0.02095253875572839
18,implicit_mass_as_recorded,0,21,F_R/fr3_joint3,controlled26,8,0.00023103487815832828,0.00013887749753133116,0.0005661542665262864,-2.4596286924138955e-05,0.00044991259053264157,0.007546035048452213,0.00506232319629007,0.01657580255446582,0.0023434074605668156,0.015085249425454394
18,implicit_mass_as_recorded,0,22,F_R/fr3_joint4,controlled26,8,0.00010536379433139312,5.775948778041773e-05,0.0002715294472992458,-1.0122874044393715e-05,0.00021028656221260258,0.017187323919355298,0.009037997375390976,0.04564587381919703,0.0031532610966391373,0.03386612720177963
18,implicit_mass_as_recorded,0,23,F_R/fr3_joint5,controlled26,8,3.0639516626021323e-05,1.3984446099013503e-05,8.330462620831369e-05,-1.2743412451554637e-05,6.241038983328948e-05,0.01532884723577478,0.007613663013171641,0.041076266113317494,0.002708316046652711,0.03024339679519809
18,implicit_mass_as_recorded,0,24,F_R/fr3_joint6,controlled26,8,9.107917847905835e-06,5.113684667712448e-06,2.329535395162452e-05,5.113684667712448e-06,1.876000339664507e-05,0.0035827338271424746,0.001990130502511024,0.007922750548995602,9.442865262123475e-06,0.007323405361036185
18,implicit_mass_as_recorded,0,25,F_R/fr3_joint7,controlled26,8,2.9466196261108997e-05,1.333991547262936e-05,8.148085515313763e-05,-9.403762693462048e-06,5.847316974037366e-05,0.0013513287707529577,0.0007676546304116562,0.0032294038327378843,-0.0005689491435659636,0.0027573110353869153
18,implicit_mass_as_recorded,0,26,F_R/right_index_1_joint,hand48,8,0.0006553907851852258,0.0003708320875567689,0.0017286747362225685,0.0001066276795851015,0.0013137708324348707,0.09024155289101245,0.04993354706683774,0.22328178864680465,0.018252192923964256,0.1869928188459019
18,implicit_mass_as_recorded,0,27,F_R/right_middle_1_joint,hand48,8,0.0007183816280019174,0.0004577385024408555,0.0017288222363739808,2.6734960742680336e-05,0.0013902725917879079,0.09687994895936801,0.05252086025739373,0.2313533777590727,0.012523955769354132,0.20132039851036643
18,implicit_mass_as_recorded,0,28,F_R/right_pinky_1_joint,hand48,8,0.000698680154930603,0.0004562935313629224,0.0013232415110879386,-8.067746013139601e-05,0.0012669357835926875,0.07475203645578513,0.04041263499462878,0.15956714734450275,0.0056064465383573875,0.15211161133611395
18,implicit_mass_as_recorded,0,29,F_R/right_ring_1_joint,hand48,8,0.000665200975602474,0.00043841154093749325,0.001428607223149074,-2.7268622095693966e-05,0.0012493416917454979,0.08179609630948043,0.04445915455344975,0.18341527796753088,0.008257586833997174,0.1683532591906548
18,implicit_mass_as_recorded,0,30,F_R/right_thumb_1_joint,hand48,8,2.172512355012685e-05,1.2396244545815477e-05,5.5366987103872e-05,-3.1079858459175103e-06,4.461251579813417e-05,0.003796872577810269,0.002170241734574122,0.00839956543349984,-0.001725038828769555,0.007726374984520078
18,implicit_mass_as_recorded,0,31,F_R/right_index_2_joint,hand48,8,4.4302511015611036e-06,2.6322225223866097e-06,1.078243810337387e-05,-1.276301179716291e-06,8.90687464693146e-06,0.00043305533378230313,0.00022853297557476777,0.0011640421219432534,-0.00010986666325185899,0.0008804540011440496
18,implicit_mass_as_recorded,0,32,F_R/right_middle_2_joint,hand48,8,1.2847517142188558e-05,7.042081669678471e-06,3.2851213664572554e-05,1.6014594881649108e-06,2.648834038993449e-05,0.00171882650339859,0.0010055591549967449,0.003970283267111786,0.0004012673145445304,0.003415263355605165
18,implicit_mass_as_recorded,0,33,F_R/right_pinky_2_joint,hand48,8,2.1391554453210584e-05,1.2594632624169516e-05,5.444017575079174e-05,2.0826777219346004e-06,4.254939369271111e-05,0.0026528050578391647,0.0015417512206402216,0.006406240870184207,0.0005956408757983951,0.005393529541354971
18,implicit_mass_as_recorded,0,34,F_R/right_ring_2_joint,hand48,8,3.639725040876326e-05,2.2543533612484797e-05,8.616884279949444e-05,7.103990927364093e-07,7.025875897230802e-05,0.004285451767705203,0.002485151880488732,0.009978081220337161,0.0008145962273247037,0.008725126087958739
18,implicit_mass_as_recorded,0,35,F_R/right_thumb_2_joint,hand48,8,0.0006691107724569243,0.00039112403792319374,0.001719909304873285,0.00015001104461480168,0.001319791397144967,0.060173227588305234,0.035094890110742336,0.15391609441964377,0.01137840396454358,0.11890731079761019
18,implicit_mass_as_recorded,0,36,F_R/right_thumb_3_joint,hand48,8,0.006109898654184799,0.0036388586595347636,0.015505226411168568,0.0013785957870817763,0.012036709799772335,0.6556922136019647,0.38044405797347014,1.679836323471267,0.12458029969811193,1.30166858436356
18,implicit_mass_as_recorded,0,37,F_R/right_thumb_4_joint,hand48,8,4.654746518625977e-06,2.752445660668054e-06,9.560014878673417e-06,-5.137287750912184e-07,9.266100300792807e-06,0.0006281811452691516,0.00039204461932840624,0.0013506136018642438,-4.1054384933348004e-05,0.0012475818770523363
18,implicit_mass_as_recorded,0,38,U_L/shoulder_pan_joint,controlled26,8,6.075042079213695e-05,4.325043176811594e-05,0.00014005864860289208,-1.3171557369351383e-05,0.0001190756354320088,0.005605949252791037,0.005266392831479571,0.006867246993991999,-0.0038689172254792736,0.00684929170579575
18,implicit_mass_as_recorded,0,39,U_L/shoulder_lift_joint,controlled26,8,0.0003436307586596268,0.0003148362858647058,0.00047678276011176024,0.00031131345351476103,0.00047531701817553617,0.027259126454637465,0.026185590328302845,0.03223537698263257,-0.026185590328302845,0.03209909634221043
18,implicit_mass_as_recorded,0,40,U_L/elbow_joint,controlled26,8,0.0001902669657655567,0.00017118993549769534,0.00026419264013433086,-0.00015059010814044704,0.0002615099611000926,0.049933172728322504,0.046979002114273784,0.06064829789823662,0.046979002114273784,0.060534791614150124
18,implicit_mass_as_recorded,0,41,U_L/wrist_1_joint,controlled26,8,6.130474783997734e-05,5.836923906131497e-05,9.166625402368123e-05,-3.561777095419105e-05,8.458727975655943e-05,0.007440595263756973,0.005880113108008169,0.01292378459841631,0.0034903378792640227,0.012757924229304076
18,implicit_mass_as_recorded,0,42,U_L/wrist_2_joint,controlled26,8,5.597867489223973e-05,3.395130593047968e-05,0.00012513961401272589,-1.4429904926172021e-05,0.00010858923618818347,0.0050893131385407655,0.0035534104618756314,0.010969086365013092,0.002171548919114079,0.009984450353665327
18,implicit_mass_as_recorded,0,43,U_L/wrist_3_joint,controlled26,8,4.4615743058047844e-05,2.6463207616678197e-05,0.00010113538810552214,-1.132750686128059e-05,8.692798332614602e-05,0.0018436846168354692,0.0012360329789787095,0.003572151335177298,0.0009201023444023839,0.0034932382952870375
18,implicit_mass_as_recorded,0,44,U_L/left_index_1_joint,hand48,8,0.004083003806598898,0.0031163962291396946,0.008138988473572958,-0.0027223212078939596,0.007758610372146062,0.420468812832821,0.36976578607064203,0.7325235313163795,-0.3582890022623778,0.6881518884235087
18,implicit_mass_as_recorded,0,45,U_L/left_little_1_joint,hand48,8,0.0030385330744803637,0.0023553583928378093,0.0061164019142126574,-0.0019707816001075726,0.0057562528699968635,0.3161527426843978,0.27931252808401363,0.5383216600619466,-0.2766750974894411,0.5027485002570855
18,implicit_mass_as_recorded,0,46,U_L/left_middle_1_joint,hand48,8,0.0036580147292814614,0.0025336168340859035,0.0074209430621781924,-0.002054758979359469,0.007149832977192766,0.38799390029247977,0.3208575650179667,0.7296910375136022,-0.30677902387701406,0.6903487451580088
18,implicit_mass_as_recorded,0,47,U_L/left_ring_1_joint,hand48,8,0.003371074456445829,0.00236501352035081,0.006865124552082991,-0.0019328633216375915,0.0065645435946423015,0.35866776911339593,0.3013245883307285,0.6654278387217076,-0.29092150524207266,0.626565208569248
18,implicit_mass_as_recorded,0,48,U_L/left_thumb_1_joint,hand48,8,1.638337272300871e-05,1.3468917132747338e-05,3.109955825697508e-05,6.19541101185006e-07,2.9053709004597804e-05,0.01760048811099941,0.011320165019178739,0.04022795821620572,0.00711935856498336,0.035842001673381904
18,implicit_mass_as_recorded,0,49,U_L/left_index_2_joint,hand48,8,2.90096955295752e-05,1.9637008907464476e-05,5.4219590300635945e-05,-1.5527574324734894e-05,5.04362443140012e-05,0.0020673216047181094,0.0012146855102313947,0.004249348324064321,0.0008343965519702885,0.004143519384301653
18,implicit_mass_as_recorded,0,50,U_L/left_little_2_joint,hand48,8,3.515128164445036e-05,2.315170626702827e-05,7.53499683462805e-05,-2.315170626702827e-05,7.041365882812372e-05,0.0017602523904964398,0.0016519994340865821,0.002222342197859142,-0.0016519994340865821,0.0022110140407466876
18,implicit_mass_as_recorded,0,51,U_L/left_middle_2_joint,hand48,8,5.9476971241314795e-05,3.886962336509259e-05,0.00012735108765765668,-3.886962336509259e-05,0.00011927537373356,0.0030858305491341,0.002856570387347465,0.003887748330333231,-0.002856570387347465,0.003868037819273549
18,implicit_mass_as_recorded,0,52,U_L/left_ring_2_joint,hand48,8,8.913219958947854e-05,5.728744784124287e-05,0.00018999337302291752,-5.728744784124287e-05,0.0001788222178292345,0.005605666668848326,0.0051736035491568855,0.008138908239110745,-0.0051736035491568855,0.007461023544777323
18,implicit_mass_as_recorded,0,53,U_L/left_thumb_2_joint,hand48,8,0.00046194509842118105,0.00043157301326860083,0.0006021667512734197,-0.00035222112031117227,0.000594287110360827,0.02339405604959597,0.016619797366228,0.04466677702434994,0.00530579445340449,0.043884419893295896
18,implicit_mass_as_recorded,0,54,U_L/left_thumb_3_joint,hand48,8,0.0013607643657316097,0.0010988800428728736,0.002584261273394145,-0.00031118121311139897,0.002472246421988398,0.1187585733544788,0.08448182927298344,0.24191532541775376,0.05243932284570724,0.2287026140664293
18,implicit_mass_as_recorded,0,55,U_L/left_thumb_4_joint,hand48,8,4.4209110398478096e-05,3.2413222797051874e-05,9.015594822921191e-05,-2.7759906433539802e-05,8.543123139019629e-05,0.004248635920795472,0.003728923373850963,0.007331565111609266,-0.003586683280933714,0.006966303580418214
18,implicit_mass_as_recorded,0,56,U_R/shoulder_pan_joint,controlled26,8,0.00016267632982681554,0.0001378960777144722,0.00031551449809130716,5.1626371361968015e-05,0.00027224354261485835,0.012408882448914346,0.009850980549281255,0.02180250317482338,0.0006535930724429961,0.021247154022860964
18,implicit_mass_as_recorded,0,57,U_R/shoulder_lift_joint,controlled26,8,0.00019525651306700326,0.0001791551144104675,0.00029512730886693817,0.0001791551144104675,0.00028606814216600716,0.016013959323836376,0.013276320886334243,0.03417989708735525,0.010895319125554116,0.02962270406721467
18,implicit_mass_as_recorded,0,58,U_R/elbow_joint,controlled26,8,0.0001701836523047327,0.0001567703112273222,0.00029441421003872925,0.00011396661110232853,0.0002512944167001651,0.0453556169664686,0.040467468730668754,0.08816210717402148,-0.03696509959525887,0.07580296594419114
18,implicit_mass_as_recorded,0,59,U_R/wrist_1_joint,controlled26,8,5.104230078487385e-05,4.217545056273142e-05,9.251192538917152e-05,-2.239098551526375e-05,8.783100256941622e-05,0.008776198680548566,0.006679112295966053,0.02122844661535017,0.006679112295966053,0.0165230534835808
18,implicit_mass_as_recorded,0,60,U_R/wrist_2_joint,controlled26,8,2.8356231121953293e-05,1.8570447172683302e-05,6.316977575671068e-05,2.7780032335056326e-06,5.744987456987593e-05,0.005555032058167464,0.004441700276730808,0.010270003649456239,-0.0006620880351452564,0.010226304731463362
18,implicit_mass_as_recorded,0,61,U_R/wrist_3_joint,controlled26,8,6.782283485292372e-05,3.8098414803622305e-05,0.0001729409947062166,-2.119877546857829e-05,0.00013607114162810234,0.002098141532109053,0.0014227632844689107,0.0037204297905400474,0.0014227632844689107,0.0036148679452430526
18,implicit_mass_as_recorded,0,62,U_R/right_index_1_joint,hand48,8,0.005452429275856225,0.005211362837072282,0.00939608785862098,0.005211362837072282,0.007806973845397691,0.2878422054710671,0.2787808023525824,0.3267205779603871,0.2787808023525824,0.3232422731661656
18,implicit_mass_as_recorded,0,63,U_R/right_little_1_joint,hand48,8,0.0038741670963418854,0.0037153291046865752,0.006337278330121474,0.0037153291046865752,0.005427665143063986,0.21018593006184647,0.20080080429199032,0.23757359717519932,0.20080080429199032,0.23441968498712756
18,implicit_mass_as_recorded,0,64,U_R/right_middle_1_joint,hand48,8,0.005689850376287629,0.005453875607654777,0.009635107122165643,0.005453875607654777,0.008080573441515929,0.36447407982411284,0.35368594308287626,0.5443166779657899,0.35368594308287626,0.4795866554366344
18,implicit_mass_as_recorded,0,65,U_R/right_ring_1_joint,hand48,8,0.005044552218760793,0.004836681146115532,0.008427462818774926,0.004836681146115532,0.00711955650862637,0.31316736951077184,0.3037503062625934,0.43860117907854673,0.3037503062625934,0.39615712208360065
18,implicit_mass_as_recorded,0,66,U_R/right_thumb_1_joint,hand48,8,2.1015949708876406e-05,2.0735542867952872e-05,2.931834656832999e-05,-2.0735542867952872e-05,2.6375177038945316e-05,0.03597881427138184,0.03345597119091484,0.06712130356049947,-0.03345597119091484,0.056438614466534066
18,implicit_mass_as_recorded,0,67,U_R/right_index_2_joint,hand48,8,0.00038656355568703375,0.00023512245814708184,0.0007200336161725801,0.00023512245814708184,0.0007016501975142863,0.011551659080048831,0.007845616577410317,0.02469772664138514,-0.007845616577410317,0.022699157442136426
18,implicit_mass_as_recorded,0,68,U_R/right_little_2_joint,hand48,8,0.00032634121120317264,0.00021685900473961996,0.0005890812356012937,0.00021685900473961996,0.0005863581416444697,0.0077161957231363125,0.004502302721501907,0.018233941210229334,-0.003931392933557398,0.015742658054828503
18,implicit_mass_as_recorded,0,69,U_R/right_middle_2_joint,hand48,8,0.00037316661807430666,0.00025559790083460026,0.0006734858288917414,0.00025559790083460026,0.0006688492774535968,0.009280908486195841,0.005419622895653627,0.02172576455382101,-0.004692503948543178,0.018965229362004267
18,implicit_mass_as_recorded,0,70,U_R/right_ring_2_joint,hand48,8,0.0004046128240683854,0.00029309232662708996,0.0007396449928983861,0.00029309232662708996,0.0007245449305923634,0.008513558429839864,0.006030597613000217,0.02049604466079863,-0.0023586237753531435,0.01699257544247689
18,implicit_mass_as_recorded,0,71,U_R/right_thumb_2_joint,hand48,8,0.00016595514728602405,0.0001505681085718323,0.00025876336321480065,-7.221891023408492e-05,0.00024490942149204897,0.029805157071119796,0.02484087053324339,0.04850724684157635,0.010354615680132972,0.047234472724465314
18,implicit_mass_as_recorded,0,72,U_R/right_thumb_3_joint,hand48,8,0.0010673913480538037,0.0008702911455036495,0.002090746156357931,-0.0008702911455036495,0.0018458056652300426,0.0770238491173006,0.06058344670501738,0.16343098272633497,-0.03657978259733058,0.14116204860593487
18,implicit_mass_as_recorded,0,73,U_R/right_thumb_4_joint,hand48,8,9.198937471904123e-05,8.768028515780679e-05,0.00016113312053414597,8.768028515780679e-05,0.00013253417476916658,0.004829246809396315,0.004556253997215418,0.007316391511620316,0.004556253997215418,0.006442504342809181
18,implicit_mass_as_recorded,1,0,F_L/fr3_joint1,controlled26,8,4.448367900056632e-05,4.028798269709033e-05,6.376422209020127e-05,3.0393979347759226e-05,6.181066990552652e-05,0.0009053249583288577,0.0008399192102964124,0.0014775595110598436,0.0005503316271819902,0.00138589760345935
18,implicit_mass_as_recorded,1,1,F_L/fr3_joint2,controlled26,8,0.00017075555351620995,0.0001422702885029159,0.00033622628619589534,1.583504350474718e-05,0.0003011001424397252,0.005721238273816947,0.004619707220909369,0.011621478126178794,-0.0003393147900494402,0.01042907425319597
18,implicit_mass_as_recorded,1,2,F_L/fr3_joint3,controlled26,8,8.547793009893995e-05,5.491855282674374e-05,0.00015698261421781545,-5.491855282674374e-05,0.00015576545389973663,0.0027768307510741045,0.0024388465914051503,0.0054490898597718,-0.00019516166164144054,0.004775885859600732
18,implicit_mass_as_recorded,1,3,F_L/fr3_joint4,controlled26,8,4.142290265554224e-05,3.090882233486303e-05,8.239786179453645e-05,-1.2090998185998458e-07,7.72094478976748e-05,0.003476310379890669,0.002417457169086432,0.00677248038281672,0.000591690967105962,0.006244551505514367
18,implicit_mass_as_recorded,1,4,F_L/fr3_joint5,controlled26,8,3.316921582376099e-05,2.1201007874629973e-05,7.935602596975677e-05,-5.9207430402746786e-06,6.734307082583711e-05,0.0009501242781121044,0.0007298527908743868,0.0018941889738662843,0.00014351350572887987,0.0017909695074044584
18,implicit_mass_as_recorded,1,5,F_L/fr3_joint6,controlled26,8,2.6012337267206358e-05,1.4300459961313905e-05,6.349505720248949e-05,-1.3321912062103092e-05,5.359128176346538e-05,0.00042018378456770174,0.0003563035713456186,0.0007737899507487215,-0.00010699403391913647,0.0007123605942653607
18,implicit_mass_as_recorded,1,6,F_L/fr3_joint7,controlled26,8,9.114159336952318e-05,6.039485134101685e-05,0.00016674609475542113,5.0191479958716645e-05,0.0001608655338033449,0.0013306358551117765,0.0010036153236709063,0.002848759326684422,0.0001787844249000877,0.0025099874460047175
18,implicit_mass_as_recorded,1,7,F_L/left_index_1_joint,hand48,8,0.004105095094310439,0.0026417695374470872,0.008772488125961195,0.00223734136952731,0.007804840452049215,0.08379750051712231,0.058293367398630516,0.1799706989204617,0.032478943313041714,0.16584515437611896
18,implicit_mass_as_recorded,1,8,F_L/left_middle_1_joint,hand48,8,0.00419524489361751,0.0027230036562906814,0.008941924275414681,0.0023213703987815474,0.007955540897601733,0.09035926896065637,0.06362235015772484,0.189848513001859,0.038526735733792915,0.17553302319771338
18,implicit_mass_as_recorded,1,9,F_L/left_pinky_1_joint,hand48,8,0.0015697080464907771,0.0009785078908462943,0.0033873253213998616,0.0008807973932149372,0.0029151736490478893,0.0148759593703425,0.009911116301970509,0.03568485419333152,-0.0027862590233236136,0.02950700589750317
18,implicit_mass_as_recorded,1,10,F_L/left_ring_1_joint,hand48,8,0.00379565948438272,0.0024484578486129015,0.008022780494788356,0.0020912590728150663,0.007135455409323921,0.07404205603018907,0.05169827671511393,0.15757322614001135,0.028979603027366317,0.14602997863664455
18,implicit_mass_as_recorded,1,11,F_L/left_thumb_1_joint,hand48,8,8.87435514552553e-05,5.68043465096835e-05,0.00019041179897386074,-4.877496373809683e-05,0.00016902145363610757,0.0035826320947209963,0.0023476245390171924,0.00757241664927738,-0.0015663727449197343,0.007138306773954384
18,implicit_mass_as_recorded,1,12,F_L/left_index_2_joint,hand48,8,1.3252737553824932e-06,7.629364007361028e-07,2.922632286697646e-06,-5.495195002820641e-07,2.7028551565895506e-06,0.00025267336404222375,0.00012674436167608836,0.000688413641382129,0.00012066244577004897,0.000505475237449948
18,implicit_mass_as_recorded,1,13,F_L/left_middle_2_joint,hand48,8,7.249691485011544e-05,4.806287110948118e-05,0.00014747978590351485,3.82727608875498e-05,0.000135187715699972,0.0016312152748657498,0.0011726511910802192,0.003568764806533956,0.0005911202394997086,0.0032104382699875587
18,implicit_mass_as_recorded,1,14,F_L/left_pinky_2_joint,hand48,8,0.0001077522048459666,7.143641547891454e-05,0.00021518140855934786,5.7402880831320877e-05,0.0001992024072281502,0.002141316227407542,0.001477613428674641,0.004729990671756676,0.0006203108284689702,0.0042670571735855724
18,implicit_mass_as_recorded,1,15,F_L/left_ring_2_joint,hand48,8,0.00018008567867936859,0.00012016372109202589,0.00035764862988038604,9.572328371857536e-05,0.0003303874721916608,0.0033059434058347694,0.0023027682676698964,0.007355399096557635,0.0008160235463258691,0.006572928268561361
18,implicit_mass_as_recorded,1,16,F_L/left_thumb_2_joint,hand48,8,0.0007127035866589146,0.000549335056446801,0.0015845046077944888,-9.527359827951176e-05,0.0013510990573334923,0.0353104940623343,0.029591067237460935,0.07447221204877885,0.00018783577612832385,0.06350618766049929
18,implicit_mass_as_recorded,1,17,F_L/left_thumb_3_joint,hand48,8,0.0036870876107734066,0.0028817301311028086,0.008211157094850069,-0.000525216591194574,0.006973411875036557,0.1833681810222454,0.1521848287695515,0.3886431095375109,-0.0025271825958371533,0.3331897487727973
18,implicit_mass_as_recorded,1,18,F_L/left_thumb_4_joint,hand48,8,6.087358523358824e-06,4.628964500114768e-06,1.1986138765095189e-05,2.5083122677359987e-06,1.0810415398081889e-05,5.980163512786284e-05,4.498724471632753e-05,0.00010961595852363056,7.037241853368032e-06,0.00010571906875466294
18,implicit_mass_as_recorded,1,19,F_R/fr3_joint1,controlled26,8,0.00018268214945584867,0.00013714595459568546,0.0003695509455532431,3.680581384302162e-05,0.00034942147948540113,0.005732670922682727,0.005016695070628822,0.010905296145953564,0.0033695842616672084,0.009394397627416073
18,implicit_mass_as_recorded,1,20,F_R/fr3_joint2,controlled26,8,0.00010122464664998698,6.178520057054104e-05,0.0002208376171946025,5.659112736411398e-05,0.0001961520544841416,0.004487168285744587,0.0018294687101792603,0.012616817845474438,-0.0014950652658803835,0.008669096421576806
18,implicit_mass_as_recorded,1,21,F_R/fr3_joint3,controlled26,8,0.0002666496628663534,0.0001714932832909133,0.0006047725867142084,-1.4074691670029615e-05,0.0005047102442708338,0.004736679642477926,0.0031433712756510235,0.010501281352262429,0.0013876825979687814,0.009493859828746454
18,implicit_mass_as_recorded,1,22,F_R/fr3_joint4,controlled26,8,8.514626759800559e-05,5.162898853788844e-05,0.00020170086849113922,1.2037714151036383e-06,0.0001686576729149291,0.005972594801771567,0.0034871620668675803,0.014803636219331834,0.00062478298279827,0.011630570963420638
18,implicit_mass_as_recorded,1,23,F_R/fr3_joint5,controlled26,8,2.7957493372140546e-05,1.6083109193681944e-05,6.198248360167469e-05,-1.5644151669852446e-05,5.5956276433599675e-05,0.0027510807082108324,0.0014757123249851394,0.007031139333273273,0.00028390875143620626,0.005465266127527289
18,implicit_mass_as_recorded,1,24,F_R/fr3_joint6,controlled26,8,2.0214968037905247e-05,1.171656059761883e-05,5.151583275875282e-05,9.966195690380708e-06,4.156321574151354e-05,0.0008167691541338205,0.0005288933518763524,0.0015709564048533562,0.0001361542506630134,0.0014912842046013721
18,implicit_mass_as_recorded,1,25,F_R/fr3_joint7,controlled26,8,2.920710399212955e-05,1.4314431467030153e-05,7.954132264945124e-05,-1.0500959625112105e-05,5.7371875371529905e-05,0.001087471053042921,0.0006013570528839215,0.002607067781027761,-0.0005045174198495118,0.0022483020202481285
18,implicit_mass_as_recorded,1,26,F_R/right_index_1_joint,hand48,8,0.001241351188580111,0.0006120336479045058,0.003366556523218295,0.0003276285582274954,0.0025259866072325846,0.06831005845956968,0.039407982979378094,0.16913328173525555,0.029672122274825657,0.13942874861898547
18,implicit_mass_as_recorded,1,27,F_R/right_middle_1_joint,hand48,8,0.001348293368724898,0.00074596688162049,0.0034848788456564306,0.00022980813558837795,0.0027821474453920718,0.07403211304631291,0.04297494269643324,0.18609728854628782,0.029801384257155037,0.14873716846262525
18,implicit_mass_as_recorded,1,28,F_R/right_pinky_1_joint,hand48,8,0.0010651720096774351,0.0006290564380805764,0.002427918090093281,6.212303094038814e-05,0.002173952252105672,0.04505707275724243,0.02651707431602992,0.11020565999478853,0.021497859367142238,0.09261045363842832
18,implicit_mass_as_recorded,1,29,F_R/right_ring_1_joint,hand48,8,0.001135657870807655,0.0006587108689930206,0.0027676333037863626,0.00013618051360535146,0.0023457136296645923,0.055252032628320895,0.03277185450120365,0.13799109685872515,0.024526323546123552,0.11222599708193325
18,implicit_mass_as_recorded,1,30,F_R/right_thumb_1_joint,hand48,8,3.647708732558123e-05,1.838088877693586e-05,9.840015107984157e-05,-1.0127508224478526e-05,7.448285517160643e-05,0.0018975185239366418,0.0009830819734511487,0.004975472618957699,-0.0009830819734511487,0.003925954245583892
18,implicit_mass_as_recorded,1,31,F_R/right_index_2_joint,hand48,8,3.6062067075181616e-06,2.2188658410585843e-06,9.081702828081517e-06,-1.7799708358513106e-06,7.335642873450979e-06,5.9371308028349414e-05,3.992701598476808e-05,0.0001495446383600602,-3.5326291148752406e-05,0.00011834252196797855
18,implicit_mass_as_recorded,1,32,F_R/right_middle_2_joint,hand48,8,2.616179422253565e-05,1.2756202386075832e-05,7.074763114618687e-05,6.043270278640461e-06,5.333634469788446e-05,0.0015377893307644587,0.000880495512845026,0.003724536902006306,0.000615542853847985,0.0031156286195948815
18,implicit_mass_as_recorded,1,33,F_R/right_pinky_2_joint,hand48,8,3.950273246820442e-05,1.997766922275969e-05,0.00010501374345639469,8.507088141386163e-06,8.128143783535931e-05,0.0020924039679860004,0.0012017199241428406,0.005115684241925111,0.0008807008122680366,0.004260633568555208
18,implicit_mass_as_recorded,1,34,F_R/right_ring_2_joint,hand48,8,6.41404521610925e-05,3.412792894984078e-05,0.0001652240886892975,1.0786248153839967e-05,0.0001330102992241677,0.0032460611864785238,0.0018664798487057514,0.007890864920546893,0.0014026795815193,0.00663125965929756
18,implicit_mass_as_recorded,1,35,F_R/right_thumb_2_joint,hand48,8,0.0010076197373527938,0.0005937373712675345,0.0025706011173869947,0.0001965139595195009,0.0019896550604793367,0.023599914201577636,0.014528037664349864,0.05629583223777285,0.0020307528679979698,0.0457125815427526
18,implicit_mass_as_recorded,1,36,F_R/right_thumb_3_joint,hand48,8,0.009484111872202843,0.005662363249280539,0.02396882445029258,0.0018124428375576093,0.018748764103378484,0.2467071514907283,0.15137311270102477,0.5853416449591913,0.01735009096857716,0.4797985686126641
18,implicit_mass_as_recorded,1,37,F_R/right_thumb_4_joint,hand48,8,5.017377577672761e-06,2.6184963528123884e-06,1.2233814069548266e-05,5.889870934513985e-07,1.0444328850828935e-05,0.00017930161744966874,0.0001182182070963283,0.0004174312773775709,0.0001182182070963283,0.0003539604741900663
18,implicit_mass_as_recorded,1,38,U_L/shoulder_pan_joint,controlled26,8,7.273498904421901e-05,4.879195744023068e-05,0.00016075248816438403,-2.3800527754636036e-05,0.00014510987571383357,0.008751467580487685,0.008269186098917053,0.010931992055280382,-0.007269463443216306,0.010888439179690835
18,implicit_mass_as_recorded,1,39,U_L/shoulder_lift_joint,controlled26,8,0.0005902595966261328,0.0005483930813362514,0.0008421279386352509,0.0005483930813362514,0.0008407469391950251,0.044321829406358544,0.04377127012361526,0.04814763491170092,-0.04377127012361526,0.048019768364476384
18,implicit_mass_as_recorded,1,40,U_L/elbow_joint,controlled26,8,0.0002511114560908211,0.00023664439686094108,0.0003544859779487375,-0.00023664439686094108,0.00034123379510323513,0.07394666086688725,0.07309701663905427,0.08255427871715275,0.07309701663905427,0.08228725968443157
18,implicit_mass_as_recorded,1,41,U_L/wrist_1_joint,controlled26,8,9.4503051684408e-05,7.89593949909323e-05,0.00019509650259330602,-2.1469729087911227e-05,0.00015604900221309885,0.005605275513180567,0.005160916333457823,0.006698620780789102,0.005160916333457823,0.006661379733308954
18,implicit_mass_as_recorded,1,42,U_L/wrist_2_joint,controlled26,8,8.358013156499873e-05,5.011440973368142e-05,0.0001998261083191455,1.58035265872547e-05,0.00016773019804767748,0.001183180381404908,0.0011273867403069255,0.001465191596132065,-0.0008272178892344518,0.001402495365465932
18,implicit_mass_as_recorded,1,43,U_L/wrist_3_joint,controlled26,8,0.0001005511323458634,5.413749364785447e-05,0.0002592638834348904,2.965288072859229e-05,0.0001996029993337033,0.0005561065070896592,0.0004308007974390942,0.0011973193010122315,7.82389631966332e-05,0.0010718514551936876
18,implicit_mass_as_recorded,1,44,U_L/left_index_1_joint,hand48,8,0.005928092232488178,0.0049385126728893345,0.011342385993377564,-0.0044390283936886965,0.010665483862616055,0.3118591837454185,0.30375513847801383,0.3875791781686963,-0.30375513847801383,0.3734608566096343
18,implicit_mass_as_recorded,1,45,U_L/left_little_1_joint,hand48,8,0.004392765640828244,0.003680173030252051,0.008477884330975086,-0.0032602865748088596,0.00790191807744241,0.25241846771446225,0.2474441520690051,0.3171793868327363,-0.2474441520690051,0.3030056651444085
18,implicit_mass_as_recorded,1,46,U_L/left_middle_1_joint,hand48,8,0.005205344715922649,0.003855858555830486,0.010514932284677758,-0.0032056465631573085,0.00994609568421033,0.26016358459703637,0.24603382387112638,0.37733943469486914,-0.24603382387112638,0.34660333178901426
18,implicit_mass_as_recorded,1,47,U_L/left_ring_1_joint,hand48,8,0.004800290720124065,0.0036510310004024688,0.009683713570456914,-0.003057324954971234,0.009107617267524907,0.25145179597815875,0.2403932490381136,0.35540041039923076,-0.2403932490381136,0.32812133821069556
18,implicit_mass_as_recorded,1,48,U_L/left_thumb_1_joint,hand48,8,2.686572460211905e-05,1.985661489495305e-05,5.613850831442946e-05,3.798248259870296e-06,4.9958360911081516e-05,0.0028323245853136016,0.002398995421705099,0.005649120410572622,-0.002398995421705099,0.004825174705819564
18,implicit_mass_as_recorded,1,49,U_L/left_index_2_joint,hand48,8,2.5577358185681865e-05,1.6204561991777465e-05,5.050392534294845e-05,-1.4693935581253613e-05,4.614033354354285e-05,0.0007299733098514237,0.0006986456615031733,0.0008697878996300732,-0.00044823019479812374,0.000867348911073974
18,implicit_mass_as_recorded,1,50,U_L/left_little_2_joint,hand48,8,4.2204661643313405e-05,3.154851810183677e-05,8.871510370475622e-05,-3.154851810183677e-05,8.162450491224492e-05,0.0020958443528152123,0.002046837524542302,0.002506239507078341,-0.002046837524542302,0.0024978248812282168
18,implicit_mass_as_recorded,1,51,U_L/left_middle_2_joint,hand48,8,7.403883409419695e-05,5.465483619913718e-05,0.0001558919919521229,-5.465483619913718e-05,0.00014376303542656813,0.0038659425235605875,0.0037845162151219714,0.004562696708728601,-0.0037845162151219714,0.004541967931656512
18,implicit_mass_as_recorded,1,52,U_L/left_ring_2_joint,hand48,8,0.00011254659717151854,8.118135221496514e-05,0.00023506625563660122,-8.090059179045178e-05,0.00021790430184163016,0.0056471757701779,0.005513937123777892,0.006618957694994127,-0.005513937123777892,0.006583441757354244
18,implicit_mass_as_recorded,1,53,U_L/left_thumb_2_joint,hand48,8,0.0008315259185000084,0.0007510093680662515,0.0011015407644571484,-0.0007040454850150077,0.0010972450085979621,0.01364841102632131,0.010602354184886574,0.030291694178848326,0.004921092328022153,0.02551358901827349
18,implicit_mass_as_recorded,1,54,U_L/left_thumb_3_joint,hand48,8,0.0019634242837903043,0.0016980816320778039,0.0035347848546882915,-0.0005530026914794157,0.003301094833285314,0.07180417418091571,0.05409193589971094,0.15411765015582635,0.04718419713251816,0.13663253086440894
18,implicit_mass_as_recorded,1,55,U_L/left_thumb_4_joint,hand48,8,6.156615732016494e-05,4.95354804318348e-05,0.00012164421898822053,-4.370243648779866e-05,0.0001138417034172251,0.0031897575482228795,0.0030931673016069035,0.004154380569963801,-0.0030931673016069035,0.003938854519540629
18,implicit_mass_as_recorded,1,56,U_R/shoulder_pan_joint,controlled26,8,0.0002079189231833775,0.00016207298105963552,0.00045375326394037074,0.00010542225335008482,0.0003881468945707621,0.012816855300239727,0.011888755519313367,0.018972322958731247,-0.0029796391840158044,0.018614410407038533
18,implicit_mass_as_recorded,1,57,U_R/shoulder_lift_joint,controlled26,8,0.00044646639757215355,0.0004109305953770015,0.0005894661772458676,0.0004109305953770015,0.0005758677335905293,0.011148661377415856,0.009835140121436301,0.019753215912274025,0.009835140121436301,0.018267762266768715
18,implicit_mass_as_recorded,1,58,U_R/elbow_joint,controlled26,8,0.0001867173086997598,0.00017409541991350586,0.00023863745625263277,0.00013533653116351574,0.00023764806712350817,0.04478709864701437,0.043684575747232626,0.06210225260745833,-0.043684575747232626,0.056070589509075064
18,implicit_mass_as_recorded,1,59,U_R/wrist_1_joint,controlled26,8,6.782060307921547e-05,5.614130123882122e-05,0.0001512891040094111,-1.300366393325314e-05,0.000122198354150127,0.0043038462465970675,0.004195359648590982,0.006563201161402243,0.004195359648590982,0.0059224014100066735
18,implicit_mass_as_recorded,1,60,U_R/wrist_2_joint,controlled26,8,9.881007723862489e-05,5.412686883654594e-05,0.00026716515163582866,-3.082768179091255e-05,0.00019908591636919038,0.002761540643349369,0.002737100603110134,0.003054679736493487,0.002737100603110134,0.0030330001707185197
18,implicit_mass_as_recorded,1,61,U_R/wrist_3_joint,controlled26,8,0.00010700028545714295,6.356278016217409e-05,0.00024828159862444465,1.666899706531666e-05,0.00021614019277356174,0.0010957172862957954,0.0007295552813393106,0.002587259328795482,0.0007295552813393106,0.0022276599167747094
18,implicit_mass_as_recorded,1,62,U_R/right_index_1_joint,hand48,8,0.008970438504220505,0.008921243636585014,0.00989924743117438,0.008921243636585014,0.009687597825649496,0.23541260599867006,0.2132339726226939,0.27988317967867377,0.20684374389868235,0.2785747565158495
18,implicit_mass_as_recorded,1,63,U_R/right_little_1_joint,hand48,8,0.006852325606969867,0.006763375687602354,0.008635001140443646,0.006763375687602354,0.008113949382796547,0.16987473610092502,0.15372819113722874,0.21190228311389273,0.15372819113722874,0.20620017809471153
18,implicit_mass_as_recorded,1,64,U_R/right_middle_1_joint,hand48,8,0.009956293864660088,0.009821924940258138,0.013721356384650149,0.009821924940258138,0.012396920970974216,0.2729368081090706,0.25755604128156206,0.3311535142125305,0.25755604128156206,0.3227169885661865
18,implicit_mass_as_recorded,1,65,U_R/right_ring_1_joint,hand48,8,0.00888802695910451,0.008770909306679762,0.011889742684008622,0.008770909306679762,0.010874889500346853,0.24284876552965254,0.2275805062025614,0.2914433890226319,0.2275805062025614,0.2865623078281137
18,implicit_mass_as_recorded,1,66,U_R/right_thumb_1_joint,hand48,8,5.736882072221795e-05,5.597556656721653e-05,8.853905904798731e-05,-5.597556656721653e-05,7.684311321920488e-05,0.027756415563286677,0.027744792490220008,0.029289445743647474,-0.027744792490220008,0.02881391218921857
18,implicit_mass_as_recorded,1,67,U_R/right_index_2_joint,hand48,8,0.00032720678367439,0.00019969544982208383,0.0006736032746209875,0.00019969544982208383,0.0006292249242648123,0.010208378064651583,0.006704981762910996,0.019784025499040132,-0.006704981762910996,0.019593627836164598
18,implicit_mass_as_recorded,1,68,U_R/right_little_2_joint,hand48,8,0.00029487773272083277,0.00021256748009262916,0.0005787273194544501,0.00021256748009262916,0.0005527187112062855,0.007724299334625027,0.004657242157144799,0.01512924519005982,-0.004044694216762726,0.015089561694724656
18,implicit_mass_as_recorded,1,69,U_R/right_middle_2_joint,hand48,8,0.00035165246058805656,0.0002684989662486495,0.000667713964130151,0.0002684989662486495,0.0006459927894459986,0.008613087772429778,0.005513440952531935,0.017119053038534393,-0.004020280207925823,0.016911469897519373
18,implicit_mass_as_recorded,1,70,U_R/right_ring_2_joint,hand48,8,0.00040427405879503583,0.00033117970375768496,0.0007321817017858917,0.00033117970375768496,0.000717665900767045,0.008615243839496705,0.006299848592739792,0.016831302156462426,-0.0026065567181257606,0.016579690941833668
18,implicit_mass_as_recorded,1,71,U_R/right_thumb_2_joint,hand48,8,0.0002979866956246696,0.00025935436404440296,0.0005717056161401515,1.600245663032577e-05,0.0004908171141326164,0.028134302887477286,0.02338088889356558,0.04961892572406545,0.015122462553719792,0.04843317088734622
18,implicit_mass_as_recorded,1,72,U_R/right_thumb_3_joint,hand48,8,0.001205188363206316,0.0009791350633809245,0.00231351813268868,-0.0009791350633809245,0.002116265583329942,0.08646950807941449,0.06835987837858434,0.14696503736717034,0.00039033713390574515,0.14033981292763723
18,implicit_mass_as_recorded,1,73,U_R/right_thumb_4_joint,hand48,8,0.00015480674464785622,0.0001527397006843203,0.0002114212027337914,0.0001527397006843203,0.00019035996683250744,0.003512340879151095,0.0032143973585985544,0.004134774806711315,0.002893561639779727,0.004124288733141623
18,implicit_no_coriolis,both,0,F_L/fr3_joint1,controlled26,16,3.509583359639169e-05,3.037274345220331e-05,6.362161204842565e-05,2.3572445967248723e-05,5.7877850764165295e-05,0.0031703849572881824,0.0018978748556350493,0.010221702097507487,0.00044938316030000827,0.006266897722696599
18,implicit_no_coriolis,both,1,F_L/fr3_joint2,controlled26,16,0.00013297990917779414,0.00010384265666925352,0.00033632299116459485,1.7544677490530236e-05,0.0002600298775242704,0.006720403949545051,0.00514823707742988,0.014391574360728512,-0.0006465391949671585,0.012689374303375998
18,implicit_no_coriolis,both,2,F_L/fr3_joint3,controlled26,16,8.134924917526545e-05,5.1729085422169696e-05,0.00015721369041266087,-5.1729085422169696e-05,0.00015443199589576517,0.0035040148067841206,0.0028369036272075506,0.00808536555847679,0.00015824009248766925,0.007210151202000666
18,implicit_no_coriolis,both,3,F_L/fr3_joint4,controlled26,16,3.1139867149608014e-05,2.0684394548164953e-05,8.230891974836396e-05,-2.3052403958778722e-06,7.235216794182486e-05,0.00854837559749502,0.004826357984964121,0.024000389468308805,0.0006028421697814495,0.01836916883826938
18,implicit_no_coriolis,both,4,F_L/fr3_joint5,controlled26,16,2.874848317201318e-05,1.638374300733797e-05,7.987292190059225e-05,-7.101195719498576e-06,6.806705709300198e-05,0.004834508779753307,0.002296521933184907,0.016892650050307826,0.0018419870970129222,0.009003334567438497
18,implicit_no_coriolis,both,5,F_L/fr3_joint6,controlled26,16,2.116301813384549e-05,1.0956467005884818e-05,6.371731572052397e-05,-1.0404572682004565e-05,4.315827116074811e-05,0.0016700299679866474,0.000922904702533204,0.004370283030175864,-0.00037693412238985877,0.00424359782507866
18,implicit_no_coriolis,both,6,F_L/fr3_joint7,controlled26,16,8.397851454785607e-05,5.421297001334535e-05,0.00016674953973527806,4.640265696564949e-05,0.0001598347677054801,0.0023702178832494497,0.0014909080857032958,0.006583703342740471,0.0005973198736640864,0.005690151871286027
18,implicit_no_coriolis,both,7,F_L/left_index_1_joint,hand48,16,0.0036043536851314813,0.0022503499471854113,0.008773090513930507,0.0019381199395265775,0.00755388101318653,0.1859947901223125,0.11036139196422716,0.4662023251782971,0.08603040752884318,0.4224518740350378
18,implicit_no_coriolis,both,8,F_L/left_middle_1_joint,hand48,16,0.0036532793963148726,0.002301809134145308,0.008942488790917011,0.00199312656995297,0.007536774994080567,0.19290178134990815,0.11606554308404553,0.49044724289629565,0.09219304317711664,0.43286230203254294
18,implicit_no_coriolis,both,9,F_L/left_pinky_1_joint,hand48,16,0.0015230950786562106,0.0009245718932302796,0.0034608844855156112,0.0008489709694480011,0.003405862915229589,0.04481324334268827,0.024662207865824813,0.11444429187907576,0.015724029946888967,0.11233404842250526
18,implicit_no_coriolis,both,10,F_L/left_ring_1_joint,hand48,16,0.003336574525839271,0.002093446730039721,0.008023204053049598,0.001817709025202732,0.006904870376912023,0.17010448978031698,0.10039209960744093,0.42561090492561615,0.07897183855771725,0.38293607079099845
18,implicit_no_coriolis,both,11,F_L/left_thumb_1_joint,hand48,16,7.585173644445968e-05,4.616187235972858e-05,0.00018991648832009794,-4.03313287707526e-05,0.00016071225982058034,0.011790657848717521,0.005638235299560156,0.04144886218894403,-0.005007846741185255,0.022458465299285427
18,implicit_no_coriolis,both,12,F_L/left_index_2_joint,hand48,16,4.4795285994565196e-06,2.3322081455032923e-06,1.3215988312331728e-05,-2.0583146519218e-06,1.010094153731586e-05,0.0010979811838234608,0.00048523539762674646,0.004020900063976344,-0.0003315499992314717,0.0020111955258324678
18,implicit_no_coriolis,both,13,F_L/left_middle_2_joint,hand48,16,6.193884913171735e-05,3.936572298326828e-05,0.00014760271753852527,3.216006719578349e-05,0.00012125405936448327,0.002273316788980123,0.0015366942236929152,0.005729807305343592,0.0009181293537279614,0.0050026268560010275
18,implicit_no_coriolis,both,14,F_L/left_pinky_2_joint,hand48,16,9.574919604772422e-05,6.15742889932755e-05,0.00021517290803713118,5.089494217036701e-05,0.00019253069260976793,0.004059621251056709,0.0025597965616230723,0.010213771636475414,0.0017016754028844204,0.008515495449256732
18,implicit_no_coriolis,both,15,F_L/left_ring_2_joint,hand48,16,0.0001613888180745317,0.00010372823641162723,0.00035774105814131985,8.575072991900273e-05,0.00032603150402389647,0.00613117879945668,0.0039119273809568155,0.01584794101665622,0.0024167974007343112,0.013660997575253186
18,implicit_no_coriolis,both,16,F_L/left_thumb_2_joint,hand48,16,0.0005723839862795115,0.00042745120163746814,0.0015844342010765192,-8.265089385742696e-05,0.001084331921253354,0.03908040286482775,0.031315813421463896,0.0938282956841579,-0.00288442498206359,0.0793080752024712
18,implicit_no_coriolis,both,17,F_L/left_thumb_3_joint,hand48,16,0.002963359770483657,0.0022441036182492486,0.008211146058979747,-0.0004426694697266941,0.0055588430937670375,0.21404549498734887,0.17045208909731535,0.5307345602821267,-0.022926167299220535,0.42416547192855913
18,implicit_no_coriolis,both,18,F_L/left_thumb_4_joint,hand48,16,5.913852229323722e-06,4.503464828877098e-06,1.1989333769696353e-05,2.4303615304890197e-06,1.1402416619477398e-05,0.0003837094746926235,0.00023171551519678054,0.001193129644321728,8.382670012764526e-05,0.0008420770375617179
18,implicit_no_coriolis,both,19,F_R/fr3_joint1,controlled26,16,0.0001607382623779787,0.00011789277084706118,0.00035935630818562103,2.472459733243726e-05,0.0003238684979858242,0.0066291725798810685,0.005324823117834131,0.014499560304066711,0.0023953416700648877,0.013542003784023707
18,implicit_no_coriolis,both,20,F_R/fr3_joint2,controlled26,16,9.05063435565072e-05,5.3788029026162476e-05,0.00022115619615242776,4.9820730807982605e-05,0.0001914161819036586,0.008191853178019166,0.003320175436614354,0.02970355046818686,-0.002125828007847475,0.016771531371783107
18,implicit_no_coriolis,both,21,F_R/fr3_joint3,controlled26,16,0.00025074859532079653,0.00015572550593595524,0.0006109306336163911,-1.9845027159681727e-05,0.0005790247889414513,0.006302945286030652,0.004116873513116373,0.01657577544027941,0.0018206867838482582,0.013387602575168259
18,implicit_no_coriolis,both,22,F_R/fr3_joint4,controlled26,16,9.490600747042107e-05,5.4305756551853435e-05,0.0002698767302777849,-4.083198493237683e-06,0.00021539536513165425,0.012934933862246893,0.006296569519486552,0.04584420779513458,0.0019220674069291136,0.022816980966169506
18,implicit_no_coriolis,both,23,F_R/fr3_joint5,controlled26,16,2.9173412479388593e-05,1.4952758109712527e-05,8.291311242647481e-05,-1.4113126661399744e-05,6.71789327195138e-05,0.011025167035788904,0.004550540454996359,0.041123249646457964,0.0015026863686124457,0.01787260676741089
18,implicit_no_coriolis,both,24,F_R/fr3_joint6,controlled26,16,1.5737082105002937e-05,8.34714536401826e-06,5.172443925793857e-05,7.807284044147877e-06,3.047906590669669e-05,0.0025641450478366278,0.0012410846562304705,0.0077706886077791824,9.456307706377071e-05,0.006600444158882077
18,implicit_no_coriolis,both,25,F_R/fr3_joint7,controlled26,16,2.9337326592193387e-05,1.382738362942261e-05,8.148122802123514e-05,-9.952573342993445e-06,8.002765329966771e-05,0.0012265194007260425,0.0006844988271291295,0.003229423517288346,-0.0005367533544177566,0.0027626861445975634
18,implicit_no_coriolis,both,26,F_R/right_index_1_joint,hand48,16,0.0009925489247254243,0.0004913199269609078,0.0033667601705313077,0.0002172796497439261,0.0021382704549120085,0.08002388158946397,0.044661822464766396,0.22329368674068747,0.02397424166165038,0.18268278840753036
18,implicit_no_coriolis,both,27,F_R/right_middle_1_joint,hand48,16,0.001080192746887131,0.0006017597827498327,0.003485061245548614,0.00012839897633976907,0.002167948446272527,0.08620939997641429,0.047740582172953634,0.23136401140120075,0.021172804140873615,0.1974224106753825
18,implicit_no_coriolis,both,28,F_R/right_pinky_1_joint,hand48,16,0.000900612453621912,0.0005425814689742165,0.0024280572536772432,-9.157244591947479e-06,0.0018828973284682714,0.06170832983453076,0.03345749293762221,0.15957530296150263,0.013561669710585773,0.1435408371043539
18,implicit_no_coriolis,both,29,F_R/right_ring_1_joint,hand48,16,0.0009305217062927078,0.0005484601707762904,0.0027678313268425375,5.459447361976302e-05,0.0018626241218088375,0.06978895483467171,0.03860757189495263,0.18342680503583753,0.016402947452042745,0.15108378919238127
18,implicit_no_coriolis,both,30,F_R/right_thumb_1_joint,hand48,16,3.0035693900504455e-05,1.541585970649996e-05,9.834059986910115e-05,-6.580264638107389e-06,6.609055556369703e-05,0.0029969550328583783,0.0015737646373566263,0.008379236684614716,-0.001351067118158251,0.006949552021192013
18,implicit_no_coriolis,both,31,F_R/right_index_2_joint,hand48,16,4.044649974717791e-06,2.4433298789197297e-06,1.075542836206922e-05,-1.4996306035219495e-06,9.457944461541135e-06,0.0003079699178005214,0.00013384608152070974,0.0011608008233342385,-7.032481541025151e-05,0.0005555463491468686
18,implicit_no_coriolis,both,32,F_R/right_middle_2_joint,hand48,16,2.0603412340939502e-05,9.875175498348827e-06,7.080530080180725e-05,3.857195081302146e-06,4.236059587197846e-05,0.001629386131767372,0.0009411406066077454,0.003973621068319201,0.0005111725304267085,0.003789495069303036
18,implicit_no_coriolis,both,33,F_R/right_pinky_2_joint,hand48,16,3.175483636016392e-05,1.6268874945671308e-05,0.0001050467374181796,5.318389537923435e-06,6.710376396297513e-05,0.002388049058882927,0.0013703856358469988,0.006408152593907267,0.0007400302552137545,0.005440337112472133
18,implicit_no_coriolis,both,34,F_R/right_ring_2_joint,hand48,16,5.214133162482477e-05,2.832407114187639e-05,0.0001652759201050888,5.769685157413964e-06,0.00010596411770034085,0.0038009088526767807,0.002174929070172963,0.009981042230689092,0.0011103210603385955,0.008415853504340504
18,implicit_no_coriolis,both,35,F_R/right_thumb_2_joint,hand48,16,0.0008546802087574999,0.0004922091009220428,0.002568177069644864,0.00017303403288711824,0.0019310981874101352,0.045663423379160434,0.024793523179390112,0.15377559941487648,0.006686097099385757,0.08055297226191108
18,implicit_no_coriolis,both,36,F_R/right_thumb_3_joint,hand48,16,0.007977356054305782,0.0046505779234138995,0.02396846382078513,0.0015954855598173433,0.01762090624778218,0.4953709418296757,0.26590590406757736,1.6798156001158495,0.0709624571335856,0.8694718655434022
18,implicit_no_coriolis,both,37,F_R/right_thumb_4_joint,hand48,16,4.862372032058549e-06,2.6995440728849393e-06,1.2232125248812231e-05,2.3092025844446973e-08,1.0282880785212473e-05,0.00046335871545723884,0.00025506252782680203,0.0013593880830852154,3.740217929683605e-05,0.0011319471515035995
18,implicit_no_coriolis,both,38,U_L/shoulder_pan_joint,controlled26,16,5.562066088053185e-05,4.1065991542632574e-05,0.0001193986826386606,-1.0650438555970254e-05,0.0001191346926174841,0.007436299676504638,0.006767064870691989,0.01087136695731678,-0.004942853832047457,0.010814139272606344
18,implicit_no_coriolis,both,39,U_L/shoulder_lift_joint,controlled26,16,0.000498855604030701,0.00045080325050825265,0.0008654648325765457,0.00045080325050825265,0.0008649129841172831,0.035850095972808256,0.03348422724223152,0.04802432684525078,-0.03348422724223152,0.04762621457211001
18,implicit_no_coriolis,both,40,U_L/elbow_joint,controlled26,16,0.0002609476593121625,0.0002446792812092896,0.0003803565653861529,-0.0002446792812092896,0.0003767737230859769,0.060703867363825506,0.056387562602703584,0.08190212024114107,0.056387562602703584,0.08115367943699354
18,implicit_no_coriolis,both,41,U_L/wrist_1_joint,controlled26,16,0.00010334728716376625,8.340422219321741e-05,0.0002893124596954344,-6.008947027763556e-06,0.00017990356303099198,0.011462746510996576,0.007631949688485788,0.02928204647476987,0.005425141510079333,0.027806561383630586
18,implicit_no_coriolis,both,42,U_L/wrist_2_joint,controlled26,16,7.850732858047573e-05,4.001041143057715e-05,0.00021618909643472684,3.3090103693025896e-05,0.0001917625627331776,0.008807551271004087,0.004550393303449709,0.026788716618947273,0.0025197064393345943,0.02237888042492192
18,implicit_no_coriolis,both,43,U_L/wrist_3_joint,controlled26,16,0.00011198560001797486,5.2475690858505564e-05,0.0003482975412545386,4.970618449959274e-05,0.0002323933646988241,0.0075450579280794605,0.0037378038166892688,0.019976045653012753,0.002720007963106295,0.018560937047247345
18,implicit_no_coriolis,both,44,U_L/left_index_1_joint,hand48,16,0.005090584330308522,0.0040280601107477824,0.011341529554685321,-0.0035808169935780485,0.009890530885185182,0.3702165575128358,0.3367438152058741,0.7332722865189432,-0.33097961411463517,0.6380316630376303
18,implicit_no_coriolis,both,45,U_L/left_little_1_joint,hand48,16,0.0037773920188766174,0.0030182154548054133,0.008477578778016442,-0.002615611896137293,0.007243070896508573,0.28609034180611165,0.26337795800999997,0.5388045317959627,-0.26203503303456654,0.4624609977379454
18,implicit_no_coriolis,both,46,U_L/left_middle_1_joint,hand48,16,0.004499650136961636,0.0031954637160823574,0.01051437576637132,-0.0026304825913226106,0.009294914739532548,0.3303916076912882,0.28343235556132884,0.73047233050781,-0.27637116465198697,0.64600318806197
18,implicit_no_coriolis,both,47,U_L/left_ring_1_joint,hand48,16,0.0041485171534910974,0.003008658377862369,0.009683268588468963,-0.0024952779950155168,0.008448348266036961,0.3097875780998856,0.27085235471532015,0.6660929997212054,-0.26562589115736357,0.5826672778018406
18,implicit_no_coriolis,both,48,U_L/left_thumb_1_joint,hand48,16,2.1045982501283628e-05,1.489804067112896e-05,5.881591114426099e-05,1.3309211641283902e-06,4.603977437601936e-05,0.012002198947317284,0.00662560048836152,0.038205329548683865,0.0024605050359296377,0.02939997657460091
18,implicit_no_coriolis,both,49,U_L/left_index_2_joint,hand48,16,2.7541999322506777e-05,1.804666998828173e-05,5.606427922373591e-05,-1.5144830983957781e-05,5.1688583800706817e-05,0.0014983177635612117,0.0009548020714095943,0.004091733160900659,0.00020609965253699607,0.0038171395895570015
18,implicit_no_coriolis,both,50,U_L/left_little_2_joint,hand48,16,3.8969008056887655e-05,2.7362079011344735e-05,8.862348920199437e-05,-2.7362079011344735e-05,7.940372324691594e-05,0.0019299190233354549,0.001843015379729201,0.002504966599776739,-0.001843015379729201,0.002486778842485635
18,implicit_no_coriolis,both,51,U_L/left_middle_2_joint,hand48,16,6.744752010403266e-05,4.685166457749426e-05,0.00015570890612895405,-4.685166457749426e-05,0.00013598887770184184,0.003482391998920893,0.003309378356812979,0.004559259299045879,-0.003309378356812979,0.0045146963551053
18,implicit_no_coriolis,both,52,U_L/left_ring_2_joint,hand48,16,0.00010175960147951703,6.935804526343563e-05,0.00023494319259187435,-6.915792876858486e-05,0.00020246187877977911,0.005627470345691095,0.005334949534908909,0.008335884256491495,-0.005334949534908909,0.007046019515304237
18,implicit_no_coriolis,both,53,U_L/left_thumb_2_joint,hand48,16,0.0006724541691701256,0.0005910538346739847,0.001101676250745004,-0.0005268725495251479,0.001091670062797867,0.01927330041229838,0.013619528310412571,0.04550845985497293,0.005169038346829311,0.043516057127450575
18,implicit_no_coriolis,both,54,U_L/left_thumb_3_joint,hand48,16,0.0016893102166086042,0.0013985519521215063,0.003534662799396432,-0.00043193845943786946,0.0030340637574542903,0.09814965563641874,0.06929022568240743,0.24202345817205195,0.04981845902139188,0.21366761045539162
18,implicit_no_coriolis,both,55,U_L/left_thumb_4_joint,hand48,16,5.355674471660483e-05,4.093816183874024e-05,0.00012158668177138232,-3.571984258487083e-05,0.00010490933754335463,0.0037539038855366395,0.0034078029673491744,0.007323094580464285,-0.003339478226812998,0.006530471314339547
18,implicit_no_coriolis,both,56,U_R/shoulder_pan_joint,controlled26,16,0.00016605797057702126,0.00013218138846565752,0.00040250653643436607,8.104821361215597e-05,0.0003165695129639934,0.014482916042314605,0.012241861035442092,0.02619354028417341,-0.0009867352050531748,0.02376332142185501
18,implicit_no_coriolis,both,57,U_R/shoulder_lift_joint,controlled26,16,0.00035312164650855917,0.00030056472390088684,0.0005838291079793834,0.00030056472390088684,0.0005830766674341792,0.015248973782473758,0.012395381829277595,0.03982700856630539,0.010817032634346045,0.02713865766290438
18,implicit_no_coriolis,both,58,U_R/elbow_joint,controlled26,16,0.00017405759219078605,0.00015705356234235746,0.00025148824584508844,0.00013416173808819543,0.0002490345630318247,0.046626842435873894,0.04294228498044414,0.09904435900600736,-0.03957683718442273,0.07374695824572648
18,implicit_no_coriolis,both,59,U_R/wrist_1_joint,controlled26,16,5.825575841705021e-05,4.728600456024856e-05,0.00014162090247138437,-2.3398310396161026e-06,0.00012704666464313785,0.010224632382997709,0.006297564925607546,0.03652294447876436,0.006297564925607546,0.01774060586592431
18,implicit_no_coriolis,both,60,U_R/wrist_2_joint,controlled26,16,0.00011507841318426073,6.0088116200895936e-05,0.00036171673131335513,-4.338450309107622e-05,0.0002372099743956635,0.009451063126285101,0.005766018872008917,0.02635939910306026,-0.0005962365900788612,0.02499383322099654
18,implicit_no_coriolis,both,61,U_R/wrist_3_joint,controlled26,16,0.00010509577208406511,5.2878580240833806e-05,0.00032086248215446034,4.3532208576890774e-05,0.00022285292722190597,0.008459262760953537,0.004137546605453363,0.02171544050479627,0.0036116154502301295,0.02066868095822503
18,implicit_no_coriolis,both,62,U_R/right_index_1_joint,hand48,16,0.007423152889667786,0.00706657745152877,0.00989739023111716,0.00706657745152877,0.009526643069920461,0.2629887642384179,0.24610377752621587,0.326885705852521,0.24277620750161655,0.31929162075251144
18,implicit_no_coriolis,both,63,U_R/right_little_1_joint,hand48,16,0.005566140033447525,0.005239362298551048,0.008633721737675445,0.005239362298551048,0.007518167311116514,0.1911196613747521,0.17724039813637246,0.23802574084524525,0.17724039813637246,0.2309286844142946
18,implicit_no_coriolis,both,64,U_R/right_middle_1_joint,hand48,16,0.008108878706628348,0.007638125589886694,0.013719408911663941,0.007638125589886694,0.010882837514625997,0.32202977307230946,0.30558482315753543,0.5451369924153038,0.30558482315753543,0.4058161774843528
18,implicit_no_coriolis,both,65,U_R/right_ring_1_joint,hand48,16,0.0072265792926832825,0.006803903280243609,0.01188805516660698,0.006803903280243609,0.009714653334949296,0.28026139054971294,0.2656330554966367,0.4392724746710091,0.2656330554966367,0.34781692903064665
18,implicit_no_coriolis,both,66,U_R/right_thumb_1_joint,hand48,16,4.404821498133061e-05,3.841892310366482e-05,9.131029499093168e-05,-3.841892310366482e-05,6.51743463508242e-05,0.03208735966526606,0.03071318426286731,0.06520252476160215,-0.03071318426286731,0.043478098713039766
18,implicit_no_coriolis,both,67,U_R/right_index_2_joint,hand48,16,0.00035837201838444444,0.00021749540161804335,0.0007204606699822425,0.00021749540161804335,0.0006853618607226969,0.010915804621643776,0.007285776651166687,0.024640071497749633,-0.007285776651166687,0.021099494420210106
18,implicit_no_coriolis,both,68,U_R/right_little_2_joint,hand48,16,0.0003110737851212869,0.00021471890625250796,0.0005890377001539077,0.00021471890625250796,0.0005839372518888566,0.007733019837489445,0.004582957249761218,0.01822022640063705,-0.003993848706448558,0.015944919955322646
18,implicit_no_coriolis,both,69,U_R/right_middle_2_joint,hand48,16,0.0003627973842466365,0.0002621259128284233,0.0006756814431555791,0.0002621259128284233,0.0006697930708765669,0.008975102267356453,0.005473385551613254,0.02167084196820932,-0.004367701198722655,0.01836277009826658
18,implicit_no_coriolis,both,70,U_R/right_ring_2_joint,hand48,16,0.0004045808057346701,0.00031217388009750595,0.0007413116450672996,0.00031217388009750595,0.0007345378076929164,0.008586848379867514,0.0061705456168044785,0.020461462296545045,-0.0024918964359075977,0.0178169621975945
18,implicit_no_coriolis,both,71,U_R/right_thumb_2_joint,hand48,16,0.00024327333307499035,0.00020692109897554834,0.0005761529925928308,-2.9137458266316214e-05,0.0004005065742012908,0.02914417663616223,0.024220560236900737,0.050973859450468145,0.01275196670972453,0.04856937018462981
18,implicit_no_coriolis,both,72,U_R/right_thumb_3_joint,hand48,16,0.0011386690916707523,0.000924873845025093,0.0023141232659921462,-0.000924873845025093,0.002147385792546197,0.08192296727691532,0.06448647583756699,0.16346757991177993,-0.01809412043112175,0.15123194958465302
18,implicit_no_coriolis,both,73,U_R/right_thumb_4_joint,hand48,16,0.000127305070418839,0.0001201766370952477,0.00021152798992082888,0.0001201766370952477,0.00017351576265528176,0.004216324806887641,0.0038802494332090013,0.007281818092598391,0.003725755123057779,0.005434455760003752
18,implicit_no_coriolis,0,0,F_L/fr3_joint1,controlled26,8,2.2693534143110697e-05,2.0704343925620483e-05,3.61640953761011e-05,1.713471421702084e-05,3.425927950982954e-05,0.004387632479226427,0.0029319066472220288,0.010221702097507487,0.0003764811228451569,0.008376126722595736
18,implicit_no_coriolis,0,1,F_L/fr3_joint2,controlled26,8,7.917821276658595e-05,6.552782895782872e-05,0.00014248268044170231,1.9391044163791227e-05,0.00014047197109351428,0.00759620332794619,0.005687510136709921,0.014391574360728512,-0.0009408770245368302,0.013597214333964004
18,implicit_no_coriolis,0,2,F_L/fr3_joint3,controlled26,8,7.648836890864298e-05,4.818167620820879e-05,0.00013806954465556132,-4.818167620820879e-05,0.00013715226674637648,0.0040948640615840115,0.003213171750994362,0.00808536555847679,0.0005377729094186584,0.007676932192121264
18,implicit_no_coriolis,0,3,F_L/fr3_joint4,controlled26,8,1.400263088665201e-05,1.0144548537899256e-05,3.0057892070001202e-05,-4.151643812094763e-06,2.7357004774952727e-05,0.011573603866200877,0.007214670231138863,0.024000389468308805,0.0006356078031430853,0.021372486507623738
18,implicit_no_coriolis,0,4,F_L/fr3_joint5,controlled26,8,2.329920388831093e-05,1.1485107658096294e-05,6.413176882380522e-05,-8.181261330550416e-06,4.63110345940376e-05,0.00677029912263379,0.0038576766871089075,0.016892650050307826,0.003547163303944388,0.013210969491635468
18,implicit_no_coriolis,0,5,F_L/fr3_joint6,controlled26,8,1.474532963776167e-05,7.721646221398037e-06,3.6305256307489486e-05,-7.475250129979072e-06,3.06087193772897e-05,0.0023256995017610434,0.0014966320311255213,0.004370283030175864,-0.0006462810822633427,0.004311163267797169
18,implicit_no_coriolis,0,6,F_L/fr3_joint7,controlled26,8,7.614116545488412e-05,4.802991753113939e-05,0.00015752984369554746,4.261159311977347e-05,0.00014347141555870466,0.003076582235847574,0.0019782924000223906,0.006583703342740471,0.0010157087808630302,0.00616671265606173
18,implicit_no_coriolis,0,7,F_L/left_index_1_joint,hand48,8,0.0030214945257801586,0.0018588380328656423,0.007147477846271871,0.00163878773158508,0.005955939924373469,0.24932992220185474,0.16242487490967394,0.4662023251782971,0.13957465644790465,0.4457854479781094
18,implicit_no_coriolis,0,8,F_L/left_middle_1_joint,hand48,8,0.003015185643256738,0.0018805243524283536,0.00706820372846842,0.0016647730940202495,0.005916479593361076,0.25740318762990516,0.16850435868630043,0.49044724289629565,0.14585216110219335,0.46357427049321104
18,implicit_no_coriolis,0,9,F_L/left_pinky_1_joint,hand48,8,0.0014749400569563018,0.0008706120449676977,0.0034608844855156112,0.0008170986121925055,0.0028395529391735917,0.06160573557204874,0.03941511474456312,0.11444429187907576,0.034231258385495164,0.11345951159934287
18,implicit_no_coriolis,0,10,F_L/left_ring_1_joint,hand48,8,0.0028031048103194255,0.0017383637394503045,0.006532092484866164,0.0015440697468428483,0.005460176009910061,0.22888488249904976,0.1490825376035403,0.42561090492561615,0.12895817224300882,0.4056959823294612
18,implicit_no_coriolis,0,11,F_L/left_thumb_1_joint,hand48,8,6.050164935358092e-05,3.560595615945735e-05,0.0001509775169874078,-3.202651530540435e-05,0.00012102821061752279,0.01628603785244016,0.008931257462471281,0.04144886218894403,-0.008458860933397592,0.032586676973770004
18,implicit_no_coriolis,0,12,F_L/left_index_2_joint,hand48,8,6.195528987174863e-06,3.883292735793603e-06,1.3215988312331728e-05,-3.594178432229922e-06,1.1762299817324322e-05,0.0015315323103584607,0.0008422754474062722,0.004020900063976344,-0.0007855858830789805,0.003083037946175867
18,implicit_no_coriolis,0,13,F_L/left_middle_2_joint,hand48,8,4.910569076414587e-05,3.065477585008358e-05,0.00011247117330646927,2.601949034806289e-05,9.570881424178568e-05,0.0027696809764767485,0.0018997683632229027,0.005729807305343592,0.0012432388938962227,0.005390456428983728
18,implicit_no_coriolis,0,14,F_L/left_pinky_2_joint,hand48,8,8.200700975475472e-05,5.171389868355476e-05,0.00018498328746731352,4.438366179646165e-05,0.00015879367918877476,0.0053268221524953125,0.003642030724525117,0.010213771636475414,0.00278275761514886,0.009421242749106695
18,implicit_no_coriolis,0,15,F_L/left_ring_2_joint,hand48,8,0.00014018177400680385,8.728209196009334e-05,0.000315461652651422,7.57554312626127e-05,0.00026939692382860474,0.00801564657558517,0.005522006748067089,0.01584794101665622,0.004016019595536245,0.014827367410668136
18,implicit_no_coriolis,0,16,F_L/left_thumb_2_joint,hand48,8,0.0003837139784278814,0.00030514471434344836,0.0008555122633162326,-6.967410548399441e-05,0.0007249749633479828,0.042529101840867486,0.03306266568939645,0.0938282956841579,-0.005935639437243406,0.08048739930987873
18,implicit_no_coriolis,0,17,F_L/left_thumb_3_joint,hand48,8,0.0019920472885199456,0.0016063847072275272,0.0044443032930413864,-0.00036004199644900595,0.0037234890022366293,0.24084865120164445,0.18872429687841186,0.5307345602821267,-0.04332037256668801,0.4583267190185401
18,implicit_no_coriolis,0,18,F_L/left_thumb_4_joint,hand48,8,5.785334719575531e-06,4.416897634395775e-06,1.1206777569404414e-05,2.3871297186207896e-06,1.0169227628858966e-05,0.0005390477320406471,0.00041633017635341995,0.001193129644321728,0.00016268024480110252,0.0010293050945003896
18,implicit_no_coriolis,0,19,F_R/fr3_joint1,controlled26,8,0.00013868531889759205,9.993677796737988e-05,0.000292888887111431,1.3898297213987831e-05,0.00026318029349869926,0.007489705532459924,0.005727193349019441,0.014499560304066711,0.0015153606207813617,0.01405270059471331
18,implicit_no_coriolis,0,20,F_R/fr3_joint2,controlled26,8,7.786184995412389e-05,4.548402189905043e-05,0.00018150284382073556,4.273261615850288e-05,0.00015513281697262233,0.010703620186185162,0.004833783900302448,0.02970355046818686,-0.0027794994799818845,0.020883932563192896
18,implicit_no_coriolis,0,21,F_R/fr3_joint3,controlled26,8,0.0002317280819539546,0.00013916515643203065,0.000568389507383138,-2.4867755131163793e-05,0.0004513882431407266,0.007544973371014026,0.005029783737104232,0.01657577544027941,0.002310829972621299,0.015087961436560871
18,implicit_no_coriolis,0,22,F_R/fr3_joint4,controlled26,8,0.00010482749051636204,5.754828007795143e-05,0.0002698767302777849,-9.920902491494799e-06,0.00020919957310397967,0.017253546132301355,0.009063324735168929,0.04584420779513458,0.0031774986524911496,0.033995043185200496
18,implicit_no_coriolis,0,23,F_R/fr3_joint5,controlled26,8,3.050420974696684e-05,1.3932445151271233e-05,8.291311242647481e-05,-1.2691663429792444e-05,6.214768574143156e-05,0.015344353478143514,0.007619172692058154,0.041123249646457964,0.0027145261776726566,0.03027294963623598
18,implicit_no_coriolis,0,24,F_R/fr3_joint6,controlled26,8,9.32876014634952e-06,5.2856449224147894e-06,2.3397274789616063e-05,5.2856449224147894e-06,1.9269748196126807e-05,0.003541354974492919,0.0019727510731995905,0.0077706886077791824,3.0078921254795112e-05,0.007224574531627199
18,implicit_no_coriolis,0,25,F_R/fr3_joint7,controlled26,8,2.9466330365695065e-05,1.3340003967358266e-05,8.148122802123514e-05,-9.403852529090567e-06,5.847341022737759e-05,0.0013513315469014728,0.0007676542246283989,0.003229423517288346,-0.0005689599242726598,0.0027573240556247347
18,implicit_no_coriolis,0,26,F_R/right_index_1_joint,hand48,8,0.000655377869089646,0.0003707556642912786,0.0017287738830389088,0.00010672934827881189,0.0013138352266042549,0.09023110732136004,0.04992438030212807,0.22329368674068747,0.01826439365523843,0.1869706989675139
18,implicit_no_coriolis,0,27,F_R/right_middle_1_joint,hand48,8,0.0007183369382591532,0.00045767511398288503,0.0017289108465138314,2.6820921720261195e-05,0.0013903301415322917,0.09686969444196585,0.05251325735373705,0.23136401140120075,0.01253427149929302,0.20130227924836583
18,implicit_no_coriolis,0,28,F_R/right_pinky_1_joint,hand48,8,0.0006985756300194419,0.00045622955976362504,0.0013233094718443916,-8.059612641037571e-05,0.0012667769640461552,0.07473812465462791,0.04040496134630843,0.15957530296150263,0.005616206975297494,0.15209255222816653
18,implicit_no_coriolis,0,29,F_R/right_ring_1_joint,hand48,8,0.0006651145992557379,0.0004383421774811795,0.0014287032782092715,-2.7174763404024492e-05,0.0012491761854624259,0.081782565619965,0.044450835110559195,0.18342680503583753,0.008268850327537103,0.16833339764222457
18,implicit_no_coriolis,0,30,F_R/right_thumb_1_joint,hand48,8,2.174094452075767e-05,1.2415116712329033e-05,5.534054079522899e-05,-3.0829071054200297e-06,4.465461551007575e-05,0.0037905811271599873,0.0021674242979242767,0.008379236684614716,-0.0017220292595275257,0.007712050508350787
18,implicit_no_coriolis,0,31,F_R/right_index_2_joint,hand48,8,4.441435390790308e-06,2.6444245373197922e-06,1.075542836206922e-05,-1.2571498865850822e-06,8.933212946373583e-06,0.00043207540228230136,0.00023000910700287855,0.0011608008233342385,-0.00010756841614573785,0.0008783487353801322
18,implicit_no_coriolis,0,32,F_R/right_middle_2_joint,hand48,8,1.2851253845623388e-05,7.0256125404549036e-06,3.2879027562035534e-05,1.624997625087124e-06,2.6506405495438357e-05,0.0017164814139033232,0.0010035839742981365,0.003973621068319201,0.00040409200396266705,0.003410728938240845
18,implicit_no_coriolis,0,33,F_R/right_pinky_2_joint,hand48,8,2.1386670200047045e-05,1.2582666329596232e-05,5.4456106144573635e-05,2.0987019877238833e-06,4.2559739789241304e-05,0.002651167731171439,0.0015403159501169088,0.006408152593907267,0.0005975638646127673,0.005390081637105141
18,implicit_no_coriolis,0,34,F_R/right_ring_2_joint,hand48,8,3.6392633872910554e-05,2.2535119366817388e-05,8.61935168987582e-05,7.250706844791344e-07,7.027478466876816e-05,0.0042842561523490025,0.0024841431993523253,0.009981042230689092,0.0008163568887600598,0.008723188670627572
18,implicit_no_coriolis,0,35,F_R/right_thumb_2_joint,hand48,8,0.000668736476936784,0.0003909797097682525,0.0017187385599985588,0.00014986211588193833,0.0013190366492803413,0.060128543123209054,0.03507757003934606,0.15377559941487648,0.011360531801713415,0.11881673743092047
18,implicit_no_coriolis,0,36,F_R/right_thumb_3_joint,hand48,8,0.006109844069225232,0.0036388372643204187,0.015505053723447862,0.0013785739169142643,0.012036598189946453,0.655685600973229,0.3804414904450481,1.6798156001158495,0.12457767517302992,1.3016551906487068
18,implicit_no_coriolis,0,37,F_R/right_thumb_4_joint,hand48,8,4.673398641906987e-06,2.761560050430073e-06,9.63313263067922e-06,-5.231416318404736e-07,9.313324283651696e-06,0.0006305272461852321,0.0003931367241328242,0.0013593880830852154,-4.218397292710775e-05,0.001253248981680461
18,implicit_no_coriolis,0,38,U_L/shoulder_pan_joint,controlled26,8,5.339252198148651e-05,3.9361260840475865e-05,0.0001193986826386606,-7.938873504587107e-06,0.00010203979287468632,0.0058379292589158405,0.005258269421712021,0.008069197511538631,-0.0032409700438273624,0.0076230599523405196
18,implicit_no_coriolis,0,39,U_L/shoulder_lift_joint,controlled26,8,0.0003566359665404159,0.0003283110327532146,0.0004995602721651338,0.0003283110327532146,0.0004990541499076296,0.02581774863804661,0.024145799228059872,0.03144822691149518,-0.024145799228059872,0.03131404380633763
18,implicit_no_coriolis,0,40,U_L/elbow_joint,controlled26,8,0.00021087312430921628,0.00019187581962276656,0.00028314428472842046,-0.00019187581962276656,0.00027901313322707954,0.04682560706087378,0.04202451855706135,0.05887064857254813,0.04202451855706135,0.058703978739157184
18,implicit_no_coriolis,0,41,U_L/wrist_1_joint,controlled26,8,6.930511483915174e-05,6.068589401060642e-05,0.00014343393080951117,-8.872672019974437e-06,0.00011342457919503719,0.015359907246818046,0.010657780035774366,0.02928204647476987,0.006699878132981604,0.028593486765571535
18,implicit_no_coriolis,0,42,U_L/wrist_2_joint,controlled26,8,4.7427798417086465e-05,2.6570823227239915e-05,0.00011003683788479712,1.9585563752838597e-05,9.750292634271849e-05,0.012342914905526029,0.0075801312573109125,0.026788716618947273,0.006253568441375862,0.024730793061735437
18,implicit_no_coriolis,0,43,U_L/wrist_3_joint,controlled26,8,7.226657453462782e-05,3.602507289685031e-05,0.0001815136543563689,3.2747013673783965e-05,0.0001507350175057986,0.010554445865954519,0.0065145458089682015,0.019976045653012753,0.006209256374767592,0.019315661636988894
18,implicit_no_coriolis,0,44,U_L/left_index_1_joint,hand48,8,0.004085562922361659,0.003117818326580632,0.008145227850675923,-0.0027233131694225747,0.007764233262256086,0.42072039584138005,0.3699364445898953,0.7332722865189432,-0.3584080424074174,0.6888266622276638
18,implicit_no_coriolis,0,45,U_L/left_little_1_joint,hand48,8,0.0030401946708635916,0.002356327334708414,0.006120425684372224,-0.0019713470634821744,0.00575982813513445,0.3163062357369544,0.2794288057595929,0.5388045317959627,-0.27674295580872604,0.5031775492355546
18,implicit_no_coriolis,0,46,U_L/left_middle_1_joint,hand48,8,0.003660806630350847,0.0025351977600355756,0.007427453576698939,-0.002055906249683149,0.007155704844045453,0.38828858418914003,0.3210390836416569,0.73047233050781,-0.30691670182297315,0.6910533973664179
18,implicit_no_coriolis,0,47,U_L/left_ring_1_joint,hand48,8,0.003373441269312039,0.0023663876692969453,0.006870667338691808,-0.001933755780447969,0.006569508292626331,0.35890989030096637,0.3014815316992046,0.6660929997212054,-0.2910286045832915,0.627160996158835
18,implicit_no_coriolis,0,48,U_L/left_thumb_1_joint,hand48,8,1.1332270982008343e-05,1.0117077141949538e-05,1.8953364003204687e-05,-2.8083967874847904e-06,1.7566091348658605e-05,0.016758754448262927,0.010834181931221843,0.038205329548683865,0.006707989563582496,0.034096164827445145
18,implicit_no_coriolis,0,49,U_L/left_index_2_joint,hand48,8,2.9596815429044426e-05,2.0006970437478136e-05,5.606427922373591e-05,-1.5812658941526808e-05,5.209498461814232e-05,0.0019719687345049553,0.0011541503605081267,0.004091733160900659,0.0008001850294943171,0.0039635894942736186
18,implicit_no_coriolis,0,50,U_L/left_little_2_joint,hand48,8,3.553601185824151e-05,2.3282353978540393e-05,7.633046792855647e-05,-2.3282353978540393e-05,7.128246180027746e-05,0.0017766033240831165,0.0016676777866024112,0.0022195712518444095,-0.0016676777866024112,0.002208099268175157
18,implicit_no_coriolis,0,51,U_L/left_middle_2_joint,hand48,8,6.03323037984508e-05,3.9234567919583727e-05,0.00012941553489280444,-3.9234567919583727e-05,0.00012113566425910673,0.003125025039994785,0.0029003654856900552,0.0038866024471713423,-0.0029003654856900552,0.003866649591453892
18,implicit_no_coriolis,0,52,U_L/left_ring_2_joint,hand48,8,8.981594838354103e-05,5.756227322548796e-05,0.00019163477417574737,-5.756227322548796e-05,0.00018029305727949445,0.005657730280864055,0.00520658391448078,0.008335884256491495,-0.00520658391448078,0.007588666566395178
18,implicit_no_coriolis,0,53,U_L/left_thumb_2_joint,hand48,8,0.0004622843734578322,0.0004317314882882426,0.0006046614310611376,-0.00035062615957391803,0.0005956518602936043,0.02367978059702175,0.01677850648335396,0.04550845985497293,0.005497197397992788,0.0445786719154625
18,implicit_no_coriolis,0,54,U_L/left_thumb_3_joint,hand48,8,0.0013610440572299053,0.0010990160908361801,0.0025846413303517723,-0.0003109858734682905,0.0024728088335954023,0.11880249414975154,0.0845104697827205,0.24202345817205195,0.052462764540548185,0.22879072923761046
18,implicit_no_coriolis,0,55,U_L/left_thumb_4_joint,hand48,8,4.413947797752867e-05,3.2351429253195396e-05,9.008536329317696e-05,-2.774469945818897e-05,8.53220702778247e-05,0.004241764810570189,0.00372150785196727,0.007323094580464285,-0.0035848583708949166,0.006953203722939407
18,implicit_no_coriolis,0,56,U_R/shoulder_pan_joint,controlled26,8,0.00014655062886038058,0.00012515543122881834,0.00028792383847386915,5.3736160553929935e-05,0.0002457191516134882,0.01456620794869152,0.011379919285111293,0.02619354028417341,0.0009067779028692786,0.02505943814842482
18,implicit_no_coriolis,0,57,U_R/shoulder_lift_joint,controlled26,8,0.00019994374933704452,0.0001826691034461092,0.0002908717231555613,0.0001826691034461092,0.00028216691449500786,0.018036522405877407,0.014473713067527306,0.03982700856630539,0.011317014677664206,0.03390577814471824
18,implicit_no_coriolis,0,58,U_R/elbow_joint,controlled26,8,0.00014869515456351735,0.00013642115806131172,0.00020373240552284955,0.0001205207688994292,0.00019256226042738687,0.04851401981025732,0.04290946479043092,0.09904435900600736,-0.036178569198388105,0.08361189873903438
18,implicit_no_coriolis,0,59,U_R/wrist_1_joint,controlled26,8,3.253672840567745e-05,2.9954215563787745e-05,6.082277501961997e-05,-6.014240482132838e-06,5.176279762020285e-05,0.013877100819033709,0.008644400311468015,0.03652294447876436,0.008644400311468015,0.02775785312610566
18,implicit_no_coriolis,0,60,U_R/wrist_2_joint,controlled26,8,7.183145975043867e-05,3.887575958105849e-05,0.0001820703607445795,-2.871336565210547e-05,0.00014924588354980333,0.012925454607769697,0.00828330745814246,0.02635939910306026,-0.004441203466033097,0.025722135024763858
18,implicit_no_coriolis,0,61,U_R/wrist_3_joint,controlled26,8,6.83155224140103e-05,3.692068059868436e-05,0.00016950726823417028,2.8139507603719416e-05,0.00014193644395361633,0.011882506898615777,0.007343594086364171,0.02171544050479627,0.007343594086364171,0.02122695271639636
18,implicit_no_coriolis,0,62,U_R/right_index_1_joint,hand48,8,0.005454133961178225,0.005212512336162373,0.009403060682854895,0.005212512336162373,0.007811498988721129,0.2879552654846683,0.27891874776120973,0.326885705852521,0.27891874776120973,0.32334179947251657
18,implicit_no_coriolis,0,63,U_R/right_little_1_joint,hand48,8,0.0038748885589870445,0.0037157505530706434,0.006341046043323972,0.0037157505530706434,0.0054301158466180995,0.21023803080650305,0.2008513801211117,0.23802574084524525,0.2008513801211117,0.23471378117746827
18,implicit_no_coriolis,0,64,U_R/right_middle_1_joint,hand48,8,0.00569144635771524,0.005454929032480628,0.009641942802473435,0.005454929032480628,0.008085022902510024,0.3646411626813015,0.35381235911861975,0.5451369924153038,0.35381235911861975,0.4801206121141932
18,implicit_no_coriolis,0,65,U_R/right_ring_1_joint,hand48,8,0.005045750301224096,0.004837436411172645,0.00843305672494691,0.004837436411172645,0.007123190512887372,0.3132834982318507,0.30384094169486436,0.4392724746710091,0.30384094169486436,0.3965932200388399
18,implicit_no_coriolis,0,66,U_R/right_thumb_1_joint,hand48,8,1.9142666516721962e-05,1.8982314470061823e-05,2.1868296637528317e-05,-1.8982314470061823e-05,2.1625249149589964e-05,0.03554347862113028,0.0332455753673351,0.06520252476160215,-0.0332455753673351,0.05506445927227302
18,implicit_no_coriolis,0,67,U_R/right_index_2_joint,hand48,8,0.00038718681926545146,0.0002354699711124477,0.0007204606699822425,0.0002354699711124477,0.0007026558365312109,0.011480861124629172,0.007803913353437775,0.024640071497749633,-0.007803913353437775,0.022574311619096902
18,implicit_no_coriolis,0,68,U_R/right_little_2_joint,hand48,8,0.00032655576519009333,0.00021696708073043816,0.0005890377001539077,0.00021696708073043816,0.0005866574909635505,0.007692223439884095,0.004485064589627721,0.01822022640063705,-0.003918423295873796,0.01569442417263728
18,implicit_no_coriolis,0,69,U_R/right_middle_2_joint,hand48,8,0.0003738013805167854,0.00025594133721025276,0.0006756814431555791,0.00025594133721025276,0.0006703910928842389,0.009213164542210966,0.005371406279048109,0.02167084196820932,-0.0046512899349043626,0.018837310193496107
18,implicit_no_coriolis,0,70,U_R/right_ring_2_joint,hand48,8,0.0004050545841843916,0.00029332315338600166,0.0007413116450672996,0.00029332315338600166,0.0007256644717930895,0.008470987485792603,0.005996546312487421,0.020461462296545045,-0.002330923456271705,0.01690009471453053
18,implicit_no_coriolis,0,71,U_R/right_thumb_2_joint,hand48,8,0.00016840786777436102,0.00015266381301261463,0.0002614195644955672,-7.450115742453113e-05,0.0002470448347529609,0.02955940636021614,0.02469994047449131,0.0477678737626837,0.010080735062054709,0.04646326628879597
18,implicit_no_coriolis,0,72,U_R/right_thumb_3_joint,hand48,8,0.001067873460376396,0.0008706226646109042,0.0020918066347308806,-0.0008706226646109042,0.0018468330615802528,0.07701932112828415,0.060562435056993755,0.16346757991177993,-0.03661956648155648,0.14119213426114086
18,implicit_no_coriolis,0,73,U_R/right_thumb_4_joint,hand48,8,9.188940601220994e-05,8.759945232837338e-05,0.00016084502023343272,8.759945232837338e-05,0.00013233836493315576,0.004820136859450804,0.004546553669670146,0.007281818092598391,0.004546553669670146,0.006419715670720892
18,implicit_no_coriolis,1,0,F_L/fr3_joint1,controlled26,8,4.4141121188147235e-05,4.004114297878614e-05,6.362161204842565e-05,3.0010177717476605e-05,6.0941190115770814e-05,0.0009226932220601495,0.0008638430640480698,0.0014703186900722615,0.0005222851977548597,0.001379522124880394
18,implicit_no_coriolis,1,1,F_L/fr3_joint2,controlled26,8,0.00017058171975026516,0.00014215748438067832,0.00033632299116459485,1.5698310817269245e-05,0.0003007195381324434,0.005711860773042411,0.00460896401814984,0.011630123235533078,-0.00035220136539748734,0.01043466850762618
18,implicit_no_coriolis,1,2,F_L/fr3_joint3,controlled26,8,8.593561604162846e-05,5.52764946361306e-05,0.00015721369041266087,-5.52764946361306e-05,0.0001559155663047762,0.0027907575762635495,0.002460635503420739,0.005431703414180075,-0.00022129272444332032,0.004764590914822408
18,implicit_no_coriolis,1,3,F_L/fr3_joint4,controlled26,8,4.1752951757242885e-05,3.122424055843065e-05,8.230891974836396e-05,-4.5883697966098147e-07,7.766243557197904e-05,0.0034930136358103116,0.0024380457387893806,0.006768442540680375,0.0005700765364198136,0.006241903947496984
18,implicit_no_coriolis,1,4,F_L/fr3_joint5,controlled26,8,3.331812821204046e-05,2.1282378356579645e-05,7.987292190059225e-05,-6.021130108446737e-06,6.765249901744539e-05,0.000952890378316279,0.0007353671792609068,0.0018894488431879242,0.00013681089008145614,0.0017878839500356852
18,implicit_no_coriolis,1,5,F_L/fr3_joint6,controlled26,8,2.6044614163790052e-05,1.4191287790371598e-05,6.371731572052397e-05,-1.3333895234030058e-05,5.373601193416897e-05,0.00041124447164113886,0.00034917737394088666,0.0007342696809370629,-0.0001075871625163749,0.0006913416484723285
18,implicit_no_coriolis,1,6,F_L/fr3_joint7,controlled26,8,9.114441691349454e-05,6.0396022495551316e-05,0.00016674953973527806,5.019372081152551e-05,0.00016087134135994718,0.0013306041388099427,0.0010035237713842014,0.0028489787479875905,0.0001789309664651423,0.0025101302573853576
18,implicit_no_coriolis,1,7,F_L/left_index_1_joint,hand48,8,0.004105277311671199,0.0026418618615051803,0.008773090513930507,0.002237452147468075,0.0078052740872249044,0.08380163363624374,0.05829790901878038,0.1799781301316974,0.03248615860978172,0.16584998840915666
18,implicit_no_coriolis,1,8,F_L/left_middle_1_joint,hand48,8,0.004195420864678056,0.002723093915862262,0.008942488790917011,0.00232148004588569,0.007955956995528916,0.09036478016295608,0.0636267274817906,0.18985714771331672,0.03853392525203993,0.175538639618211
18,implicit_no_coriolis,1,9,F_L/left_pinky_1_joint,hand48,8,0.0015697735714552206,0.0009785317414928614,0.003387522391800915,0.0008808433267034968,0.002915301773236294,0.01487235362707593,0.009909300987086507,0.0356710814160504,-0.002783198491717232,0.02949979504562228
18,implicit_no_coriolis,1,10,F_L/left_ring_1_joint,hand48,8,0.003795795378484358,0.0024485297206291376,0.008023204053049598,0.002091348303562616,0.007135778254544483,0.07404583344280834,0.05170166161134157,0.157581527688608,0.028985504872425683,0.14603537800370003
18,implicit_no_coriolis,1,11,F_L/left_thumb_1_joint,hand48,8,8.858059758646861e-05,5.6717788559999816e-05,0.00018991648832009794,-4.863614223610084e-05,0.00016863844265248003,0.0035782951359459594,0.0023452131366490303,0.0075613699386565935,-0.0015568325489729213,0.007131114816527899
18,implicit_no_coriolis,1,12,F_L/left_index_2_joint,hand48,8,1.3220338557592972e-06,7.811235552129814e-07,2.8876054536663975e-06,-5.224508716136778e-07,2.6800948841658453e-06,0.0002559963718274378,0.00012819534784722097,0.0006974870970107034,0.0001224858846160371,0.0005121350026318195
18,implicit_no_coriolis,1,13,F_L/left_middle_2_joint,hand48,8,7.253601311141497e-05,4.8076670116452974e-05,0.00014760271753852527,3.8300644043504084e-05,0.00013528296345014025,0.0016324232706809222,0.0011736200841629277,0.003571472564506757,0.0005930198135597003,0.0032121977115193213
18,implicit_no_coriolis,1,14,F_L/left_pinky_2_joint,hand48,8,0.00010775280710336329,7.143467930299623e-05,0.00021517290803713118,5.740622254427237e-05,0.00019920210144362056,0.002141498344558706,0.0014775623987210273,0.004730903554390519,0.0006205931906199812,0.0042676507971755135
18,implicit_no_coriolis,1,15,F_L/left_ring_2_joint,hand48,8,0.00018011599439054252,0.00012017438086316112,0.00035774105814131985,9.574602857539277e-05,0.0003304619677902673,0.0033063751930360046,0.002301848013846541,0.0073579244497775104,0.0008175752059323767,0.006574569842623737
18,implicit_no_coriolis,1,16,F_L/left_thumb_2_joint,hand48,8,0.0007127485098248156,0.0005497576889314879,0.0015844342010765192,-9.562768223085952e-05,0.0013510531371590418,0.035296335118020335,0.02956896115353135,0.07446800170857563,0.00016678947311622554,0.06350344086515385
18,implicit_no_coriolis,1,17,F_L/left_thumb_3_joint,hand48,8,0.0036871058920164247,0.0028818225292709695,0.008211146058979747,-0.0005252969430043822,0.0069734046752138144,0.18336541403194603,0.1521798813162189,0.38864244247736995,-0.0025319620317530434,0.3331893134303716
18,implicit_no_coriolis,1,18,F_L/left_thumb_4_joint,hand48,8,6.039635631644366e-06,4.59003202335842e-06,1.1989333769696353e-05,2.47359334235725e-06,1.0812501667949169e-05,6.239763232377395e-05,4.7100854040141124e-05,0.00010981221885172031,4.97315545418803e-06,0.0001058472789475769
18,implicit_no_coriolis,1,19,F_R/fr3_joint1,controlled26,8,0.00018011096664794467,0.00013584876372674248,0.00035935630818562103,3.555089745088669e-05,0.0003427953300923825,0.005638809202724744,0.00492245288664882,0.010918899040563479,0.003275322719348414,0.009403266610586828
18,implicit_no_coriolis,1,20,F_R/fr3_joint2,controlled26,8,0.0001015890189422977,6.209203615327452e-05,0.00022115619615242776,5.690884545746233e-05,0.00019635927169860397,0.004432316763311817,0.0018065669729262592,0.012460858339648523,-0.0014721565357130662,0.008567732532870003
18,implicit_no_coriolis,1,21,F_R/fr3_joint3,controlled26,8,0.000268424686168479,0.00017228585543987984,0.0006109306336163911,-1.4822299188199661e-05,0.0005087127592742433,0.004746326515114746,0.0032039632891285134,0.010501234583671082,0.0013305435950752183,0.009498680012986548
18,implicit_no_coriolis,1,22,F_R/fr3_joint4,controlled26,8,8.381824228646928e-05,5.106323302575544e-05,0.00019723491008294403,1.7545055050194325e-06,0.00016573271382983585,0.006077842865848994,0.003529814303804175,0.015141238689847816,0.0006666361613670772,0.011850007637011639
18,implicit_no_coriolis,1,23,F_R/fr3_joint5,controlled26,8,2.7778934088588522e-05,1.597307106815382e-05,6.19342061505268e-05,-1.5534589893007045e-05,5.5634323271425135e-05,0.0027675680067303842,0.0014819082179345629,0.00708378475175677,0.00029084655955223537,0.005498444370986829
18,implicit_no_coriolis,1,24,F_R/fr3_joint6,controlled26,8,2.0206081769880278e-05,1.1408645805621731e-05,5.172443925793857e-05,1.0328923165880965e-05,4.169897409140864e-05,0.0007800542271691523,0.0005094182392613505,0.001401484025554417,0.0001590472328727463,0.0013856081350512803
18,implicit_no_coriolis,1,25,F_R/fr3_joint7,controlled26,8,2.9207753044932286e-05,1.4314763291486954e-05,7.954312839247857e-05,-1.0501294156896324e-05,5.737322095896305e-05,0.0010874753933140802,0.0006013434296298601,0.0026071070203673025,-0.0005045467845628535,0.0022483277553881098
18,implicit_no_coriolis,1,26,F_R/right_index_1_joint,hand48,8,0.0012412842481296163,0.000611884189630537,0.0033667601705313077,0.0003278299512090403,0.0025256288835680597,0.06830805604648917,0.03939926462740473,0.16914582229647798,0.029684089668062335,0.13943690608398357
18,implicit_no_coriolis,1,27,F_R/right_middle_1_joint,hand48,8,0.0013481931552962268,0.0007458444515167804,0.003485061245548614,0.00022997703095927694,0.0027818592328371188,0.07402961290799061,0.04296790699217022,0.1861085437667764,0.029811336782454206,0.14874448987481478
18,implicit_no_coriolis,1,28,F_R/right_pinky_1_joint,hand48,8,0.001064987170054504,0.000628933378184808,0.0024280572536772432,6.228163722648075e-05,0.0021736492885797228,0.04505606135742205,0.02651002452893599,0.1102142046758764,0.021507132445874044,0.09261601210393698
18,implicit_no_coriolis,1,29,F_R/right_ring_1_joint,hand48,8,0.001135501590320623,0.0006585781640714014,0.0027678313268425375,0.00013636371064355054,0.00234540129782681,0.055250415332808264,0.03276430867934606,0.13800333350770816,0.02453704457654838,0.11223395705371156
18,implicit_no_coriolis,1,30,F_R/right_thumb_1_joint,hand48,8,3.649132975810745e-05,1.8416602700670887e-05,9.834059986910115e-05,-1.0077622170794748e-05,7.455955594836135e-05,0.0018960415755908,0.0009801049767889766,0.004971499871795718,-0.0009801049767889766,0.003923370469950735
18,implicit_no_coriolis,1,31,F_R/right_index_2_joint,hand48,8,3.6044470457206883e-06,2.242235220519667e-06,9.025449828031773e-06,-1.7421113204588168e-06,7.299052245541418e-06,5.47885689054502e-05,3.768305603854091e-05,0.00013520378306838623,-3.308121467476518e-05,0.00010900244494078838
18,implicit_no_coriolis,1,32,F_R/right_middle_2_joint,hand48,8,2.615045840471839e-05,1.2724738456242751e-05,7.080530080180725e-05,6.089392537517169e-06,5.326552776956508e-05,0.0015373645919287097,0.0008786972389173543,0.003728119736297647,0.0006182530568907497,0.0031179591056570213
18,implicit_no_coriolis,1,33,F_R/right_pinky_2_joint,hand48,8,3.948860091565662e-05,1.9955083561746384e-05,0.0001050467374181796,8.538077088122986e-06,8.122809410866859e-05,0.0020920961441718085,0.0012004553215770888,0.005117731951993755,0.0008824966458147417,0.00426196558510427
18,implicit_no_coriolis,1,34,F_R/right_ring_2_joint,hand48,8,6.413277732183589e-05,3.411302291693539e-05,0.0001652759201050888,1.0814299630348793e-05,0.0001329841515762677,0.0032463772784094526,0.0018657149409936004,0.007894123928890974,0.0014042852319171308,0.006633379465850765
18,implicit_no_coriolis,1,35,F_R/right_thumb_2_joint,hand48,8,0.0010068505563874438,0.0005934384920758332,0.002568177069644864,0.00019620594989229814,0.0019880914531928,0.02355535546938955,0.01450947631943417,0.05614542987758928,0.0020116623970581017,0.045615514529441924
18,implicit_no_coriolis,1,36,F_R/right_thumb_3_joint,hand48,8,0.009483998349013536,0.00566231858250738,0.02396846382078513,0.0018123972027204224,0.018748530937882167,0.2467004918819893,0.15137031769010667,0.5853190910426251,0.01734723909414125,0.4797839813487211
18,implicit_no_coriolis,1,37,F_R/right_thumb_4_joint,hand48,8,5.044270877947803e-06,2.6375280953398056e-06,1.2232125248812231e-05,5.693256835293675e-07,1.0496799375711572e-05,0.0001784320324337328,0.00011698833152077983,0.0004173323483989551,0.00011698833152077983,0.0003538939828274854
18,implicit_no_coriolis,1,38,U_L/shoulder_pan_joint,controlled26,8,5.776291569883511e-05,4.277072224478928e-05,0.00011904669594375861,-1.3362003607353401e-05,0.00011083298118139683,0.008747324603869478,0.008275860319671959,0.01087136695731678,-0.006644737620267551,0.010844660704451909
18,implicit_no_coriolis,1,39,U_L/shoulder_lift_joint,controlled26,8,0.0006087073309197569,0.0005732954682632907,0.0008654648325765457,0.0005732954682632907,0.0008652073032955565,0.043633732567610675,0.042822655256403164,0.04802432684525078,-0.042822655256403164,0.047838541117785086
18,implicit_no_coriolis,1,40,U_L/elbow_joint,controlled26,8,0.0003028529135489085,0.00029748274279581266,0.0003803565653861529,-0.00029748274279581266,0.00037868457231273747,0.07195332896559051,0.07075060664834582,0.08190212024114107,0.07075060664834582,0.08155284786587223
18,implicit_no_coriolis,1,41,U_L/wrist_1_joint,controlled26,8,0.00012867837652594128,0.0001061225503758284,0.0002893124596954344,-3.145222035552675e-06,0.00023096199758501626,0.005182891521137098,0.004606119341197209,0.0065429117110185064,0.004150404887177061,0.006502216525650752
18,implicit_no_coriolis,1,42,U_L/wrist_2_joint,controlled26,8,0.00010038628003364689,5.344999963391439e-05,0.00021618909643472684,4.6594643633213195e-05,0.00020479004737400383,0.0016728330513457756,0.0015206553495885054,0.0033637910850148334,-0.001214155562706674,0.0026353459612734526
18,implicit_no_coriolis,1,43,U_L/wrist_3_joint,controlled26,8,0.000140922288612564,6.892630882016082e-05,0.0003482975412545386,6.666535532540152e-05,0.0002942089255285384,0.001568269982746913,0.0009610618244103359,0.004006676950349841,-0.000769240448555001,0.0031806610902965857
18,implicit_no_coriolis,1,44,U_L/left_index_1_joint,hand48,8,0.005927585786421735,0.004938301894914933,0.011341529554685321,-0.004438320817733522,0.010664396842251922,0.3116327123977554,0.30355118582185303,0.3867276462119934,-0.30355118582185303,0.37290532275691296
18,implicit_no_coriolis,1,45,U_L/left_little_1_joint,hand48,8,0.004392561586568612,0.0036801035749024127,0.008477578778016442,-0.003259876728792412,0.007901475099979436,0.25228105870911877,0.2473271102604071,0.3166598472769699,-0.2473271102604071,0.30266582888345256
18,implicit_no_coriolis,1,46,U_L/left_middle_1_joint,hand48,8,0.005205016573008871,0.0038557296721291393,0.01051437576637132,-0.0032050589329620724,0.009945293953846558,0.25990229751593447,0.24582562748100084,0.37649135683249274,-0.24582562748100084,0.3458024680884912
18,implicit_no_coriolis,1,47,U_L/left_ring_1_joint,hand48,8,0.004800029494505439,0.0036509290864277927,0.009683268588468963,-0.0030568002095830646,0.009106972438000694,0.25123769170674554,0.2402231777314357,0.3546818494251799,-0.2402231777314357,0.32744816798289755
18,implicit_no_coriolis,1,48,U_L/left_thumb_1_joint,hand48,8,2.7521744008674395e-05,1.967900420030838e-05,5.881591114426099e-05,5.470239115741571e-06,5.285371398574822e-05,0.0026925282700086366,0.0024170190455011977,0.004754378454153081,-0.0017869794917232194,0.00424205046466761
18,implicit_no_coriolis,1,49,U_L/left_index_2_joint,hand48,8,2.5320978848002804e-05,1.608636953908532e-05,5.023001865969712e-05,-1.4477003026388754e-05,4.5753344500927894e-05,0.0007754041213077655,0.0007554537823110619,0.0009084854487090419,-0.0003879857244203248,0.0008944326509815688
18,implicit_no_coriolis,1,50,U_L/left_little_2_joint,hand48,8,4.212314137248631e-05,3.144180404414908e-05,8.862348920199437e-05,-3.144180404414908e-05,8.149917240684936e-05,0.0020719207277598655,0.002018352972855991,0.002504966599776739,-0.002018352972855991,0.002496478979707557
18,implicit_no_coriolis,1,51,U_L/left_middle_2_joint,hand48,8,7.388064059507887e-05,5.44687612354048e-05,0.00015570890612895405,-5.44687612354048e-05,0.00014350080500223278,0.003806353447553459,0.0037183912279359016,0.004559259299045879,-0.0037183912279359016,0.0045384632585402755
18,implicit_no_coriolis,1,52,U_L/left_ring_2_joint,hand48,8,0.00011244166666545521,8.11538173013833e-05,0.00023494319259187435,-8.075358431168175e-05,0.00021772045658221133,0.005597046815264212,0.005463315155337038,0.006616064601575152,-0.005463315155337038,0.006580475137561275
18,implicit_no_coriolis,1,53,U_L/left_thumb_2_joint,hand48,8,0.0008310730276728198,0.0007503761810597268,0.001101676250745004,-0.0007031189394763777,0.0010970066963696735,0.013497711229772034,0.010460550137471186,0.030250306312087513,0.004840879295665834,0.02524138411900258
18,implicit_no_coriolis,1,54,U_L/left_thumb_3_joint,hand48,8,0.0019634401162642004,0.0016980878134068324,0.003534662799396432,-0.0005528910454074484,0.0033010499131567654,0.07178215089347366,0.05406998158209436,0.15411146973231202,0.04717415350223556,0.13659479718766185
18,implicit_no_coriolis,1,55,U_L/left_thumb_4_joint,hand48,8,6.154962463858264e-05,4.952489442428508e-05,0.00012158668177138232,-4.3694985711552684e-05,0.00011380392113163605,0.0031923377101275804,0.003094098082731079,0.004155946358899027,-0.003094098082731079,0.003940158407251776
18,implicit_no_coriolis,1,56,U_R/shoulder_pan_joint,controlled26,8,0.0001835031671796013,0.0001392073457024967,0.00040250653643436607,0.00010836026667038201,0.00034859471627382,0.014399142341575187,0.013103802785772892,0.02086910646618273,-0.002880248312975629,0.020840914281975313
18,implicit_no_coriolis,1,57,U_R/shoulder_lift_joint,controlled26,8,0.0004576158777477861,0.0004184603443556645,0.0005838291079793834,0.0004184603443556645,0.000583477969058288,0.011821432330281571,0.010317050591027882,0.021690005084127773,0.010317050591027882,0.019667731587828922
18,implicit_no_coriolis,1,58,U_R/elbow_joint,controlled26,8,0.00019616789188814677,0.0001776859666234032,0.00025148824584508844,0.00014780270727696165,0.00025034319386556535,0.044659990516451996,0.04297510517045735,0.06531449132563286,-0.04297510517045735,0.057923917854744364
18,implicit_no_coriolis,1,59,U_R/wrist_1_joint,controlled26,8,7.568902220366314e-05,6.461779355670938e-05,0.00014162090247138437,1.3345784029006325e-06,0.00013481959148486933,0.004063531419007955,0.003950729539747079,0.005712415917487251,0.003950729539747079,0.005435743737716103
18,implicit_no_coriolis,1,60,U_R/wrist_2_joint,controlled26,8,0.00014603535103575426,8.130047282073338e-05,0.00036171673131335513,-5.805564053004697e-05,0.00030361357808509894,0.003402618347175744,0.0032487302858753746,0.005815300854719763,0.0032487302858753746,0.004946868096837573
18,implicit_no_coriolis,1,61,U_R/wrist_3_joint,controlled26,8,0.00013199709094215817,6.883647988298325e-05,0.00032086248215446034,5.892490955006213e-05,0.00027512468985260155,0.0013871851794403439,0.0009314991245425557,0.003273022398239178,-0.00012036318590391207,0.002774578831178627
18,implicit_no_coriolis,1,62,U_R/right_index_1_joint,hand48,8,0.008969884078419784,0.00892064256689517,0.00989739023111716,0.00892064256689517,0.009686390721073272,0.2353889235094856,0.21328880729122196,0.27973807709245163,0.20663366724202334,0.2784788282539954
18,implicit_no_coriolis,1,63,U_R/right_little_1_joint,hand48,8,0.006851939024781652,0.006762974044031452,0.008633721737675445,0.006762974044031452,0.008113129671947944,0.16986294572567517,0.15362941615163322,0.21196276422372926,0.15362941615163322,0.20623833520662394
18,implicit_no_coriolis,1,64,U_R/right_middle_1_joint,hand48,8,0.009955665026248681,0.00982132214729276,0.013719408911663941,0.00982132214729276,0.012395675593046232,0.2728427605204779,0.2573572871964511,0.3310795842900189,0.2573572871964511,0.3226706394710505
18,implicit_no_coriolis,1,65,U_R/right_ring_1_joint,hand48,8,0.008887479982794592,0.008770370149314572,0.01188805516660698,0.008770370149314572,0.010873800978500058,0.24278868136989298,0.22742516929840903,0.29144444542457004,0.22742516929840903,0.28656143367129533
18,implicit_no_coriolis,1,66,U_R/right_thumb_1_joint,hand48,8,5.927941299230796e-05,5.785553173726782e-05,9.131029499093168e-05,-5.785553173726782e-05,7.911351895888151e-05,0.028210962906032488,0.028180793158399515,0.03154078615816623,-0.028180793158399515,0.030270203976388195
18,implicit_no_coriolis,1,67,U_R/right_index_2_joint,hand48,8,0.0003270280937610464,0.000199520832123639,0.0006736622576361817,0.000199520832123639,0.0006290731359609911,0.01031985508196592,0.006767639948895598,0.019919302061030264,-0.006767639948895598,0.019791743765425644
18,implicit_no_coriolis,1,68,U_R/right_little_2_joint,hand48,8,0.00029477980222613936,0.00021247073177457776,0.0005788001971024637,0.00021247073177457776,0.0005526577588887012,0.007773602135748154,0.004680849909894716,0.015186484473551178,-0.004069274117023322,0.01517908573957519
18,implicit_no_coriolis,1,69,U_R/right_middle_2_joint,hand48,8,0.0003514490175774413,0.00026831048844659384,0.0006678302801168962,0.00026831048844659384,0.0006458550299264557,0.008730550987031715,0.0055753648241784,0.017260079474952332,-0.004084112462540949,0.01712096138255553
18,implicit_no_coriolis,1,70,U_R/right_ring_2_joint,hand48,8,0.0004041064718227603,0.00033102460680901023,0.0007322798619014553,0.00033102460680901023,0.0007175569527267459,0.008701166658167848,0.006344544921121537,0.016935462164610983,-0.0026528694155434915,0.01673812822140494
18,implicit_no_coriolis,1,71,U_R/right_thumb_2_joint,hand48,8,0.0003000043653724454,0.00026117838493848206,0.0005761529925928308,1.6226240891898704e-05,0.000494184664010112,0.02872294482171462,0.02374117999931017,0.050973859450468145,0.015423198357394353,0.049758790510275985
18,implicit_no_coriolis,1,72,U_R/right_thumb_3_joint,hand48,8,0.0012053135995567022,0.0009791250254392817,0.0023141232659921462,-0.0009791250254392817,0.002116722475164086,0.08654923054451334,0.06841051661814022,0.14715340614227737,0.0004313256193129861,0.14052460097511768
18,implicit_no_coriolis,1,73,U_R/right_thumb_4_joint,hand48,8,0.00015482086090515824,0.00015275382186212202,0.00021152798992082888,0.00015275382186212202,0.00019042054361529943,0.003510138232394267,0.0032139451967478573,0.0041348187898977914,0.0029049565764454133,0.0041225655421494685
18,implicit_gravity_off,both,0,F_L/fr3_joint1,controlled26,16,3.5367911933316535e-05,3.054564288423878e-05,6.376422209020127e-05,2.38393921493385e-05,5.957803883732682e-05,0.0031504749970919436,0.0018824618062401864,0.010122046683238073,0.00047241217927821604,0.006242029399247884
18,implicit_gravity_off,both,1,F_L/fr3_joint2,controlled26,16,0.00013310910894581303,0.00010391069923720853,0.00033622628619589534,1.7627718261831182e-05,0.0002609559781469595,0.006727125139929889,0.005155005595508785,0.014388614409631663,-0.000638334905544471,0.012688669768627276
18,implicit_gravity_off,both,2,F_L/fr3_joint3,controlled26,16,8.101866723302769e-05,5.148001868590657e-05,0.00015698261421781545,-5.148001868590657e-05,0.00015437441353621795,0.0034978565854531605,0.002818888807184809,0.008095709365478175,0.00017971746015058845,0.007212728131982167
18,implicit_gravity_off,both,3,F_L/fr3_joint4,controlled26,16,3.087257672067797e-05,2.045475860025514e-05,8.239786179453645e-05,-2.0573699235221232e-06,7.127983201554722e-05,0.00853106000559674,0.004807432134513167,0.023918178121644762,0.0006231186007080712,0.018353592724362267
18,implicit_gravity_off,both,4,F_L/fr3_joint5,controlled26,16,2.8630913035238816e-05,1.632533687154908e-05,7.935602596975677e-05,-7.0287350994249764e-06,6.776888859283403e-05,0.004840451640549321,0.0022950185344816527,0.016919682254389657,0.001848010562039905,0.00901010079297605
18,implicit_gravity_off,both,5,F_L/fr3_joint6,controlled26,16,2.1135240302911284e-05,1.103594787536799e-05,6.349505720248949e-05,-1.039506078036323e-05,4.301938840733932e-05,0.0016661059605366717,0.0009252185094426111,0.0043702404907019765,-0.0003762151033167257,0.004233588615410767
18,implicit_gravity_off,both,6,F_L/fr3_joint7,controlled26,16,8.397629320124004e-05,5.421210017766964e-05,0.00016674609475542113,4.640102667829993e-05,0.0001598303566900383,0.0023702174169073762,0.0014909907477216983,0.006583509349943631,0.000597185417122425,0.0056901030683799425
18,implicit_gravity_off,both,7,F_L/left_index_1_joint,hand48,16,0.003604212264596164,0.002250282661147759,0.008772488125961195,0.0019380392241196802,0.007553526026284684,0.1859878139563294,0.11035658617172017,0.46616962148462615,0.08602376058651953,0.4224384497454407
18,implicit_gravity_off,both,8,F_L/left_middle_1_joint,hand48,16,0.003653143355581871,0.00230174355380293,0.008941924275414681,0.001993046877976604,0.007536445604390287,0.19289461772511535,0.11606090025705569,0.4904171199610269,0.09218646408770444,0.4328486049507397
18,implicit_gravity_off,both,9,F_L/left_pinky_1_joint,hand48,16,0.0015230470498049631,0.0009245548251433843,0.0034608021836676495,0.00084893778766438,0.0034056945369668086,0.04481216350264877,0.024662498366947047,0.11443942887644933,0.01572127382733062,0.11233282932598479
18,implicit_gravity_off,both,10,F_L/left_ring_1_joint,hand48,16,0.0033364703762934875,0.0020933947346575095,0.008022780494788356,0.0018176443844926228,0.006904627035286926,0.1700991773341183,0.10038847995734776,0.42558891171632085,0.07896648449870179,0.3829245755567186
18,implicit_gravity_off,both,11,F_L/left_thumb_1_joint,hand48,16,7.59752890792414e-05,4.62227051866446e-05,0.00019041179897386074,-4.0430401046335183e-05,0.00016097803870239458,0.011797119835771416,0.005641547547255061,0.04147157529240829,-0.005016176364489691,0.022471560071050938
18,implicit_gravity_off,both,12,F_L/left_index_2_joint,hand48,16,4.492421147735081e-06,2.32778653980973e-06,1.32714360675662e-05,-2.07778592263997e-06,1.012746666264469e-05,0.0010992979474470663,0.0004850705635528691,0.004027554060764702,-0.00033317418191919167,0.0020143786681970084
18,implicit_gravity_off,both,13,F_L/left_middle_2_joint,hand48,16,6.1908963729108e-05,3.9354212224861074e-05,0.00014747978590351485,3.214009861514898e-05,0.00012118592446358142,0.002272197292041331,0.0015358662501556136,0.005727254674360239,0.0009164562974484558,0.005001990812615339
18,implicit_gravity_off,both,14,F_L/left_pinky_2_joint,hand48,16,9.574937907993057e-05,6.157517686301069e-05,0.00021518140855934786,5.0892776919316506e-05,0.00019253926645541528,0.004059565602128173,0.0025599007363449624,0.010212894885837744,0.001701474892086773,0.008515275927946113
18,implicit_gravity_off,both,15,F_L/left_ring_2_joint,hand48,16,0.00016136606192972656,0.00010371922233307941,0.00035764862988038604,8.573445005193546e-05,0.00032598102607395846,0.006130290241089801,0.003912126808886127,0.01584552312220364,0.0024154326547353787,0.013660393468961038
18,implicit_gravity_off,both,16,F_L/left_thumb_2_joint,hand48,16,0.0005723285673361249,0.00042713509618172614,0.0015845046077944888,-8.238449932757887e-05,0.0010843498568066396,0.039084869067262024,0.03131429125481256,0.09383253448807591,-0.002863179095147165,0.07931229265860312
18,implicit_gravity_off,both,17,F_L/left_thumb_3_joint,hand48,16,0.002963340742401629,0.002244034522762393,0.008211157094850069,-0.0004426090314366296,0.005558845909535403,0.2140457743103465,0.1704518151457416,0.5307352175793988,-0.022921345997779993,0.42416613654798285
18,implicit_gravity_off,both,18,F_L/left_thumb_4_joint,hand48,16,5.951233796420002e-06,4.532580835493218e-06,1.1986138765095189e-05,2.4564804398854306e-06,1.1400448192861248e-05,0.00038467969170937383,0.0002318167290441119,0.0011929424887604772,8.590991897908197e-05,0.0008420291749048153
18,implicit_gravity_off,both,19,F_R/fr3_joint1,controlled26,16,0.00016261740540565806,0.00011878313254132244,0.0003695509455532431,2.558677300845691e-05,0.0003264163754078675,0.00672679458752604,0.005400957321521405,0.01449951262525219,0.0024706396655073287,0.013884543548627991
18,implicit_gravity_off,both,20,F_R/fr3_joint2,controlled26,16,9.018303369325023e-05,5.3573282644065606e-05,0.0002208376171946025,4.959846193887743e-05,0.00019067682018703014,0.008230261113979655,0.003337461447302104,0.029809109406891042,-0.0021448918560023223,0.016914890735828587
18,implicit_gravity_off,both,21,F_R/fr3_joint3,controlled26,16,0.00024947861394553793,0.00015518539041112223,0.0006047725867142084,-1.9335489297084285e-05,0.0005758088465732669,0.0062999515469539125,0.004102847235970547,0.01657580255446582,0.0018655450292677986,0.013381760135155626
18,implicit_gravity_off,both,22,F_R/fr3_joint4,controlled26,16,9.578991607100218e-05,5.4694238159153086e-05,0.0002715294472992458,-4.459551314645038e-06,0.00021915801319316586,0.012866157005395812,0.006262579721129279,0.04564587381919703,0.0018890220397187038,0.022514195619298134
18,implicit_gravity_off,both,23,F_R/fr3_joint5,controlled26,16,2.9329178429761034e-05,1.5033777646347724e-05,8.330462620831369e-05,-1.4193782060703541e-05,6.731301925333444e-05,0.011012311352318593,0.004544687669078391,0.041076266113317494,0.0014961123990444587,0.01786297471734738
18,implicit_gravity_off,both,24,F_R/fr3_joint6,controlled26,16,1.5677995731242762e-05,8.41512263266564e-06,5.151583275875282e-05,7.539940179046578e-06,3.0350473653406596e-05,0.002598373869105006,0.0012595119271936882,0.007922750548995602,7.27985579625684e-05,0.006638439431939712
18,implicit_gravity_off,both,25,F_R/fr3_joint7,controlled26,16,2.9336936153126693e-05,1.3827173469829757e-05,8.148085515313763e-05,-9.952361159287076e-06,8.002620577537284e-05,0.0012265159472813591,0.000684505841647789,0.0032294038327378843,-0.0005367332817077378,0.002762651793955292
18,implicit_gravity_off,both,26,F_R/right_index_1_joint,hand48,16,0.0009925950470093434,0.0004914328677306373,0.003366556523218295,0.00021712811890629846,0.0021381451829715,0.08003062524724902,0.04467076502310792,0.22328178864680465,0.023962157599394962,0.1826704084631428
18,implicit_gravity_off,both,27,F_R/right_middle_1_joint,hand48,16,0.001080270144824483,0.0006018526920306727,0.0034848788456564306,0.00012827154816552914,0.0021678363886945932,0.0862162347602579,0.047747901476913476,0.2313533777590727,0.02116267001325458,0.19741131084948405
18,implicit_gravity_off,both,28,F_R/right_pinky_1_joint,hand48,16,0.0009007622797092799,0.0005426749847217494,0.002427918090093281,-9.277214595503937e-06,0.0018837055801198335,0.06171712387878451,0.03346485465532935,0.15956714734450275,0.013552152952749816,0.14359099875509823
18,implicit_gravity_off,both,29,F_R/right_ring_1_joint,hand48,16,0.0009306479295280948,0.0005485612049652569,0.0027676333037863626,5.445594575482875e-05,0.0018635197163825706,0.06979752316891637,0.038615504527326705,0.18341527796753088,0.016391955190060366,0.15113952344565362
18,implicit_gravity_off,both,30,F_R/right_thumb_1_joint,hand48,16,3.0021316535308336e-05,1.538856666137567e-05,9.840015107984157e-05,-6.617747035198018e-06,6.612527809786439e-05,0.0030014011661897424,0.0015766618540126354,0.00839956543349984,-0.0013540604011103518,0.006957014471400351
18,implicit_gravity_off,both,31,F_R/right_index_2_joint,hand48,16,4.039297688969727e-06,2.425544181722597e-06,1.078243810337387e-05,-1.5281360077838008e-06,9.506886646904605e-06,0.000309080793915037,0.00013422999577976792,0.0011640421219432534,-7.259647720030569e-05,0.0005563532916592462
18,implicit_gravity_off,both,32,F_R/right_middle_2_joint,hand48,16,2.0609441691384177e-05,9.899142027877152e-06,7.074763114618687e-05,3.822364883402686e-06,4.2325318034976134e-05,0.0016308219667698902,0.0009430273339208854,0.003970283267111786,0.0005084050841962578,0.0037859734932826758
18,implicit_gravity_off,both,33,F_R/right_pinky_2_joint,hand48,16,3.17652677808578e-05,1.6286150923464603e-05,0.00010501374345639469,5.2948829316603815e-06,6.708356767719248e-05,0.0023890928236613798,0.001371735572391531,0.006406240870184207,0.000738170844033216,0.005438323398989885
18,implicit_gravity_off,both,34,F_R/right_ring_2_joint,hand48,16,5.214766265494367e-05,2.8335731281162787e-05,0.0001652240886892975,5.748323623288188e-06,0.0001059326542719452,0.003801447755769505,0.002175815864597242,0.009978081220337161,0.001108637904422002,0.00841266899549446
18,implicit_gravity_off,both,35,F_R/right_thumb_2_joint,hand48,16,0.0008552797089025364,0.0004924307045953641,0.0025706011173869947,0.0001732625020671513,0.0019325822580017124,0.04570433933838123,0.024811463887546098,0.15391609441964377,0.006704578416270772,0.08070089778324058
18,implicit_gravity_off,both,36,F_R/right_thumb_3_joint,hand48,16,0.007977444439445132,0.004650610954407651,0.02396882445029258,0.0015955193123196928,0.01762112592094957,0.4953769764406263,0.2659085853372474,1.679836323471267,0.07096519533334456,0.8694768825261816
18,implicit_gravity_off,both,37,F_R/right_thumb_4_joint,hand48,16,4.839459830889912e-06,2.6854710067402213e-06,1.2233814069548266e-05,3.762915918009008e-08,1.022846467639213e-05,0.00046193106698496175,0.00025513141321236723,0.0013506136018642438,3.8581911081490174e-05,0.0011298313344101564
18,implicit_gravity_off,both,38,U_L/shoulder_pan_joint,controlled26,16,0.00017302231881034284,0.00015463000002632898,0.00026600059490267114,0.0001521304939407775,0.00026224506147642934,0.010197469181171058,0.008697610144530986,0.022105834999806957,0.008697610144530986,0.020524951803270353
18,implicit_gravity_off,both,39,U_L/shoulder_lift_joint,controlled26,16,0.0020655434928085396,0.0019112219508703454,0.0029818966244166134,0.0019112219508703454,0.0029804422304120504,0.09459855623843826,0.09248490364885989,0.13045375368571788,0.09248490364885989,0.11584009881230371
18,implicit_gravity_off,both,40,U_L/elbow_joint,controlled26,16,0.0014506147079613415,0.0013704240207348672,0.0019297590648272855,-0.0013704240207348672,0.0019144144401560537,0.04064354026672115,0.03618119902462745,0.07631082694334881,-0.03618119902462745,0.07234757367204386
18,implicit_gravity_off,both,41,U_L/wrist_1_joint,controlled26,16,0.00023105387473953723,0.00019963730870159457,0.0003488223759398057,-0.0001919917389203718,0.00034794510681412927,0.01517588733805336,0.014385755393290105,0.02862147237931734,-0.010503726249044765,0.022600749728224814
18,implicit_gravity_off,both,42,U_L/wrist_2_joint,controlled26,16,8.272686077471035e-05,4.294014233363619e-05,0.00022675946888028875,4.12418895963107e-05,0.00020274732681108132,0.00900925900779947,0.004212800438202449,0.02743299094798296,0.003179734668120583,0.02301535309999554
18,implicit_gravity_off,both,43,U_L/wrist_3_joint,controlled26,16,0.0001120689985896624,5.240391469601979e-05,0.00034848905933104746,4.9896890470857436e-05,0.0002326006446208284,0.007553178723190666,0.0037333892256001923,0.019996607229362973,0.0027326336804903693,0.0185806555243688
18,implicit_gravity_off,both,44,U_L/left_index_1_joint,hand48,16,0.0050850201676405195,0.004021862477496195,0.011335053342150445,-0.003572693768967907,0.0098836877502327,0.36981987709963376,0.33652573448135736,0.7320395357393119,-0.330613212181469,0.6367820128676538
18,implicit_gravity_off,both,45,U_L/left_little_1_joint,hand48,16,0.0037714236323238147,0.003011692499735854,0.008469257000788571,-0.0026070029112375366,0.0072345983789529195,0.285607148886206,0.26301896314385653,0.5377168286278543,-0.26154327157050083,0.4613658472517216
18,implicit_gravity_off,both,46,U_L/left_middle_1_joint,hand48,16,0.0044862150467329005,0.0031811530714073374,0.01048883256415803,-0.002608284160286866,0.009268979082225896,0.3290415183797951,0.28218087831549477,0.7282140728121452,-0.2748380607398865,0.643727612490469
18,implicit_gravity_off,both,47,U_L/left_ring_1_joint,hand48,16,0.004138601555730655,0.002998394561209681,0.009665705622894469,-0.002479197901577846,0.008430468624072669,0.30882613382869467,0.27001679236127535,0.664341760757294,-0.26457269969790176,0.5809013201029058
18,implicit_gravity_off,both,48,U_L/left_thumb_1_joint,hand48,16,2.168610567280407e-05,1.7550107284269867e-05,4.1611912184658095e-05,-3.957062986233162e-06,3.99097197387871e-05,0.012553028259434999,0.007590823414212081,0.038945837119368235,0.0014469877306059482,0.03004580299303495
18,implicit_gravity_off,both,49,U_L/left_index_2_joint,hand48,16,2.657241629375951e-05,1.846151831281801e-05,5.341657986753651e-05,-1.3366377112683861e-05,5.023991037770431e-05,0.0016296125369735335,0.0010176940331620941,0.0044161848822058146,0.00026282678901379166,0.004136554994040589
18,implicit_gravity_off,both,50,U_L/left_little_2_joint,hand48,16,3.7891940285354705e-05,2.5777905768678208e-05,8.731257499504375e-05,-2.5777905768678208e-05,7.765459221104748e-05,0.0018764482429939296,0.0017660876550852735,0.002576279396860846,-0.0017660876550852735,0.002558870056376677
18,implicit_gravity_off,both,51,U_L/left_middle_2_joint,hand48,16,6.249167753288403e-05,3.991720339133545e-05,0.00014731519663863102,-3.961716692656679e-05,0.00012934700637815336,0.0030465331257387533,0.002849342661799991,0.004280984327009447,-0.002805370384788959,0.004237513670239219
18,implicit_gravity_off,both,52,U_L/left_ring_2_joint,hand48,16,9.787989783019558e-05,6.458929546087136e-05,0.000228433483666024,-6.34800248226243e-05,0.00019720538617241934,0.005266594331790253,0.00499811641617123,0.007755210569399576,-0.0049443106690696,0.006751606926540763
18,implicit_gravity_off,both,53,U_L/left_thumb_2_joint,hand48,16,0.0008238573329623645,0.0007195569149584663,0.0013277681133046504,-0.000692162324456045,0.0013176405659463472,0.02042581687230878,0.018439849279142172,0.03287620366417392,-0.008266105392543457,0.03172531585967314
18,implicit_gravity_off,both,54,U_L/left_thumb_3_joint,hand48,16,0.0016958970385197662,0.0014097931259223024,0.003565269991670908,-0.0004541859626250389,0.0030193249402442404,0.09725597278210708,0.06860948057687247,0.2403319139984871,0.04800518585255709,0.21197068081706336
18,implicit_gravity_off,both,55,U_L/left_thumb_4_joint,hand48,16,5.575872537150912e-05,4.3205089915543914e-05,0.00012556154803441966,-3.876547804940438e-05,0.00010888089168731296,0.003970116378549755,0.0036187130019267565,0.007566063730916163,-0.0035818042897547446,0.006772947444606599
18,implicit_gravity_off,both,56,U_R/shoulder_pan_joint,controlled26,16,0.00030668998587111973,0.00026357714852334735,0.0006450724531252838,0.0002529575738310086,0.0005312072499080722,0.019923596145487416,0.015080835854572977,0.03902355314007783,0.013698102436859838,0.03823729976843096
18,implicit_gravity_off,both,57,U_R/shoulder_lift_joint,controlled26,16,0.0013104874225709448,0.0011809986368006564,0.0019144316626107383,0.0011809986368006564,0.0019065609727995092,0.09315697007606248,0.08933760895392884,0.1260893517933891,0.08933760895392884,0.12257096355351234
18,implicit_gravity_off,both,58,U_R/elbow_joint,controlled26,16,0.001112559028844161,0.0010367406692989856,0.0015260146843103506,0.0010367406692989856,0.0015258564397833685,0.045539668239710264,0.04153744453822275,0.09075721588130305,0.037034622143595264,0.07756182094956923
18,implicit_gravity_off,both,59,U_R/wrist_1_joint,controlled26,16,0.00011334749140533161,9.478758694198008e-05,0.00017573303972762133,-9.216725871669107e-05,0.00017379837619391214,0.008535112535072945,0.005653865429787871,0.030032072463235276,-0.0012592367201430515,0.012445475004181486
18,implicit_gravity_off,both,60,U_R/wrist_2_joint,controlled26,16,0.00011830643697450171,5.708090574935154e-05,0.00036967054189795956,-5.2104653601753315e-05,0.00024583927062860056,0.009657605314840695,0.005431224255302229,0.027298879807916315,-0.0011602250219953335,0.025899255759827218
18,implicit_gravity_off,both,61,U_R/wrist_3_joint,controlled26,16,0.00010374713846810995,5.4430722370824025e-05,0.0003168715808863354,4.0472916107703316e-05,0.0002188401567086995,0.008356928213665456,0.003974155771610799,0.021464498574355666,0.0033676451884568324,0.020423257074790993
18,implicit_gravity_off,both,62,U_R/right_index_1_joint,hand48,16,0.007520528310656993,0.007160459622231817,0.01002304124907443,0.007160459622231817,0.009604329008462647,0.2699589611721751,0.2526977180519448,0.33430185354823055,0.2503294879892456,0.3267088472304923
18,implicit_gravity_off,both,63,U_R/right_little_1_joint,hand48,16,0.005635215127199197,0.005305984138692248,0.008723367595878093,0.005305984138692248,0.007607921109703115,0.19610605792320873,0.18263086376248955,0.24321724478495838,0.18263086376248955,0.2361354929809189
18,implicit_gravity_off,both,64,U_R/right_middle_1_joint,hand48,16,0.008211639533190781,0.007737484603811038,0.013852595904346163,0.007737484603811038,0.011016023129168731,0.32960639744291814,0.31358691635509683,0.5529602658132258,0.31358691635509683,0.4136530005935515
18,implicit_gravity_off,both,65,U_R/right_ring_1_joint,hand48,16,0.007317810155905734,0.006891989365875823,0.012006394930193995,0.006891989365875823,0.009833036435542758,0.2869828120757231,0.27274503883484413,0.4461703461173921,0.27274503883484413,0.35472987383492566
18,implicit_gravity_off,both,66,U_R/right_thumb_1_joint,hand48,16,0.00029176713843281595,0.00027762820635269386,0.00037754974246606565,0.00027762820635269386,0.00037705947253595384,0.010846153973593084,0.0052341456074348515,0.040444451739659784,-0.0052341456074348515,0.01848820507294009
18,implicit_gravity_off,both,67,U_R/right_index_2_joint,hand48,16,0.00037539893269860453,0.0002450771039801533,0.0007386441624160772,0.0002450771039801533,0.0007175357531922291,0.009581041046780432,0.005704737261168859,0.022451587322508043,-0.005068546688143986,0.01885917576381512
18,implicit_gravity_off,both,68,U_R/right_little_2_joint,hand48,16,0.0003224611723068306,0.00023091445527064196,0.0006005397655699934,0.00023091445527064196,0.0005998261979301735,0.007145099128783282,0.004911295353511348,0.016949954643665756,-0.0026846494841741885,0.014611216039671405
18,implicit_gravity_off,both,69,U_R/right_middle_2_joint,hand48,16,0.000386337778227344,0.00029345705718147614,0.0007096531315080729,0.00029345705718147614,0.0006996155355105879,0.00805556013815338,0.006105108580762832,0.01918785080418389,-0.0018462503515078571,0.015807314187416974
18,implicit_gravity_off,both,70,U_R/right_ring_2_joint,hand48,16,0.00042528205982368656,0.0003379850453301154,0.0007668229000520194,0.0003379850453301154,0.0007603487206056594,0.008225773191629156,0.0066922500241507225,0.018426111756465538,-0.0004099584662608166,0.015700582080815734
18,implicit_gravity_off,both,71,U_R/right_thumb_2_joint,hand48,16,0.0002440798996498887,0.00020677793888087583,0.0005846304847772349,-3.544599605043858e-05,0.0004098770847676351,0.02895318255925728,0.02406155159485358,0.050464650218849806,0.012250363140943384,0.048044254873565756
18,implicit_gravity_off,both,72,U_R/right_thumb_3_joint,hand48,16,0.0011396004392127464,0.0009259911885051778,0.0023154945945662864,-0.0009259911885051778,0.0021483150644229752,0.08195025016643359,0.0645304645240127,0.16357322384693943,-0.018175707617374755,0.15121594220478915
18,implicit_gravity_off,both,73,U_R/right_thumb_4_joint,hand48,16,0.00012707599476583222,0.00011995746628845963,0.00021124417973683585,0.00011995746628845963,0.00017336491221674188,0.004200681753060259,0.003863969401209459,0.007269033918423597,0.0037068157897770628,0.005421381751202449
18,implicit_gravity_off,0,0,F_L/fr3_joint1,controlled26,8,2.286877109991361e-05,2.0803303071387225e-05,3.6994523943123525e-05,1.7284804950917776e-05,3.482785337658445e-05,0.004362496089904244,0.0029250044021839603,0.010122046683238073,0.0003944927313744421,0.008311371950709315
18,implicit_gravity_off,0,1,F_L/fr3_joint2,controlled26,8,7.92376849237117e-05,6.555110997150115e-05,0.00014281551009176496,1.9420393018915183e-05,0.0001406796775206831,0.007601043212004884,0.005690303970108201,0.014388614409631663,-0.0009373550210395021,0.013595306910496282
18,implicit_gravity_off,0,2,F_L/fr3_joint3,controlled26,8,7.629922900287319e-05,4.80414845450694e-05,0.00013806964489337936,-4.80414845450694e-05,0.00013712216367061102,0.004093801700703798,0.0031989310229644675,0.008095709365478175,0.0005545965819426172,0.007683651456513371
18,implicit_gravity_off,0,3,F_L/fr3_joint4,controlled26,8,1.3797649159830318e-05,1.0000694865647253e-05,2.9372824918327822e-05,-3.993829865184262e-06,2.693106427406055e-05,0.011553061749200897,0.0071974070999399,0.023918178121644762,0.0006545462343101804,0.021321371602912927
18,implicit_gravity_off,0,4,F_L/fr3_joint5,controlled26,8,2.3222004308404977e-05,1.1449665868468184e-05,6.390650946719312e-05,-8.136727158575274e-06,4.6177345347525576e-05,0.006779174582877711,0.003860184278088919,0.016919682254389657,0.0035525076183509302,0.013228544239063302
18,implicit_gravity_off,0,5,F_L/fr3_joint6,controlled26,8,1.4722604226858715e-05,7.771435789422076e-06,3.61941654756226e-05,-7.468209498623368e-06,3.053638626803189e-05,0.002318461500792716,0.0014941334475396038,0.0043702404907019765,-0.0006454361727143147,0.004306469615566078
18,implicit_gravity_off,0,6,F_L/fr3_joint7,controlled26,8,7.613964537417913e-05,4.802934901432243e-05,0.00015752511066824404,4.261057339788321e-05,0.00014346777330125348,0.0030765677999863906,0.0019783661717724904,0.006583509349943631,0.0010155864093447623,0.006166586418547242
18,implicit_gravity_off,0,7,F_L/left_index_1_joint,hand48,8,0.0030214047003338,0.001858795784848431,0.007147205326392514,0.0016387370787120503,0.00595574237695538,0.24932090323033743,0.16241980494480984,0.46616962148462615,0.13956857785999735,0.44576174133967295
18,implicit_gravity_off,0,8,F_L/left_middle_1_joint,hand48,8,0.0030151008333785707,0.0018804834513151784,0.007067952714048822,0.0016647233571716602,0.005916292454705375,0.25739438534578124,0.16849945035638653,0.4904171199610269,0.14584619244161595,0.46355181295622616
18,implicit_gravity_off,0,9,F_L/left_pinky_1_joint,hand48,8,0.0014749106008912244,0.0008706017594404744,0.0034608021836676495,0.0008170781821138229,0.0028394994299612442,0.061603293973522,0.03941388043192358,0.11443942887644933,0.034228806677984856,0.11345634908623255
18,implicit_gravity_off,0,10,F_L/left_ring_1_joint,hand48,8,0.0028030408884608727,0.0017383316207021174,0.006531909215453116,0.0015440296961701794,0.005460033564322388,0.22887820822068228,0.1490786831995816,0.42558891171632085,0.1289533659700373,0.4056788881751731
18,implicit_gravity_off,0,11,F_L/left_thumb_1_joint,hand48,8,6.057285841412021e-05,3.5641063863605695e-05,0.00015116678527857252,-3.2085838354573536e-05,0.000121180075781601,0.016294441386957022,0.00893547055549293,0.04147157529240829,-0.008465979984059646,0.03260490152244151
18,implicit_gravity_off,0,12,F_L/left_index_2_joint,hand48,8,6.213480909323626e-06,3.892636678883357e-06,1.32714360675662e-05,-3.606052344997876e-06,1.1804250345269494e-05,0.0015339713574986503,0.0008433967654296497,0.004027554060764702,-0.0007870108096084324,0.003088072210899777
18,implicit_gravity_off,0,13,F_L/left_middle_2_joint,hand48,8,4.908805269349286e-05,3.0645553340240966e-05,0.00011242130398360362,2.6007436342748158e-05,9.566895430602806e-05,0.0027685551818529045,0.0018990813092310082,0.005727254674360239,0.001241792355397203,0.005388798205545952
18,implicit_gravity_off,0,14,F_L/left_pinky_2_joint,hand48,8,8.200822848481327e-05,5.171393824710685e-05,0.0001849918857541044,4.4382673007312134e-05,0.00015879671098811897,0.0053268105438625925,0.003642188044015284,0.010212894885837744,0.002782638955704576,0.009420672705488315
18,implicit_gravity_off,0,15,F_L/left_ring_2_joint,hand48,8,0.0001401683281629909,8.727472357413293e-05,0.0003154251581384826,7.574561638529556e-05,0.00026936615048513265,0.008014465364415727,0.005521485350102356,0.01584552312220364,0.0040148417631448875,0.014825795950690425
18,implicit_gravity_off,0,16,F_L/left_thumb_2_joint,hand48,8,0.00038363208356648377,0.0003049351359166513,0.0008555475852692826,-6.949540037564598e-05,0.0007249979944768147,0.042525556893283425,0.033037515272164183,0.09383253448807591,-0.005914193966422648,0.08049016315589233
18,implicit_gravity_off,0,17,F_L/left_thumb_3_joint,hand48,8,0.0019920245133120545,0.001606338914421977,0.004444308770299554,-0.00036000147167868524,0.0037234925743509393,0.24084704106304608,0.1887188015219317,0.5307352175793988,-0.043315509399722826,0.4583271476894041
18,implicit_gravity_off,0,18,F_L/left_thumb_4_joint,hand48,8,5.8119216793926216e-06,4.436197170871667e-06,1.1205218002116601e-05,2.4046486120348626e-06,1.022030973611039e-05,0.0005407223824323086,0.00041864621337189627,0.0011929424887604772,0.0001647825961047959,0.0010291829422945013
18,implicit_gravity_off,0,19,F_R/fr3_joint1,controlled26,8,0.00013969994041490236,0.00010042031048695943,0.00029669486469208195,1.43677321738922e-05,0.0002656540398684903,0.007591838705989955,0.005785219572413989,0.01449951262525219,0.0015716950693474498,0.014212527056160896
18,implicit_gravity_off,0,20,F_R/fr3_joint2,controlled26,8,7.758563038875878e-05,4.536136471759017e-05,0.00018062322118450602,4.260579651364088e-05,0.00015451972193603888,0.010739632991121217,0.004845454184424948,0.029809109406891042,-0.0027947184461242615,0.02095253875572839
18,implicit_gravity_off,0,21,F_R/fr3_joint3,controlled26,8,0.00023103487815832828,0.00013887749753133116,0.0005661542665262864,-2.4596286924138955e-05,0.00044991259053264157,0.007546035048452213,0.00506232319629007,0.01657580255446582,0.0023434074605668156,0.015085249425454394
18,implicit_gravity_off,0,22,F_R/fr3_joint4,controlled26,8,0.00010536379433139312,5.775948778041773e-05,0.0002715294472992458,-1.0122874044393715e-05,0.00021028656221260258,0.017187323919355298,0.009037997375390976,0.04564587381919703,0.0031532610966391373,0.03386612720177963
18,implicit_gravity_off,0,23,F_R/fr3_joint5,controlled26,8,3.0639516626021323e-05,1.3984446099013503e-05,8.330462620831369e-05,-1.2743412451554637e-05,6.241038983328948e-05,0.01532884723577478,0.007613663013171641,0.041076266113317494,0.002708316046652711,0.03024339679519809
18,implicit_gravity_off,0,24,F_R/fr3_joint6,controlled26,8,9.107917847905835e-06,5.113684667712448e-06,2.329535395162452e-05,5.113684667712448e-06,1.876000339664507e-05,0.0035827338271424746,0.001990130502511024,0.007922750548995602,9.442865262123475e-06,0.007323405361036185
18,implicit_gravity_off,0,25,F_R/fr3_joint7,controlled26,8,2.9466196261108997e-05,1.333991547262936e-05,8.148085515313763e-05,-9.403762693462048e-06,5.847316974037366e-05,0.0013513287707529577,0.0007676546304116562,0.0032294038327378843,-0.0005689491435659636,0.0027573110353869153
18,implicit_gravity_off,0,26,F_R/right_index_1_joint,hand48,8,0.0006553907851852258,0.0003708320875567689,0.0017286747362225685,0.0001066276795851015,0.0013137708324348707,0.09024155289101245,0.04993354706683774,0.22328178864680465,0.018252192923964256,0.1869928188459019
18,implicit_gravity_off,0,27,F_R/right_middle_1_joint,hand48,8,0.0007183816280019174,0.0004577385024408555,0.0017288222363739808,2.6734960742680336e-05,0.0013902725917879079,0.09687994895936801,0.05252086025739373,0.2313533777590727,0.012523955769354132,0.20132039851036643
18,implicit_gravity_off,0,28,F_R/right_pinky_1_joint,hand48,8,0.000698680154930603,0.0004562935313629224,0.0013232415110879386,-8.067746013139601e-05,0.0012669357835926875,0.07475203645578513,0.04041263499462878,0.15956714734450275,0.0056064465383573875,0.15211161133611395
18,implicit_gravity_off,0,29,F_R/right_ring_1_joint,hand48,8,0.000665200975602474,0.00043841154093749325,0.001428607223149074,-2.7268622095693966e-05,0.0012493416917454979,0.08179609630948043,0.04445915455344975,0.18341527796753088,0.008257586833997174,0.1683532591906548
18,implicit_gravity_off,0,30,F_R/right_thumb_1_joint,hand48,8,2.172512355012685e-05,1.2396244545815477e-05,5.5366987103872e-05,-3.1079858459175103e-06,4.461251579813417e-05,0.003796872577810269,0.002170241734574122,0.00839956543349984,-0.001725038828769555,0.007726374984520078
18,implicit_gravity_off,0,31,F_R/right_index_2_joint,hand48,8,4.4302511015611036e-06,2.6322225223866097e-06,1.078243810337387e-05,-1.276301179716291e-06,8.90687464693146e-06,0.00043305533378230313,0.00022853297557476777,0.0011640421219432534,-0.00010986666325185899,0.0008804540011440496
18,implicit_gravity_off,0,32,F_R/right_middle_2_joint,hand48,8,1.2847517142188558e-05,7.042081669678471e-06,3.2851213664572554e-05,1.6014594881649108e-06,2.648834038993449e-05,0.00171882650339859,0.0010055591549967449,0.003970283267111786,0.0004012673145445304,0.003415263355605165
18,implicit_gravity_off,0,33,F_R/right_pinky_2_joint,hand48,8,2.1391554453210584e-05,1.2594632624169516e-05,5.444017575079174e-05,2.0826777219346004e-06,4.254939369271111e-05,0.0026528050578391647,0.0015417512206402216,0.006406240870184207,0.0005956408757983951,0.005393529541354971
18,implicit_gravity_off,0,34,F_R/right_ring_2_joint,hand48,8,3.639725040876326e-05,2.2543533612484797e-05,8.616884279949444e-05,7.103990927364093e-07,7.025875897230802e-05,0.004285451767705203,0.002485151880488732,0.009978081220337161,0.0008145962273247037,0.008725126087958739
18,implicit_gravity_off,0,35,F_R/right_thumb_2_joint,hand48,8,0.0006691107724569243,0.00039112403792319374,0.001719909304873285,0.00015001104461480168,0.001319791397144967,0.060173227588305234,0.035094890110742336,0.15391609441964377,0.01137840396454358,0.11890731079761019
18,implicit_gravity_off,0,36,F_R/right_thumb_3_joint,hand48,8,0.006109898654184799,0.0036388586595347636,0.015505226411168568,0.0013785957870817763,0.012036709799772335,0.6556922136019647,0.38044405797347014,1.679836323471267,0.12458029969811193,1.30166858436356
18,implicit_gravity_off,0,37,F_R/right_thumb_4_joint,hand48,8,4.654746518625977e-06,2.752445660668054e-06,9.560014878673417e-06,-5.137287750912184e-07,9.266100300792807e-06,0.0006281811452691516,0.00039204461932840624,0.0013506136018642438,-4.1054384933348004e-05,0.0012475818770523363
18,implicit_gravity_off,0,38,U_L/shoulder_pan_joint,controlled26,8,0.00010452505836050059,9.529003102615174e-05,0.00013272158551647095,9.029101885504875e-05,0.00013202003333587787,0.009852314922352178,0.008547088561670618,0.019997990737758153,0.008547088561670618,0.01708031312807949
18,implicit_gravity_off,0,39,U_L/shoulder_lift_joint,controlled26,8,0.0011586787315532028,0.0011497468980465886,0.0013263117307240613,0.0011497468980465886,0.0013261350792463044,0.07496934601659798,0.07443044765702603,0.09511283171765579,0.07443044765702603,0.08979896426430124
18,implicit_gravity_off,0,40,U_L/elbow_joint,controlled26,8,0.0009048857252631541,0.0009006143173928283,0.0009944860555251012,-0.0009006143173928283,0.0009902311165530197,0.04769083930010863,0.04302750325622526,0.07631082694334881,-0.04302750325622526,0.07446130875007316
18,implicit_gravity_off,0,41,U_L/wrist_1_joint,controlled26,8,0.00013431171140506948,0.00012463219688073346,0.00016419665944111816,-0.00011536774573163433,0.00016380472644418885,0.015105361422966418,0.013844100197709068,0.02862147237931734,-0.006080041909218388,0.02438145811346586
18,implicit_gravity_off,0,42,U_L/wrist_2_joint,controlled26,8,4.981969017620196e-05,2.8285610573108855e-05,0.00011517630326718375,2.4889105098457875e-05,0.00010272263713565486,0.012677156492217598,0.007417407580096565,0.02743299094798296,0.006890018860868482,0.02537142661892216
18,implicit_gravity_off,0,43,U_L/wrist_3_joint,controlled26,8,7.234140368989613e-05,3.593740911955745e-05,0.0001816756265777819,3.291800541027623e-05,0.00015090026831510167,0.010566348625442371,0.0065092243363254676,0.019996607229362973,0.006229776203938041,0.019335829767032357
18,implicit_gravity_off,0,44,U_L/left_index_1_joint,hand48,8,0.004078700716168964,0.0031101502532418493,0.008134955338429256,-0.0027131731748204395,0.007753895032786872,0.41967506341026917,0.3690162389810169,0.7320395357393119,-0.3571911943812401,0.6875860250658714
18,implicit_gravity_off,0,45,U_L/left_little_1_joint,hand48,8,0.003034303642046615,0.0023495177495899966,0.006111361853872371,-0.001962324790242786,0.005750735344000402,0.31535548668284924,0.2786116228580674,0.5377168286278543,-0.275660239711356,0.5020863706523256
18,implicit_gravity_off,0,46,U_L/left_middle_1_joint,hand48,8,0.003650228153917702,0.0025257748885119877,0.007408635515320977,-0.0020370600974107186,0.007136819438066459,0.38650120878449246,0.3193407082363481,0.7282140728121452,-0.30465507308513146,0.6887870579953629
18,implicit_gravity_off,0,47,U_L/left_ring_1_joint,hand48,8,0.0033650577960422337,0.0023590725525694228,0.006856074264405529,-0.0019191480824360205,0.006554857981104542,0.3574873869869198,0.30016379602884985,0.664341760757294,-0.2892756107021027,0.6254028884519128
18,implicit_gravity_off,0,48,U_L/left_thumb_1_joint,hand48,8,1.1172635413157384e-05,7.762549171452804e-06,2.041564315702349e-05,3.5069143223265264e-06,2.0308110401115465e-05,0.017040618706942373,0.010609765078169544,0.038945837119368235,0.007465857211466514,0.034792487860412696
18,implicit_gravity_off,0,49,U_L/left_index_2_joint,hand48,8,2.8273710134643724e-05,2.064579078729905e-05,5.341657986753651e-05,-1.320116565550148e-05,4.9427700368840844e-05,0.002122573778052078,0.0011732622024115443,0.0044161848822058146,0.0011135767594866374,0.004285690934395376
18,implicit_gravity_off,0,50,U_L/left_little_2_joint,hand48,8,3.432215222706295e-05,2.139608495212511e-05,7.443526461638206e-05,-2.139608495212511e-05,6.937982176317205e-05,0.0015656785271833521,0.0014413164489788777,0.001992719546904585,-0.0014413164489788777,0.001981384451302593
18,implicit_gravity_off,0,51,U_L/left_middle_2_joint,hand48,8,5.656786559820566e-05,3.376544240902071e-05,0.0001233576096246608,-3.31653694794834e-05,0.00011505707005584202,0.0024642669696361753,0.002259977093582413,0.0031602694261962296,-0.002172032539560349,0.0031403320564107043
18,implicit_gravity_off,0,52,U_L/left_ring_2_joint,hand48,8,8.678445153753731e-05,5.2922607602597094e-05,0.00018679602034121778,-5.271685267163595e-05,0.00017543831557544767,0.005127332501595789,0.004732721683272487,0.007755210569399576,-0.004625110189069227,0.007008170699731544
18,implicit_gravity_off,0,53,U_L/left_thumb_2_joint,hand48,8,0.0005480242567820176,0.000512084784880169,0.0007121851811101587,-0.0004572956038753264,0.0007032281622060966,0.024245902389169047,0.023059911326386566,0.03287620366417392,-0.007303647951990421,0.03233912268874022
18,implicit_gravity_off,0,54,U_L/left_thumb_3_joint,hand48,8,0.0013644796764917444,0.0011062283087535998,0.0025990798875550475,-0.00032526086921082567,0.0024772604226181213,0.1180677408339336,0.08409402664085901,0.2403319139984871,0.05074969652872343,0.227096671847156
18,implicit_gravity_off,0,55,U_L/left_thumb_4_joint,hand48,8,4.5440976813337714e-05,3.3880514488555946e-05,9.211002522389877e-05,-2.9797364222265005e-05,8.734481498451906e-05,0.004450446833371579,0.0039050054201131175,0.007566063730916163,-0.0038311879957690937,0.007195942797305032
18,implicit_gravity_off,0,56,U_R/shoulder_pan_joint,controlled26,8,0.00020442553847377376,0.00017405652623619927,0.00038614434161310385,0.00015281737685152175,0.0003442726665238593,0.019428859691729035,0.014695862588730117,0.03797521531121534,0.012796999467440284,0.03702453825719702
18,implicit_gravity_off,0,57,U_R/shoulder_lift_joint,controlled26,8,0.0006408289657000127,0.0006349130043032947,0.0007478688468163242,0.0006349130043032947,0.0007378123960968707,0.06723523015164219,0.06558845363808061,0.09510635556049904,0.06558845363808061,0.08941358766027334
18,implicit_gravity_off,0,58,U_R/elbow_joint,controlled26,8,0.0006546395331276178,0.0006488720501603429,0.0007288928970043962,0.0006488720501603429,0.0007183479801321945,0.04245151728798345,0.03623176552977499,0.09075721588130305,0.02722612074052002,0.0716000930278039
18,implicit_gravity_off,0,59,U_R/wrist_1_joint,controlled26,8,6.758055244215303e-05,6.130462754483368e-05,8.396762571738492e-05,-5.972743960813709e-05,8.253451886022222e-05,0.011067034199129062,0.006590698836602361,0.030032072463235276,0.0021985585826872784,0.021314582125976065
18,implicit_gravity_off,0,60,U_R/wrist_2_joint,controlled26,8,7.518372248690871e-05,3.8058702709189984e-05,0.00018952064452815165,-3.675423546715961e-05,0.00015682861045886447,0.013262749930474738,0.0077767521130345015,0.027298879807916315,-0.005406146441560624,0.02664572191880807
18,implicit_gravity_off,0,61,U_R/wrist_3_joint,controlled26,8,6.751251458949405e-05,3.796169685843509e-05,0.000167490816974869,2.6086931047997197e-05,0.00013991532416146585,0.011732114877733853,0.007139487534515624,0.021464498574355666,0.00709727504690115,0.020978585874558815
18,implicit_gravity_off,0,62,U_R/right_index_1_joint,hand48,8,0.005513284899533905,0.00527439370496164,0.009464758261592054,0.00527439370496164,0.00787327238011764,0.29515369408148134,0.2863448090595736,0.33430185354823055,0.2863448090595736,0.33075845059995274
18,implicit_gravity_off,0,63,U_R/right_little_1_joint,hand48,8,0.003916521149743201,0.0037591567332281757,0.006384306845653595,0.0037591567332281757,0.005473436164560549,0.21521937441136277,0.2060603300980145,0.24321724478495838,0.2060603300980145,0.23991242727640663
18,implicit_gravity_off,0,64,U_R/right_middle_1_joint,hand48,8,0.005754103327927307,0.005520284175098759,0.009707134139698315,0.005520284175098759,0.008150266930948806,0.3722538388054808,0.3616552899500286,0.5529602658132258,0.3616552899500286,0.487950208710711
18,implicit_gravity_off,0,65,U_R/right_ring_1_joint,hand48,8,0.005101028372432764,0.004895080268122506,0.008490536687709618,0.004895080268122506,0.007180729091919379,0.31999533993614054,0.31075848123042893,0.4461703461173921,0.31075848123042893,0.4034981257189077
18,implicit_gravity_off,0,66,U_R/right_thumb_1_joint,hand48,8,0.00018849540584955349,0.00018847828621124108,0.0001929798596547183,0.00018847828621124108,0.00019228616925185405,0.015131672747795746,0.008349307434860079,0.040444451739659784,-0.008349307434860079,0.030198203295190577
18,implicit_gravity_off,0,67,U_R/right_index_2_joint,hand48,8,0.00039851076435455223,0.0002536810212729352,0.0007386441624160772,0.0002536810212729352,0.000720830343493236,0.010123803673206162,0.005746670436198446,0.022451587322508043,-0.005618499917641469,0.02038913797322826
18,implicit_gravity_off,0,68,U_R/right_little_2_joint,hand48,8,0.00033366364886758346,0.00022753906452828432,0.0005995883420502335,0.00022753906452828432,0.0005972033898580871,0.0071305689810563086,0.004803528176618827,0.016949954643665756,-0.002649734492580138,0.014426172028155146
18,implicit_gravity_off,0,69,U_R/right_middle_2_joint,hand48,8,0.0003882091453055568,0.00027658112609667707,0.0006962696701780929,0.00027658112609667707,0.0006909757004875637,0.008244625244975141,0.005992499442630451,0.01918785080418389,-0.002174416193583855,0.016358625812329067
18,implicit_gravity_off,0,70,U_R/right_ring_2_joint,hand48,8,0.00041746096209643505,0.00031024790564909005,0.0007581906607902061,0.00031024790564909005,0.0007425435449593786,0.008149522685887691,0.006505973812550747,0.018426111756465538,-0.0002998719426401933,0.014868169845235582
18,implicit_gravity_off,0,71,U_R/right_thumb_2_joint,hand48,8,0.0001704605165964181,0.0001538804764726412,0.000265727671081413,-7.875850791547179e-05,0.0002515563226083848,0.02941343378103624,0.024605765903527668,0.047237456425137735,0.00956983256704192,0.045967889050593146
18,implicit_gravity_off,0,72,U_R/right_thumb_3_joint,hand48,8,0.0010685800909621109,0.0008714976195249788,0.002092588554375205,-0.0008714976195249788,0.001847646558244705,0.0770725670714025,0.06061781008129917,0.16357322384693943,-0.036724565271196816,0.1413016957683444
18,implicit_gravity_off,0,73,U_R/right_thumb_4_joint,hand48,8,9.177430072934745e-05,8.74767536432567e-05,0.0001607384897100439,8.74767536432567e-05,0.00013222203642241216,0.004806649713433902,0.0045318292384790996,0.007269033918423597,0.0045318292384790996,0.00640679624038706
18,implicit_gravity_off,1,0,F_L/fr3_joint1,controlled26,8,4.448367900056632e-05,4.028798269709033e-05,6.376422209020127e-05,3.0393979347759226e-05,6.181066990552652e-05,0.0009053249583288577,0.0008399192102964124,0.0014775595110598436,0.0005503316271819902,0.00138589760345935
18,implicit_gravity_off,1,1,F_L/fr3_joint2,controlled26,8,0.00017075555351620995,0.0001422702885029159,0.00033622628619589534,1.583504350474718e-05,0.0003011001424397252,0.005721238273816947,0.004619707220909369,0.011621478126178794,-0.0003393147900494402,0.01042907425319597
18,implicit_gravity_off,1,2,F_L/fr3_joint3,controlled26,8,8.547793009893995e-05,5.491855282674374e-05,0.00015698261421781545,-5.491855282674374e-05,0.00015576545389973663,0.0027768307510741045,0.0024388465914051503,0.0054490898597718,-0.00019516166164144054,0.004775885859600732
18,implicit_gravity_off,1,3,F_L/fr3_joint4,controlled26,8,4.142290265554224e-05,3.090882233486303e-05,8.239786179453645e-05,-1.2090998185998458e-07,7.72094478976748e-05,0.003476310379890669,0.002417457169086432,0.00677248038281672,0.000591690967105962,0.006244551505514367
18,implicit_gravity_off,1,4,F_L/fr3_joint5,controlled26,8,3.316921582376099e-05,2.1201007874629973e-05,7.935602596975677e-05,-5.9207430402746786e-06,6.734307082583711e-05,0.0009501242781121044,0.0007298527908743868,0.0018941889738662843,0.00014351350572887987,0.0017909695074044584
18,implicit_gravity_off,1,5,F_L/fr3_joint6,controlled26,8,2.6012337267206358e-05,1.4300459961313905e-05,6.349505720248949e-05,-1.3321912062103092e-05,5.359128176346538e-05,0.00042018378456770174,0.0003563035713456186,0.0007737899507487215,-0.00010699403391913647,0.0007123605942653607
18,implicit_gravity_off,1,6,F_L/fr3_joint7,controlled26,8,9.114159336952318e-05,6.039485134101685e-05,0.00016674609475542113,5.0191479958716645e-05,0.0001608655338033449,0.0013306358551117765,0.0010036153236709063,0.002848759326684422,0.0001787844249000877,0.0025099874460047175
18,implicit_gravity_off,1,7,F_L/left_index_1_joint,hand48,8,0.004105095094310439,0.0026417695374470872,0.008772488125961195,0.00223734136952731,0.007804840452049215,0.08379750051712231,0.058293367398630516,0.1799706989204617,0.032478943313041714,0.16584515437611896
18,implicit_gravity_off,1,8,F_L/left_middle_1_joint,hand48,8,0.00419524489361751,0.0027230036562906814,0.008941924275414681,0.0023213703987815474,0.007955540897601733,0.09035926896065637,0.06362235015772484,0.189848513001859,0.038526735733792915,0.17553302319771338
18,implicit_gravity_off,1,9,F_L/left_pinky_1_joint,hand48,8,0.0015697080464907771,0.0009785078908462943,0.0033873253213998616,0.0008807973932149372,0.0029151736490478893,0.0148759593703425,0.009911116301970509,0.03568485419333152,-0.0027862590233236136,0.02950700589750317
18,implicit_gravity_off,1,10,F_L/left_ring_1_joint,hand48,8,0.00379565948438272,0.0024484578486129015,0.008022780494788356,0.0020912590728150663,0.007135455409323921,0.07404205603018907,0.05169827671511393,0.15757322614001135,0.028979603027366317,0.14602997863664455
18,implicit_gravity_off,1,11,F_L/left_thumb_1_joint,hand48,8,8.87435514552553e-05,5.68043465096835e-05,0.00019041179897386074,-4.877496373809683e-05,0.00016902145363610757,0.0035826320947209963,0.0023476245390171924,0.00757241664927738,-0.0015663727449197343,0.007138306773954384
18,implicit_gravity_off,1,12,F_L/left_index_2_joint,hand48,8,1.3252737553824932e-06,7.629364007361028e-07,2.922632286697646e-06,-5.495195002820641e-07,2.7028551565895506e-06,0.00025267336404222375,0.00012674436167608836,0.000688413641382129,0.00012066244577004897,0.000505475237449948
18,implicit_gravity_off,1,13,F_L/left_middle_2_joint,hand48,8,7.249691485011544e-05,4.806287110948118e-05,0.00014747978590351485,3.82727608875498e-05,0.000135187715699972,0.0016312152748657498,0.0011726511910802192,0.003568764806533956,0.0005911202394997086,0.0032104382699875587
18,implicit_gravity_off,1,14,F_L/left_pinky_2_joint,hand48,8,0.0001077522048459666,7.143641547891454e-05,0.00021518140855934786,5.7402880831320877e-05,0.0001992024072281502,0.002141316227407542,0.001477613428674641,0.004729990671756676,0.0006203108284689702,0.0042670571735855724
18,implicit_gravity_off,1,15,F_L/left_ring_2_joint,hand48,8,0.00018008567867936859,0.00012016372109202589,0.00035764862988038604,9.572328371857536e-05,0.0003303874721916608,0.0033059434058347694,0.0023027682676698964,0.007355399096557635,0.0008160235463258691,0.006572928268561361
18,implicit_gravity_off,1,16,F_L/left_thumb_2_joint,hand48,8,0.0007127035866589146,0.000549335056446801,0.0015845046077944888,-9.527359827951176e-05,0.0013510990573334923,0.0353104940623343,0.029591067237460935,0.07447221204877885,0.00018783577612832385,0.06350618766049929
18,implicit_gravity_off,1,17,F_L/left_thumb_3_joint,hand48,8,0.0036870876107734066,0.0028817301311028086,0.008211157094850069,-0.000525216591194574,0.006973411875036557,0.1833681810222454,0.1521848287695515,0.3886431095375109,-0.0025271825958371533,0.3331897487727973
18,implicit_gravity_off,1,18,F_L/left_thumb_4_joint,hand48,8,6.087358523358824e-06,4.628964500114768e-06,1.1986138765095189e-05,2.5083122677359987e-06,1.0810415398081889e-05,5.980163512786284e-05,4.498724471632753e-05,0.00010961595852363056,7.037241853368032e-06,0.00010571906875466294
18,implicit_gravity_off,1,19,F_R/fr3_joint1,controlled26,8,0.00018268214945584867,0.00013714595459568546,0.0003695509455532431,3.680581384302162e-05,0.00034942147948540113,0.005732670922682727,0.005016695070628822,0.010905296145953564,0.0033695842616672084,0.009394397627416073
18,implicit_gravity_off,1,20,F_R/fr3_joint2,controlled26,8,0.00010122464664998698,6.178520057054104e-05,0.0002208376171946025,5.659112736411398e-05,0.0001961520544841416,0.004487168285744587,0.0018294687101792603,0.012616817845474438,-0.0014950652658803835,0.008669096421576806
18,implicit_gravity_off,1,21,F_R/fr3_joint3,controlled26,8,0.0002666496628663534,0.0001714932832909133,0.0006047725867142084,-1.4074691670029615e-05,0.0005047102442708338,0.004736679642477926,0.0031433712756510235,0.010501281352262429,0.0013876825979687814,0.009493859828746454
18,implicit_gravity_off,1,22,F_R/fr3_joint4,controlled26,8,8.514626759800559e-05,5.162898853788844e-05,0.00020170086849113922,1.2037714151036383e-06,0.0001686576729149291,0.005972594801771567,0.0034871620668675803,0.014803636219331834,0.00062478298279827,0.011630570963420638
18,implicit_gravity_off,1,23,F_R/fr3_joint5,controlled26,8,2.7957493372140546e-05,1.6083109193681944e-05,6.198248360167469e-05,-1.5644151669852446e-05,5.5956276433599675e-05,0.0027510807082108324,0.0014757123249851394,0.007031139333273273,0.00028390875143620626,0.005465266127527289
18,implicit_gravity_off,1,24,F_R/fr3_joint6,controlled26,8,2.0214968037905247e-05,1.171656059761883e-05,5.151583275875282e-05,9.966195690380708e-06,4.156321574151354e-05,0.0008167691541338205,0.0005288933518763524,0.0015709564048533562,0.0001361542506630134,0.0014912842046013721
18,implicit_gravity_off,1,25,F_R/fr3_joint7,controlled26,8,2.920710399212955e-05,1.4314431467030153e-05,7.954132264945124e-05,-1.0500959625112105e-05,5.7371875371529905e-05,0.001087471053042921,0.0006013570528839215,0.002607067781027761,-0.0005045174198495118,0.0022483020202481285
18,implicit_gravity_off,1,26,F_R/right_index_1_joint,hand48,8,0.001241351188580111,0.0006120336479045058,0.003366556523218295,0.0003276285582274954,0.0025259866072325846,0.06831005845956968,0.039407982979378094,0.16913328173525555,0.029672122274825657,0.13942874861898547
18,implicit_gravity_off,1,27,F_R/right_middle_1_joint,hand48,8,0.001348293368724898,0.00074596688162049,0.0034848788456564306,0.00022980813558837795,0.0027821474453920718,0.07403211304631291,0.04297494269643324,0.18609728854628782,0.029801384257155037,0.14873716846262525
18,implicit_gravity_off,1,28,F_R/right_pinky_1_joint,hand48,8,0.0010651720096774351,0.0006290564380805764,0.002427918090093281,6.212303094038814e-05,0.002173952252105672,0.04505707275724243,0.02651707431602992,0.11020565999478853,0.021497859367142238,0.09261045363842832
18,implicit_gravity_off,1,29,F_R/right_ring_1_joint,hand48,8,0.001135657870807655,0.0006587108689930206,0.0027676333037863626,0.00013618051360535146,0.0023457136296645923,0.055252032628320895,0.03277185450120365,0.13799109685872515,0.024526323546123552,0.11222599708193325
18,implicit_gravity_off,1,30,F_R/right_thumb_1_joint,hand48,8,3.647708732558123e-05,1.838088877693586e-05,9.840015107984157e-05,-1.0127508224478526e-05,7.448285517160643e-05,0.0018975185239366418,0.0009830819734511487,0.004975472618957699,-0.0009830819734511487,0.003925954245583892
18,implicit_gravity_off,1,31,F_R/right_index_2_joint,hand48,8,3.6062067075181616e-06,2.2188658410585843e-06,9.081702828081517e-06,-1.7799708358513106e-06,7.335642873450979e-06,5.9371308028349414e-05,3.992701598476808e-05,0.0001495446383600602,-3.5326291148752406e-05,0.00011834252196797855
18,implicit_gravity_off,1,32,F_R/right_middle_2_joint,hand48,8,2.616179422253565e-05,1.2756202386075832e-05,7.074763114618687e-05,6.043270278640461e-06,5.333634469788446e-05,0.0015377893307644587,0.000880495512845026,0.003724536902006306,0.000615542853847985,0.0031156286195948815
18,implicit_gravity_off,1,33,F_R/right_pinky_2_joint,hand48,8,3.950273246820442e-05,1.997766922275969e-05,0.00010501374345639469,8.507088141386163e-06,8.128143783535931e-05,0.0020924039679860004,0.0012017199241428406,0.005115684241925111,0.0008807008122680366,0.004260633568555208
18,implicit_gravity_off,1,34,F_R/right_ring_2_joint,hand48,8,6.41404521610925e-05,3.412792894984078e-05,0.0001652240886892975,1.0786248153839967e-05,0.0001330102992241677,0.0032460611864785238,0.0018664798487057514,0.007890864920546893,0.0014026795815193,0.00663125965929756
18,implicit_gravity_off,1,35,F_R/right_thumb_2_joint,hand48,8,0.0010076197373527938,0.0005937373712675345,0.0025706011173869947,0.0001965139595195009,0.0019896550604793367,0.023599914201577636,0.014528037664349864,0.05629583223777285,0.0020307528679979698,0.0457125815427526
18,implicit_gravity_off,1,36,F_R/right_thumb_3_joint,hand48,8,0.009484111872202843,0.005662363249280539,0.02396882445029258,0.0018124428375576093,0.018748764103378484,0.2467071514907283,0.15137311270102477,0.5853416449591913,0.01735009096857716,0.4797985686126641
18,implicit_gravity_off,1,37,F_R/right_thumb_4_joint,hand48,8,5.017377577672761e-06,2.6184963528123884e-06,1.2233814069548266e-05,5.889870934513985e-07,1.0444328850828935e-05,0.00017930161744966874,0.0001182182070963283,0.0004174312773775709,0.0001182182070963283,0.0003539604741900663
18,implicit_gravity_off,1,38,U_L/shoulder_pan_joint,controlled26,8,0.00022124185360765215,0.00021396996902650622,0.00026600059490267114,0.00021396996902650622,0.00026424801263709164,0.010531317394925657,0.008848131727391358,0.022105834999806957,0.008848131727391358,0.018872960081585736
18,implicit_gravity_off,1,39,U_L/shoulder_lift_joint,controlled26,8,0.002681492763073148,0.0026726970036941022,0.0029818966244166134,0.0026726970036941022,0.002981217907214484,0.1108032979772603,0.11053935964069372,0.13045375368571788,0.11053935964069372,0.12363404807812459
18,implicit_gravity_off,1,40,U_L/elbow_joint,controlled26,8,0.0018411267979480694,0.0018402337240769062,0.0019297590648272855,-0.0018402337240769062,0.0019225982399807106,0.03208393020931789,0.029334894793029653,0.05254263440714701,-0.029334894793029653,0.049976454920114
18,implicit_gravity_off,1,41,U_L/wrist_1_joint,controlled26,8,0.0002978794223234442,0.0002746424205224557,0.0003488223759398057,-0.0002686157321091093,0.0003484129836811567,0.015246087015235566,0.014927410588871143,0.020593842177860637,-0.014927410588871143,0.020167604809875204
18,implicit_gravity_off,1,42,U_L/wrist_2_joint,controlled26,8,0.00010585587115518847,5.759467409416352e-05,0.00022675946888028875,5.759467409416352e-05,0.00021555380258132527,0.0012740482765802137,0.0010081932963083321,0.0027120561680584743,-0.0005305495246273155,0.002431537789591431
18,implicit_gravity_off,1,43,U_L/wrist_3_joint,controlled26,8,0.00014101646074822253,6.887042027248214e-05,0.00034848905933104746,6.687577553143864e-05,0.00029440779913294515,0.0015662995800715912,0.0009575541148749171,0.00400313130591512,-0.0007645088429573016,0.0031766261934908727
18,implicit_gravity_off,1,44,U_L/left_index_1_joint,hand48,8,0.005922757860873972,0.004933574701750541,0.011335053342150445,-0.004432214363115375,0.010657749399255496,0.31209986246001936,0.30403522998169785,0.3871832204003755,-0.30403522998169785,0.37336545347487754
18,implicit_gravity_off,1,45,U_L/left_little_1_joint,hand48,8,0.004386373654485418,0.0036738672498817116,0.008469257000788571,-0.0032516810322322873,0.007893082977265266,0.2523763142785751,0.2474263034296456,0.3167488972316047,-0.2474263034296456,0.3027566273074048
18,implicit_gravity_off,1,46,U_L/left_middle_1_joint,hand48,8,0.005189227814946258,0.003836531254302687,0.01048883256415803,-0.0031795082231630134,0.009919567605923033,0.2591398410964402,0.24502104839464142,0.37568430765028715,-0.24502104839464142,0.3449815222173129
18,implicit_gravity_off,1,47,U_L/left_ring_1_joint,hand48,8,0.0047887818600859,0.003637716569849939,0.009665705622894469,-0.0030392477207196716,0.009089261690110961,0.25089824633986957,0.23986978869370082,0.354325448214546,-0.23986978869370082,0.3270809009280622
18,implicit_gravity_off,1,48,U_L/left_thumb_1_joint,hand48,8,2.85612775699672e-05,2.733766539708693e-05,4.1611912184658095e-05,-1.142104029479285e-05,4.0817555709918293e-05,0.004977383956352275,0.004571881750254617,0.007505458895353518,-0.004571881750254617,0.0069797016923244795
18,implicit_gravity_off,1,49,U_L/left_index_2_joint,hand48,8,2.475447294126572e-05,1.6277245838336972e-05,4.9181020547760246e-05,-1.3531588569866242e-05,4.480006422750773e-05,0.0008977497413245844,0.0008621258639126439,0.001063909721481518,-0.0005879231814590539,0.0010627350198582522
18,implicit_gravity_off,1,50,U_L/left_little_2_joint,hand48,8,4.1153227621659176e-05,3.0159726585231306e-05,8.731257499504375e-05,-3.0159726585231306e-05,8.01704582584911e-05,0.0021426074691335744,0.0020908588611916693,0.002576279396860846,-0.0020908588611916693,0.002568155037968234
18,implicit_gravity_off,1,51,U_L/left_middle_2_joint,hand48,8,6.790063404277801e-05,4.6068964373650184e-05,0.00014731519663863102,-4.6068964373650184e-05,0.00013505015618368724,0.003534135887994011,0.0034387082300175696,0.004280984327009447,-0.0034387082300175696,0.004260698020516674
18,implicit_gravity_off,1,52,U_L/left_ring_2_joint,hand48,8,0.00010783973187015948,7.625598331914563e-05,0.000228433483666024,-7.424319697361265e-05,0.0002111682590451885,0.005402267406318379,0.005263511149069972,0.006417072378921158,-0.005263511149069972,0.006381850259660253
18,implicit_gravity_off,1,53,U_L/left_thumb_2_joint,hand48,8,0.0010281785954445065,0.0009270290450367636,0.0013277681133046504,-0.0009270290450367636,0.0013230419245374423,0.015702363106777098,0.013819787231897779,0.024074477816464098,-0.009228562833096492,0.024035369999779725
18,implicit_gravity_off,1,54,U_L/left_thumb_3_joint,hand48,8,0.001972391630219823,0.001713357943091005,0.003565269991670908,-0.0005831110560392521,0.003310495634338463,0.07055109537036966,0.05312493451288591,0.1522166063717602,0.04526067517639076,0.13470125185146092
18,implicit_gravity_off,1,55,U_L/left_thumb_4_joint,hand48,8,6.4445236723597e-05,5.252966534253188e-05,0.00012556154803441966,-4.773359187654376e-05,0.00011777724173910319,0.003423035363794967,0.0033324205837403954,0.004389980240131989,-0.0033324205837403954,0.004174571553111896
18,implicit_gravity_off,1,56,U_R/shoulder_pan_joint,controlled26,8,0.00038252803045915845,0.0003530977708104954,0.0006450724531252838,0.0003530977708104954,0.000591935358290585,0.020406341607845074,0.015465809120415841,0.03902355314007783,0.014599205406279396,0.0384358180022498
18,implicit_gravity_off,1,57,U_R/shoulder_lift_joint,controlled26,8,0.0017389918936421547,0.0017270842692980182,0.0019144316626107383,0.0017270842692980182,0.0019107586740321647,0.11329548081878865,0.11308676426977707,0.1260893517933891,0.11308676426977707,0.12444743728144661
18,implicit_gravity_off,1,58,U_R/elbow_joint,controlled26,8,0.0014307418589640057,0.0014246092884376282,0.0015260146843103506,0.0014246092884376282,0.0015259408368644256,0.048431306473331825,0.046843123546670515,0.07316335597232462,0.046843123546670515,0.06421094926231444
18,implicit_gravity_off,1,59,U_R/wrist_1_joint,controlled26,8,0.0001453553457819039,0.0001282705463391265,0.00017573303972762133,-0.00012460707782524505,0.00017483019674522371,0.004818406999001478,0.004717032022973381,0.006583275851163556,-0.004717032022973381,0.0060273637074889546
18,implicit_gravity_off,1,60,U_R/wrist_2_joint,controlled26,8,0.0001494664976916733,7.61031087895131e-05,0.00036967054189795956,-6.745507173634702e-05,0.00031188261530559194,0.003261616948105773,0.003085696397569956,0.00575487522156698,0.003085696397569956,0.004864507565040572
18,implicit_gravity_off,1,61,U_R/wrist_3_joint,controlled26,8,0.00013026510605087502,7.089974788321296e-05,0.0003168715808863354,5.4858901167409435e-05,0.0002711235829367719,0.0014261762977876937,0.0008088240087059729,0.0035099658770673114,-0.00036198466998748507,0.0028423801498686555
18,implicit_gravity_off,1,62,U_R/right_index_1_joint,hand48,8,0.009095074587894157,0.009046525539501997,0.01002304124907443,0.009046525539501997,0.00981210174014619,0.24215692908602726,0.21905062704431605,0.28738422385837337,0.21431416691891766,0.286137705345625
18,implicit_gravity_off,1,63,U_R/right_little_1_joint,hand48,8,0.006940616769656968,0.006852811544156321,0.008723367595878093,0.006852811544156321,0.008202825902329769,0.17491653091215661,0.15920139742696457,0.21750730598202897,0.15920139742696457,0.21179297508753536
18,implicit_gravity_off,1,64,U_R/right_middle_1_joint,hand48,8,0.010087236615528523,0.009954685032523317,0.013852595904346163,0.009954685032523317,0.012528861942596692,0.2805491649696733,0.265518542760165,0.33918931576557915,0.265518542760165,0.33079149631914884
18,implicit_gravity_off,1,65,U_R/right_ring_1_joint,hand48,8,0.00900445448094387,0.00888889846362914,0.012006394930193995,0.00888889846362914,0.010992160966023417,0.24964224657083478,0.2347315964392594,0.29870936907680457,0.2347315964392594,0.2938423969123707
18,implicit_gravity_off,1,66,U_R/right_thumb_1_joint,hand48,8,0.0003670498714237073,0.00036677812649414665,0.00037754974246606565,0.00036677812649414665,0.0003773209498320135,0.0025120891487751015,0.0021189837800096234,0.005611971459570767,-0.0021189837800096234,0.004304774541444033
18,implicit_gravity_off,1,67,U_R/right_index_2_joint,hand48,8,0.00035076756981803963,0.00023647318668737136,0.0007104996167842798,0.00023647318668737136,0.0006659273636955363,0.0090056257010027,0.0056628040861392715,0.017661705244250814,-0.004518593458646504,0.017537709481675032
18,implicit_gravity_off,1,68,U_R/right_little_2_joint,hand48,8,0.00031085524720577095,0.0002342898460129996,0.0006005397655699934,0.0002342898460129996,0.0005744091804553631,0.007159599788163919,0.005019062530403868,0.013831636505006621,-0.0027195644757682393,0.013826489234106988
18,implicit_gravity_off,1,69,U_R/right_middle_2_joint,hand48,8,0.00038445730227479097,0.0003103329882662752,0.0007096531315080729,0.0003103329882662752,0.0006877284388506894,0.007861949684952836,0.006217717718895212,0.014680468648494666,-0.001518084509431859,0.014546257299625593
18,implicit_gravity_off,1,70,U_R/right_ring_2_joint,hand48,8,0.00043296189894871147,0.0003657221850111407,0.0007668229000520194,0.0003657221850111407,0.0007521363520896961,0.008301323339832732,0.006878526235750698,0.014792072188932465,-0.0005200449898814406,0.014598642598480363
18,implicit_gravity_off,1,71,U_R/right_thumb_2_joint,hand48,8,0.000300155304980408,0.00025967540128911046,0.0005846304847772349,7.866515814594632e-06,0.0005030788981060882,0.02848549585013321,0.0235173372861795,0.050464650218849806,0.014930893714844847,0.04928626704077218
18,implicit_gravity_off,1,72,U_R/right_thumb_3_joint,hand48,8,0.0012064472269051702,0.0009804847574853767,0.0023154945945662864,-0.0009804847574853767,0.0021181613473776925,0.08655348872059554,0.06844311896672625,0.14709684832407238,0.00037315003644730615,0.14047183110166467
18,implicit_gravity_off,1,73,U_R/right_thumb_4_joint,hand48,8,0.00015451244162555626,0.00015243817893366256,0.00021124417973683585,0.00015243817893366256,0.00019011781801174727,0.003491070453791016,0.0031961095639398184,0.004113158888077418,0.002881802341075026,0.004100725985996146
18,implicit_native_tick,both,0,F_L/fr3_joint1,controlled26,16,3.536474185766757e-05,3.0542319110093974e-05,6.374611255055562e-05,2.382276696893948e-05,5.955425453701979e-05,0.003150300170852388,0.0018824940016048315,0.010121333084647549,0.0004725518961670081,0.006241630028271628
18,implicit_native_tick,both,1,F_L/fr3_joint2,controlled26,16,0.00013310985212678338,0.00010390752963714,0.0003362671293321018,1.7616554770463755e-05,0.00026094292528316965,0.006727743781498576,0.005155558641099391,0.014389596986890777,-0.0006383288622638715,0.012689191692852434
18,implicit_native_tick,both,2,F_L/fr3_joint3,controlled26,16,8.103579161104818e-05,5.149346798115351e-05,0.00015704048749087818,-5.149346798115351e-05,0.0001544115906065291,0.003497367587110671,0.002818500045062583,0.008094743961066839,0.00017963886477536392,0.007211923707008863
18,implicit_native_tick,both,3,F_L/fr3_joint4,controlled26,16,3.08460586488482e-05,2.0438007705889105e-05,8.228649787156428e-05,-2.0719760236570517e-06,7.124992603430025e-05,0.008530797385551065,0.004807314116000855,0.0239173565051445,0.0006231026665128835,0.018353072523682293
18,implicit_native_tick,both,4,F_L/fr3_joint5,controlled26,16,2.8616162957993567e-05,1.631308957596167e-05,7.935663177849328e-05,-7.045473641650868e-06,6.776902966915133e-05,0.004840260717479427,0.002294991237167667,0.01691883854170694,0.001847970767488753,0.009009738464428332
18,implicit_native_tick,both,5,F_L/fr3_joint6,controlled26,16,2.1100921895024605e-05,1.1020370087835851e-05,6.338547294282293e-05,-1.037879744318626e-05,4.29495530185342e-05,0.0016661156402112008,0.0009252423559473953,0.0043702028131122755,-0.0003762756471238129,0.004233650278907767
18,implicit_native_tick,both,6,F_L/fr3_joint7,controlled26,16,8.395752540853646e-05,5.420003990344591e-05,0.00016667974072936964,4.638928718386781e-05,0.00015981376606788444,0.0023703069695218786,0.0014910484764458164,0.006583682836907079,0.0005972463528322562,0.005690256951664158
18,implicit_native_tick,both,7,F_L/left_index_1_joint,hand48,16,0.003604218239618799,0.0022502809054029188,0.008772489818188386,0.0019380600425841247,0.007553526830908312,0.18598801103913573,0.1103567939506442,0.46617054641253236,0.08602367586316269,0.4224388046534291
18,implicit_native_tick,both,8,F_L/left_middle_1_joint,hand48,16,0.003653149973053041,0.0023017415284516942,0.008941926058536012,0.0019930687044705494,0.007536446423780305,0.19289483032112567,0.11606112337186952,0.49041809715678625,0.09218638040771354,0.43284899309022307
18,implicit_native_tick,both,9,F_L/left_pinky_1_joint,hand48,16,0.0015230495840192638,0.0009245509051513789,0.0034608024415433564,0.000848946168704184,0.0034056952507742037,0.04481224486188956,0.02466259687817674,0.11443950265074362,0.01572125401085879,0.11233295595793236
18,implicit_native_tick,both,10,F_L/left_ring_1_joint,hand48,16,0.0033364762396231773,0.0020933932680769632,0.008022782063404954,0.0018176637164790945,0.006904627751171857,0.17009936583415897,0.1003886746392687,0.42558977620408533,0.07896641052848197,0.3829249096820392
18,implicit_native_tick,both,11,F_L/left_thumb_1_joint,hand48,16,7.597529002268536e-05,4.622299136596659e-05,0.00019040925382466517,-4.0430436902208575e-05,0.0001609767224179902,0.011796768466051226,0.005641380486895046,0.041470315809348374,-0.005016016246874759,0.02247095160714652
18,implicit_native_tick,both,12,F_L/left_index_2_joint,hand48,16,4.492447711869834e-06,2.327924570583173e-06,1.3271294831460057e-05,-2.077634289082697e-06,1.0127581672625396e-05,0.0010992173421030195,0.0004850450878130575,0.004027253409522139,-0.00033313556911424784,0.0020142146045974583
18,implicit_native_tick,both,13,F_L/left_middle_2_joint,hand48,16,6.190912220186018e-05,3.935399893318769e-05,0.00014748036178510726,3.214059731495699e-05,0.00012118617619981745,0.002272261280275352,0.0015359138750302378,0.005727389830557578,0.0009164977773785745,0.0050021009135814845
18,implicit_native_tick,both,14,F_L/left_pinky_2_joint,hand48,16,9.574954727210641e-05,6.157499108982566e-05,0.00021518157613832634,5.089330854491595e-05,0.00019253933833616316,0.004059590041628589,0.0025599178831944448,0.010212925961713198,0.0017014842228634034,0.008515312718999473
18,implicit_native_tick,both,15,F_L/left_ring_2_joint,hand48,16,0.00016136634555426668,0.00010371888337752308,0.0003576491127735004,8.573537799309514e-05,0.00032598123703043297,0.0061303518203320775,0.003912166030519666,0.01584562843351437,0.002415462150869266,0.013660487754211177
18,implicit_native_tick,both,16,F_L/left_thumb_2_joint,hand48,16,0.0005723270673599665,0.0004271354009247742,0.001584500780723884,-8.238194314158639e-05,0.0010843421526631584,0.03908501484266513,0.03131438707315698,0.09383296894260056,-0.0028632575540819254,0.07931256649495809
18,implicit_native_tick,both,17,F_L/left_thumb_3_joint,hand48,16,0.0029633391427936724,0.002244039015977495,0.008211152834544225,-0.00044259728835669234,0.005558819651518474,0.21404582262398636,0.17045179319000509,0.5307353392769568,-0.022921473254893507,0.42416622775980733
18,implicit_native_tick,both,18,F_L/left_thumb_4_joint,hand48,16,5.9513137678036045e-06,4.532634475713521e-06,1.1986438251190834e-05,2.4565069248676068e-06,1.1400694576595843e-05,0.00038466543775968876,0.0002318064481382136,0.0011928989199919764,8.590573900162712e-05,0.0008420009981280857
18,implicit_native_tick,both,19,F_R/fr3_joint1,controlled26,16,0.00016263064359472196,0.00011879613062376615,0.00036954568951763633,2.557287453264223e-05,0.00032645835239708543,0.006726907985664327,0.005401062892510642,0.014499790974648902,0.002470682396077274,0.013884616706885254
18,implicit_native_tick,both,20,F_R/fr3_joint2,controlled26,16,9.019681072034793e-05,5.358018279435009e-05,0.00022089999030239227,4.960586017895355e-05,0.00019068995953042123,0.008229990616404932,0.0033374215350047563,0.02980784366594643,-0.0021444693373833023,0.016914173319413868
18,implicit_native_tick,both,21,F_R/fr3_joint3,controlled26,16,0.0002494957521087712,0.0001552013498964666,0.0006047767454058217,-1.9323263845599792e-05,0.0005758111108256081,0.006299871020414829,0.004102729932302242,0.016575708658717325,0.0018654899237654308,0.013381753276549363
18,implicit_native_tick,both,22,F_R/fr3_joint4,controlled26,16,9.580081158152747e-05,5.470490077842671e-05,0.00027152431572141644,-4.448127218573128e-06,0.00021915601012129082,0.012865412092051142,0.006262119653704706,0.045643599962008494,0.0018890310115870753,0.022512789875547983
18,implicit_native_tick,both,23,F_R/fr3_joint5,controlled26,16,2.9309233861234733e-05,1.5020873378471244e-05,8.33027865911884e-05,-1.4178534140610322e-05,6.722955255294982e-05,0.011011862815616528,0.00454454393895719,0.0410745031239759,0.0014959707822467735,0.017862420049213956
18,implicit_native_tick,both,24,F_R/fr3_joint6,controlled26,16,1.5660445759500827e-05,8.40534117235725e-06,5.1466402383404386e-05,7.5301959814866315e-06,3.0318623288172475e-05,0.002598339023529236,0.0012595352033547666,0.007922518470091686,7.285733401207219e-05,0.00663832930791698
18,implicit_native_tick,both,25,F_R/fr3_joint7,controlled26,16,2.9336816592382152e-05,1.3827901266793077e-05,8.148083954068186e-05,-9.964341254475526e-06,8.00262142674063e-05,0.001226404263570933,0.0006844434795791087,0.003229231576201655,-0.0005366764413353103,0.002762364190006982
18,implicit_native_tick,both,26,F_R/right_index_1_joint,hand48,16,0.00099259433034518,0.0004914316236567552,0.0033665538984315457,0.00021712564611081273,0.002138143134593422,0.0800306911555948,0.044670812417967755,0.22328199180351582,0.023962182421765295,0.18267055714700184
18,implicit_native_tick,both,27,F_R/right_middle_1_joint,hand48,16,0.0010802689560649725,0.0006018510057831817,0.0034848735487816515,0.0001282675586464369,0.0021678326331448766,0.0862163083004791,0.04774796162171088,0.2313535735876549,0.021162704381073635,0.19741146660947767
18,implicit_native_tick,both,28,F_R/right_pinky_1_joint,hand48,16,0.0009007610943655611,0.0005426733785323665,0.0024279119401865445,-9.281336512348241e-06,0.001883704306495839,0.06171718777879214,0.03346490763391995,0.15956728871775563,0.013552184000907462,0.14359115767988154
18,implicit_native_tick,both,29,F_R/right_ring_1_joint,hand48,16,0.0009306466645097126,0.0005485596710294604,0.0027676274571105733,5.445201470107063e-05,0.0018635186073653436,0.06979760639892821,0.03861556573269059,0.18341547869472463,0.016391983643514112,0.15113972597885134
18,implicit_native_tick,both,30,F_R/right_thumb_1_joint,hand48,16,3.0021758596564454e-05,1.5388673214239423e-05,9.8401672004228e-05,-6.61778090571899e-06,6.612648864084275e-05,0.0030013119467151347,0.0015766207318991007,0.008399158584396058,-0.0013540288395789165,0.006956876998477979
18,implicit_native_tick,both,31,F_R/right_index_2_joint,hand48,16,4.039505258029248e-06,2.4256806958646016e-06,1.078290922763847e-05,-1.5282786213349775e-06,9.507463732159188e-06,0.0003090634740405741,0.00013421994544871005,0.001163977179498852,-7.259500270299826e-05,0.0005563130502599659
18,implicit_native_tick,both,32,F_R/right_middle_2_joint,hand48,16,2.0609291075190486e-05,9.899084851548376e-06,7.074703624626588e-05,3.822170054131047e-06,4.23248332232333e-05,0.001630840298774294,0.000943037851438762,0.003970344617395611,0.0005084050325715204,0.003786015951225647
18,implicit_native_tick,both,33,F_R/right_pinky_2_joint,hand48,16,3.176517630808478e-05,1.6286095605378553e-05,0.000105013364023826,5.294708277680735e-06,6.708327202758352e-05,0.002389104294815282,0.0013717421983295633,0.006406272600138731,0.000738169723452932,0.005438345372779918
18,implicit_native_tick,both,34,F_R/right_ring_2_joint,hand48,16,5.214749183881238e-05,2.8335623209077652e-05,0.00016522333018322705,5.7479982517234275e-06,0.00010593206728728641,0.0038014684502133945,0.0021758279362799598,0.009978139547232118,0.0011086375657013002,0.008412710678167092
18,implicit_native_tick,both,35,F_R/right_thumb_2_joint,hand48,16,0.0008552798085153604,0.0004924300313170231,0.002570601847783141,0.00017326986614919684,0.0019325819054673947,0.04570458115825871,0.024811589369549594,0.15391694742498369,0.006704549665807264,0.08070130520611199
18,implicit_native_tick,both,36,F_R/right_thumb_3_joint,hand48,16,0.00797744531676587,0.00465060507058224,0.02396882459771002,0.0015955835475616482,0.017621125852817308,0.49537704735077764,0.2659086691610694,1.6798364900155964,0.07096456264125076,0.869477087761583
18,implicit_native_tick,both,37,F_R/right_thumb_4_joint,hand48,16,4.8394608022539006e-06,2.6854756593665957e-06,1.2233804882966215e-05,3.7669691248243264e-08,1.0228509745836833e-05,0.00046191156764229766,0.00025512285771337893,0.0013505384529601317,3.858591445057502e-05,0.001129792783982054
18,implicit_native_tick,both,38,U_L/shoulder_pan_joint,controlled26,16,5.5648731120319234e-05,4.1220517417284164e-05,0.00011919578888441862,-1.0480047652694502e-05,0.00011870464857566265,0.007424920630010024,0.006759060737837623,0.010842776579415063,-0.004927755139762947,0.010765737669761676
18,implicit_native_tick,both,39,U_L/shoulder_lift_joint,controlled26,16,0.0004994161728358015,0.0004512681168622745,0.0008665472851516753,0.0004512681168622745,0.000865434705323076,0.03579895610176753,0.03343937149032559,0.047996139992177764,-0.03343937149032559,0.04754877838149245
18,implicit_native_tick,both,40,U_L/elbow_joint,controlled26,16,0.0002619931548871514,0.00024569987914728475,0.00038141454569307065,-0.00024569987914728475,0.00037672583962000683,0.060608106948275585,0.056299010615385406,0.08174354166717956,0.056299010615385406,0.0809812081151982
18,implicit_native_tick,both,41,U_L/wrist_1_joint,controlled26,16,0.00010338633287323329,8.354813077931372e-05,0.0002889940615410369,-6.327813940380789e-06,0.00017969189998817692,0.011453187395415678,0.007613732400586191,0.02926233278461421,0.0054021399150021585,0.027799704855257137
18,implicit_native_tick,both,42,U_L/wrist_2_joint,controlled26,16,7.847726303335374e-05,3.9985589542657074e-05,0.00021614713842632582,3.3087526114139454e-05,0.0001916711584573627,0.008807952555743605,0.004549118804990844,0.02679098493384527,0.0025222527860949144,0.02237906589062811
18,implicit_native_tick,both,43,U_L/wrist_3_joint,controlled26,16,0.00011190209753125162,5.243678466149149e-05,0.00034804308849478716,4.966771656372826e-05,0.00023222284662627324,0.007545116646108552,0.0037374967882239617,0.01997648619786513,0.0027204675028431125,0.018561914813579397
18,implicit_native_tick,both,44,U_L/left_index_1_joint,hand48,16,0.005090679936585433,0.0040280968890434345,0.011341683096751529,-0.003580947094619513,0.009890849281213048,0.37022234082929917,0.3367483339233579,0.7332774819655028,-0.3309879267628958,0.6380448402917378
18,implicit_native_tick,both,45,U_L/left_little_1_joint,hand48,16,0.0037774474209827593,0.003018229530312752,0.00847770186745242,-0.002615717344795214,0.007243252319037698,0.2860948095895312,0.2633811098554868,0.5388089629665507,-0.2620419130333777,0.462467315301213
18,implicit_native_tick,both,46,U_L/left_middle_1_joint,hand48,16,0.004499720418021109,0.0031954747212272813,0.010514499023728252,-0.002630612136718691,0.009295226482963666,0.33039747409644177,0.28343686594701456,0.7304778921773197,-0.27638065975469495,0.6460180944266598
18,implicit_native_tick,both,47,U_L/left_ring_1_joint,hand48,16,0.004148574666598991,0.0030086679079384185,0.009683391145982156,-0.002495399043290863,0.008448594045150151,0.30979288725224025,0.2708564254426731,0.6660983787803229,-0.2656346400451606,0.5826781785404924
18,implicit_native_tick,both,48,U_L/left_thumb_1_joint,hand48,16,2.1048590307519756e-05,1.4952444458361108e-05,5.870712372429976e-05,1.2165369922510771e-06,4.585137887359869e-05,0.011999126580970373,0.006626055529038003,0.03819827297670723,0.0024507983560540193,0.029387544618511365
18,implicit_native_tick,both,49,U_L/left_index_2_joint,hand48,16,2.75751032992711e-05,1.8062422959997868e-05,5.6075980323040675e-05,-1.5175299465412621e-05,5.1711099901406016e-05,0.0014975387035778566,0.0009557567159299474,0.0040870296959637144,0.00020359688539847395,0.003814755755603856
18,implicit_native_tick,both,50,U_L/left_little_2_joint,hand48,16,3.898240298412882e-05,2.7383133356774156e-05,8.864222933309407e-05,-2.7383133356774156e-05,7.941487127211336e-05,0.0019311231467342162,0.0018447197321258375,0.0025064160337592628,-0.0018447197321258375,0.0024882781700211153
18,implicit_native_tick,both,51,U_L/left_middle_2_joint,hand48,16,6.747611493436892e-05,4.688927230924074e-05,0.0001557373458998118,-4.688927230924074e-05,0.0001360057753651174,0.0034842852802291716,0.003312406944814642,0.004561331676213746,-0.003312406944814642,0.00451673006616656
18,implicit_native_tick,both,52,U_L/left_ring_2_joint,hand48,16,0.00010177946954022258,6.936743081065871e-05,0.00023496904457673273,-6.919048411139703e-05,0.00020247731564083243,0.0056291533806858834,0.0053375543301025985,0.008337444167109654,-0.0053375543301025985,0.007047811458360854
18,implicit_native_tick,both,53,U_L/left_thumb_2_joint,hand48,16,0.0006724735805900601,0.0005911594854474704,0.0011017939397112986,-0.0005267575338697801,0.0010910645249681272,0.01928699266120223,0.013624698126076886,0.04558176702599942,0.00517859099355256,0.04353581529819564
18,implicit_native_tick,both,54,U_L/left_thumb_3_joint,hand48,16,0.0016893236042501343,0.0013985764700665624,0.0035345455652479735,-0.00043193773322739056,0.003034156431089549,0.0981515221674058,0.06929044817759406,0.24203441643902807,0.04981996122015688,0.21367051975797866
18,implicit_native_tick,both,55,U_L/left_thumb_4_joint,hand48,16,5.355268657386963e-05,4.093792550888785e-05,0.00012158497759691411,-3.571586636223062e-05,0.0001048863538470543,0.0037536064104971485,0.0034076180714528166,0.00732294935704177,-0.0033391433687202294,0.006528999636977518
18,implicit_native_tick,both,56,U_R/shoulder_pan_joint,controlled26,16,0.0001656013295605979,0.0001312232063191976,0.00040085741074280534,8.160192922501697e-05,0.0003155842183408808,0.014600251178889096,0.012325539949692172,0.02613935757321896,-0.0009347949236957606,0.024099825192138494
18,implicit_native_tick,both,57,U_R/shoulder_lift_joint,controlled26,16,0.00035239644887627626,0.0002991921785411855,0.000582521067175712,0.0002991921785411855,0.0005815315805637322,0.015244666784962268,0.012339592659722672,0.039767047461022276,0.010708476151663784,0.027187734164227345
18,implicit_native_tick,both,58,U_R/elbow_joint,controlled26,16,0.00017531546989517884,0.00015819699170775692,0.00025470757462331406,0.000136324564422044,0.00025248811923167525,0.04647446744364557,0.042788828265997975,0.09890669912464375,-0.03939928157909063,0.07359324380414589
18,implicit_native_tick,both,59,U_R/wrist_1_joint,controlled26,16,5.811212779402467e-05,4.713014666457571e-05,0.0001415249676308683,-2.2699583502872045e-06,0.00012675001683837284,0.01023061136480945,0.006305426127339448,0.0365253260499199,0.006305426127339448,0.017773836212858635
18,implicit_native_tick,both,60,U_R/wrist_2_joint,controlled26,16,0.00011488044418038393,5.989640657960704e-05,0.00036094375754036623,-4.344111409940177e-05,0.00023705902437992643,0.009446715652986102,0.005755842790594667,0.02637078389693029,-0.0006044712568612988,0.024976492336270646
18,implicit_native_tick,both,61,U_R/wrist_3_joint,controlled26,16,0.00010501540958344538,5.2846336580703035e-05,0.000320624160852212,4.3488322964357895e-05,0.00022267901280881297,0.008458958433700864,0.004136828396963762,0.02171368438360941,0.0036114677026868143,0.020668142784465125
18,implicit_native_tick,both,62,U_R/right_index_1_joint,hand48,16,0.00742337626084614,0.0070667958801678855,0.009897750597569196,0.0070667958801678855,0.009526877993586404,0.26299632179475935,0.24611180189283183,0.3268823922287929,0.24278510757889904,0.319300608326908
18,implicit_native_tick,both,63,U_R/right_little_1_joint,hand48,16,0.0055663082008546175,0.005239521568866738,0.00863399587415048,0.005239521568866738,0.007518279020642667,0.19112550356027683,0.1772467816837724,0.23803308498587955,0.1772467816837724,0.23093176414049288
18,implicit_native_tick,both,64,U_R/right_middle_1_joint,hand48,16,0.008109117504262431,0.0076383537229203465,0.013719791793262145,0.0076383537229203465,0.010882994543484285,0.32203811377646063,0.30559403887579134,0.5451475046478069,0.30559403887579134,0.4058205070518015
18,implicit_native_tick,both,65,U_R/right_ring_1_joint,hand48,16,0.0072267976313669016,0.0068041104993761085,0.011888404800990876,0.0068041104993761085,0.009714795109932683,0.280269206210802,0.2656415200170896,0.43928205400011666,0.2656415200170896,0.3478208861596532
18,implicit_native_tick,both,66,U_R/right_thumb_1_joint,hand48,16,4.337124184706453e-05,3.776415148241952e-05,9.04273305717962e-05,-3.776415148241952e-05,6.429244552669244e-05,0.03203592641519002,0.03065969277853634,0.06514824265268243,-0.03065969277853634,0.04341437099339617
18,implicit_native_tick,both,67,U_R/right_index_2_joint,hand48,16,0.00035838490849947037,0.00021753335421759341,0.0007204504644669346,0.00021753335421759341,0.0006853383627300202,0.010913554615130768,0.007282851566124924,0.024635183762405744,-0.007282851566124924,0.02109333711951828
18,implicit_native_tick,both,68,U_R/right_little_2_joint,hand48,16,0.00031108287125168095,0.00021474236423656232,0.000589029487623266,0.00021474236423656232,0.0005839481115112385,0.007732176482985779,0.004583930406587324,0.018218622094526245,-0.003992110436747071,0.015942085931569334
18,implicit_native_tick,both,69,U_R/right_middle_2_joint,hand48,16,0.0003628174391141554,0.0002621686706428001,0.0006757122005374705,0.0002621686706428001,0.000669771054971369,0.008973306233307627,0.005474976380524024,0.02166641140088442,-0.004364436681587745,0.01835660599885914
18,implicit_native_tick,both,70,U_R/right_ring_2_joint,hand48,16,0.0004046011190710338,0.00031221079707443884,0.0007413388016654227,0.00031221079707443884,0.0007345211287170354,0.008585985142708795,0.0061719650650347985,0.020458385344982906,-0.0024891695585090084,0.017812241966886605
18,implicit_native_tick,both,71,U_R/right_thumb_2_joint,hand48,16,0.00024307574226356603,0.00020685821755409787,0.0005748335609395624,-2.9005444339558553e-05,0.0004002422284555239,0.029130344594869222,0.02421318098666534,0.05092203455281672,0.012762295961766996,0.04853265694358148
18,implicit_native_tick,both,72,U_R/right_thumb_3_joint,hand48,16,0.0011386436989643165,0.0009248637649882721,0.0023139145984510806,-0.0009248637649882721,0.0021473294494088156,0.08191985636608713,0.06448416481957613,0.1634548846025384,-0.018092157682527726,0.15122521463964794
18,implicit_native_tick,both,73,U_R/right_thumb_4_joint,hand48,16,0.00012731043923538366,0.00012018090576623383,0.00021154035731327236,0.00012018090576623383,0.00017352336785302416,0.004216763909579638,0.003880371406447536,0.0072822966340548535,0.003725946746383349,0.00543501790498322
18,implicit_native_tick,0,0,F_L/fr3_joint1,controlled26,8,2.2863877693764108e-05,2.0800225535660966e-05,3.697882810937969e-05,1.7273234340836607e-05,3.4813826614998876e-05,0.004362204239212434,0.002924930056481965,0.010121333084647549,0.0003945967853200777,0.008310804991672116
18,implicit_native_tick,0,1,F_L/fr3_joint2,controlled26,8,7.923386971312788e-05,6.554696411467664e-05,0.00014279649974713315,1.9413018600950016e-05,0.0001406715934954672,0.007601457763520939,0.005690678242232898,0.014389596986890777,-0.0009373184865330421,0.013596074516339549
18,implicit_native_tick,0,2,F_L/fr3_joint3,controlled26,8,7.630926727239782e-05,4.805036176869226e-05,0.00013808153652306032,-4.805036176869226e-05,0.00013713820799320374,0.00409335941387169,0.003198627140322147,0.008094743961066839,0.0005544714221919469,0.007682761175839783
18,implicit_native_tick,0,3,F_L/fr3_joint4,controlled26,8,1.3785563574104064e-05,9.989607894084207e-06,2.9372397313931486e-05,-4.003549582770605e-06,2.6911272595697697e-05,0.011552692277038562,0.007197199968378245,0.0239173565051445,0.0006545207317487666,0.021320690647128798
18,implicit_native_tick,0,4,F_L/fr3_joint5,controlled26,8,2.3217975556185494e-05,1.1446324122754703e-05,6.390649563270401e-05,-8.148054590123577e-06,4.615679950694116e-05,0.0067788824430831405,0.0038600516325356955,0.01691883854170694,0.003552367402817002,0.013227925172310251
18,implicit_native_tick,0,5,F_L/fr3_joint6,controlled26,8,1.4700225257676017e-05,7.76087945109083e-06,3.613757971043796e-05,-7.457109246489235e-06,3.048939508544234e-05,0.002318458530569862,0.0014941195265375403,0.0043702028131122755,-0.0006454643686170946,0.0043064782971501715
18,implicit_native_tick,0,6,F_L/fr3_joint7,controlled26,8,7.612856771633542e-05,4.8021087366206805e-05,0.00015752510784738938,4.260253073953835e-05,0.00014345567431705008,0.0030766446291726987,0.001978402389172843,0.006583682836907079,0.0010156304008663898,0.006166750757127049
18,implicit_native_tick,0,7,F_L/left_index_1_joint,hand48,8,0.003021408363659383,0.00185879440467605,0.0071472058351482876,0.0016387515739166615,0.005955749378985952,0.24932119348813095,0.1624200254511129,0.46617054641253236,0.13956863025990845,0.4457624002582842
18,implicit_native_tick,0,8,F_L/left_middle_1_joint,hand48,8,0.0030151049213182836,0.0018804818696900438,0.007067953212195069,0.0016647385492288645,0.005916299772603662,0.25739470054628705,0.16849969144316895,0.49041809715678625,0.14584625586829145,0.4635525152590567
18,implicit_native_tick,0,9,F_L/left_pinky_1_joint,hand48,8,0.001474912150357635,0.0008705989289165359,0.0034608024415433564,0.0008170840027422552,0.0028395007229536093,0.06160341331319294,0.03941400976349067,0.11443950265074362,0.03422885102340088,0.1134564475274317
18,implicit_native_tick,0,10,F_L/left_ring_1_joint,hand48,8,0.002803044503759873,0.0017383304505282204,0.0065319096470941584,0.0015440431521023205,0.005460040303090221,0.22887848600553584,0.14907889396958485,0.42558977620408533,0.1289534224924993,0.4056795051604638
18,implicit_native_tick,0,11,F_L/left_thumb_1_joint,hand48,8,6.057305327047982e-05,3.564149840621332e-05,0.0001511658786157652,-3.2086077353398607e-05,0.0001211802770437163,0.016293965879163395,0.00893522894959424,0.041470315809348374,-0.00846573718454382,0.032603945848320826
18,implicit_native_tick,0,12,F_L/left_index_2_joint,hand48,8,6.213511799436787e-06,3.892708979524526e-06,1.3271294831460057e-05,-3.605989340715529e-06,1.1804228690670546e-05,0.0015338532851239444,0.000843328565972914,0.004027253409522139,-0.0007869472947845672,0.0030878353005572867
18,implicit_native_tick,0,13,F_L/left_middle_2_joint,hand48,8,4.908808058157697e-05,3.064546265041726e-05,0.00011242144767138751,2.6007736551206945e-05,9.566909396567095e-05,0.0027686432675665057,0.0018991533762031114,0.005727389830557578,0.0012418637021161744,0.005388921669302067
18,implicit_native_tick,0,14,F_L/left_pinky_2_joint,hand48,8,8.200831639170359e-05,5.171390301152677e-05,0.0001849919257354421,4.438303094182229e-05,0.0001587968995668695,0.005326845024347512,0.0036422130868130837,0.010212925961713198,0.002782658883562398,0.009420706448446791
18,implicit_native_tick,0,15,F_L/left_ring_2_joint,hand48,8,0.00014016845281905474,8.727464249442748e-05,0.0003154252784494105,7.574622661970024e-05,0.00026936647139808446,0.008014551242457361,0.005521548508720005,0.01584562843351437,0.004014897733860905,0.014825896116506213
18,implicit_native_tick,0,16,F_L/left_thumb_2_joint,hand48,8,0.00038363086231487265,0.000304935175016903,0.000855544753848296,-6.949351578944274e-05,0.0007249942558572477,0.04252574981603132,0.033037661291212744,0.09383296894260056,-0.005914285916599706,0.08049056059101109
18,implicit_native_tick,0,17,F_L/left_thumb_3_joint,hand48,8,0.001992023575840598,0.0016063420347756639,0.004444306302445404,-0.00035999320104551343,0.0037234845611917194,0.24084709893836442,0.18871880546074105,0.5307353392769568,-0.04331560482201549,0.45832730950328865
18,implicit_native_tick,0,18,F_L/left_thumb_4_joint,hand48,8,5.811995166035259e-06,4.436250232644524e-06,1.120544668506418e-05,2.404674977547934e-06,1.0220432519401217e-05,0.0005407028924565396,0.0004186306854486821,0.0011928989199919764,0.00016477737140157595,0.001029146556455494
18,implicit_native_tick,0,19,F_R/fr3_joint1,controlled26,8,0.00013970956415832733,0.00010042879087485135,0.0002966915852136154,1.4358236221478915e-05,0.00026566172248045913,0.007591927099775495,0.005785298609955202,0.014499790974648902,0.0015716976201661684,0.014212709649692533
18,implicit_native_tick,0,20,F_R/fr3_joint2,controlled26,8,7.758943154342238e-05,4.536464607622637e-05,0.00018061994927309755,4.2609434102044985e-05,0.00015452562107921283,0.010739278455081958,0.004845528600807352,0.02980784366594643,-0.0027943394639880835,0.020951954562995985
18,implicit_native_tick,0,21,F_R/fr3_joint3,controlled26,8,0.00023104502325213541,0.00013888842149917258,0.0005661558992988702,-2.4588040829998103e-05,0.00044993081460382707,0.007545995326452277,0.0050621909429398055,0.016575708658717325,0.002343331735776429,0.01508519614703894
18,implicit_native_tick,0,22,F_R/fr3_joint4,controlled26,8,0.00010536846499881538,5.7765604087794964e-05,0.00027152431572141644,-1.0115474842559147e-05,0.00021029798672750333,0.01718640682185874,0.009037464821535073,0.045643599962008494,0.003153200968416538,0.03386433939197356
18,implicit_native_tick,0,23,F_R/fr3_joint5,controlled26,8,3.0633855186589115e-05,1.3980298371019106e-05,8.33027865911884e-05,-1.2732928645009522e-05,6.238935379979656e-05,0.015328223815002104,0.007613389458417479,0.0410745031239759,0.002708147484893403,0.030242197689086973
18,implicit_native_tick,0,24,F_R/fr3_joint6,controlled26,8,9.09944268987208e-06,5.1069770975464834e-06,2.3269363589761838e-05,5.1069770975464834e-06,1.874305577902468e-05,0.0035826620914198365,0.001990113915520607,0.007922518470091686,9.484297997685697e-06,0.007323230194410156
18,implicit_native_tick,0,25,F_R/fr3_joint7,controlled26,8,2.946524618836241e-05,1.3340411391758039e-05,8.148083954068186e-05,-9.411965084752533e-06,5.846237053125088e-05,0.0013512480800058327,0.0007676089784262332,0.003229231576201655,-0.0005689131023908969,0.00275714596174892
18,implicit_native_tick,0,26,F_R/right_index_1_joint,hand48,8,0.0006553903379686272,0.00037083137299006447,0.0017286728799807138,0.0001066259266834027,0.0013137701212396068,0.09024162926386887,0.04993358476917816,0.22328199180351582,0.018252204994258482,0.18699298609415127
18,implicit_native_tick,0,27,F_R/right_middle_1_joint,hand48,8,0.0007183810013970988,0.00045773726100013356,0.001728818994599285,2.6732146435609096e-05,0.001390271189507527,0.0968800343151185,0.05252090726890697,0.2313535735876549,0.012523968837916986,0.20132057511781334
18,implicit_native_tick,0,28,F_R/right_pinky_1_joint,hand48,8,0.0006986796009059177,0.00045629236500777624,0.0013232379441025927,-8.06803621863205e-05,0.0012669334607343526,0.07475211247680229,0.04041267417643368,0.15956728871775563,0.005606453153834581,0.15211176090008105
18,implicit_native_tick,0,29,F_R/right_ring_1_joint,hand48,8,0.0006652003080155749,0.0004384104019021966,0.001428603674032032,-2.727139359739398e-05,0.001249339358264268,0.08179619657094282,0.04445920401662977,0.18341547869472463,0.008257589452110282,0.1683534607606504
18,implicit_native_tick,0,30,F_R/right_thumb_1_joint,hand48,8,2.172544107216714e-05,1.2396254274290447e-05,5.5368094186381e-05,-3.108054672882471e-06,4.461320888994867e-05,0.0037967459576470643,0.0021701761394622076,0.008399158584396058,-0.0017249923548218384,0.007726093844300954
18,implicit_native_tick,0,31,F_R/right_index_2_joint,hand48,8,4.430425796344382e-06,2.632341262095647e-06,1.078290922763847e-05,-1.2764060680296035e-06,8.907200269657464e-06,0.00043302969259966336,0.00022851468328489338,0.001163977179498852,-0.00010986724686756184,0.0008804005858540382
18,implicit_native_tick,0,32,F_R/right_middle_2_joint,hand48,8,1.2847408965057832e-05,7.042021706111373e-06,3.2850765548889105e-05,1.6013193175901108e-06,2.6488130265814304e-05,0.0017188488111437694,0.001005571002208628,0.003970344617395611,0.00040126350883878427,0.0034153204799172434
18,implicit_native_tick,0,33,F_R/right_pinky_2_joint,hand48,8,2.1391489735904627e-05,1.2594583178917804e-05,5.4439908028836026e-05,2.0825538451282183e-06,4.2549271280331575e-05,0.002652820120890842,0.0015417586194687838,0.006406272600138731,0.0005956359558892621,0.005393566340389251
18,implicit_native_tick,0,34,F_R/right_ring_2_joint,hand48,8,3.6397133008827026e-05,2.254343741516819e-05,8.616831298863953e-05,7.101681270566679e-07,7.0258509848339e-05,0.004285478235176883,0.002485164824880708,0.009978139547232118,0.0008145904913131961,0.00872518741079305
18,implicit_native_tick,0,35,F_R/right_thumb_2_joint,hand48,8,0.00066911062983291,0.00039112458961834684,0.001719908591362146,0.00015001618290293867,0.001319790222817146,0.06017355225011649,0.03509506452451877,0.15391694742498369,0.01137842886930148,0.11890796390134308
18,implicit_native_tick,0,36,F_R/right_thumb_3_joint,hand48,8,0.006109900421667838,0.003638864915494233,0.015505226271186404,0.0013786409180397922,0.01203670406256378,0.6556922838952934,0.38044403411009287,1.6798364900155964,0.12457986501733342,1.3016687689637227
18,implicit_native_tick,0,37,F_R/right_thumb_4_joint,hand48,8,4.654765616642384e-06,2.752451203524159e-06,9.560078033460373e-06,-5.137035569771631e-07,9.266152169806057e-06,0.0006281529551316097,0.0003920268591416802,0.0013505384529601317,-4.104702738392754e-05,0.0012475238074370286
18,implicit_native_tick,0,38,U_L/shoulder_pan_joint,controlled26,8,5.340204540657553e-05,3.9419451572875186e-05,0.00011919578888441862,-7.841981917222629e-06,0.0001019247435514625,0.005830878096465786,0.005251792175183077,0.008090711743909393,-0.003229114239205729,0.007630346658461
18,implicit_native_tick,0,39,U_L/shoulder_lift_joint,controlled26,8,0.0003569418594543269,0.0003285817242905664,0.0004999723323901861,0.0003285817242905664,0.0004993597162727959,0.025774089285361762,0.02410820178168652,0.03138063842210159,-0.02410820178168652,0.031243698082371135
18,implicit_native_tick,0,40,U_L/elbow_joint,controlled26,8,0.00021152089269090002,0.00019249399997245398,0.0002835873614459583,-0.00019249399997245398,0.0002796463539541882,0.04674095728668049,0.04194779546386594,0.05875101466577222,0.04194779546386594,0.058578387190753096
18,implicit_native_tick,0,41,U_L/wrist_1_joint,controlled26,8,6.93393741326435e-05,6.074404596057015e-05,0.0001432578461372236,-9.074245751972132e-06,0.00011337789595284304,0.015354187424812213,0.010641351221403302,0.02926233278461421,0.006679059082429215,0.028579773084247573
18,implicit_native_tick,0,42,U_L/wrist_2_joint,controlled26,8,4.740620088452522e-05,2.655626771394526e-05,0.00011000582176579066,1.9582198914097626e-05,9.746084926370856e-05,0.012343977678930088,0.007580373262128101,0.02679098493384527,0.006255840062976706,0.024732089380343925
18,implicit_native_tick,0,43,U_L/wrist_3_joint,controlled26,8,7.220885367377586e-05,3.599705984963508e-05,0.00018137097275428005,3.271940948207375e-05,0.00015061434889067634,0.01055473792615649,0.006514660128472264,0.01997648619786513,0.006209444051694905,0.01931635288519845
18,implicit_native_tick,0,44,U_L/left_index_1_joint,hand48,8,0.004085622697793517,0.0031178410505608347,0.00814530292460617,-0.0027233993964542094,0.0077643501599497875,0.4207255319420932,0.369937074796296,0.7332774819655028,-0.3584162604753717,0.6888355825177458
18,implicit_native_tick,0,45,U_L/left_little_1_joint,hand48,8,0.0030402258776977683,0.0023563354095195027,0.0061204862676302735,-0.0019714175136173774,0.0057599041611545694,0.31630981748997355,0.27942824226445995,0.5388089629665507,-0.2767498486202418,0.5031828607227263
18,implicit_native_tick,0,46,U_L/left_middle_1_joint,hand48,8,0.0036608529348688772,0.002535208164501833,0.007427512811658127,-0.00205599260409417,0.007155811240124408,0.388294018154866,0.3210386560568611,0.7304778921773197,-0.30692624367222193,0.6910633198936784
18,implicit_native_tick,0,47,U_L/left_ring_1_joint,hand48,8,0.0033734772537013283,0.0023663964184473165,0.00687072645401654,-0.0019338364046755426,0.006569598759011069,0.358914499489494,0.3014809413813932,0.6660983787803229,-0.2910373705863682,0.6271689520017353
18,implicit_native_tick,0,48,U_L/left_thumb_1_joint,hand48,8,1.1369184713808157e-05,1.0150244300774491e-05,1.922162857881382e-05,-2.8805949781329776e-06,1.7701840506084696e-05,0.016752961294431278,0.010829886030458423,0.03819827297670723,0.006698868026738127,0.03408659974288249
18,implicit_native_tick,0,49,U_L/left_index_2_joint,hand48,8,2.961957325831187e-05,2.0018248397654995e-05,5.6075980323040675e-05,-1.5832469423635726e-05,5.211590603873654e-05,0.0019705621782240943,0.001155011580593362,0.0040870296959637144,0.0007977452872685424,0.0039599685237957805
18,implicit_native_tick,0,50,U_L/left_little_2_joint,hand48,8,3.5544899686331474e-05,2.3296207186026055e-05,7.633908525178645e-05,-2.3296207186026055e-05,7.129292498587874e-05,0.0017775840375051633,0.0016693619702046712,0.002220824264890415,-0.0016693619702046712,0.0022093646250666067
18,implicit_native_tick,0,51,U_L/left_middle_2_joint,hand48,8,6.035206611726838e-05,3.9259500762832064e-05,0.00012942858518688594,-3.9259500762832064e-05,0.00012116120496343945,0.003126440373747263,0.002903397835698936,0.0038883957719646443,-0.002903397835698936,0.003868409346885702
18,implicit_native_tick,0,52,U_L/left_ring_2_joint,hand48,8,8.982947497304029e-05,5.7583890286341116e-05,0.00019164673932886567,-5.7583890286341116e-05,0.00018031286347783697,0.005659126147469306,0.005209195101523825,0.008337444167109654,-0.005209195101523825,0.007590254578888874
18,implicit_native_tick,0,53,U_L/left_thumb_2_joint,hand48,8,0.0004623142289401395,0.00043179593784392796,0.0006042163413953056,-0.0003505421277860566,0.0005953805393862962,0.023698288145194063,0.016786026743658863,0.04558176702599942,0.005508166268011401,0.04462698955302432
18,implicit_native_tick,0,54,U_L/left_thumb_3_joint,hand48,8,0.0013610522054256417,0.0010990320627377176,0.002584580241623627,-0.0003109850630372453,0.0024727977998422923,0.11880463886566037,0.0845109689143334,0.24203441643902807,0.05246439192501967,0.228797931321205
18,implicit_native_tick,0,55,U_L/left_thumb_4_joint,hand48,8,4.413669038621073e-05,3.2351261979476215e-05,9.008460970200138e-05,-2.774198788527138e-05,8.531630044782411e-05,0.004241437020614338,0.0037214604774577246,0.00732294935704177,-0.0035845110719925502,0.006952439487678452
18,implicit_native_tick,0,56,U_R/shoulder_pan_joint,controlled26,8,0.0001460395568490259,0.00012460456552071397,0.0002871598208735726,5.4015799939743925e-05,0.0002453025451302659,0.014660587390089182,0.011447238088204956,0.02613935757321896,0.0009425965713777025,0.025187575795381407
18,implicit_native_tick,0,57,U_R/shoulder_lift_joint,controlled26,8,0.00019944107435668592,0.00018185779564705573,0.000290147630562565,0.00018185779564705573,0.000281412562080785,0.018053666964847056,0.01448904987293703,0.039767047461022276,0.01122681685681925,0.0338967012558513
18,implicit_native_tick,0,58,U_R/elbow_joint,controlled26,8,0.0001496004511193014,0.0001373826280887669,0.00020493720777747804,0.0001218863061180353,0.0001938627062982201,0.04839127139450423,0.042794195472522806,0.09890669912464375,-0.036015102098708125,0.08340863714275597
18,implicit_native_tick,0,59,U_R/wrist_1_joint,controlled26,8,3.242921419235429e-05,2.985632147978201e-05,6.065356093643004e-05,-5.973445069140659e-06,5.163209525582689e-05,0.0138826106250057,0.008651273923931063,0.0365253260499199,0.008651273923931063,0.027774630792624627
18,implicit_native_tick,0,60,U_R/wrist_2_joint,controlled26,8,7.170434590719032e-05,3.8751971751752046e-05,0.00018169341638540892,-2.8746101889562392e-05,0.00014900532801346284,0.012920053112640734,0.008272015568077527,0.02637078389693029,-0.004448612526834404,0.025720114501955788
18,implicit_native_tick,0,61,U_R/wrist_3_joint,controlled26,8,6.826045079508845e-05,3.689723017918922e-05,0.0001693737129588868,2.8108391165959645e-05,0.00014181998377087442,0.011882222338369119,0.0073431712987603705,0.02171368438360941,0.0073431712987603705,0.02122576497067541
18,implicit_native_tick,0,62,U_R/right_index_1_joint,hand48,8,0.0054542825929656084,0.005212662060239168,0.009403253792258807,0.005212662060239168,0.0078116385066935535,0.2879638745978796,0.27892814009734257,0.3268823922287929,0.27892814009734257,0.32334422640791327
18,implicit_native_tick,0,63,U_R/right_little_1_joint,hand48,8,0.003875000178754071,0.0037158586264053103,0.006341192663159412,0.0037158586264053103,0.005430221463355827,0.21024459696744666,0.20085789429399503,0.23803308498587955,0.20085789429399503,0.23471913525803242
18,implicit_native_tick,0,64,U_R/right_middle_1_joint,hand48,8,0.005691604567757876,0.00545508471580347,0.009642147767058129,0.00545508471580347,0.008085170901818366,0.3646504662711527,0.35382196619144735,0.5451475046478069,0.35382196619144735,0.4801282391030043
18,implicit_native_tick,0,65,U_R/right_ring_1_joint,hand48,8,0.0050458948922996955,0.004837577562945076,0.00843324372463028,0.004837577562945076,0.007123325138743981,0.3132921867668825,0.3038497034541849,0.43928205400011666,0.3038497034541849,0.39660017567456696
18,implicit_native_tick,0,66,U_R/right_thumb_1_joint,hand48,8,1.8709277775889607e-05,1.855095893734532e-05,2.1290021130382364e-05,-1.855095893734532e-05,2.102711856794559e-05,0.03549362757732838,0.033192905625841734,0.06514824265268243,-0.033192905625841734,0.05500576921168216
18,implicit_native_tick,0,67,U_R/right_index_2_joint,hand48,8,0.00038719680100959673,0.00023549559032731357,0.0007204504644669346,0.00023549559032731357,0.0007026581980450238,0.011478618016099666,0.007800906913649038,0.024635183762405744,-0.007800906913649038,0.02257002792848006
18,implicit_native_tick,0,68,U_R/right_little_2_joint,hand48,8,0.00032656147399033814,0.00021698266840891947,0.000589029487623266,0.00021698266840891947,0.0005866581787709865,0.007691545475146992,0.004486134694870517,0.018218622094526245,-0.003916688934685099,0.015692690528193817
18,implicit_native_tick,0,69,U_R/right_middle_2_joint,hand48,8,0.00037381393068047157,0.0002559699995973788,0.0006757122005374705,0.0002559699995973788,0.0006704055246114213,0.00921146709429571,0.005373144550303449,0.02166641140088442,-0.004647968973213015,0.018833150295630777
18,implicit_native_tick,0,70,U_R/right_ring_2_joint,hand48,8,0.00040506664667290336,0.0002933478397484611,0.0007413388016654227,0.0002933478397484611,0.0007256778601976065,0.008470389978585987,0.005998100360199698,0.020458385344982906,-0.002328167736457808,0.016897017040675828
18,implicit_native_tick,0,71,U_R/right_thumb_2_joint,hand48,8,0.00016833194459479328,0.00015264889652032935,0.0002607571203507991,-7.440738632025993e-05,0.0002466276673919479,0.029545162985475864,0.024693991896448223,0.04773619774050306,0.010092022373065975,0.04644766671530391
18,implicit_native_tick,0,72,U_R/right_thumb_3_joint,hand48,8,0.0010678669087505492,0.0008706155337880779,0.0020918010663947273,-0.0008706155337880779,0.0018468411559328709,0.07701575783337043,0.06056025172925246,0.1634548846025384,-0.03661749514352384,0.1411841029643171
18,implicit_native_tick,0,73,U_R/right_thumb_4_joint,hand48,8,9.189250410533985e-05,8.760239441410987e-05,0.00016085103803294143,8.760239441410987e-05,0.00013234201833825783,0.004820566619877374,0.004546753784366758,0.0072822966340548535,0.004546753784366758,0.006420233227154756
18,implicit_native_tick,1,0,F_L/fr3_joint1,controlled26,8,4.448115365099611e-05,4.028441268452698e-05,6.374611255055562e-05,3.037229959704235e-05,6.17899121442389e-05,0.0009055144992446244,0.0008400579467276979,0.0014780088687266837,0.0005505070070139385,0.00138631888744968
18,implicit_native_tick,1,1,F_L/fr3_joint2,controlled26,8,0.00017075848253223427,0.00014226809515960337,0.0003362671293321018,1.5820090939977494e-05,0.00030111583410926676,0.005722142312839902,0.004620439039965883,0.011623449491287186,-0.0003393392379947007,0.01043072443653097
18,implicit_native_tick,1,2,F_L/fr3_joint3,controlled26,8,8.550143140560985e-05,5.493657419361475e-05,0.00015704048749087818,-5.493657419361475e-05,0.0001558136689448486,0.002776250850988191,0.002438372949803019,0.005447846594125075,-0.00019519369264121898,0.004774804938264042
18,implicit_native_tick,1,3,F_L/fr3_joint4,controlled26,8,4.1387400320395826e-05,3.0886407517694003e-05,8.228649787156428e-05,-1.404024645434987e-07,7.713609768084105e-05,0.003476249303301378,0.002417428263623465,0.006772497559620311,0.000591684601277,0.006244507278746743
18,implicit_native_tick,1,4,F_L/fr3_joint5,controlled26,8,3.3146571103950695e-05,2.1179855029168637e-05,7.935663177849328e-05,-5.942892693178159e-06,6.73035951936851e-05,0.0009502633578161836,0.0007299308417996382,0.001894601881031771,0.00014357413216050408,0.0017912875278537305
18,implicit_native_tick,1,5,F_L/fr3_joint6,controlled26,8,2.5969235395241068e-05,1.4279860724580873e-05,6.338547294282293e-05,-1.3300485639883286e-05,5.350024497537962e-05,0.00042027692672878754,0.00035636518535725015,0.0007737670251058305,-0.00010708692563053138,0.0007124963609688384
18,implicit_native_tick,1,6,F_L/fr3_joint7,controlled26,8,9.11162626697859e-05,6.037899244068501e-05,0.00016667974072936964,5.0176043628197275e-05,0.00016082240741722707,0.0013307772485697126,0.0010036945637187898,0.0028490920392070934,0.00017886230479812262,0.002510307227685805
18,implicit_native_tick,1,7,F_L/left_index_1_joint,hand48,8,0.004105102890015157,0.0026417674061297875,0.008772489818188386,0.002237368511251588,0.007804854319245096,0.08379751176640828,0.0582935624501755,0.17997050162608574,0.03247872146641694,0.16584502933607137
18,implicit_native_tick,1,8,F_L/left_middle_1_joint,hand48,8,0.004195253480384366,0.0027230011872133447,0.008941926058536012,0.0023213988597122343,0.007955555446675422,0.09035927877046698,0.0636225553005701,0.1898483079137735,0.03852650494713562,0.17553289272247974
18,implicit_native_tick,1,9,F_L/left_pinky_1_joint,hand48,8,0.0015697115083638529,0.0009785028813862218,0.003387326187184486,0.0008808083346661128,0.0029151765013934678,0.01487595534034092,0.009911183992862812,0.03568481218850733,-0.002786343001683293,0.02950695113110837
18,implicit_native_tick,1,10,F_L/left_ring_1_joint,hand48,8,0.003795667122533482,0.002448456085625706,0.008022782063404954,0.0020912842808558686,0.007135468771022094,0.07404206343815534,0.05169845530895252,0.157573029231532,0.028979398564464617,0.14602985372277133
18,implicit_native_tick,1,11,F_L/left_thumb_1_joint,hand48,8,8.874342006906158e-05,5.680448432571986e-05,0.00019040925382466517,-4.8774796451018544e-05,0.00016902045840552595,0.0035824807622512386,0.0023475320241958504,0.007572100504854073,-0.001566295309205698,0.007138004737082152
18,implicit_native_tick,1,12,F_L/left_index_2_joint,hand48,8,1.3253090228429074e-06,7.631401616418204e-07,2.922600669502673e-06,-5.492792374498651e-07,2.7028480171796538e-06,0.00025268880084906403,0.000126761609653201,0.000688441696513531,0.00012067615655607149,0.000505511637299866
18,implicit_native_tick,1,13,F_L/left_middle_2_joint,hand48,8,7.249716662343655e-05,4.8062535215958116e-05,0.00014748036178510726,3.827345807870704e-05,0.00013518833344229665,0.0016312440371188562,0.0011726743738573646,0.0035688165426956586,0.0005911318526409747,0.00321049038762677
18,implicit_native_tick,1,14,F_L/left_pinky_2_joint,hand48,8,0.0001077524368551585,7.143607916812456e-05,0.00021518157613832634,5.740358614800961e-05,0.00019920286336814333,0.002141323118719865,0.0014776226795758054,0.004729998225700179,0.000620309562164409,0.004267066938245425
18,implicit_native_tick,1,15,F_L/left_ring_2_joint,hand48,8,0.00018008608993864693,0.00012016312426061868,0.0003576491127735004,9.572452936649004e-05,0.0003303883653687361,0.0033059635908646657,0.0023027835523193266,0.007355431282860529,0.0008160265678776267,0.006572963553133892
18,implicit_native_tick,1,16,F_L/left_thumb_2_joint,hand48,8,0.0007127018349529252,0.0005493356268326454,0.001584500780723884,-9.527037049373004e-05,0.0013510934209622117,0.035310584434231886,0.02959111285510122,0.07447243234574394,0.00018777080843585328,0.06350640856905468
18,implicit_native_tick,1,17,F_L/left_thumb_3_joint,hand48,8,0.0036870855460270392,0.002881735997179327,0.008211152834544225,-0.0005252013756678713,0.006973397349132206,0.18336821779831897,0.15218478091926918,0.3886431905874242,-0.002527341687771509,0.3331899288260841
18,implicit_native_tick,1,18,F_L/left_thumb_4_joint,hand48,8,6.087444727936367e-06,4.629018718782518e-06,1.1986438251190834e-05,2.5083388721872796e-06,1.0810684056827833e-05,5.979448221063381e-05,4.498221082774506e-05,0.0001095970125691803,7.034106601678332e-06,0.00010570194817194682
18,implicit_native_tick,1,19,F_R/fr3_joint1,controlled26,8,0.0001826983583800281,0.00013716347037268095,0.00036954568951763633,3.678751284380555e-05,0.0003494382655280459,0.005732819987308464,0.005016827175066082,0.010905558157764922,0.003369667171988379,0.009394636806855981
18,implicit_native_tick,1,20,F_R/fr3_joint2,controlled26,8,0.00010124628112189165,6.179571951247381e-05,0.00022089999030239227,5.660228625586211e-05,0.00019620184638151347,0.004487024554918206,0.001829314469202162,0.012616283203903015,-0.0014945992107785217,0.008669185444330051
18,implicit_native_tick,1,21,F_R/fr3_joint3,controlled26,8,0.00026667294176774476,0.00017151427829376065,0.0006047767454058217,-1.405848686120148e-05,0.0005047312909058909,0.0047365287163581675,0.0031432689216646784,0.010500936036776487,0.0013876481117544317,0.0094935646578197
18,implicit_native_tick,1,22,F_R/fr3_joint4,controlled26,8,8.516500210269515e-05,5.164419746905846e-05,0.00020169990825458228,1.2192204054128908e-06,0.00016868941911450934,0.005972024543666826,0.0034867744858743392,0.014802519846727813,0.0006248610547576129,0.011629535446613402
18,implicit_native_tick,1,23,F_R/fr3_joint5,controlled26,8,2.7921842623154088e-05,1.6061448385923383e-05,6.187180787353697e-05,-1.562413963621112e-05,5.5884555332541544e-05,0.0027509634706986297,0.0014756984194968991,0.00703062303007216,0.00028379407960014416,0.0054650438199075205
18,implicit_native_tick,1,24,F_R/fr3_joint6,controlled26,8,2.0191564216431287e-05,1.1703705247168017e-05,5.1466402383404386e-05,9.95341486542678e-06,4.1512289785483585e-05,0.0008168621065351042,0.000528956491188926,0.001570904484649869,0.00013623037002645876,0.0014913575732453967
18,implicit_native_tick,1,25,F_R/fr3_joint7,controlled26,8,2.920782228460951e-05,1.4315391141828115e-05,7.954133917631445e-05,-1.0516717424198518e-05,5.739488952601482e-05,0.001087319392676538,0.0006012779807319842,0.0026067417279420912,-0.0005044397802797238,0.0022479867939132303
18,implicit_native_tick,1,26,F_R/right_index_1_joint,hand48,8,0.0012413502785935005,0.000612031874323446,0.0033665538984315457,0.00032762536553822275,0.0025259850087179766,0.06831011200025107,0.03940804006675734,0.16913341226149717,0.029672159849272108,0.13942884653180368
18,implicit_native_tick,1,27,F_R/right_middle_1_joint,hand48,8,0.0013482917976859136,0.0007459647505662298,0.0034848735487816515,0.00022980297085726468,0.002782144128138983,0.0740321726347943,0.04297501597451477,0.18609743095008524,0.02980143992423028,0.1487372758669425
18,implicit_native_tick,1,28,F_R/right_pinky_1_joint,hand48,8,0.0010651703683088607,0.0006290543920569568,0.0024279119401865445,6.211768916162402e-05,0.0021739483777975482,0.04505712168903913,0.026517141091406224,0.11020577808482185,0.021497914847980342,0.09261054296450937
18,implicit_native_tick,1,29,F_R/right_ring_1_joint,hand48,8,0.0011356561885280648,0.0006587089401567242,0.0027676274571105733,0.00013617542299953524,0.002345709993896132,0.05525209448126911,0.032771927448751424,0.1379912470487198,0.024526377834917953,0.11222610737106518
18,implicit_native_tick,1,30,F_R/right_thumb_1_joint,hand48,8,3.647762586409067e-05,1.83810921541884e-05,9.8401672004228e-05,-1.0127507138555508e-05,7.448394233189184e-05,0.001897489640572686,0.0009830653243359942,0.0049753894284199195,-0.0009830653243359942,0.0039258968156319265
18,implicit_native_tick,1,31,F_R/right_index_2_joint,hand48,8,3.6064570872780585e-06,2.219020129633556e-06,9.082315233666094e-06,-1.7801511746403514e-06,7.336181477852335e-06,5.9378003495387864e-05,3.992520761252672e-05,0.00014957044032012142,-3.5322758538434645e-05,0.00011835879614966
18,implicit_native_tick,1,32,F_R/right_middle_2_joint,hand48,8,2.6161610044651387e-05,1.2756147996985379e-05,7.074703624626588e-05,6.043020790671982e-06,5.333600202717251e-05,0.0015378032789151244,0.0008805047006688958,0.0037245730625023255,0.0006155465563042565,0.0031156539762597895
18,implicit_native_tick,1,33,F_R/right_pinky_2_joint,hand48,8,3.950262040227342e-05,1.9977608031839303e-05,0.000105013364023826,8.506862710233251e-06,8.1281226079357e-05,0.0020924110660208123,0.0012017257771903427,0.005115702963660314,0.0008807034910166018,0.0042606464309547605
18,implicit_native_tick,1,34,F_R/right_ring_2_joint,hand48,8,6.414024102617452e-05,3.412780900298711e-05,0.00016522333018322705,1.0785828376390187e-05,0.00013300986143081818,0.0032460747144452615,0.001866491047679212,0.007890901055145417,0.0014026846400894044,0.006631284459249862
18,implicit_native_tick,1,35,F_R/right_thumb_2_joint,hand48,8,0.0010076200011674785,0.0005937354730156993,0.002570601847783141,0.000196523549395455,0.0019896544871806114,0.023600023036137396,0.014528114214580414,0.056296091133154764,0.0020306704623130525,0.045712794589837805
18,implicit_native_tick,1,36,F_R/right_thumb_3_joint,hand48,8,0.00948411220944178,0.005662345225670247,0.02396882459771002,0.0018125261770835042,0.018748753826603844,0.24670724943568886,0.1513733042120459,0.5853416962460265,0.01734926026516806,0.4797987123326304
18,implicit_native_tick,1,37,F_R/right_thumb_4_joint,hand48,8,5.017361733742922e-06,2.6185001152090326e-06,1.2233804882966215e-05,5.890429394736496e-07,1.0444299465769965e-05,0.00017929990965685316,0.00011821885628507763,0.00041742275648450625,0.00011821885628507763,0.00035395215895379396
18,implicit_native_tick,1,38,U_L/shoulder_pan_joint,controlled26,8,5.780816635214457e-05,4.302158326169314e-05,0.00011854093513941066,-1.3118113388166375e-05,0.00011054987131007276,0.008732683055513491,0.008266329300492169,0.010842776579415063,-0.006626396040320164,0.010806825088243483
18,implicit_native_tick,1,39,U_L/shoulder_lift_joint,controlled26,8,0.0006094469101974394,0.0005739545094339826,0.0008665472851516753,0.0005739545094339826,0.0008660280812316623,0.043575530260259114,0.04277054119896466,0.047996139992177764,-0.04277054119896466,0.047787371240524616
18,implicit_native_tick,1,40,U_L/elbow_joint,controlled26,8,0.0003042034489789532,0.0002989057583221155,0.00038141454569307065,-0.0002989057583221155,0.0003792264828589742,0.07184683825772664,0.07065022576690488,0.08174354166717956,0.07065022576690488,0.08138778600958826
18,implicit_native_tick,1,41,U_L/wrist_1_joint,controlled26,8,0.00012872264309298225,0.0001063522155980573,0.0002889940615410369,-3.5813821287894454e-06,0.00023057738531928598,0.005157512147611063,0.004586113579769082,0.006512113758590846,0.004125220747575103,0.006467482828008978
18,implicit_native_tick,1,42,U_L/wrist_2_joint,controlled26,8,0.00010034945811566905,5.341491137136889e-05,0.00021614713842632582,4.659285331418128e-05,0.0002047250144408097,0.001669212841592222,0.001517864347853588,0.0033540763589114397,-0.0012113344907868767,0.002628155411135209
18,implicit_native_tick,1,43,U_L/wrist_3_joint,controlled26,8,0.0001408191759488271,6.887650947334789e-05,0.00034804308849478716,6.661602364538277e-05,0.0002939936422894806,0.0015668687618695149,0.000960333447975659,0.004003157595705964,-0.0007685090460086803,0.003177644522635001
18,implicit_native_tick,1,44,U_L/left_index_1_joint,hand48,8,0.005927708798918968,0.004938352727526034,0.011341683096751529,-0.004438494792784816,0.010664627316166903,0.3116395194295713,0.30355959305041985,0.38673297635756687,-0.30355959305041985,0.37291108686092134
18,implicit_native_tick,1,45,U_L/left_little_1_joint,hand48,8,0.004392635273859581,0.003680123651106001,0.00847770186745242,-0.003260017175973051,0.007901625411525549,0.2522867010121616,0.2473339774465135,0.3166643689947751,-0.2473339774465135,0.3026707180926688
18,implicit_native_tick,1,46,U_L/left_middle_1_joint,hand48,8,0.00520510551958114,0.0038557412779527296,0.010514499023728252,-0.003205231669343212,0.009945505171371445,0.2599090941921163,0.24583507583716785,0.3764970357710582,-0.24583507583716785,0.34581185276668086
18,implicit_native_tick,1,47,U_L/left_ring_1_joint,hand48,8,0.004800103618408003,0.0036509393974295205,0.009683391145982156,-0.003056961681906183,0.00910715249892722,0.2512442000133825,0.240231909503953,0.35468738814590456,-0.240231909503953,0.32745576252161673
18,implicit_native_tick,1,48,U_L/left_thumb_1_joint,hand48,8,2.751050611695358e-05,1.9754644615947725e-05,5.870712372429976e-05,5.313668962635132e-06,5.270777612730592e-05,0.0027011784982831077,0.0024222250276175845,0.004785264172413404,-0.0017972713146300876,0.004260127695248011
18,implicit_native_tick,1,49,U_L/left_index_2_joint,hand48,8,2.536638570877688e-05,1.610659752234074e-05,5.025613976086113e-05,-1.4518129507189517e-05,4.5821061597316536e-05,0.0007759697411497486,0.0007565018512665326,0.0009041632938044792,-0.0003905515164715945,0.0008923510569765054
18,implicit_native_tick,1,50,U_L/left_little_2_joint,hand48,8,4.214042704010799e-05,3.147005952752226e-05,8.864222933309407e-05,-3.147005952752226e-05,8.152094598010694e-05,0.002073322986249891,0.0020200774940470037,0.0025064160337592628,-0.0020200774940470037,0.002497951697348127
18,implicit_native_tick,1,51,U_L/left_middle_2_joint,hand48,8,7.391671183601983e-05,5.4519043855649416e-05,0.0001557373458998118,-5.4519043855649416e-05,0.0001435526456842209,0.0038086557231451663,0.0037214160539303467,0.004561331676213746,-0.0037214160539303467,0.004540517591525059
18,implicit_native_tick,1,52,U_L/left_ring_2_joint,hand48,8,0.00011246682295613282,8.115097133497631e-05,0.00023496904457673273,-8.079707793645294e-05,0.00021776081334943796,0.005599020165493586,0.005465913558681372,0.0066179338887779205,-0.005465913558681372,0.00658233884860709
18,implicit_native_tick,1,53,U_L/left_thumb_2_joint,hand48,8,0.0008310878334464513,0.0007505230330510128,0.0011017939397112986,-0.0007029729399535035,0.0010967868794978185,0.013504344146010644,0.01046336950849491,0.030251496730342525,0.0048490157190937185,0.025266848906807398
18,implicit_native_tick,1,54,U_L/left_thumb_3_joint,hand48,8,0.0019634575049792455,0.0016981208773954072,0.0035345455652479735,-0.0005528904034175358,0.0033010306359740416,0.07178370561316491,0.05406992744085469,0.15411172436295503,0.047175530515294085,0.1365986858205953
18,implicit_native_tick,1,55,U_L/left_thumb_4_joint,hand48,8,6.15445614194301e-05,4.952458903829948e-05,0.00012158497759691411,-4.368974483918986e-05,0.0001137922865136462,0.003192073647335339,0.0030937756654479094,0.004155786879489145,-0.0030937756654479094,0.003940018989938284
18,implicit_native_tick,1,56,U_R/shoulder_pan_joint,controlled26,8,0.00018308481242259182,0.00013784184711768122,0.00040085741074280534,0.00010918805851029001,0.00034774387426814705,0.01453966458866445,0.01320384181117939,0.021617973300713578,-0.0028121864187692237,0.021363211275394877
18,implicit_native_tick,1,57,U_R/shoulder_lift_joint,controlled26,8,0.000456716292922281,0.0004165265614353153,0.000582521067175712,0.0004165265614353153,0.000582059306756788,0.01178409266305445,0.010190135446508316,0.02161663673879083,0.010190135446508316,0.01968158282646807
18,implicit_native_tick,1,58,U_R/elbow_joint,controlled26,8,0.00019771376531247444,0.00017901135532674695,0.00025470757462331406,0.00015076282272605268,0.0002536718287738826,0.044475129017962176,0.042783461059473143,0.06515542536397995,-0.042783461059473143,0.05774640410436024
18,implicit_native_tick,1,59,U_R/wrist_1_joint,controlled26,8,7.55141368246007e-05,6.440397184936941e-05,0.0001415249676308683,1.4335283685662503e-06,0.0001346299905943704,0.004074793249971762,0.0039595783307478346,0.005717502486527665,0.0039595783307478346,0.005458508140187571
18,implicit_native_tick,1,60,U_R/wrist_2_joint,controlled26,8,0.00014578586930216048,8.104084140746204e-05,0.00036094375754036623,-5.813612630924114e-05,0.00030313088206549425,0.00339898526376443,0.003239670013111806,0.005845667252200093,0.003239670013111806,0.004961377788088863
18,implicit_native_tick,1,61,U_R/wrist_3_joint,controlled26,8,0.00013189762453209267,6.879544298221685e-05,0.000320624160852212,5.8868254762756145e-05,0.00027491642509862573,0.0013859104832996422,0.0009304854951671527,0.0032699576775575,-0.00012023589338674219,0.0027721999644131903
18,implicit_native_tick,1,62,U_R/right_index_1_joint,hand48,8,0.008970163410789147,0.008920929700096603,0.009897750597569196,0.008920929700096603,0.009686651750115969,0.23539527922565037,0.21329546368832106,0.2797315834883587,0.20664207506045554,0.2784783608081848
18,implicit_native_tick,1,63,U_R/right_little_1_joint,hand48,8,0.006852149121878379,0.006763184511328166,0.00863399587415048,0.006763184511328166,0.008113328009180167,0.16986796539764257,0.15363566907354975,0.2119571260627283,0.15363566907354975,0.20623766838120366
18,implicit_native_tick,1,64,U_R/right_middle_1_joint,hand48,8,0.009955963581700589,0.009821622730037224,0.013719791793262145,0.009821622730037224,0.012395953076699141,0.2728500153887335,0.2573661115601354,0.33107132324026745,0.2573661115601354,0.3226659840506338
18,implicit_native_tick,1,65,U_R/right_ring_1_joint,hand48,8,0.008887752963788112,0.008770643435807142,0.011888404800990876,0.008770643435807142,0.010874053611830385,0.2427955139842805,0.2274333365799944,0.29143767367732837,0.2274333365799944,0.28656087128591834
18,implicit_native_tick,1,66,U_R/right_thumb_1_joint,hand48,8,5.8413116367967614e-05,5.6977344027493715e-05,9.04273305717962e-05,-5.6977344027493715e-05,7.823105088408109e-05,0.028156767640495482,0.02812647993123095,0.03148690503779713,-0.02812647993123095,0.03022737465576478
18,implicit_native_tick,1,67,U_R/right_index_2_joint,hand48,8,0.0003270445268893553,0.00019957111810787326,0.0006736343288177155,0.00019957111810787326,0.0006290719567105528,0.01031759066426636,0.006764796218600809,0.019912721571889128,-0.006764796218600809,0.019786550290713443
18,implicit_native_tick,1,68,U_R/right_little_2_joint,hand48,8,0.00029479265472131004,0.00021250206006420518,0.0005787793380308687,0.00021250206006420518,0.0005526556022266641,0.007772595096351184,0.004681726118304131,0.015183240543917032,-0.004067531938809043,0.015176391835389809
18,implicit_native_tick,1,69,U_R/right_middle_2_joint,hand48,8,0.0003514770739037233,0.0002683673416882214,0.0006677906731160019,0.0002683673416882214,0.0006458496250054974,0.00872864957963959,0.005576808210744599,0.01725333753151738,-0.0040809043899624736,0.017115514516075493
18,implicit_native_tick,1,70,U_R/right_ring_2_joint,hand48,8,0.0004041350552231703,0.00033107375440041657,0.000732248571067573,0.00033107375440041657,0.0007175545822161268,0.008700044560363038,0.006345829769869898,0.01693019417418784,-0.00265017138056021,0.016733802185961624
18,implicit_native_tick,1,71,U_R/right_thumb_2_joint,hand48,8,0.0002997265243232614,0.0002610675385878664,0.0005748335609395624,1.6396497641142822e-05,0.0004933576057803443,0.028709533200547165,0.023732370076882458,0.05092203455281672,0.015432569550468015,0.04973109628793119
18,implicit_native_tick,1,72,U_R/right_thumb_3_joint,hand48,8,0.0012052714265167943,0.0009791119961884663,0.0023139145984510806,-0.0009791119961884663,0.0021165954346308575,0.08654651223147203,0.06840807790989978,0.14714865798535112,0.0004331797784683858,0.14052235815932076
18,implicit_native_tick,1,73,U_R/right_thumb_4_joint,hand48,8,0.00015482785138941487,0.0001527594171183578,0.00021154035731327236,0.0001527594171183578,0.00019042797790181778,0.0035106029683788986,0.0032139890285283134,0.004135477198205476,0.0029051397083999404,0.004123830277656907
18,implicit_initial_mass,both,0,F_L/fr3_joint1,controlled26,16,3.5372536571486305e-05,3.0550478720442475e-05,6.372127875109435e-05,2.3785989932439966e-05,5.956730300255009e-05,0.003146373515000665,0.0018787775865258861,0.010122046683238073,0.00046858637968538833,0.0062273635073829495
18,implicit_initial_mass,both,1,F_L/fr3_joint2,controlled26,16,0.00013287840965387133,0.00010375307730124683,0.00033516014164058916,1.766290612463528e-05,0.00026068944200813293,0.006710165873210078,0.005141770785482552,0.014329664694423603,-0.0006353831959513738,0.012676435135683535
18,implicit_initial_mass,both,2,F_L/fr3_joint3,controlled26,16,8.11815260438006e-05,5.1551302377425556e-05,0.00015813401506448166,-5.1551302377425556e-05,0.00015452664113724257,0.003482846653702042,0.002810389969677217,0.008028537929094512,0.00017365715480304128,0.007207060276657078
18,implicit_initial_mass,both,3,F_L/fr3_joint4,controlled26,16,3.076857685969027e-05,2.038076307787906e-05,8.176731606068799e-05,-2.025045494999378e-06,7.11221955820851e-05,0.008528319831818577,0.004800941400759262,0.023918178121644762,0.0006251152813126944,0.018329098979729626
18,implicit_initial_mass,both,4,F_L/fr3_joint5,controlled26,16,2.8647883291667536e-05,1.6346786363780064e-05,7.935602596975677e-05,-7.0108336771707025e-06,6.776888859283403e-05,0.004842452667307823,0.002297168235884763,0.016919682254389657,0.0018490553425433093,0.009018527766423215
18,implicit_initial_mass,both,5,F_L/fr3_joint6,controlled26,16,2.117609840855939e-05,1.1050464020778694e-05,6.363463333980413e-05,-1.0416274496438671e-05,4.3146505207425356e-05,0.001668781293924213,0.0009260571476865898,0.0043725161209704905,-0.000377535237078887,0.004245224697554294
18,implicit_initial_mass,both,6,F_L/fr3_joint7,controlled26,16,8.397844250466702e-05,5.4213621903984044e-05,0.00016675435881974288,4.6402175250051525e-05,0.00015983242270611875,0.002370429297972895,0.0014910943571737282,0.006584333918895041,0.0005972564767477564,0.005690565460882636
18,implicit_initial_mass,both,7,F_L/left_index_1_joint,hand48,16,0.0036041384533495005,0.0022502114866428035,0.008772488125961195,0.001938062023317537,0.007553526026284684,0.18598079916792093,0.11034914657600194,0.46616962148462615,0.08602559476334852,0.42241972960882207
18,implicit_initial_mass,both,8,F_L/left_middle_1_joint,hand48,16,0.0036530605836253916,0.0023016619272175918,0.008941924275414681,0.0019930722131353265,0.007536445604390287,0.19288688474741078,0.11605239318410439,0.4904171199610269,0.09218846394219912,0.43282754023897857
18,implicit_initial_mass,both,9,F_L/left_pinky_1_joint,hand48,16,0.0015230312753174906,0.0009245243989606123,0.0034608021836676495,0.0008489443693194959,0.0034056945369668086,0.04481057353712952,0.02466017151725442,0.1144360770218747,0.015721781659603848,0.11232825061112378
18,implicit_initial_mass,both,10,F_L/left_ring_1_joint,hand48,16,0.0033363999224559375,0.0020933279120233022,0.008022780494788356,0.001817664261240499,0.006904627035286926,0.1700926498756492,0.10038146877567587,0.42558891171632085,0.07896803063255405,0.38290737875894265
18,implicit_initial_mass,both,11,F_L/left_thumb_1_joint,hand48,16,7.594322520228132e-05,4.6200038472231624e-05,0.00019041179897386074,-4.040549078678174e-05,0.00016097803870239458,0.011795396678010646,0.005639630119714061,0.04147157529240829,-0.005014050013327962,0.022461836793736527
18,implicit_initial_mass,both,12,F_L/left_index_2_joint,hand48,16,4.514239802707275e-06,2.363181568872802e-06,1.32714360675662e-05,-2.072411136228025e-06,1.018563553617513e-05,0.001100098873870593,0.0004854408963574894,0.004027554060764702,-0.0003327110817162788,0.0020213592122426886
18,implicit_initial_mass,both,13,F_L/left_middle_2_joint,hand48,16,6.187284056879592e-05,3.930871551181478e-05,0.00014747978590351485,3.214641642845101e-05,0.00012118592446358142,0.0022680476778862133,0.0015317764612074718,0.00571601526632271,0.0009169889902506047,0.0049950099034576576
18,implicit_initial_mass,both,14,F_L/left_pinky_2_joint,hand48,16,9.574394124956002e-05,6.156813030490371e-05,0.00021518140855934786,5.089357245163968e-05,0.00019253926645541528,0.004059013105969626,0.0025592753280511385,0.010211610222200365,0.0017015466761200451,0.008513850021832718
18,implicit_initial_mass,both,15,F_L/left_ring_2_joint,hand48,16,0.00016133788733340194,0.00010368411694599601,0.00035764862988038604,8.573954767338542e-05,0.00032598102607395846,0.006127321188663995,0.003908947454760703,0.015837032850793412,0.0024158469347456656,0.013655074761888108
18,implicit_initial_mass,both,16,F_L/left_thumb_2_joint,hand48,16,0.0005722269855495327,0.00042708720119560926,0.0015841423084101622,-8.232721603056593e-05,0.001084193090803466,0.039077808159759156,0.03131129288096521,0.09379836540351671,-0.00285941888474453,0.07929676895196383
18,implicit_initial_mass,both,17,F_L/left_thumb_3_joint,hand48,16,0.002963316199338165,0.0022440231040976684,0.008211080595233247,-0.0004425910373420392,0.005558792858688913,0.21404399778808464,0.170451156414751,0.5307279355369298,-0.02292017864262904,0.4241628923282933
18,implicit_initial_mass,both,18,F_L/left_thumb_4_joint,hand48,16,5.961667503957847e-06,4.537657213220681e-06,1.2018102303848477e-05,2.4639983272566578e-06,1.1427335562816734e-05,0.00038557601481507337,0.00023211554681258325,0.0011959660473456093,8.639807533166275e-05,0.0008448637844854169
18,implicit_initial_mass,both,19,F_R/fr3_joint1,controlled26,16,0.00016275770620621685,0.00011890883505083494,0.0003695509455532431,2.5487248241862215e-05,0.0003268533798358453,0.006734427723324836,0.005408234208522988,0.014542348501273922,0.0024635568805216473,0.013895252517633424
18,implicit_initial_mass,both,20,F_R/fr3_joint2,controlled26,16,9.02250652904436e-05,5.359252981537721e-05,0.00022093903236464207,4.963224099397562e-05,0.00019070217397954004,0.008230862935322365,0.003337972515720546,0.029809109406891042,-0.0021420691058998474,0.016914890735828587
18,implicit_initial_mass,both,21,F_R/fr3_joint3,controlled26,16,0.00024955881095547555,0.00015527099159765023,0.0006047725867142084,-1.9282914183876843e-05,0.0005758088465732669,0.006309491100089354,0.004109324421451489,0.016585706260722338,0.0018695005841044348,0.013413702755568274
18,implicit_initial_mass,both,22,F_R/fr3_joint4,controlled26,16,9.586002642609447e-05,5.475205196800448e-05,0.0002715294472992458,-4.401737505793646e-06,0.00021915801319316586,0.012862255159105392,0.006256364241258369,0.04564587381919703,0.0018931826851056677,0.022514195619298134
18,implicit_initial_mass,both,23,F_R/fr3_joint5,controlled26,16,2.929296125046645e-05,1.500973665546912e-05,8.330462620831369e-05,-1.4168837106892651e-05,6.715544664487316e-05,0.01101101312311673,0.004542729805744818,0.041076266113317494,0.0014979139549969886,0.017851182152441948
18,implicit_initial_mass,both,24,F_R/fr3_joint6,controlled26,16,1.5684374166954616e-05,8.41755513264486e-06,5.153647186872945e-05,7.542168230456614e-06,3.0369483959624688e-05,0.0025985751760818927,0.0012596323343423523,0.007922750548995602,7.291896511123263e-05,0.006639172135786245
18,implicit_initial_mass,both,25,F_R/fr3_joint7,controlled26,16,2.9336499636305336e-05,1.3826051520629545e-05,8.148085515313763e-05,-9.951130632759181e-06,8.002620577537284e-05,0.0012263270348837878,0.0006844261990356182,0.003228448028238004,-0.000536653639095567,0.002762257026674396
18,implicit_initial_mass,both,26,F_R/right_index_1_joint,hand48,16,0.0009925733549052491,0.0004914243339201943,0.00336650013121495,0.00021712066408140218,0.002138070343678876,0.08002948234706245,0.044670530316821506,0.22327206965135904,0.02396178196747336,0.1826701924775432
18,implicit_initial_mass,both,27,F_R/right_middle_1_joint,hand48,16,0.001080252068800222,0.0006018401721589405,0.003484831220321262,0.00012826455723697954,0.0021677744770502057,0.0862152788233737,0.04774768522025738,0.2313453765893309,0.021162289988388983,0.1974110249827313
18,implicit_initial_mass,both,28,F_R/right_pinky_1_joint,hand48,16,0.0009007515129065254,0.000542666925943092,0.002427890885512124,-9.281121520873098e-06,0.0018836987789745442,0.06171658264900732,0.03346477079334558,0.15956252812590987,0.01355193679866147,0.14358984395045
18,implicit_initial_mass,both,29,F_R/right_ring_1_joint,hand48,16,0.0009306321284150448,0.0005485492485200016,0.002767596138498543,5.445040372649987e-05,0.0018635104250606157,0.06979675684192237,0.03861541571943762,0.18340809858319096,0.016391677709340136,0.15113772859956864
18,implicit_initial_mass,both,30,F_R/right_thumb_1_joint,hand48,16,3.003410675116238e-05,1.539019316289421e-05,9.842558732292561e-05,-6.6101335310115444e-06,6.617667066628752e-05,0.0030020515924092973,0.0015770690793110217,0.00839956543349984,-0.0013533009946675586,0.006962418708488896
18,implicit_initial_mass,both,31,F_R/right_index_2_joint,hand48,16,4.043391129958024e-06,2.4272156371038175e-06,1.0804970572500516e-05,-1.5298074631650213e-06,9.521658666425403e-06,0.00030981409803820955,0.00013447644275639496,0.0011667461263979895,-7.266186532598695e-05,0.0005580501413812843
18,implicit_initial_mass,both,32,F_R/right_middle_2_joint,hand48,16,2.0604307924328682e-05,9.895228919999492e-06,7.073524345295457e-05,3.820444561601806e-06,4.230689402195606e-05,0.0016306931213726276,0.0009430233507766548,0.003967830834660687,0.0005083109086893432,0.0037860847725194905
18,implicit_initial_mass,both,33,F_R/right_pinky_2_joint,hand48,16,3.176344325622747e-05,1.6284338882337213e-05,0.00010501030810632084,5.294280280166569e-06,6.707665568580004e-05,0.0023890593552040435,0.001371747585058884,0.006405272326822292,0.0007381472648402294,0.0054384984767967695
18,implicit_initial_mass,both,34,F_R/right_ring_2_joint,hand48,16,5.2144987580239884e-05,2.8332767970493025e-05,0.0001652213186116025,5.747611449489088e-06,0.00010592179719288997,0.003801443803029437,0.002175868152445381,0.009976454825740041,0.0011086299541831417,0.008413232875827934
18,implicit_initial_mass,both,35,F_R/right_thumb_2_joint,hand48,16,0.0008552491951558409,0.0004923880278921667,0.0025706011173869947,0.0001733098271610627,0.0019325822580017124,0.045701788956649565,0.024808531830445988,0.15391609441964377,0.0067078954623668394,0.08070089778324058
18,implicit_initial_mass,both,36,F_R/right_thumb_3_joint,hand48,16,0.007977425649595317,0.004650584579100401,0.02396882445029258,0.001595548576147101,0.01762112592094957,0.49537544682407203,0.26590679537489414,1.679836323471267,0.07096723560458926,0.8694714992100429
18,implicit_initial_mass,both,37,F_R/right_thumb_4_joint,hand48,16,4.847054502042674e-06,2.6859394122889443e-06,1.2269477461426814e-05,5.013133880325121e-08,1.0237380524361767e-05,0.0004627484394961763,0.00025594740050802146,0.0013506136018642438,3.945456855407527e-05,0.0011320758577420627
18,implicit_initial_mass,both,38,U_L/shoulder_pan_joint,controlled26,16,5.760795983114788e-05,4.205618280278545e-05,0.00011920498263640056,-1.293221448761539e-05,0.00011870898144394904,0.007542762056443154,0.006954048591193144,0.010924864879553072,-0.00512229152725883,0.010825109665284702
18,implicit_initial_mass,both,39,U_L/shoulder_lift_joint,controlled26,16,0.0004975894108900846,0.0004500160303951839,0.0008603612165813956,0.0004500160303951839,0.0008593041914233268,0.03590360802342514,0.033545349587217464,0.048370643624016774,-0.033545349587217464,0.047939973235455666
18,implicit_initial_mass,both,40,U_L/elbow_joint,controlled26,16,0.00026128254910291233,0.00024497469840986663,0.00038116324278170133,-0.00024497469840986663,0.0003746211832630908,0.060643188906059575,0.05635185605669997,0.08176844774316434,0.05635185605669997,0.08100450740735511
18,implicit_initial_mass,both,41,U_L/wrist_1_joint,controlled26,16,0.00010356353924771493,8.361945729223191e-05,0.0002898251196921109,-6.256964087979211e-06,0.0001802284906415319,0.011455281626915649,0.007613075098814998,0.029241986216148458,0.005405020517857381,0.027820158776833755
18,implicit_initial_mass,both,42,U_L/wrist_2_joint,controlled26,16,7.87625477444988e-05,4.0118069951813884e-05,0.0002168529550088394,3.3236413854539903e-05,0.00019237514373493525,0.008816675930963625,0.004550354513436887,0.026829240878986443,0.0025308885989053136,0.022389208876379157
18,implicit_initial_mass,both,43,U_L/wrist_3_joint,controlled26,16,0.00011198631506149425,5.247585118403619e-05,0.00034830048773670796,4.970647614463419e-05,0.00023239688227583155,0.007544956533230586,0.0037376877066924753,0.0199756062489006,0.0027200784913900813,0.018560770409834754
18,implicit_initial_mass,both,44,U_L/left_index_1_joint,hand48,16,0.005091076168694735,0.004028361249413798,0.011342288202915878,-0.0035812115468739367,0.009892032162143412,0.37025015132595496,0.3367693362302475,0.7333256997976219,-0.3310089433431215,0.6381440959146358
18,implicit_initial_mass,both,45,U_L/left_little_1_joint,hand48,16,0.0037776784267094777,0.00301838502667527,0.008478069347864672,-0.0026158729051923707,0.007243926216326312,0.2861112521237827,0.263393585517151,0.5388404217622453,-0.26205440186649687,0.4625282333385117
18,implicit_initial_mass,both,46,U_L/left_middle_1_joint,hand48,16,0.004499948984469156,0.003195621833656506,0.010514730058603483,-0.0026307550051039175,0.009295976678469008,0.33041385397851014,0.28344819870306875,0.7304962261936458,-0.2763920040095768,0.6460781943127024
18,implicit_initial_mass,both,47,U_L/left_ring_1_joint,hand48,16,0.004148801151621277,0.0030088151047067465,0.009683656634378757,-0.002495543011176788,0.008449307376750814,0.3098091174580161,0.270867697659755,0.6661204282054927,-0.2656459255751739,0.5827388930860151
18,implicit_initial_mass,both,48,U_L/left_thumb_1_joint,hand48,16,2.1633028704668875e-05,1.5328975343596035e-05,6.047938577480316e-05,1.4976523803368613e-06,4.7277958270225406e-05,0.012046158749491222,0.006652037477588965,0.038345780972580526,0.0024714452042754924,0.029511687034813026
18,implicit_initial_mass,both,49,U_L/left_index_2_joint,hand48,16,2.7675597804003336e-05,1.810793552312496e-05,5.6199198132426964e-05,-1.526099135489272e-05,5.189234796212569e-05,0.0014887572168870167,0.000952334365107146,0.004052663297699283,0.00019748070661517218,0.00379522893624755
18,implicit_initial_mass,both,50,U_L/left_little_2_joint,hand48,16,3.904645539888728e-05,2.7425624226526564e-05,8.874485576688962e-05,-2.7425624226526564e-05,7.949013462899002e-05,0.001933599711638904,0.0018477246054891656,0.0025076880730864172,-0.0018477246054891656,0.0024891858230233657
18,implicit_initial_mass,both,51,U_L/left_middle_2_joint,hand48,16,6.75492642718651e-05,4.693601635397896e-05,0.00015581522674790182,-4.693601635397896e-05,0.00013605904009804035,0.0034869446761374343,0.0033158529655602812,0.00456263871991706,-0.0033158529655602812,0.004517547189527295
18,implicit_initial_mass,both,52,U_L/left_ring_2_joint,hand48,16,0.00010184652900776034,6.941023030220331e-05,0.0002350472906890999,-6.923328949392377e-05,0.00020253175096644066,0.0056324996584319695,0.005340682269699789,0.008342900163104575,-0.005340682269699789,0.00705011261636443
18,implicit_initial_mass,both,53,U_L/left_thumb_2_joint,hand48,16,0.0006725121912538392,0.0005911668161071313,0.0011018508141766026,-0.0005267074894190161,0.0010910844217968847,0.019299156929978627,0.013632661440616273,0.04559086216688221,0.005182791768656209,0.04357033820907402
18,implicit_initial_mass,both,54,U_L/left_thumb_3_joint,hand48,16,0.0016893399439367122,0.0013985951275117727,0.003534546627891974,-0.00043193483056751594,0.0030341960535913044,0.09815213368309939,0.06929054866036333,0.2420348465085836,0.04981909047106671,0.2136724341332637
18,implicit_initial_mass,both,55,U_L/left_thumb_4_joint,hand48,16,5.3556820603939706e-05,4.0943930423465585e-05,0.0001215849978240674,-3.57218935953911e-05,0.00010489223768542916,0.0037540225171419396,0.003408009862317363,0.0073230803953259795,-0.0033395335364144936,0.006530072653134526
18,implicit_initial_mass,both,56,U_R/shoulder_pan_joint,controlled26,16,0.00017022481546061984,0.00013891128042667344,0.0004009054442715154,7.393940342678706e-05,0.0003156255559301213,0.013655520010701493,0.011703481932473758,0.023954145118278022,-0.0015571600679696387,0.021658813675780684
18,implicit_initial_mass,both,57,U_R/shoulder_lift_joint,controlled26,16,0.00035083824375118137,0.00029795941628391054,0.0005809420716511582,0.00029795941628391054,0.0005762419032073751,0.015056746129483382,0.012238400004506877,0.03921009739843606,0.01060748457437665,0.026686010969424634
18,implicit_initial_mass,both,58,U_R/elbow_joint,controlled26,16,0.00017550316898030897,0.00015863104588700883,0.00025383509421716965,0.00013672681302859258,0.00025198205925253125,0.04642131187954023,0.042769536434393865,0.09847608695572391,-0.03937954178728224,0.07347907599207096
18,implicit_initial_mass,both,59,U_R/wrist_1_joint,controlled26,16,5.8531738109468266e-05,4.737552612887885e-05,0.00014241483790877751,-2.039732171055242e-06,0.00012813048962290186,0.010245245583468447,0.006321273542696143,0.036568648293652944,0.006321273542696143,0.017784821122891405
18,implicit_initial_mass,both,60,U_R/wrist_2_joint,controlled26,16,0.00011540527486870539,6.015089409806135e-05,0.0003624707947875727,-4.3685374303652214e-05,0.0002383009425041549,0.00946434853770052,0.005755750910046287,0.02642649408476716,-0.0006207830194379074,0.025045956534521588
18,implicit_initial_mass,both,61,U_R/wrist_3_joint,controlled26,16,0.00010507312297389807,5.287272642079399e-05,0.0003207996195353502,4.3515448309772164e-05,0.00022281389808664898,0.008457779073937782,0.004136515749904927,0.021714473979414645,0.00361047986316285,0.020666019923524966
18,implicit_initial_mass,both,62,U_R/right_index_1_joint,hand48,16,0.007423291494842401,0.007066648651660153,0.009898666374099453,0.007066648651660153,0.009527992468949673,0.2629956471861754,0.24610856445996976,0.3268822772960436,0.24277952925582486,0.3193176698517942
18,implicit_initial_mass,both,63,U_R/right_little_1_joint,hand48,16,0.005566257093526152,0.005239425818143082,0.008634600796579656,0.005239425818143082,0.007518116292586426,0.19112784142305958,0.17724306092092226,0.2381471835231409,0.17724306092092226,0.23093941786777036
18,implicit_initial_mass,both,64,U_R/right_middle_1_joint,hand48,16,0.008109124821214357,0.007638259414350087,0.013721222424210394,0.007638259414350087,0.010882738321047601,0.32204905199364997,0.3055912529510662,0.5453684996897614,0.3055912529510662,0.40583462768208506
18,implicit_initial_mass,both,65,U_R/right_ring_1_joint,hand48,16,0.007226787384801654,0.006804022265875611,0.011889560450387728,0.006804022265875611,0.009714587833207203,0.2802768289083954,0.2656390446685336,0.43946374444341596,0.2656390446685336,0.34783305113538215
18,implicit_initial_mass,both,66,U_R/right_thumb_1_joint,hand48,16,4.336575065379518e-05,3.774198075247315e-05,9.035348791508468e-05,-3.774198075247315e-05,6.432437011065495e-05,0.032033756672211415,0.03066081967221245,0.06510135674078528,-0.03066081967221245,0.04340287577500257
18,implicit_initial_mass,both,67,U_R/right_index_2_joint,hand48,16,0.0003584290361021752,0.00021751311773518956,0.0007204513294337411,0.00021751311773518956,0.0006853397373021222,0.010914164762064762,0.007285006769835713,0.024653350173273834,-0.007285006769835713,0.021108805000411564
18,implicit_initial_mass,both,68,U_R/right_little_2_joint,hand48,16,0.00031110919794107754,0.00021473253079242957,0.000589030030660298,0.00021473253079242957,0.0005841159166144784,0.007732868207016749,0.004582398873638409,0.01822561848276205,-0.0039933158539199745,0.015952666492474676
18,implicit_initial_mass,both,69,U_R/right_middle_2_joint,hand48,16,0.00036289978903667445,0.00026216440365522476,0.0006762738484919067,0.00026216440365522476,0.0006699128286707795,0.008971858908315502,0.005470066970681043,0.02167868288930805,-0.004365886952786938,0.018374905367958903
18,implicit_initial_mass,both,70,U_R/right_ring_2_joint,hand48,16,0.0004046622507114895,0.0003122064218242567,0.000741782076302655,0.0003122064218242567,0.0007346331021075604,0.008585261925505511,0.0061680876266430994,0.020467052972347057,-0.0024903192116295,0.017827176048632255
18,implicit_initial_mass,both,71,U_R/right_thumb_2_joint,hand48,16,0.00024318837806134035,0.00020697640536997955,0.0005748370824214533,-2.8619615869929834e-05,0.00040012226687964093,0.02917957934639512,0.02424229067516741,0.051054229074056205,0.012794355530402384,0.048616314745283676
18,implicit_initial_mass,both,72,U_R/right_thumb_3_joint,hand48,16,0.0011385760978897409,0.0009247909924278855,0.0023139150258200125,-0.0009247909924278855,0.002147207220809251,0.0819239936104018,0.06448764789964886,0.1634548722231535,-0.018087408960769415,0.15123881311548124
18,implicit_initial_mass,both,73,U_R/right_thumb_4_joint,hand48,16,0.00012732932533683747,0.00012019717330648792,0.0002116215858556092,0.00012019717330648792,0.00017357751729969728,0.004217580532346934,0.0038812228240559642,0.007287955243799277,0.0037273653651861104,0.005436310249423611
18,implicit_initial_mass,0,0,F_L/fr3_joint1,controlled26,8,2.287273481710995e-05,2.0801126106972934e-05,3.6994523943123525e-05,1.724176129314081e-05,3.482220864969854e-05,0.004356987110419426,0.002919838956633671,0.010122046683238073,0.0003893272858241524,0.008304527867839013
18,implicit_initial_mass,0,1,F_L/fr3_joint2,controlled26,8,7.911588907373716e-05,6.54564374434341e-05,0.00014281551009176496,1.9441575552447965e-05,0.0001405077477287464,0.0075866657211362785,0.005678942812291317,0.014329664694423603,-0.0009348130153404625,0.013558157567011571
18,implicit_initial_mass,0,2,F_L/fr3_joint3,controlled26,8,7.63950883685921e-05,4.808305087924958e-05,0.0001379460386847775,-4.808305087924958e-05,0.00013723772848779349,0.004079590004987886,0.0031908346580874552,0.008028537929094512,0.0005496084223139894,0.007645181691290376
18,implicit_initial_mass,0,3,F_L/fr3_joint4,controlled26,8,1.373354923701197e-05,9.960878389669858e-06,2.9372824918327822e-05,-3.962457687134435e-06,2.6835814632875096e-05,0.011551704536765395,0.007192628931699264,0.023918178121644762,0.0006583110462659737,0.021309941188751028
18,implicit_initial_mass,0,4,F_L/fr3_joint5,controlled26,8,2.3229830334111148e-05,1.1456737929349536e-05,6.390650946719312e-05,-8.118336625922984e-06,4.621299297847267e-05,0.006781960051379472,0.0038638419504899105,0.016919682254389657,0.003554714570547824,0.013232476826671979
18,implicit_initial_mass,0,5,F_L/fr3_joint6,controlled26,8,1.4763577902546703e-05,7.786491335232126e-06,3.63171291632991e-05,-7.488635581504033e-06,3.0622949654501845e-05,0.00232230428070837,0.0014959401853076356,0.0043725161209704905,-0.0006478874007055443,0.0043131134567095985
18,implicit_initial_mass,0,6,F_L/fr3_joint7,controlled26,8,7.614138705481404e-05,4.8030665711795706e-05,0.00015752511066824404,4.26116862615733e-05,0.00014347017819787974,0.003076866145431595,0.0019785241817895584,0.006584333918895041,0.0010157199583204935,0.006167241971822585
18,implicit_initial_mass,0,7,F_L/left_index_1_joint,hand48,8,0.003021359873407996,0.0018587433877133661,0.007147205326392514,0.001638752108716732,0.0059556695793361045,0.2493132322651244,0.16241351703708606,0.46616962148462615,0.13957038153270623,0.44575300527591755
18,implicit_initial_mass,0,8,F_L/left_middle_1_joint,hand48,8,0.0030150511966834824,0.0018804241723171505,0.007067952714048822,0.0016647406979140977,0.005916210539658593,0.25738610238661813,0.16849233659207263,0.4904171199610269,0.14584827341394777,0.46354198275740427
18,implicit_initial_mass,0,9,F_L/left_pinky_1_joint,hand48,8,0.0014749003991195767,0.0008705796863519057,0.0034608021836676495,0.0008170828818913865,0.002839484883177294,0.061601247654385606,0.03941123155534011,0.1144360770218747,0.03422937067385221,0.1134524246968576
18,implicit_initial_mass,0,10,F_L/left_ring_1_joint,hand48,8,0.0028029987346236233,0.001738283390500011,0.006531909215453116,0.0015440436817991537,0.005459966690561647,0.22887118126274145,0.14907289534381457,0.42558891171632085,0.12895504431264812,0.40567086300287764
18,implicit_initial_mass,0,11,F_L/left_thumb_1_joint,hand48,8,6.0560230977959926e-05,3.563024099024429e-05,0.00015116678527857252,-3.2071455603930286e-05,0.0001211422645489998,0.0162930902023564,0.00893417175873757,0.04147157529240829,-0.008464253984942667,0.03260036399302812
18,implicit_initial_mass,0,12,F_L/left_index_2_joint,hand48,8,6.233266294988218e-06,3.91147541147982e-06,1.32714360675662e-05,-3.6030208001580633e-06,1.1831395819583699e-05,0.001535195523272784,0.0008456575037707769,0.004027554060764702,-0.0007866470096756732,0.0030913297981210947
18,implicit_initial_mass,0,13,F_L/left_middle_2_joint,hand48,8,4.9065645666441955e-05,3.062272033675824e-05,0.00011242130398360362,2.601119411111373e-05,9.563617401051325e-05,0.002763878762878606,0.0018944301545970729,0.00571601526632271,0.0012422433056389895,0.005379546096985685
18,implicit_initial_mass,0,14,F_L/left_pinky_2_joint,hand48,8,8.200470905454947e-05,5.171026818552235e-05,0.0001849918857541044,4.438306771925582e-05,0.00015879296420238522,0.005326178521354185,0.0036414512640436446,0.010211610222200365,0.0027826863230321873,0.009419322128695461
18,implicit_initial_mass,0,15,F_L/left_ring_2_joint,hand48,8,0.00014015094934527494,8.725749991581738e-05,0.0003154251581384826,7.574890723754946e-05,0.0002693413881840467,0.008011178383338724,0.005517902484442207,0.015837032850793412,0.004015236681212357,0.014818785742637602
18,implicit_initial_mass,0,16,F_L/left_thumb_2_joint,hand48,8,0.00038353734753044364,0.0003048893168429599,0.00085526285428765,-6.944350144819002e-05,0.0007247757699807186,0.042514197290826124,0.03303201676338097,0.09379836540351671,-0.00590796584600306,0.08046349514964064
18,implicit_initial_mass,0,17,F_L/left_thumb_3_joint,hand48,8,0.0019920007412768167,0.0016063270555032151,0.004444248089039662,-0.00035998493863045097,0.003723434621219177,0.240844082676839,0.1887173783947551,0.5307279355369298,-0.043313525354572946,0.4583201930354063
18,implicit_initial_mass,0,18,F_L/left_thumb_4_joint,hand48,8,5.821635750378044e-06,4.4413698293954e-06,1.1230413315806154e-05,2.4115487730052426e-06,1.0236686690008599e-05,0.0005419850186668872,0.0004192669572242455,0.0011959660473456093,0.00016561064854350255,0.0010321183246775193
18,implicit_initial_mass,0,19,F_R/fr3_joint1,controlled26,8,0.00013981524588242946,0.00010052219063760859,0.00029669486469208195,1.4286724335232925e-05,0.000265778972842634,0.007604494713848507,0.005797445679535043,0.014542348501273922,0.001561973739852255,0.014240370375575023
18,implicit_initial_mass,0,20,F_R/fr3_joint2,controlled26,8,7.760044522762619e-05,4.537246735769607e-05,0.00018062322118450602,4.262631067063205e-05,0.0001545287933147926,0.010740389693410185,0.004846786554532746,0.029809109406891042,-0.0027922566488130154,0.020956761981120706
18,implicit_initial_mass,0,21,F_R/fr3_joint3,controlled26,8,0.0002310874660761797,0.0001389407511311891,0.0005661542665262864,-2.455705997461699e-05,0.00045002717864726075,0.007557286391584137,0.005069913931903486,0.016585706260722338,0.002348114882800368,0.015105437958317106
18,implicit_initial_mass,0,22,F_R/fr3_joint4,controlled26,8,0.00010541192246469161,5.780577408212584e-05,0.0002715294472992458,-1.0076587742685605e-05,0.00021040366152877957,0.01718272201659404,0.00903012590240923,0.04564587381919703,0.0031588156750257225,0.03386138320990131
18,implicit_initial_mass,0,23,F_R/fr3_joint5,controlled26,8,3.062745750667597e-05,1.397155546070672e-05,8.330462620831369e-05,-1.2723547275411695e-05,6.236453169305986e-05,0.015327208689981239,0.007611097032907554,0.041076266113317494,0.0027106999631503585,0.03023789359824222
18,implicit_initial_mass,0,24,F_R/fr3_joint6,controlled26,8,9.113793693767673e-06,5.116134064953037e-06,2.3313821323256434e-05,5.116134064953037e-06,1.8772007188205813e-05,0.003583026874636613,0.0019904244419330953,0.007922750548995602,9.736804684195026e-06,0.007323747289497901
18,implicit_initial_mass,0,25,F_R/fr3_joint7,controlled26,8,2.9465976047895935e-05,1.333892589591712e-05,8.148085515313763e-05,-9.402628964177984e-06,5.8473371553974214e-05,0.0013510309917535953,0.0007675185774556055,0.003228448028238004,-0.0005688130906099131,0.0027566655438606286
18,implicit_initial_mass,0,26,F_R/right_index_1_joint,hand48,8,0.0006553608350907465,0.0003708174355125486,0.0017285937478335178,0.00010661903021692495,0.0013137064981022359,0.09023870744485205,0.04993279095240845,0.22327206965135904,0.01825115495826459,0.18698650149886226
18,implicit_initial_mass,0,27,F_R/right_middle_1_joint,hand48,8,0.0007183577697533643,0.00045772567011635474,0.0017287555626265202,2.6727312379991493e-05,0.0013902181752001494,0.0968775933805156,0.052520269953576615,0.2313453765893309,0.012523037929118023,0.20131519775003426
18,implicit_initial_mass,0,28,F_R/right_pinky_1_joint,hand48,8,0.0006986671963597587,0.00045628536057638544,0.0013232030191394073,-8.068167155809644e-05,0.001266910763826142,0.07475082156737865,0.04041239418741839,0.15956252812590987,0.0056059411469378505,0.15210860884402858
18,implicit_initial_mass,0,29,F_R/right_ring_1_joint,hand48,8,0.0006651797132522403,0.0004383991096781753,0.001428547397339365,-2.727508165866789e-05,0.0012493028049691869,0.08179410130254998,0.04445875672054796,0.18340809858319096,0.008256811655433096,0.16834859259083385
18,implicit_initial_mass,0,30,F_R/right_thumb_1_joint,hand48,8,2.1748289361904472e-05,1.2413116889830461e-05,5.542703178074149e-05,-3.105415105324888e-06,4.4651544838099336e-05,0.0037989274831998045,0.0021722664968458526,0.00839956543349984,-0.001724730327558926,0.007728896961828065
18,implicit_initial_mass,0,31,F_R/right_index_2_joint,hand48,8,4.436111272933147e-06,2.6344756746399245e-06,1.0804970572500516e-05,-1.2785543319696058e-06,8.921520751863778e-06,0.00043409854378296603,0.00022905247957535704,0.0011667461263979895,-0.00011013705233716431,0.00088268800005686
18,implicit_initial_mass,0,32,F_R/right_middle_2_joint,hand48,8,1.2839528677119149e-05,7.037980648929784e-06,3.283077754495656e-05,1.5991883735595042e-06,2.647120296937199e-05,0.001718259415354752,0.001005397363990629,0.003967830834660687,0.0004009947698899482,0.003413669274511951
18,implicit_initial_mass,0,33,F_R/right_pinky_2_joint,hand48,8,2.1388242170104905e-05,1.2592707954412613e-05,5.4432104878959775e-05,2.081865389778198e-06,4.254175990985319e-05,0.002652578915606172,0.0015417249206026596,0.006405272326822292,0.0005955433920401547,0.005392899988169725
18,implicit_initial_mass,0,34,F_R/right_ring_2_joint,hand48,8,3.6391652910054605e-05,2.2540236706898586e-05,8.615529005331912e-05,7.09107243817772e-07,7.024573710881808e-05,0.0042850843580186015,0.0024851173285913527,0.009976454825740041,0.0008144411992533259,0.008724068931470612
18,implicit_initial_mass,0,35,F_R/right_thumb_2_joint,hand48,8,0.0006690870160023168,0.000391088813580083,0.001719909304873285,0.0001500504129123871,0.0013197545596997685,0.06016999630663234,0.03509066302048508,0.15391609441964377,0.011383128349229072,0.1189028901273598
18,implicit_initial_mass,0,36,F_R/right_thumb_3_joint,hand48,8,0.006109883916833656,0.0036388366320463297,0.015505226411168568,0.0013786203115760277,0.01203668886549142,0.6556902627950874,0.3804414145691218,1.679836323471267,0.12458324275514449,1.3016660721493618
18,implicit_initial_mass,0,37,F_R/right_thumb_4_joint,hand48,8,4.658864775738632e-06,2.749183684865736e-06,9.560014878673417e-06,-5.032681252778448e-07,9.274828653488277e-06,0.0006291823463180381,0.00039318660716531175,0.0013506136018642438,-3.9799056742580716e-05,0.0012486293212738925
18,implicit_initial_mass,0,38,U_L/shoulder_pan_joint,controlled26,8,5.433962363770032e-05,3.9461838953980255e-05,0.00011920498263640056,-9.511916739590731e-06,0.00010432475276191953,0.00594089072159053,0.005452853393326445,0.0080924424415654,-0.0034297427829350947,0.007666342367088879
18,implicit_initial_mass,0,39,U_L/shoulder_lift_joint,controlled26,8,0.0003558153298576236,0.0003277552575287612,0.000497069091383473,0.0003277552575287612,0.0004964229178763269,0.02586456711550896,0.024212494922812623,0.03143959307883326,-0.024212494922812623,0.03129671660806588
18,implicit_initial_mass,0,40,U_L/elbow_joint,controlled26,8,0.00021100969490805301,0.00019187156872821354,0.000283447697338568,-0.00019187156872821354,0.0002794531234581288,0.04679088366973629,0.04202502868481016,0.058787409116870366,0.04202502868481016,0.05861677191765418
18,implicit_initial_mass,0,41,U_L/wrist_1_joint,controlled26,8,6.94474689539021e-05,6.078988962314458e-05,0.00014369628095800557,-9.033369684038894e-06,0.00011365709256953011,0.015357046172013989,0.01064315581770271,0.029241986216148458,0.006680593641911519,0.02857846674446826
18,implicit_initial_mass,0,42,U_L/wrist_2_joint,controlled26,8,4.76095599479447e-05,2.6656621900961186e-05,0.00011043783690523057,1.9691822204487286e-05,9.788176673666269e-05,0.01235755734392847,0.007589607045376839,0.026829240878986443,0.006266319965634014,0.024757225944436374
18,implicit_initial_mass,0,43,U_L/wrist_3_joint,controlled26,8,7.226577625604173e-05,3.6024591908934145e-05,0.00018151302342195308,3.2746421539442405e-05,0.00015073332585431305,0.010554338859100256,0.006514509035197848,0.0199756062489006,0.00620918531579783,0.019315349524003204
18,implicit_initial_mass,0,44,U_L/left_index_1_joint,hand48,8,0.004085938421783264,0.00311805516472071,0.008145672943527152,-0.0027236134750923983,0.00776490786658665,0.4207631625383752,0.36996486630357317,0.7333256997976219,-0.35844408052932103,0.6889076179855617
18,implicit_initial_mass,0,45,U_L/left_little_1_joint,hand48,8,0.003040415382222997,0.0023564641989468477,0.006120724755461257,-0.001971546280639381,0.005760249101036378,0.31633253374646764,0.27944523012517974,0.5388404217622453,-0.2767668628238716,0.503228067164503
18,implicit_initial_mass,0,46,U_L/left_middle_1_joint,hand48,8,0.0036610283478937015,0.0025353278409029727,0.0074276526994490055,-0.0020561037685121707,0.007156102722152915,0.3883152280147226,0.32105279441756795,0.7304962261936458,-0.306940405030584,0.6911011446492055
18,implicit_initial_mass,0,47,U_L/left_ring_1_joint,hand48,8,0.0033736575890030364,0.002366518487527702,0.006870895900251375,-0.0019339519191632851,0.0065699086848675144,0.3589361759107062,0.3014956863397951,0.6661204282054927,-0.29105214217063297,0.6272090451497364
18,implicit_initial_mass,0,48,U_L/left_thumb_1_joint,hand48,8,1.1751754697919574e-05,1.0471301596037819e-05,1.922154811678789e-05,-2.657263200714355e-06,1.803827867932761e-05,0.016819114816136037,0.010868644720816625,0.038345780972580526,0.006726126319466617,0.03422320380162235
18,implicit_initial_mass,0,49,U_L/left_index_2_joint,hand48,8,2.9700804053674096e-05,2.0052059743415514e-05,5.6199198132426964e-05,-1.5901336330664297e-05,5.2296631118310325e-05,0.001958303854231338,0.0011509768779030354,0.004052663297699283,0.0007895433171293616,0.003932527262355141
18,implicit_initial_mass,0,50,U_L/left_little_2_joint,hand48,8,3.559639945380936e-05,2.3330960452384517e-05,7.640522758302348e-05,-2.3330960452384517e-05,7.138649740772648e-05,0.0017811697261718264,0.0016735107967836096,0.0022247773626928387,-0.0016735107967836096,0.0022128788534769087
18,implicit_initial_mass,0,51,U_L/left_middle_2_joint,hand48,8,6.040716211137998e-05,3.9295365643168476e-05,0.00012947364454808652,-3.9295365643168476e-05,0.00012125583491189722,0.003129695858838326,0.002907661504361134,0.003893153995078398,-0.002907661504361134,0.0038724615314462613
18,implicit_initial_mass,0,52,U_L/left_ring_2_joint,hand48,8,8.988133906160909e-05,5.7617452918129475e-05,0.00019169323772555424,-5.7617452918129475e-05,0.00018040163456605333,0.005663721084442281,0.0052132057424705835,0.008342900163104575,-0.0052132057424705835,0.007595282948723822
18,implicit_initial_mass,0,53,U_L/left_thumb_2_joint,hand48,8,0.00046235973684826824,0.0004318022472204301,0.0006042201343194609,-0.0003505252538898232,0.0005954039181979516,0.02371163656877784,0.016795162857837814,0.04559086216688221,0.005509306564450913,0.044647950986571726
18,implicit_initial_mass,0,54,U_L/left_thumb_3_joint,hand48,8,0.0013610626506946643,0.0010990485719063747,0.002584580777515458,-0.00031098913946786197,0.002472802688904709,0.11880498185182335,0.08451067749018924,0.2420348465085836,0.05246237260492205,0.22879905406676762
18,implicit_initial_mass,0,55,U_L/left_thumb_4_joint,hand48,8,4.4140753851865576e-05,3.235713580613739e-05,9.008524508842541e-05,-2.77478796894097e-05,8.532045694817428e-05,0.00424213356026775,0.0037221926657129163,0.0073230803953259795,-0.0035852400139071774,0.006953010115636634
18,implicit_initial_mass,0,56,U_R/shoulder_pan_joint,controlled26,8,0.00015114590608855788,0.00012964258902076198,0.00028719892648298995,4.9025240948574744e-05,0.0002475630497592584,0.01366087151091142,0.010841438810858615,0.023954145118278022,0.0003414449369081368,0.02284228078235686
18,implicit_initial_mass,0,57,U_R/shoulder_lift_joint,controlled26,8,0.00019852991243592081,0.00018095081617974795,0.00029018225922161633,0.00018095081617974795,0.00028151848049184913,0.017830195790896942,0.014372642817859573,0.03921009739843606,0.011110811957599123,0.033365523731564053
18,implicit_initial_mass,0,58,U_R/elbow_joint,controlled26,8,0.0001501345055519058,0.0001378540850330845,0.00020846781651795432,0.0001223627936914884,0.00019598961186582107,0.04827302386228661,0.042737506675494696,0.09847608695572391,-0.03595751738127145,0.0830890550541515
18,implicit_initial_mass,0,59,U_R/wrist_1_joint,controlled26,8,3.2711518637503e-05,3.003478894730849e-05,6.158449836313196e-05,-5.809170557424803e-06,5.239121525477673e-05,0.013900500056225906,0.008669009686807849,0.036568648293652944,0.008669009686807849,0.027802862280630877
18,implicit_initial_mass,0,60,U_R/wrist_2_joint,controlled26,8,7.203260437516849e-05,3.892107288516744e-05,0.00018246311801251025,-2.8906017285612595e-05,0.00014969686164284507,0.012951926100368799,0.008288745272147324,0.02642649408476716,-0.004464322586821065,0.025782243227985894
18,implicit_initial_mass,0,61,U_R/wrist_3_joint,controlled26,8,6.829283048439908e-05,3.6913534079308086e-05,0.00016944718398015368,2.8124912763716203e-05,0.00014188798077428006,0.011880404197421349,0.007341842635509235,0.021714473979414645,0.007341842635509235,0.02122519541999946
18,implicit_initial_mass,0,62,U_R/right_index_1_joint,hand48,8,0.005454360854709481,0.005212599376069502,0.009404434500566414,0.005212599376069502,0.007812257633399849,0.2879669994686427,0.27892919296787344,0.3268822772960436,0.27892919296787344,0.32335212715539385
18,implicit_initial_mass,0,63,U_R/right_little_1_joint,hand48,8,0.0038750595643117156,0.0037158332142874003,0.006342058025158873,0.0037158332142874003,0.005430697309801694,0.2102519377015262,0.20086129986391182,0.2381471835231409,0.20086129986391182,0.23478355955063465
18,implicit_initial_mass,0,64,U_R/right_middle_1_joint,hand48,8,0.005691783064215011,0.005455089522468432,0.00964387195259149,0.005455089522468432,0.008086123530471915,0.3646761825085201,0.35383161868753915,0.5453684996897614,0.35383161868753915,0.4802526927528457
18,implicit_initial_mass,0,65,U_R/right_ring_1_joint,hand48,8,0.005046029667832635,0.004837574566897816,0.008434650575960378,0.004837574566897816,0.0071241032613273145,0.313310970567675,0.30385752104505875,0.43946374444341596,0.30385752104505875,0.3967027542330001
18,implicit_initial_mass,0,66,U_R/right_thumb_1_joint,hand48,8,1.8678069825819395e-05,1.8501138035517672e-05,2.1410082688688714e-05,-1.8501138035517672e-05,2.1116414673597037e-05,0.035483468943565466,0.033187831885448764,0.06510135674078528,-0.033187831885448764,0.05497539895675334
18,implicit_initial_mass,0,67,U_R/right_index_2_joint,hand48,8,0.00038725242482621553,0.00023549257250447472,0.0007204513294337411,0.00023549257250447472,0.0007027874642681279,0.01147515125779512,0.007801201077903627,0.024653350173273834,-0.007801201077903627,0.02256641820599218
18,implicit_initial_mass,0,68,U_R/right_little_2_joint,hand48,8,0.00032660028669513223,0.00021698544929004034,0.000589030030660298,0.00021698544929004034,0.0005867367774389156,0.007688700701869699,0.004481623446592145,0.01822561848276205,-0.003916218980549006,0.015687816023953475
18,implicit_initial_mass,0,69,U_R/right_middle_2_joint,hand48,8,0.00037391965197263566,0.00025598808264109055,0.0006762738484919067,0.00025598808264109055,0.0006707709502885136,0.009202443618177144,0.005361649566341794,0.02167868288930805,-0.004645680258816898,0.018817524772803733
18,implicit_initial_mass,0,70,U_R/right_ring_2_joint,hand48,8,0.0004051500863671291,0.0002933619508196858,0.000741782076302655,0.0002933619508196858,0.0007259662842296128,0.008463683725321837,0.005988826474558708,0.020467052972347057,-0.002326267577994175,0.01688396975156069
18,implicit_initial_mass,0,71,U_R/right_thumb_2_joint,hand48,8,0.00016806276888135983,0.00015240275603966603,0.0002607599624302806,-7.417192471717571e-05,0.00024659798203344706,0.029585519035984727,0.024718484059550946,0.047803676635692835,0.01012024456731759,0.04654382749561083
18,implicit_initial_mass,0,72,U_R/right_thumb_3_joint,hand48,8,0.0010678013788084399,0.0008705688127813808,0.0020916379524723305,-0.0008705688127813808,0.0018466988752970555,0.0770168063982495,0.06056313700315456,0.1634548722231535,-0.03661310400351451,0.14118261130784018
18,implicit_initial_mass,0,73,U_R/right_thumb_4_joint,hand48,8,9.190707068246296e-05,8.761368845554458e-05,0.0001608961611143933,8.761368845554458e-05,0.00013237426442724363,0.004821963122994894,0.004548262073266897,0.007287955243799277,0.004548262073266897,0.006423854246423965
18,implicit_initial_mass,1,0,F_L/fr3_joint1,controlled26,8,4.4488995144737073e-05,4.029983133391202e-05,6.372127875109435e-05,3.033021857173912e-05,6.178275673510702e-05,0.0009033249201888878,0.0008377162164181015,0.0014743415165619708,0.0005478454735466243,0.0013827907171160391
18,implicit_initial_mass,1,1,F_L/fr3_joint2,controlled26,8,0.00017045239687477615,0.00014204971715905956,0.00033516014164058916,1.5884236696822596e-05,0.0003004071484787762,0.005700452203792441,0.004604598758673788,0.01155248537705774,-0.000335953376562285,0.010382518602447823
18,implicit_initial_mass,1,2,F_L/fr3_joint3,controlled26,8,8.570105492206936e-05,5.5019553875601535e-05,0.00015813401506448166,-5.5019553875601535e-05,0.00015645057389843676,0.002759961415963992,0.0024299452812669787,0.005378087667596204,-0.0002022941127079068,0.0047321379362615604
18,implicit_initial_mass,1,3,F_L/fr3_joint4,controlled26,8,4.1289227036793795e-05,3.080064776608826e-05,8.176731606068799e-05,-8.763330286432058e-08,7.67995931706733e-05,0.0034673621966638994,0.00240925386981926,0.0067294701941748025,0.0005919195163594149,0.006220483798902585
18,implicit_initial_mass,1,4,F_L/fr3_joint5,controlled26,8,3.319303265497772e-05,2.123683479821059e-05,7.935602596975677e-05,-5.903330728418421e-06,6.737139681448621e-05,0.0009506384863481199,0.000730494521279616,0.0018916785960929605,0.00014339611453879453,0.0017909504689736628
18,implicit_initial_mass,1,5,F_L/fr3_joint6,controlled26,8,2.605553789760284e-05,1.4314436706325262e-05,6.363463333980413e-05,-1.334391341137331e-05,5.368352393665397e-05,0.0004201961943025207,0.00035617411006554414,0.0007737899507487215,-0.00010718307345222951,0.0007130583450609275
18,implicit_initial_mass,1,6,F_L/fr3_joint7,controlled26,8,9.11440990321827e-05,6.039657809617238e-05,0.00016675435881974288,5.019266423852975e-05,0.00016087090544515402,0.0013307008816685526,0.0010036645325578982,0.0028489264850931617,0.00017879299517501953,0.002510118484354033
18,implicit_initial_mass,1,7,F_L/left_index_1_joint,hand48,8,0.004104998477123357,0.002641679585572241,0.008772488125961195,0.002237371937918342,0.0078047114790446796,0.08378918507655521,0.05828477611491781,0.17995143801793675,0.03248080799399078,0.1658299588614924
18,implicit_initial_mass,1,8,F_L/left_middle_1_joint,hand48,8,0.00419513641454631,0.002722899682118033,0.008941924275414681,0.0023214037283565553,0.007955391545558178,0.0903498473343878,0.06361244977613614,0.18982539082093414,0.03852865447045048,0.1755149122405323
18,implicit_initial_mass,1,9,F_L/left_pinky_1_joint,hand48,8,0.0015696870209909223,0.000978469111569319,0.0033873253213998616,0.0008808058567476053,0.0029151511364610997,0.014874854247219902,0.00990911147916873,0.03568485419333152,-0.0027858073546445155,0.029505787416309947
18,implicit_initial_mass,1,10,F_L/left_ring_1_joint,hand48,8,0.0037955667533092255,0.0024483724335465935,0.008022780494788356,0.002091284840681844,0.007135330683751903,0.07403378600907647,0.051690042207537173,0.15755339043985975,0.02898101695245995,0.1460144791111227
18,implicit_initial_mass,1,11,F_L/left_thumb_1_joint,hand48,8,8.869726789560645e-05,5.676983595421896e-05,0.00019041179897386074,-4.87395259696332e-05,0.0001689328939841642,0.0035774260636842114,0.0023450884806905533,0.007555016495211054,-0.0015638460417132574,0.0071259988615881235
18,implicit_initial_mass,1,12,F_L/left_index_2_joint,hand48,8,1.3795337213917925e-06,8.148877262657839e-07,3.054821155118459e-06,-5.418014722979869e-07,2.8102689775683083e-06,0.00025220977361295124,0.000125224288944202,0.000688413641382129,0.00012122484624311562,0.0005031806701113118
18,implicit_initial_mass,1,13,F_L/left_middle_2_joint,hand48,8,7.245039140983605e-05,4.799471068687132e-05,0.00014747978590351485,3.8281638745788285e-05,0.00013513036886522305,0.0016275916940187156,0.0011691227678178708,0.0035603416561560412,0.0005917346748622199,0.003203831741814413
18,implicit_initial_mass,1,14,F_L/left_pinky_2_joint,hand48,8,0.0001077452192205162,7.142599242428507e-05,0.00021518140855934786,5.7404077184023544e-05,0.00019919590058146278,0.002140793578916877,0.0014770993920586325,0.004729044395864354,0.0006204070292079024,0.004266188320589969
18,implicit_initial_mass,1,15,F_L/left_ring_2_joint,hand48,8,0.00018004871334177642,0.00012011073397617464,0.00035764862988038604,9.573018810922138e-05,0.0003303427812912401,0.003302900363079066,0.0022999924250792,0.007348566160610866,0.0008164571882789747,0.006567599306884702
18,implicit_initial_mass,1,16,F_L/left_thumb_2_joint,hand48,8,0.0007125914320503173,0.0005492850855482586,0.0015841423084101622,-9.521093061294183e-05,0.001350832673527037,0.03530854301523346,0.02959056899854945,0.07446290346811286,0.00018912807651400194,0.06350088833128346
18,implicit_initial_mass,1,17,F_L/left_thumb_3_joint,hand48,8,0.003687061003193816,0.0028817191526921216,0.008211080595233247,-0.0005251971360536274,0.006973346318179223,0.1833679192709649,0.15218493443474693,0.3886412112587478,-0.0025268319306851472,0.33318883628922913
18,implicit_initial_mass,1,18,F_L/left_thumb_4_joint,hand48,8,6.098484733555888e-06,4.633944597045962e-06,1.2018102303848477e-05,2.516447881508073e-06,1.0838366454692451e-05,5.991632450343837e-05,4.496413640092095e-05,0.0001104281780198547,7.185502119822968e-06,0.00010613794733499789
18,implicit_initial_mass,1,19,F_R/fr3_joint1,controlled26,8,0.00018284375537013615,0.0001372954794640613,0.0003695509455532431,3.6687772148491504e-05,0.0003496254148851241,0.005733820163592713,0.005019022737510934,0.010891736434155669,0.0033651400211910393,0.009395064485049036
18,implicit_initial_mass,1,20,F_R/fr3_joint2,controlled26,8,0.00010128818151099273,6.181259227305835e-05,0.00022093903236464207,5.6638171317319186e-05,0.000196286688953165,0.004487564880178928,0.0018291584769083453,0.012616817845474438,-0.0014918815629866794,0.008673119279048711
18,implicit_initial_mass,1,21,F_R/fr3_joint3,controlled26,8,0.00026675416261702853,0.00017160123206411138,0.0006047725867142084,-1.4008768393136695e-05,0.0005047457493145389,0.004744130929874379,0.003148734910999493,0.010503551290805352,0.0013908862854085018,0.009506535062212797
18,implicit_initial_mass,1,22,F_R/fr3_joint4,controlled26,8,8.524444811904704e-05,5.169832985388312e-05,0.00020170086849113922,1.2731127310983137e-06,0.00016882844637200462,0.00596902669254553,0.0034826025801075067,0.014803636219331834,0.0006275496951856138,0.01162675543917377
18,implicit_initial_mass,1,23,F_R/fr3_joint5,controlled26,8,2.7894694913538945e-05,1.604791785023152e-05,6.177238679039299e-05,-1.5614126938373607e-05,5.581971350626657e-05,0.0027498170427614514,0.001474362578582082,0.007031139333273273,0.0002851279468436181,0.005461944905435965
18,implicit_initial_mass,1,24,F_R/fr3_joint6,controlled26,8,2.022221428344352e-05,1.1718976200336684e-05,5.153647186872945e-05,9.96820239596019e-06,4.157845379770818e-05,0.0008167645359158698,0.0005288402267516094,0.0015709564048533562,0.00013610112553827036,0.0014913754212619143
18,implicit_initial_mass,1,25,F_R/fr3_joint7,controlled26,8,2.92064492427051e-05,1.4313177145341971e-05,7.954132264945124e-05,-1.0499632301340378e-05,5.736848179243439e-05,0.0010874149402574085,0.0006013338206156307,0.0026068600261531932,-0.0005044941875812211,0.002248178933339209
18,implicit_initial_mass,1,26,F_R/right_index_1_joint,hand48,8,0.0012413323106907686,0.00061203123232784,0.00336650013121495,0.0003276222979458794,0.0025259499524304106,0.0683111394148858,0.039408269681234544,0.1691362334196046,0.02967240897668211,0.13943108340530508
18,implicit_initial_mass,1,27,F_R/right_middle_1_joint,hand48,8,0.001348277115035812,0.0007459546742015263,0.003484831220321262,0.0002298018020939676,0.002782116488924212,0.07403296904746975,0.042975100486938145,0.1860995744471981,0.029801542047659946,0.14873906128441217
18,implicit_initial_mass,1,28,F_R/right_pinky_1_joint,hand48,8,0.0010651622997166126,0.0006290484913097985,0.002427890885512124,6.211942851635024e-05,0.00217393456912792,0.04505760560377594,0.026517147399272772,0.11020701453305537,0.02149793245038509,0.09261163097707117
18,implicit_initial_mass,1,29,F_R/right_ring_1_joint,hand48,8,0.0011356444276067665,0.000658699387361828,0.002767596138498543,0.00013617588911166763,0.0023456894722275095,0.05525304990142234,0.03277207471832727,0.13799381623012652,0.02452654376324718,0.11222824363562485
18,implicit_initial_mass,1,30,F_R/right_thumb_1_joint,hand48,8,3.648433974339275e-05,1.8367269435957956e-05,9.842558732292561e-05,-1.0114851956698201e-05,7.449938872961106e-05,0.0018954623458047363,0.0009818716617761912,0.004971319440776178,-0.0009818716617761912,0.003921391501560265
18,implicit_initial_mass,1,31,F_R/right_index_2_joint,hand48,8,3.6081768850490008e-06,2.2199555995677106e-06,9.093888031067032e-06,-1.7810605943604368e-06,7.33827513426932e-06,5.939701147336426e-05,3.990040593743283e-05,0.0001495446383600602,-3.518667831480955e-05,0.000118422019167016
18,implicit_initial_mass,1,32,F_R/right_middle_2_joint,hand48,8,2.615762820728482e-05,1.27524771910692e-05,7.073524345295457e-05,6.041700749644108e-06,5.332829269728346e-05,0.001538149763101354,0.0008806493375626807,0.0037255027518057586,0.0006156270474887384,0.0031164086353188953
18,implicit_initial_mass,1,33,F_R/right_pinky_2_joint,hand48,8,3.9501591763574686e-05,1.9975969810261812e-05,0.00010501030810632084,8.50669517055494e-06,8.12792048578113e-05,0.002092614226716789,0.0012017702495151085,0.005116240526788262,0.0008807511376403045,0.0042610887671061795
18,implicit_initial_mass,1,34,F_R/right_ring_2_joint,hand48,8,6.413927858933913e-05,3.412529923408746e-05,0.0001652213186116025,1.0786115655160404e-05,0.00013300849867366594,0.003246536927226631,0.0018666189762994087,0.007892158892523898,0.0014028187091129573,0.006632285322892952
18,implicit_initial_mass,1,35,F_R/right_thumb_2_joint,hand48,8,0.001007583711979577,0.0005936872422042504,0.0025706011173869947,0.0001965692414097383,0.001989602510883641,0.02359827477033276,0.0145264006404069,0.05629583223777285,0.002032662575504605,0.04571069600927116
18,implicit_initial_mass,1,36,F_R/right_thumb_3_joint,hand48,8,0.00948408975666405,0.0056623325261544715,0.02396882445029258,0.0018124768407181743,0.01874873434354942,0.2467061934934092,0.15137217618066645,0.5853416449591913,0.01735122845403403,0.47979750950452216
18,implicit_initial_mass,1,37,F_R/right_thumb_4_joint,hand48,8,5.028205812506697e-06,2.622695139712153e-06,1.2269477461426814e-05,6.035308028843472e-07,1.0467510055549991e-05,0.0001800050321352739,0.00011870819385073125,0.00041871835782010807,0.00011870819385073125,0.0003554540631444586
18,implicit_initial_mass,1,38,U_L/shoulder_pan_joint,controlled26,8,6.070057145305449e-05,4.465052665159064e-05,0.00011854364771313186,-1.635251223564005e-05,0.00011544358656205843,0.008859590075977367,0.008455243789059843,0.010924864879553072,-0.0068148402715825646,0.010878312446227834
18,implicit_initial_mass,1,39,U_L/shoulder_lift_joint,controlled26,8,0.0006071127528706621,0.0005722768032616066,0.0008603612165813956,0.0005722768032616066,0.0008598679381742969,0.04369396189551652,0.04287820425162231,0.048370643624016774,-0.04287820425162231,0.04816966410935492
18,implicit_initial_mass,1,40,U_L/elbow_joint,controlled26,8,0.00030333488026641775,0.0002980778280915197,0.00038116324278170133,-0.0002980778280915197,0.0003781102816730164,0.07187354121509013,0.07067868342858978,0.08176844774316434,0.07067868342858978,0.08141194225312004
18,implicit_initial_mass,1,41,U_L/wrist_1_joint,controlled26,8,0.00012894906893391197,0.00010644902496131925,0.0002898251196921109,-3.4805584919195276e-06,0.0002311033889647928,0.005158302741651844,0.0045829943799272875,0.00651558244270424,0.004129447393803244,0.0064704606247200525
18,implicit_initial_mass,1,42,U_L/wrist_2_joint,controlled26,8,0.00010069959114103672,5.357951800266658e-05,0.0002168529550088394,4.678100550459252e-05,0.00020542997641435077,0.001660820711210613,0.0015111019814969349,0.003332246676796602,-0.0012045427678233868,0.0026129859783211346
18,implicit_initial_mass,1,43,U_L/wrist_3_joint,controlled26,8,0.00014092383440786807,6.892711045913824e-05,0.00034830048773670796,6.666653074982598e-05,0.00029421213852163223,0.0015680144846155263,0.0009608663781871029,0.004006247643170535,-0.0007690283330176676,0.0031800725093898544
18,implicit_initial_mass,1,44,U_L/left_index_1_joint,hand48,8,0.005928171752260406,0.004938667334106886,0.011342288202915878,-0.004438809618655475,0.010665502050555392,0.31165479326410156,0.30357380615692187,0.3867652743626384,-0.30357380615692187,0.3729351939935529
18,implicit_initial_mass,1,45,U_L/left_little_1_joint,hand48,8,0.00439290142101939,0.003680305854403692,0.008478069347864672,-0.0032601995297453605,0.007902135886480104,0.25229551180553617,0.24734194090912223,0.31668282804730397,-0.24734194090912223,0.3026846819244392
18,implicit_initial_mass,1,46,U_L/left_middle_1_joint,hand48,8,0.00520537733133427,0.003855915826410039,0.010514730058603483,-0.0032054062416956644,0.009945978481207395,0.2599190518098632,0.2458436029885696,0.3765099779151883,-0.2458436029885696,0.34583686737486713
18,implicit_initial_mass,1,47,U_L/left_ring_1_joint,hand48,8,0.004800368367484966,0.003651111721885791,0.009683656634378757,-0.003057134103190291,0.00910762698081905,0.25125325896956674,0.2402397089797149,0.35470098831276287,-0.2402397089797149,0.32747866727212993
18,implicit_initial_mass,1,48,U_L/left_thumb_1_joint,hand48,8,2.8246630301577214e-05,2.0186649091154252e-05,6.047938577480316e-05,5.6525679613880775e-06,5.43187196060002e-05,0.002708737351151112,0.002435430234361307,0.004785502875538846,-0.001783235910915631,0.004261447199962964
18,implicit_initial_mass,1,49,U_L/left_index_2_joint,hand48,8,2.5489991490449045e-05,1.6163811302834404e-05,5.045673123869193e-05,-1.4620646379121145e-05,4.595154863599078e-05,0.0007732025065718798,0.0007536918523112564,0.000886068691858981,-0.0003945819038990173,0.0008814481562876942
18,implicit_initial_mass,1,50,U_L/left_little_2_joint,hand48,8,4.221549128411783e-05,3.152028800066861e-05,8.874485576688962e-05,-3.152028800066861e-05,8.166092568715754e-05,0.0020748614643558948,0.002021938414194721,0.0025076880730864172,-0.002021938414194721,0.00249905368972366
18,implicit_initial_mass,1,51,U_L/left_middle_2_joint,hand48,8,7.400527665639798e-05,5.457666706478945e-05,0.00015581522674790182,-5.457666706478945e-05,0.00014371090333956945,0.003810849010398684,0.0037240444267594274,0.00456263871991706,-0.0037240444267594274,0.0045415960057351695
18,implicit_initial_mass,1,52,U_L/left_ring_2_joint,hand48,8,0.00011254677174556897,8.120300768627714e-05,0.0002350472906890999,-8.084912606971806e-05,0.00021790365053266507,0.005601104202040563,0.005468158796928995,0.006619183434117715,-0.005468158796928995,0.006583388267208643
18,implicit_initial_mass,1,53,U_L/left_thumb_2_joint,hand48,8,0.0008311250017366107,0.0007505313849938324,0.0011018508141766026,-0.000702889724948209,0.0010968264977327343,0.013515665268349965,0.010470160023394733,0.03027530831140142,0.0048562769728615045,0.02529337949444628
18,implicit_initial_mass,1,54,U_L/left_thumb_3_joint,hand48,8,0.001963478381150198,0.0016981416831171707,0.003534546627891974,-0.0005528805216671699,0.0033010496932183277,0.0717848102336278,0.05407041983053739,0.15411392909198102,0.04717580833721136,0.13660144519981002
18,implicit_initial_mass,1,55,U_L/left_thumb_4_joint,hand48,8,6.154884170960633e-05,4.953072504079378e-05,0.0001215849978240674,-4.3695907501372505e-05,0.00011379504309270287,0.0031921267166682894,0.0030938270589218097,0.004155758462275061,-0.0030938270589218097,0.003940077620121497
18,implicit_initial_mass,1,56,U_R/shoulder_pan_joint,controlled26,8,0.00018737099740854507,0.0001481799718325849,0.0004009054442715154,9.885356590499939e-05,0.00034783393876347535,0.013650166412454704,0.012565525054088901,0.020893703194948238,-0.0034557650728474143,0.02017762164476997
18,implicit_initial_mass,1,57,U_R/shoulder_lift_joint,controlled26,8,0.0004547096001021007,0.0004149680163880731,0.0005809420716511582,0.0004149680163880731,0.0005787486597107261,0.011640245962766712,0.010104157191154182,0.021208401000993637,0.010104157191154182,0.019293492561890023
18,implicit_initial_mass,1,58,U_R/elbow_joint,controlled26,8,0.00019764198664996903,0.00017940800674093316,0.00025383509421716965,0.00015109083236569676,0.00025297034456700507,0.04449260118745805,0.042801566193293034,0.06514673900418663,-0.042801566193293034,0.05775822906317558
18,implicit_initial_mass,1,59,U_R/wrist_1_joint,controlled26,8,7.603870909384939e-05,6.471626331044922e-05,0.00014241483790877751,1.7297062153143195e-06,0.0001357488087087022,0.004087323368418875,0.003973537398584437,0.005761988166118032,0.003973537398584437,0.00548739799084183
18,implicit_initial_mass,1,60,U_R/wrist_2_joint,controlled26,8,0.00014645155800459533,8.138071531095525e-05,0.0003624707947875727,-5.846473132169183e-05,0.00030452486372197765,0.003375706855864916,0.00322275654794525,0.00577194237562223,0.00322275654794525,0.004891628982008876
18,implicit_initial_mass,1,61,U_R/wrist_3_joint,controlled26,8,0.00013197276858278357,6.88319187622799e-05,0.0003207996195353502,5.8905983855828126e-05,0.00027507294952595625,0.0013871012338588981,0.0009311888643006188,0.0032733558153405506,-0.00012088290918353456,0.0027744421752607853
18,implicit_initial_mass,1,62,U_R/right_index_1_joint,hand48,8,0.008969975524014094,0.008920697927250804,0.009898666374099453,0.008920697927250804,0.009686993429946465,0.23538994900967475,0.21328793595206616,0.2797315112578794,0.20662986554377635,0.27848735966831906
18,implicit_initial_mass,1,63,U_R/right_little_1_joint,hand48,8,0.006852032503972576,0.006763018421998763,0.008634600796579656,0.006763018421998763,0.008113574694716148,0.16986414049713366,0.1536248219779327,0.21195708716469314,0.1536248219779327,0.20624281389170526
18,implicit_initial_mass,1,64,U_R/right_middle_1_joint,hand48,8,0.009955873456507206,0.009821429306231741,0.013721222424210394,0.009821429306231741,0.012396596509401088,0.2728414662235743,0.2573508872145932,0.3310712459913894,0.2573508872145932,0.32265267341283566
18,implicit_initial_mass,1,65,U_R/right_ring_1_joint,hand48,8,0.008887659782057904,0.008770469964853407,0.011889560450387728,0.008770469964853407,0.010874573229036814,0.242788874061052,0.22742056829200843,0.29143761668989887,0.22742056829200843,0.28656952683781356
18,implicit_initial_mass,1,66,U_R/right_thumb_1_joint,hand48,8,5.841494985974129e-05,5.698282346942862e-05,9.035348791508468e-05,-5.698282346942862e-05,7.820656627301745e-05,0.02816463322679568,0.028133807458976142,0.03152713273702336,-0.028133807458976142,0.030253573166661715
18,implicit_initial_mass,1,67,U_R/right_index_2_joint,hand48,8,0.0003270753847486617,0.0001995336629659044,0.0006736358732582493,0.0001995336629659044,0.000629183487492578,0.010322736483981144,0.006768812461767796,0.019927289942790808,-0.006768812461767796,0.019798159663464866
18,implicit_initial_mass,1,68,U_R/right_little_2_joint,hand48,8,0.00029480522182915713,0.0002124796122948188,0.0005787803417287435,0.0002124796122948188,0.0005527178716619618,0.007776784871092246,0.004683174300684671,0.015195015829045554,-0.004070412727290943,0.01518598152026635
18,implicit_initial_mass,1,69,U_R/right_middle_2_joint,hand48,8,0.00035153464642107284,0.00026834072466935897,0.0006677924887304038,0.00026834072466935897,0.000646025890133502,0.008735189522598307,0.0055784843750202925,0.017273646194175853,-0.004086093646756979,0.017131209878389737
18,implicit_initial_mass,1,70,U_R/right_ring_2_joint,hand48,8,0.0004041738262412407,0.00033105089282882763,0.0007322501107091955,0.00033105089282882763,0.0007176927678731251,0.008705142299629081,0.00634734877872749,0.016947217074060654,-0.0026543708452648252,0.016746908659460664
18,implicit_initial_mass,1,71,U_R/right_thumb_2_joint,hand48,8,0.000300060127581359,0.00026155005470029306,0.0005748370824214533,1.693269297731604e-05,0.000493303501835274,0.028767912072942013,0.02376609729078388,0.051054229074056205,0.015468466493487178,0.049865678238348865
18,implicit_initial_mass,1,72,U_R/right_thumb_3_joint,hand48,8,0.0012052017577096597,0.0009790131720743903,0.0023139150258200125,-0.0009790131720743903,0.002116569641335674,0.08655341120007266,0.06841215879614318,0.14716679341292382,0.0004382860819756723,0.14054066085324354
18,implicit_initial_mass,1,73,U_R/right_thumb_4_joint,hand48,8,0.00015485026490141097,0.00015278065815743126,0.0002116215858556092,0.00015278065815743126,0.00019048581145234065,0.003510647053484732,0.003214183574845031,0.00413548975717891,0.0029064686571053234,0.004123840511746887
18,implicit_initial_bias,both,0,F_L/fr3_joint1,controlled26,16,3.626767156802836e-05,3.151612288029848e-05,6.584085526140093e-05,2.5096712452932213e-05,6.0097197130126734e-05,0.0031928994479444115,0.001976879534110868,0.010122046683238073,0.000582502183482062,0.006316665253689544
18,implicit_initial_bias,both,1,F_L/fr3_joint2,controlled26,16,0.00013308123011923043,0.00010424282774817994,0.00033504986427779215,1.834644190268353e-05,0.0002606618726674337,0.006715102880235047,0.005186267943471951,0.01435129386735368,-0.0005703612129566312,0.01264923847962191
18,implicit_initial_bias,both,2,F_L/fr3_joint3,controlled26,16,8.011862688821958e-05,4.982241678641586e-05,0.00015448712581433988,-4.982241678641586e-05,0.0001517012575339427,0.003511644370238021,0.0027549022060874345,0.00821491730947524,0.000322125202174851,0.00733996317667795
18,implicit_initial_bias,both,3,F_L/fr3_joint4,controlled26,16,3.110364982096237e-05,2.0148292363519893e-05,8.376517096309044e-05,-1.2339032805785966e-06,7.162165930768571e-05,0.008554933259112645,0.004782575948176218,0.023918178121644762,0.0006903368499892235,0.018410132246016182
18,implicit_initial_bias,both,4,F_L/fr3_joint5,controlled26,16,2.8664931230740085e-05,1.61698839761526e-05,7.935602596975677e-05,-6.729902410199107e-06,6.776888859283403e-05,0.004845013386350222,0.0022843829259317407,0.016919682254389657,0.0018730167555091816,0.009030386730820041
18,implicit_initial_bias,both,5,F_L/fr3_joint6,controlled26,16,2.140951094145505e-05,1.0952217430790223e-05,6.432894546848367e-05,-1.0851607211190273e-05,4.352300611093485e-05,0.001678245464960237,0.0009094931111612381,0.004404170165104082,-0.0004136358576361922,0.004277489927209839
18,implicit_initial_bias,both,6,F_L/fr3_joint7,controlled26,16,8.397426701727945e-05,5.421483143636108e-05,0.00016673934548738778,4.639519779897627e-05,0.00015982866937302997,0.002370071454269221,0.0014912136174591026,0.006583135322983685,0.000596708507467965,0.005689583945249179
18,implicit_initial_bias,both,7,F_L/left_index_1_joint,hand48,16,0.0036041044409429405,0.0022503501148061333,0.008772488125961195,0.001937681124188944,0.007553526026284684,0.18597903721172018,0.11036637278548571,0.46616962148462615,0.08599415922775958,0.4224190619053714
18,implicit_initial_bias,both,8,F_L/left_middle_1_joint,hand48,16,0.0036530424480367613,0.0023018093321610124,0.008941924275414681,0.0019927172673416503,0.007536445604390287,0.1928866053263095,0.11607028284380042,0.4904171199610269,0.09215905372187624,0.4328320563875143
18,implicit_initial_bias,both,9,F_L/left_pinky_1_joint,hand48,16,0.0015230159388764167,0.0009246070059709122,0.0034608021836676495,0.0008488309356255615,0.0034056945369668086,0.044809892206081864,0.02466690035217027,0.11443438089999305,0.015712179153409087,0.11232414459967525
18,implicit_initial_bias,both,10,F_L/left_ring_1_joint,hand48,16,0.0033363990530105264,0.0020934468792150477,0.008022780494788356,0.0018174043461281634,0.006904627035286926,0.1700936710224215,0.10039573367244749,0.42558891171632085,0.07894632775337485,0.3829139742367261
18,implicit_initial_bias,both,11,F_L/left_thumb_1_joint,hand48,16,7.605104727564523e-05,4.6161829460172714e-05,0.00019041179897386074,-4.06735737590062e-05,0.00016097803870239458,0.011801258760656007,0.005633638697312749,0.04147157529240829,-0.005037561718811975,0.022481157684966682
18,implicit_initial_bias,both,12,F_L/left_index_2_joint,hand48,16,4.510550582610906e-06,2.3406935206905094e-06,1.32714360675662e-05,-2.152021885368574e-06,1.01566920996006e-05,0.0010998879506858383,0.00048523501769371356,0.004027554060764702,-0.00033944823199177806,0.0020178858609196885
18,implicit_initial_bias,both,13,F_L/left_middle_2_joint,hand48,16,6.189028758393778e-05,3.938130633608823e-05,0.00014747978590351485,3.2073117157822156e-05,0.00012118592446358142,0.0022705367398316066,0.001538561315661879,0.0057237639826489654,0.0009107114037233176,0.004996604111972311
18,implicit_initial_bias,both,14,F_L/left_pinky_2_joint,hand48,16,9.575371581595653e-05,6.157326222023564e-05,0.00021518140855934786,5.090340179583937e-05,0.00019253926645541528,0.004059972266925421,0.002559672820365411,0.010214794497118061,0.0017021787484303307,0.008516520292970741
18,implicit_initial_bias,both,15,F_L/left_ring_2_joint,hand48,16,0.0001613527404809871,0.00010373995441749148,0.00035764862988038604,8.568584220842307e-05,0.00032598102607395846,0.006129290523763131,0.003914170554553933,0.015843514664260507,0.0024112190942583056,0.013656588233442691
18,implicit_initial_bias,both,16,F_L/left_thumb_2_joint,hand48,16,0.0005720271455865389,0.0004280468989752233,0.0015812560450673696,-8.026776934354695e-05,0.0010811543754952156,0.039066787572474615,0.03138731052296016,0.0936376010452808,-0.002693760717535524,0.07911737703926662
18,implicit_initial_bias,both,17,F_L/left_thumb_3_joint,hand48,16,0.00296327626440919,0.0022442351888353,0.008210443863302094,-0.0004421430850661684,0.005558141126029765,0.21404098885483983,0.17046788821172504,0.5306924553546652,-0.022884044097050603,0.4241233242532952
18,implicit_initial_bias,both,18,F_L/left_thumb_4_joint,hand48,16,6.0100843038239816e-06,4.447646229162935e-06,1.2287198660088094e-05,2.6536764748757123e-06,1.1588542085645345e-05,0.0003880043355052864,0.00022922992812767802,0.0012109958379403697,0.0001016952464355635,0.0008599366812364137
18,implicit_initial_bias,both,19,F_R/fr3_joint1,controlled26,16,0.0001622075446024215,0.00012139167293523379,0.0003695509455532431,3.1723513075565535e-05,0.00031877346899411574,0.006895470587790074,0.00572644831256995,0.01404305284587154,0.0030069506260704685,0.013770428603782829
18,implicit_initial_bias,both,20,F_R/fr3_joint2,controlled26,16,8.962201378725704e-05,5.4170778076793186e-05,0.00021896450940250833,4.8288194203275486e-05,0.0001902085432390066,0.00822477137809472,0.00340517428737941,0.029809109406891042,-0.0022568340510034134,0.016914890735828587
18,implicit_initial_bias,both,21,F_R/fr3_joint3,controlled26,16,0.00025050017841571413,0.0001536251509139941,0.0006047725867142084,-1.5642739354504442e-05,0.0005758088465732669,0.0064126818884217545,0.003965501285816087,0.016844440993940432,0.002190615262408849,0.013656564157018127
18,implicit_initial_bias,both,22,F_R/fr3_joint4,controlled26,16,9.501179686867168e-05,5.2062271708855357e-05,0.0002715294472992458,-7.139886606902235e-06,0.00021915801319316586,0.012904748933767361,0.006210177084740811,0.04564587381919703,0.0016543031819986859,0.022514195619298134
18,implicit_initial_bias,both,23,F_R/fr3_joint5,controlled26,16,2.948459899358076e-05,1.5141484243419434e-05,8.330462620831369e-05,-1.4723333038257902e-05,6.789690248526492e-05,0.011018782708526654,0.004577879792996611,0.041076266113317494,0.001452925854908329,0.017895940295062224
18,implicit_initial_bias,both,24,F_R/fr3_joint6,controlled26,16,1.475336391417657e-05,7.696530575085347e-06,4.90432689854714e-05,5.833891466577867e-06,2.8857664177150966e-05,0.002563045882243451,0.0012088391324838934,0.007922750548995602,-6.62150942214812e-05,0.006524412787142729
18,implicit_initial_bias,both,25,F_R/fr3_joint7,controlled26,16,2.9336942062947035e-05,1.3826570473636848e-05,8.148085515313763e-05,-9.95149070432376e-06,8.002620577537284e-05,0.0012264734082133584,0.0006844180252464371,0.003229377360534663,-0.0005366454653063861,0.002762544568598469
18,implicit_initial_bias,both,26,F_R/right_index_1_joint,hand48,16,0.0009922799169825656,0.0004908812836190175,0.00336535949235367,0.0002162247517646567,0.0021373869429573422,0.07999883861975789,0.04460950558257562,0.22320834854151975,0.023890271067694376,0.18259939142848533
18,implicit_initial_bias,both,27,F_R/right_middle_1_joint,hand48,16,0.0010800619842238949,0.0006015403153751303,0.0034838991048562543,0.00012752073111266986,0.0021672109036189584,0.08619248375582422,0.04769726873331886,0.2312924873433618,0.021103133481298296,0.1973535758581155
18,implicit_initial_bias,both,28,F_R/right_pinky_1_joint,hand48,16,0.0009005999663509701,0.0005423686632349762,0.002426933256048508,-1.0008639988117775e-05,0.0018834593716086402,0.061693825291263056,0.033415643100122024,0.15950569896274353,0.013494271656715025,0.14357563665965842
18,implicit_initial_bias,both,29,F_R/right_ring_1_joint,hand48,16,0.0009304393984171605,0.0005482215382019272,0.002766571250898235,5.363966249860141e-05,0.0018632542031605387,0.06977152588634507,0.03856068266634396,0.18334864241850055,0.016327404894311583,0.15112286455839605
18,implicit_initial_bias,both,30,F_R/right_thumb_1_joint,hand48,16,3.010090354929698e-05,1.551946273863243e-05,9.867080457792721e-05,-6.829750749856242e-06,6.6300369120538e-05,0.0030060005264208483,0.0015884687941040269,0.00839956543349984,-0.001370847870112137,0.006969906304853647
18,implicit_initial_bias,both,31,F_R/right_index_2_joint,hand48,16,4.1208167463882765e-06,2.5819963850584257e-06,1.0880920382885795e-05,-1.6845882111196295e-06,9.673057680674446e-06,0.00031169835693231526,0.00014109650915967032,0.001175860468218009,-8.500412928632436e-05,0.0005480341887039254
18,implicit_initial_bias,both,32,F_R/right_middle_2_joint,hand48,16,2.0552790668857033e-05,9.816647857198608e-06,7.049590664011396e-05,3.6229541954266656e-06,4.216353156843988e-05,0.0016236989454672384,0.000931869418984161,0.0039544657800089835,0.0004926275293400436,0.0037712261250417503
18,implicit_initial_bias,both,33,F_R/right_pinky_2_joint,hand48,16,3.1722857895425386e-05,1.6228259005268697e-05,0.00010483307847258816,5.155876781138755e-06,6.696659173665437e-05,0.0023841433598233404,0.0013624539049835248,0.006394750859449161,0.0007272214866547248,0.005427807905394565
18,implicit_initial_bias,both,34,F_R/right_ring_2_joint,hand48,16,5.212313848309184e-05,2.8291302367179205e-05,0.00016510501124539223,5.638510332613925e-06,0.000105852428195434,0.003797988182039732,0.002168630554734125,0.009970007822915634,0.0011000845275700242,0.008405988295558067
18,implicit_initial_bias,both,35,F_R/right_thumb_2_joint,hand48,16,0.0008550630597137172,0.0004919060842269842,0.0025706011173869947,0.0001748309248642303,0.0019325822580017124,0.04568443665754225,0.024786014695651514,0.15391609441964377,0.006831504445201007,0.08070089778324058
18,implicit_initial_bias,both,36,F_R/right_thumb_3_joint,hand48,16,0.007977411931470838,0.004650532883367108,0.02396882445029258,0.001595751717113036,0.01762112592094957,0.4953739435227759,0.2659030850989685,1.679836323471267,0.0709840570630396,0.8694615098921125
18,implicit_initial_bias,both,37,F_R/right_thumb_4_joint,hand48,16,4.8688638062146656e-06,2.7329199965720613e-06,1.2385098370037984e-05,1.3593179579163284e-07,1.0266285751514559e-05,0.0004642590622697359,0.00026094518192987096,0.0013506136018642438,4.6566848022505625e-05,0.0011363310081029267
18,implicit_initial_bias,both,38,U_L/shoulder_pan_joint,controlled26,16,5.5271758974928004e-05,4.163076311067271e-05,0.00011920498263640056,-8.00256798808019e-06,0.00011870898144394904,0.007240469763597814,0.006592714461597312,0.010578455956615733,-0.004720454647076985,0.010573538893446137
18,implicit_initial_bias,both,39,U_L/shoulder_lift_joint,controlled26,16,0.000514236395150082,0.0004629400132548922,0.0008999988230908862,0.0004629400132548922,0.0008985696837340296,0.0346859541626838,0.03241833666232598,0.04539722784812797,-0.03241833666232598,0.045354943528910896
18,implicit_initial_bias,both,40,U_L/elbow_joint,controlled26,16,0.00025758083175750536,0.00024129696554578417,0.0003809607859293074,-0.00024129696554578417,0.0003690248478270819,0.06099276608739269,0.056690309534197666,0.0819633509268644,0.056690309534197666,0.08136022295388648
18,implicit_initial_bias,both,41,U_L/wrist_1_joint,controlled26,16,0.00010335713064592659,8.349793064151706e-05,0.0002890080262824002,-6.251701500571694e-06,0.00017973729428383267,0.011453040352350109,0.0076195125327438475,0.02925773001924553,0.005404939750018291,0.0277896625896899
18,implicit_initial_bias,both,42,U_L/wrist_2_joint,controlled26,16,7.837341226091527e-05,3.9936671276954994e-05,0.00021551955415799462,3.3054896862741434e-05,0.00019163436203400996,0.008807357593284246,0.004549517283988613,0.026794049821240506,0.002516526613010174,0.022380411111942673
18,implicit_initial_bias,both,43,U_L/wrist_3_joint,controlled26,16,0.00011198340638960472,5.2472930466729295e-05,0.00034828254965058036,4.970847305318937e-05,0.00023239664723040399,0.00754511549867609,0.003737684654552242,0.019976805487560978,0.002720154771183936,0.018560610156426294
18,implicit_initial_bias,both,44,U_L/left_index_1_joint,hand48,16,0.005090263821418836,0.004027937158913791,0.011340959983544396,-0.0035807874563739297,0.00988938522988399,0.370203703093476,0.336739466198979,0.7332270638369424,-0.3309790733118529,0.6379499658413381
18,implicit_initial_bias,both,45,U_L/left_little_1_joint,hand48,16,0.0037774578799286964,0.0030183633776166433,0.008477691240325977,-0.002615851256133744,0.007242980726262976,0.286104370253873,0.2633944872383718,0.5388039755930627,-0.26205530358771767,0.46244736412150667
18,implicit_initial_bias,both,46,U_L/left_middle_1_joint,hand48,16,0.004499832750548062,0.0031958380642808544,0.010515026225470098,-0.002631056746507751,0.009294889809745632,0.33042376449000727,0.28347468116350694,0.7305018957696415,-0.276418486470015,0.6459902634240885
18,implicit_initial_bias,both,47,U_L/left_ring_1_joint,hand48,16,0.004148713585305866,0.0030089865394729133,0.009683844076474213,-0.002495789556182691,0.008448434749568422,0.30981814779198613,0.2708898288500817,0.6661191010331464,-0.26566805676550065,0.5826624495683294
18,implicit_initial_bias,both,48,U_L/left_thumb_1_joint,hand48,16,2.0314727784593295e-05,1.4627352058597248e-05,5.771055344516718e-05,6.006723966729688e-07,4.2391834735686085e-05,0.011962126834942716,0.006602205085677512,0.038164053817707995,0.0023977013666771443,0.02920400508090998
18,implicit_initial_bias,both,49,U_L/left_index_2_joint,hand48,16,2.7478484438608274e-05,1.797119873741919e-05,5.596331451888231e-05,-1.5142085108099494e-05,5.1549692770939265e-05,0.0015072857243156434,0.0009629752528349097,0.004117965039087228,0.00020581709651058176,0.0038327847460282527
18,implicit_initial_bias,both,50,U_L/left_little_2_joint,hand48,16,3.8986573163202476e-05,2.7422374789460788e-05,8.865714295028249e-05,-2.7422374789460788e-05,7.94145169956545e-05,0.0019349696593334148,0.0018480920093532785,0.0025095779303739713,-0.0018480920093532785,0.0024921552165248543
18,implicit_initial_bias,both,51,U_L/left_middle_2_joint,hand48,16,6.753180296818489e-05,4.7038010817757395e-05,0.00015592445871427663,-4.7038010817757395e-05,0.000136106161827753,0.0034984085020559256,0.0033246921461733926,0.004577140277880827,-0.0033246921461733926,0.004534086381498277
18,implicit_initial_bias,both,52,U_L/left_ring_2_joint,hand48,16,0.00010183219796764351,6.949128664354536e-05,0.00023512186899896093,-6.931434583526581e-05,0.00020255896570831738,0.0056396232340323645,0.005347799255101553,0.008344271444260554,-0.005347799255101553,0.0070590600473514
18,implicit_initial_bias,both,53,U_L/left_thumb_2_joint,hand48,16,0.000670691244784821,0.0005893801850224032,0.001099874115834426,-0.0005241771621904744,0.0010905902472113406,0.01940701531319407,0.013702706477720875,0.04582811093878223,0.005386107157689004,0.043839800369050747
18,implicit_initial_bias,both,54,U_L/left_thumb_3_joint,hand48,16,0.001689338662587508,0.0013983919206110862,0.003534546627891974,-0.0004314331271701704,0.0030346829624291784,0.09818095765845736,0.06931851926088749,0.24207448558398703,0.04985888845661442,0.21372410433825698
18,implicit_initial_bias,both,55,U_L/left_thumb_4_joint,hand48,16,5.3451375621865785e-05,4.083355262007957e-05,0.00012137098871164986,-3.561151579200509e-05,0.000104720572688944,0.00374484408774034,0.003399274283561955,0.007310372010769617,-0.003330797957659085,0.006519391976857695
18,implicit_initial_bias,both,56,U_R/shoulder_pan_joint,controlled26,16,0.00016512705938414562,0.00013129486665219847,0.0004009054442715154,8.252680205617091e-05,0.0003156255559301213,0.014640898935698633,0.01231505619914577,0.026484625969539072,-0.0008643191580595087,0.02414705881822126
18,implicit_initial_bias,both,57,U_R/shoulder_lift_joint,controlled26,16,0.00036557573963960015,0.00030861414169158774,0.0006146933062938231,0.00030861414169158774,0.000607569792696161,0.01619705158390252,0.013146504303861477,0.041244188933537596,0.011515588873731252,0.029021914561220205
18,implicit_initial_bias,both,58,U_R/elbow_joint,controlled26,16,0.00017357547496835453,0.00015637713613318727,0.00024468779824426967,0.0001313179766512379,0.00024452444773648274,0.046932771213310465,0.043188694824038344,0.0996699471424051,-0.03979870017692672,0.07430389998616212
18,implicit_initial_bias,both,59,U_R/wrist_1_joint,controlled26,16,5.764557363580516e-05,4.6928839242954545e-05,0.00014014817044882832,-2.6676986069618103e-06,0.0001248443083802231,0.01020303132164957,0.006268860086089036,0.03645436686137277,0.006268860086089036,0.01775625076482136
18,implicit_initial_bias,both,60,U_R/wrist_2_joint,controlled26,16,0.0001147532843742301,5.987668596804663e-05,0.000360798742584989,-4.3296651900309735e-05,0.00023634959882271045,0.009441114146005302,0.005765032859667965,0.026320877332652287,-0.000587695849258943,0.02495593358723531
18,implicit_initial_bias,both,61,U_R/wrist_3_joint,controlled26,16,0.00010513552902390872,5.2882644666907286e-05,0.0003209806021819972,4.356634205610055e-05,0.00022294720859972195,0.008460502546480052,0.004138729424369738,0.021714473979414645,0.0036143482381682072,0.020672283997545997
18,implicit_initial_bias,both,62,U_R/right_index_1_joint,hand48,16,0.00742422501647379,0.007067610697260524,0.009899376509898939,0.007067610697260524,0.009527884705067062,0.2630568126727414,0.24617103766551435,0.3268822772960436,0.24285836110935732,0.31937576158704234
18,implicit_initial_bias,both,63,U_R/right_little_1_joint,hand48,16,0.005566836935133837,0.005240025758951297,0.008634968449029029,0.005240025758951297,0.007518776967380115,0.19116404810698293,0.17729317831216596,0.23810015215247382,0.17729317831216596,0.2309667223619491
18,implicit_initial_bias,both,64,U_R/right_middle_1_joint,hand48,16,0.0081103688002679,0.007639538925877627,0.013722100808778115,0.007639538925877627,0.01088412204566339,0.3221301379877451,0.3056970450300749,0.5452999952442468,0.3056970450300749,0.4058961423231751
18,implicit_initial_bias,both,65,U_R/right_ring_1_joint,hand48,16,0.007227770187366549,0.0068050308832088196,0.011890214136542884,0.0068050308832088196,0.009715672189927055,0.2803409648167899,0.2657226574619555,0.4394025484160762,0.2657226574619555,0.3478803929810559
18,implicit_initial_bias,both,66,U_R/right_thumb_1_joint,hand48,16,4.575731974534947e-05,3.988079894198457e-05,9.556002391142293e-05,-3.988079894198457e-05,7.094810140881314e-05,0.03221020555687855,0.030829801033227945,0.06545931927572335,-0.030829801033227945,0.04349236640873709
18,implicit_initial_bias,both,67,U_R/right_index_2_joint,hand48,16,0.00035852417528368534,0.00021780216645492494,0.0007204513294337411,0.00021780216645492494,0.0006853397373021222,0.010896119741182878,0.007261380203347902,0.024602446432576437,-0.007261380203347902,0.021061241807014547
18,implicit_initial_bias,both,68,U_R/right_little_2_joint,hand48,16,0.0003111722207247711,0.00021488342688113365,0.000589030030660298,0.00021488342688113365,0.000584049966245552,0.007724079070889052,0.0045864964843469235,0.018199552099701782,-0.003980759441826114,0.01592383367422362
18,implicit_initial_bias,both,69,U_R/right_middle_2_joint,hand48,16,0.00036309728299933767,0.0002625731487274122,0.0006761092902795099,0.0002625731487274122,0.0006698716891176803,0.00895007619649868,0.005481431580672303,0.021609384376742355,-0.00433217656340786,0.018301644381355654
18,implicit_initial_bias,both,70,U_R/right_ring_2_joint,hand48,16,0.000404832894951338,0.00031251712838894965,0.0007416410554239167,0.00031251712838894965,0.0007345978468878758,0.008572461697332999,0.006176807974989249,0.020414972140459096,-0.002464621457244881,0.017770466957806576
18,implicit_initial_bias,both,71,U_R/right_thumb_2_joint,hand48,16,0.00024375203460500267,0.00020756368436214206,0.0005748370824214533,-2.714399087391404e-05,0.0003991749973770893,0.029268146971839704,0.024325621437353163,0.051213691344186525,0.012909682238831106,0.04882632452095264
18,implicit_initial_bias,both,72,U_R/right_thumb_3_joint,hand48,16,0.0011384802141111998,0.0009246227868409803,0.0023139150258200125,-0.0009246227868409803,0.0021471336409263353,0.08192580229303639,0.0644827330167606,0.1634548722231535,-0.018074142007229822,0.15125353558104238
18,implicit_initial_bias,both,73,U_R/right_thumb_4_joint,hand48,16,0.00012734259449441449,0.0001202121430459056,0.0002116005724740605,0.0001202121430459056,0.00017356284726385146,0.004218693113550277,0.0038825483628863707,0.007286448513057044,0.0037285640320276385,0.005438454753280939
18,implicit_initial_bias,0,0,F_L/fr3_joint1,controlled26,8,2.3326726798021757e-05,2.1326940439686526e-05,3.6994523943123525e-05,1.7964685548071957e-05,3.508967621655978e-05,0.004397272585662379,0.0030065933374031394,0.010122046683238073,0.0004760816665936212,0.008346202016115424
18,implicit_initial_bias,0,1,F_L/fr3_joint2,controlled26,8,7.92599597017611e-05,6.569434870223878e-05,0.00014281551009176496,1.972499073993328e-05,0.00014057083029304085,0.007591267846867328,0.005707493305371324,0.01435129386735368,-0.0009008018323949261,0.013557001353078853
18,implicit_initial_bias,0,2,F_L/fr3_joint3,controlled26,8,7.581179360301913e-05,4.7099648174703246e-05,0.00013698709865583858,-4.7099648174703246e-05,0.0001360708326871518,0.004113856534855259,0.0031481858097590332,0.00821491730947524,0.0006676214673794899,0.007806605380836503
18,implicit_initial_bias,0,3,F_L/fr3_joint4,controlled26,8,1.3814754002937588e-05,9.8020155936962e-06,2.9372824918327822e-05,-3.467155921810239e-06,2.7150931396568987e-05,0.01157836245780654,0.007173564633609377,0.023918178121644762,0.0007177496356493502,0.021347756713018088
18,implicit_initial_bias,0,4,F_L/fr3_joint5,controlled26,8,2.3221059853612077e-05,1.1316013129758495e-05,6.390650946719312e-05,-7.955815000459943e-06,4.624350853469347e-05,0.006784505863854378,0.0038509072871653824,0.016919682254389657,0.0035742179457404115,0.013238011010057164
18,implicit_initial_bias,0,5,F_L/fr3_joint6,controlled26,8,1.4890493802602493e-05,7.805570274327378e-06,3.658769299175191e-05,-7.757648068790202e-06,3.089113674541454e-05,0.0023353437041034627,0.001479688146094987,0.004404170165104082,-0.0006801701904923063,0.0043450527207534355
18,implicit_initial_bias,0,6,F_L/fr3_joint7,controlled26,8,7.613851658177262e-05,4.803109718465315e-05,0.00015752511066824404,4.260686381546419e-05,0.00014346668243293557,0.0030763946928514265,0.0019785759606064006,0.006583135322983685,0.0010151412416406066,0.006166144680040915
18,implicit_initial_bias,0,7,F_L/left_index_1_joint,hand48,8,0.003021346485333113,0.001858838150139916,0.007147205326392514,0.0016385142150956676,0.005955666982815444,0.24931158019334856,0.1624248889831496,0.46616962148462615,0.13954183315624324,0.44575269368097387
18,implicit_initial_bias,0,8,F_L/left_middle_1_joint,hand48,8,0.003015046767960443,0.0018805244913468848,0.007067952714048822,0.0016645209570586433,0.0059162281017559465,0.25738607864162993,0.16850437535719082,0.4904171199610269,0.14582190345649454,0.4635440902933876
18,implicit_initial_bias,0,9,F_L/left_pinky_1_joint,hand48,8,0.0014748944020851992,0.0008706327576097975,0.0034608021836676495,0.0008170160498717563,0.0028394705649351353,0.06160023634570866,0.039417600361039376,0.11443438089999305,0.034221350510689835,0.11344960395984474
18,implicit_initial_bias,0,10,F_L/left_ring_1_joint,hand48,8,0.002803003624923719,0.0017383638440477342,0.006531909215453116,0.00154388555175888,0.005459992338615955,0.22887245730170738,0.1490825501557338,0.42558891171632085,0.12893606794876042,0.4056739408925099
18,implicit_initial_bias,0,11,F_L/left_thumb_1_joint,hand48,8,6.06020141925662e-05,3.560593620277955e-05,0.00015116678527857252,-3.22157754647813e-05,0.00012121739834275616,0.016297841959609725,0.00893125506757436,0.04147157529240829,-0.008481573061007663,0.032609380408935525
18,implicit_initial_bias,0,12,F_L/left_index_2_joint,hand48,8,6.227963512084985e-06,3.883253299164294e-06,1.32714360675662e-05,-3.649960951942685e-06,1.1817888882515586e-05,0.0015349641683608318,0.0008422707148215267,0.004027554060764702,-0.0007922800532114473,0.0030897089008370274
18,implicit_initial_bias,0,13,F_L/left_middle_2_joint,hand48,8,4.9079193529681866e-05,3.065482560096755e-05,0.00011242130398360362,2.5969217826916913e-05,9.565877352911629e-05,0.0027669856594825697,0.0019012903657544982,0.0057237639826489654,0.0012372059500408246,0.005384422709666526
18,implicit_initial_bias,0,14,F_L/left_pinky_2_joint,hand48,8,8.201164706334118e-05,5.171390740927456e-05,0.0001849918857541044,4.4392192290534926e-05,0.00015880225129939816,0.005327358730820243,0.0036417770745557905,0.010214794497118061,0.0027837813153856646,0.009422266535182643
18,implicit_initial_bias,0,15,F_L/left_ring_2_joint,hand48,8,0.00014016197923098187,8.728212667764856e-05,0.0003154251581384826,7.571862389717937e-05,0.00026936029271712035,0.008013441355290911,0.005523121423415402,0.015843514664260507,0.0040116025350018705,0.014822948996545526
18,implicit_initial_bias,0,16,F_L/left_thumb_2_joint,hand48,8,0.00038342859197200657,0.0003055418023806978,0.0008539232048904721,-6.808546708885789e-05,0.0007233861068113333,0.04250290118869778,0.033110318159965096,0.0936376010452808,-0.0057449952040575895,0.08029672889866399
18,implicit_initial_bias,0,17,F_L/left_thumb_3_joint,hand48,8,0.0019919838982000873,0.0016064723728501109,0.0044439524326808505,-0.00035969125241531877,0.0037231382078960025,0.2408410812769919,0.1887348171739338,0.5306924553546652,-0.04327828159900687,0.4582846220137846
18,implicit_initial_bias,0,18,F_L/left_thumb_4_joint,hand48,8,5.848326840025481e-06,4.379697544821919e-06,1.1355656560831096e-05,2.5359624146242474e-06,1.0318094799274811e-05,0.0005447053904337908,0.0004118659870369763,0.0012109958379403697,0.0001805408827468974,0.0010471682314785232
18,implicit_initial_bias,0,19,F_R/fr3_joint1,controlled26,8,0.00013911825373267705,0.00010183882217634777,0.00029669486469208195,1.770305383935744e-05,0.00026432275209888886,0.007595284969102319,0.005955447784267129,0.01404305284587154,0.0019719496793884584,0.013915828199563475
18,implicit_initial_bias,0,20,F_R/fr3_joint2,controlled26,8,7.738148008566855e-05,4.5704223391597465e-05,0.00018062322118450602,4.185088966431744e-05,0.00015425105221060772,0.010731481725675361,0.004886598871093243,0.029809109406891042,-0.002885310891742417,0.020915553549918836
18,implicit_initial_bias,0,21,F_R/fr3_joint3,controlled26,8,0.00023149998288496618,0.00013804602614242434,0.0005661542665262864,-2.2628407544522666e-05,0.00045072006427908633,0.007631599376791008,0.004962542638412436,0.016844440993940432,0.0025795624323110516,0.015356765136710021
18,implicit_initial_bias,0,22,F_R/fr3_joint4,controlled26,8,0.00010499745197260845,5.631064167868627e-05,0.0002715294472992458,-1.1571720146125175e-05,0.0002096970013471532,0.01721806678766728,0.00896420929111005,0.04564587381919703,0.0029793926096920963,0.03393548963164977
18,implicit_initial_bias,0,23,F_R/fr3_joint5,controlled26,8,3.066900083948421e-05,1.391906987238678e-05,8.330462620831369e-05,-1.3082767462063716e-05,6.253858417424315e-05,0.01533609199378791,0.0076362346460623655,0.041076266113317494,0.0026675918164291972,0.03025878073146502
18,implicit_initial_bias,0,24,F_R/fr3_joint6,controlled26,8,8.673555185539788e-06,4.749426549377489e-06,2.2129129241044154e-05,4.018388769511105e-06,1.800195733476783e-05,0.00354332324978158,0.0018972725318999592,0.007922750548995602,-0.00012199790019683471,0.0072701929267975935
18,implicit_initial_bias,0,25,F_R/fr3_joint7,controlled26,8,2.946621046655419e-05,1.3339727743918312e-05,8.148085515313763e-05,-9.403485331679201e-06,5.847329522667418e-05,0.0013513124987512015,0.000767621345666735,0.003229377360534663,-0.0005689158588210425,0.0027572787694967937
18,implicit_initial_bias,0,26,F_R/right_index_1_joint,hand48,8,0.0006552623337675956,0.00037057809394009864,0.001728062759825233,0.00010601900623914348,0.0013136216438556316,0.0902138703389902,0.04988175752590994,0.22320834854151975,0.018179149200699886,0.18694508277746671
18,implicit_initial_bias,0,27,F_R/right_middle_1_joint,hand48,8,0.0007183148342716196,0.0004575263373272744,0.0017283148365398598,2.6225562478545024e-05,0.001390151161554935,0.09686046551177849,0.05247753759721144,0.2312924873433618,0.012462825532448516,0.20128081974015433
18,implicit_initial_bias,0,28,F_R/right_pinky_1_joint,hand48,8,0.000698642724161029,0.00045608470336675096,0.001322729461722738,-8.117566123690655e-05,0.0012666029515053072,0.07473292836125292,0.04037018795216178,0.15950569896274353,0.005546660014235465,0.15207166988797047
18,implicit_initial_bias,0,29,F_R/right_ring_1_joint,hand48,8,0.000665141436882455,0.00043817956468513754,0.0014280519491189983,-2.7825393379199426e-05,0.0012489807636259485,0.08177470138592584,0.04441179619635201,0.18334864241850055,0.00819077160736735,0.16830994608378508
18,implicit_initial_bias,0,30,F_R/right_thumb_1_joint,hand48,8,2.1765707059372764e-05,1.2457466521943045e-05,5.551022396807492e-05,-3.252213316855962e-06,4.4705619759866074e-05,0.0037998672786998607,0.0021775886655861915,0.00839956543349984,-0.0017423468176024119,0.007732391173464949
18,implicit_initial_bias,0,31,F_R/right_index_2_joint,hand48,8,4.478548599954129e-06,2.738340999392311e-06,1.0880920382885795e-05,-1.382419656721992e-06,8.97088812861421e-06,0.00043606956090301336,0.00023376641926990625,0.001175860468218009,-0.00012260138988143645,0.0008828748711114362
18,implicit_initial_bias,0,32,F_R/right_middle_2_joint,hand48,8,1.2832012306738812e-05,6.9857817569414504e-06,3.2719406544548524e-05,1.465586841442601e-06,2.6458462535200445e-05,0.0017120751007800089,0.0009940201233400664,0.0039544657800089835,0.0003849619447227439,0.003404981988988344
18,implicit_initial_bias,0,33,F_R/right_pinky_2_joint,hand48,8,2.1375983139440133e-05,1.2554785481231831e-05,5.4344429491343105e-05,1.9871474109620785e-06,4.252620384984777e-05,0.0026481800526933965,0.001533622504700609,0.006394750859449161,0.0005841767799178133,0.0053860610343771905
18,implicit_initial_bias,0,34,F_R/right_ring_2_joint,hand48,8,3.6390890760238765e-05,2.251219859939705e-05,8.610156717878126e-05,6.333230900016848e-07,7.024714691813945e-05,0.00428216883889709,0.0024786385241586297,0.009970007822915634,0.0008053467370168798,0.008719878379634748
18,implicit_initial_bias,0,35,F_R/right_thumb_2_joint,hand48,8,0.0006689997533558377,0.00039097960016841286,0.001719909304873285,0.0001510325410108062,0.0013193877671541906,0.060155240621512396,0.03507755688683954,0.15391609441964377,0.011500988435442963,0.1188588732612155
18,implicit_initial_bias,0,36,F_R/right_thumb_3_joint,hand48,8,0.006109883013808961,0.003638837207223909,0.015505226411168568,0.0013787462470813677,0.012036650019697809,0.6556895383305845,0.3804414835931925,1.679836323471267,0.12459835562030008,1.301661410467661
18,implicit_initial_bias,0,37,F_R/right_thumb_4_joint,hand48,8,4.665788521599254e-06,2.7615626225878376e-06,9.560014878673417e-06,-4.50200460924699e-07,9.291375798538282e-06,0.0006300009539500308,0.0003953259855294833,0.0013506136018642438,-3.343068228524741e-05,0.0012506150581089624
18,implicit_initial_bias,0,38,U_L/shoulder_pan_joint,controlled26,8,5.338759174977987e-05,4.0205336946097514e-05,0.00011920498263640056,-6.3496371857652e-06,0.00010093845857552793,0.005688743528284589,0.00515437016850288,0.0080924424415654,-0.0030502540569395044,0.007559077490492159
18,implicit_initial_bias,0,39,U_L/shoulder_lift_joint,controlled26,8,0.00036426423976383487,0.00033482042584198624,0.0005114376173755986,0.00033482042584198624,0.0005112923522337498,0.0250374195819605,0.023364640811063875,0.030243699751964476,-0.023364640811063875,0.030200511659454542
18,implicit_initial_bias,0,40,U_L/elbow_joint,controlled26,8,0.00020940821311246267,0.0001901567686560246,0.00028345912090643743,-0.0001901567686560246,0.0002792063369195685,0.046990053882628946,0.04223081292484321,0.0588745709545557,0.04223081292484321,0.05874633383224334
18,implicit_initial_bias,0,41,U_L/wrist_1_joint,controlled26,8,6.932379127317643e-05,6.0715175647513275e-05,0.00014331371695097683,-9.021498432376651e-06,0.00011338845374573854,0.015351537178051204,0.010644580424888571,0.02925773001924553,0.0066820182490973795,0.028572631885452903
18,implicit_initial_bias,0,42,U_L/wrist_2_joint,controlled26,8,4.7343221607858234e-05,2.6523628403135602e-05,0.00010971784349766978,1.9568145077780708e-05,9.731113454228833e-05,0.01234129167698998,0.007574050463569896,0.026794049821240506,0.00625147811675413,0.024734351756901515
18,implicit_initial_bias,0,43,U_L/wrist_3_joint,controlled26,8,7.226575555122697e-05,3.602308978278845e-05,0.00018150791181437143,3.274914407758178e-05,0.0001507335009488297,0.0105544850200637,0.006514328772846451,0.019976805487560978,0.00620951203345647,0.019315914333031457
18,implicit_initial_bias,0,44,U_L/left_index_1_joint,hand48,8,0.004085293527716865,0.0031177047976618183,0.00814485101006681,-0.0027232631080335067,0.007763714581987433,0.4206967548292823,0.36992282057467707,0.7332270638369424,-0.35840203480042493,0.6887644181056604
18,implicit_initial_bias,0,45,U_L/left_little_1_joint,hand48,8,0.003040189090479546,0.0023564058727437286,0.006120421049533448,-0.001971487954436262,0.005759772645721739,0.3163140970663695,0.2794382307008285,0.5388039755930627,-0.2767598633995203,0.5031708902396698
18,implicit_initial_bias,0,46,U_L/left_middle_1_joint,hand48,8,0.0036608592758618453,0.0025353189454660058,0.007427699944025784,-0.002056265894634174,0.007155785979482949,0.3883110824122735,0.321072250330445,0.7305018957696415,-0.30695986094346106,0.6910631340083834
18,implicit_initial_bias,0,47,U_L/left_ring_1_joint,hand48,8,0.0033735090222234,0.0023664925186420525,0.006870884840924213,-0.001934076170757108,0.00656960551810435,0.35893228836310404,0.3015105971274856,0.6661191010331464,-0.29106705295832347,0.6271726636828984
18,implicit_initial_bias,0,48,U_L/left_thumb_1_joint,hand48,8,1.1058013235590343e-05,9.929220128421234e-06,1.922154811678789e-05,-3.2222083706373583e-06,1.735937129240805e-05,0.016698779890753666,0.010803592342607308,0.038164053817707995,0.006658330187229495,0.03398269774053558
18,implicit_initial_bias,0,49,U_L/left_index_2_joint,hand48,8,2.954385029451823e-05,1.99559272068741e-05,5.596331451888231e-05,-1.5802458111073905e-05,5.19528509756624e-05,0.001982512605473634,0.001162513243742616,0.004117965039087228,0.0008014091781146726,0.003984880902326372
18,implicit_initial_bias,0,50,U_L/left_little_2_joint,hand48,8,3.5537751082008764e-05,2.3318338425455665e-05,7.633364167744516e-05,-2.3318338425455665e-05,7.127332609376673e-05,0.001780680192371709,0.00167199609296402,0.002221546109138659,-0.00167199609296402,0.0022106889258560413
18,implicit_initial_bias,0,51,U_L/left_middle_2_joint,hand48,8,6.0363751984189197e-05,3.935204078662699e-05,0.00012950006286557847,-3.935204078662699e-05,0.00012116756398906427,0.003139788726228494,0.0029144627936276996,0.0039001714396976707,-0.0029144627936276996,0.0038814230446696254
18,implicit_initial_bias,0,52,U_L/left_ring_2_joint,hand48,8,8.984494363494598e-05,5.7660953922105546e-05,0.0001917046646114362,-5.7660953922105546e-05,0.00018032610839089912,0.0056680129726732285,0.005218426071760868,0.008344271444260554,-0.005218426071760868,0.007597958545625333
18,implicit_initial_bias,0,53,U_L/left_thumb_2_joint,hand48,8,0.0004613349631012952,0.00043062429554103186,0.0006042201343194609,-0.00034885305370636367,0.000595041249682568,0.023800121689895617,0.01679941172156229,0.04582811093878223,0.005709978613347788,0.04490023267290754
18,implicit_initial_bias,0,54,U_L/left_thumb_3_joint,hand48,8,0.0013610718427258227,0.0010989070130141103,0.002584580777515458,-0.00031064900590030767,0.0024729182982500767,0.1188316269312218,0.08453419000463097,0.24207448558398703,0.05250319026573516,0.228844307669313
18,implicit_initial_bias,0,55,U_L/left_thumb_4_joint,hand48,8,4.407673011470619e-05,3.2281967354904836e-05,8.997934611991443e-05,-2.7672711238177147e-05,8.522244319644003e-05,0.004232772270547839,0.003713172090742121,0.007310372010769617,-0.003576219438936382,0.006941247994944053
18,implicit_initial_bias,0,56,U_R/shoulder_pan_joint,controlled26,8,0.00014566808580873187,0.00012460225820021265,0.00028719892648298995,5.4653151602690464e-05,0.00024501097529070474,0.014723367155869086,0.011446302703881552,0.026484625969539072,0.0010168212304487141,0.02539376129892409
18,implicit_initial_bias,0,57,U_R/shoulder_lift_joint,controlled26,8,0.00020587065887405612,0.0001871258007418719,0.00029942573620278523,0.0001871258007418719,0.0002894841015815164,0.018848979663796856,0.015113670606426204,0.041244188933537596,0.011851839746165754,0.03554046089312281
18,implicit_initial_bias,0,58,U_R/elbow_joint,controlled26,8,0.00014705341282344645,0.00013402210600019226,0.00019851937958237365,0.00011853081465859616,0.00018788261574391728,0.04887315485954219,0.04319736255367408,0.0996699471424051,-0.03641737325945084,0.08437668335309223
18,implicit_initial_bias,0,59,U_R/wrist_1_joint,controlled26,8,3.2220715440309284e-05,2.9741064165145215e-05,5.9832265594028655e-05,-6.191580761372162e-06,5.091895644349086e-05,0.013853950848956133,0.008623118626691585,0.03645436686137277,0.008623118626691585,0.027728579349648765
18,implicit_initial_bias,0,60,U_R/wrist_2_joint,controlled26,8,7.167520698014332e-05,3.875034910783004e-05,0.0001817562711846632,-2.86800032571477e-05,0.00014892937466636774,0.012905427686192322,0.008268257599357707,0.026320877332652287,-0.0044371998184961105,0.02568390358479103
18,implicit_initial_bias,0,61,U_R/wrist_3_joint,controlled26,8,6.834040157481907e-05,3.6923240297359605e-05,0.00016956567943271494,2.8162229918415882e-05,0.00014198936213190012,0.011884559101846166,0.007346320873214551,0.021714473979414645,0.007346320873214551,0.02122811865454261
18,implicit_initial_bias,0,62,U_R/right_index_1_joint,hand48,8,0.005454836213370353,0.005213209655599271,0.009404054103456436,0.005213209655599271,0.0078122692604412625,0.2880311539652591,0.2790024294409047,0.3268822772960436,0.2790024294409047,0.323379236631843
18,implicit_initial_bias,0,63,U_R/right_little_1_joint,hand48,8,0.0038753447481636566,0.003716197839461364,0.006341666112747113,0.003716197839461364,0.005430594469745421,0.21028687082189182,0.20090505663505837,0.23810015215247382,0.20090505663505837,0.23477121825022895
18,implicit_initial_bias,0,64,U_R/right_middle_1_joint,hand48,8,0.005692423046187345,0.005455885414734755,0.00964330110504702,0.005455885414734755,0.008086058292483494,0.36475155095866385,0.35392712957993355,0.5452999952442468,0.35392712957993355,0.4802448638810799
18,implicit_initial_bias,0,65,U_R/right_ring_1_joint,hand48,8,0.00504653079664975,0.004838198310749064,0.008434140629464557,0.004838198310749064,0.007124015389676208,0.31337091973216047,0.30393237330129885,0.4394025484160762,0.30393237330129885,0.39669220921306664
18,implicit_initial_bias,0,66,U_R/right_thumb_1_joint,hand48,8,2.01506990059858e-05,1.9962531051867516e-05,2.354257255421377e-05,-1.9962531051867516e-05,2.338967741346287e-05,0.035671969405531384,0.033363206062379476,0.06545931927572335,-0.033363206062379476,0.05520807460446308
18,implicit_initial_bias,0,67,U_R/right_index_2_joint,hand48,8,0.0003872976126434337,0.00023567690958686306,0.0007204513294337411,0.00023567690958686306,0.0007027523444068047,0.011460822839358762,0.0077790797431638355,0.024602446432576437,-0.0077790797431638355,0.02253754532648003
18,implicit_initial_bias,0,68,U_R/right_little_2_joint,hand48,8,0.00032662172662897203,0.0002170779763034942,0.000589030030660298,0.0002170779763034942,0.0005867060006000832,0.007683409266784062,0.004488848656870952,0.018199552099701782,-0.0039051152947867387,0.01567456624335855
18,implicit_initial_bias,0,69,U_R/right_middle_2_joint,hand48,8,0.00037399884726455924,0.0002562437554360728,0.0006761092902795099,0.0002562437554360728,0.0006706639874504555,0.009187252535485916,0.005379943844726422,0.021609384376742355,-0.004614998296140459,0.018779392461025494
18,implicit_initial_bias,0,70,U_R/right_ring_2_joint,hand48,8,0.0004052159915004127,0.0002935550851744951,0.0007416410554239167,0.0002935550851744951,0.0007258746206584329,0.008457042286587477,0.006003214111839645,0.020414972140459096,-0.0023030905283352183,0.016856040324665072
18,implicit_initial_bias,0,71,U_R/right_thumb_2_joint,hand48,8,0.00016792374999581404,0.0001524049484973736,0.0002607599624302806,-7.314270964781707e-05,0.0002463811311423404,0.02967681455586962,0.024797307248855663,0.048030535579874675,0.010243755316070548,0.04672186929626301
18,implicit_initial_bias,0,72,U_R/right_thumb_3_joint,hand48,8,0.0010677178996053392,0.0008704535086552605,0.0020915398459617762,-0.0008704535086552605,0.0018465604546376618,0.07701647317603448,0.0605586422173337,0.1634548722231535,-0.036599266954898055,0.14118045347172856
18,implicit_initial_bias,0,73,U_R/right_thumb_4_joint,hand48,8,9.191409140260689e-05,8.762365095280403e-05,0.00016088360552711511,8.762365095280403e-05,0.00013236839208655978,0.004822887453888007,0.004549457620760051,0.007286448513057044,0.004549457620760051,0.006424051425161527
18,implicit_initial_bias,1,0,F_L/fr3_joint1,controlled26,8,4.5678789594550326e-05,4.1705305320910435e-05,6.584085526140093e-05,3.222873935779247e-05,6.31604814668063e-05,0.0010262590203011877,0.0009471657308185966,0.0016369940381199405,0.0006889227003705029,0.0015461902826150668
18,implicit_initial_bias,1,1,F_L/fr3_joint2,controlled26,8,0.0001707017469394216,0.0001427913067941211,0.00033504986427779215,1.696789306543378e-05,0.00030033546819295813,0.005705950040212439,0.004665042581572579,0.01151762239123584,-0.00023992059351833693,0.010322235162498031
18,implicit_initial_bias,1,2,F_L/fr3_joint3,controlled26,8,8.42054671598033e-05,5.254518539812847e-05,0.00015448712581433988,-5.254518539812847e-05,0.00015318705395015453,0.002781991512689687,0.0023616186024158353,0.005629352503019325,-2.3371063029787665e-05,0.004962352306046264
18,implicit_initial_bias,1,3,F_L/fr3_joint4,controlled26,8,4.1761544945181626e-05,3.0494569133343585e-05,8.376517096309044e-05,9.993493606530457e-07,7.809819885723489e-05,0.0035093145956724323,0.0023915872627430597,0.00686117801751801,0.0006629240643290975,0.006334669263156422
18,implicit_initial_bias,1,4,F_L/fr3_joint5,controlled26,8,3.322858625041219e-05,2.1023754822546703e-05,7.935602596975677e-05,-5.503989819938271e-06,6.749741955047182e-05,0.0009585351381932981,0.0007178585646980994,0.0019244252247315463,0.00017181556527795134,0.001822871349385935
18,implicit_initial_bias,1,5,F_L/fr3_joint6,controlled26,8,2.6362995122315367e-05,1.4098864587253068e-05,6.432894546848367e-05,-1.3945566353590344e-05,5.4347652968533816e-05,0.0004233030415949335,0.0003392980762274892,0.0007737899507487215,-0.00014710152478007808,0.000730856485591034
18,implicit_initial_bias,1,6,F_L/fr3_joint7,controlled26,8,9.113880257555415e-05,6.0398565688069006e-05,0.00016673934548738778,5.0183531782488355e-05,0.00016086114677912322,0.0013305160992935093,0.0010038512743118049,0.002848323409076356,0.00017827577329532332,0.0025094748893728855
18,implicit_initial_bias,1,7,F_L/left_index_1_joint,hand48,8,0.004104948606013783,0.0026418620794723506,0.008772488125961195,0.0022368480332822203,0.007804671010111595,0.08378627898344887,0.05830785658782184,0.17993845267140457,0.03244648529927591,0.16581032414699756
18,implicit_initial_bias,1,8,F_L/left_middle_1_joint,hand48,8,0.004195108013070476,0.00272309417297514,0.008941924275414681,0.0023209135776246573,0.00795539169175154,0.09034872190628747,0.06363619033040999,0.1898194194149966,0.03849620398725795,0.1755009269182649
18,implicit_initial_bias,1,9,F_L/left_pinky_1_joint,hand48,8,0.0015696628946499848,0.0009785812543320269,0.0033873253213998616,0.0008806458213793666,0.0029151045843733916,0.014874937350933164,0.009916200343301167,0.03568485419333152,-0.0027969922038716625,0.029503921253371958
18,implicit_initial_bias,1,10,F_L/left_ring_1_joint,hand48,8,0.0037955616133220084,0.002448529914382361,0.008022780494788356,0.0020909231404974467,0.007135354034646066,0.07403453337764514,0.05170891718916119,0.15755260281059008,0.028956587557989244,0.14600646664435643
18,implicit_initial_bias,1,11,F_L/left_thumb_1_joint,hand48,8,8.885335930199182e-05,5.671772271756588e-05,0.00019041179897386074,-4.9131372053231107e-05,0.00016913349878417552,0.0035944073407872057,0.002336022327051137,0.007598036846741552,-0.001593550376616285,0.007167798420816328
18,implicit_initial_bias,1,12,F_L/left_index_2_joint,hand48,8,1.3793489800341463e-06,7.981337422167251e-07,3.019318059377385e-06,-6.540828187944631e-07,2.81170536558864e-06,0.00025177769952107893,0.00012819932056590028,0.000688413641382129,0.00011338358922789119,0.0005030509624962833
18,implicit_initial_bias,1,13,F_L/left_middle_2_joint,hand48,8,7.247101597825906e-05,4.810778707120891e-05,0.00014747978590351485,3.81770164887274e-05,0.00013515975018789231,0.0016292527532792737,0.0011758322655692599,0.0035626669391326804,0.0005842168574058104,0.0032033976791203764
18,implicit_initial_bias,1,14,F_L/left_pinky_2_joint,hand48,8,0.00010775731033708985,7.143261703119672e-05,0.00021518140855934786,5.741461130114381e-05,0.0001992105633695784,0.0021414944710553027,0.001477568566175031,0.004730887563684575,0.0006205761814749968,0.004267634927872926
18,implicit_initial_bias,1,15,F_L/left_ring_2_joint,hand48,8,0.00018006674678991495,0.0001201977821573344,0.00035764862988038604,9.565306051966677e-05,0.0003303693150189857,0.0033047181868804502,0.002305219685692464,0.007351181989129558,0.0008108356535147404,0.006567832071628953
18,implicit_initial_bias,1,16,F_L/left_thumb_2_joint,hand48,8,0.000712329014875943,0.0005505519955697489,0.0015812560450673696,-9.245007159823602e-05,0.0013478752659336975,0.03529775025422309,0.029664302885955226,0.07427730237059522,0.0003574737689865399,0.06331275147493472
18,implicit_initial_bias,1,17,F_L/left_thumb_3_joint,hand48,8,0.0036870059109978858,0.0028819980048204893,0.008210443863302094,-0.000524594917717018,0.006972702585908338,0.18336483683968618,0.15220095924951627,0.3886002805528385,-0.00248980659509436,0.33314715634830633
18,implicit_initial_bias,1,18,F_L/left_thumb_4_joint,hand48,8,6.167600818015085e-06,4.515594913503951e-06,1.2287198660088094e-05,2.7713905351271773e-06,1.1110325519672266e-05,6.626285817989687e-05,4.6593869218379625e-05,0.00012769124188868615,2.284961012422964e-05,0.0001237244337879262
18,implicit_initial_bias,1,19,F_R/fr3_joint1,controlled26,8,0.0001823970573508893,0.0001409445236941198,0.0003695509455532431,4.574397231177363e-05,0.0003458547898256503,0.006116099696071377,0.005497448840872771,0.011685837971649432,0.004041951572752478,0.009755610348683023
18,implicit_initial_bias,1,20,F_R/fr3_joint2,controlled26,8,0.00010038086097617346,6.26373327619889e-05,0.00021896450940250833,5.4725498742233536e-05,0.00019417122714390775,0.004486538578386238,0.0019237497036655772,0.012616817845474438,-0.0016283572102644098,0.008614481090320012
18,implicit_initial_bias,1,21,F_R/fr3_joint3,controlled26,8,0.00026815748487944463,0.00016920427568556384,0.0006047725867142084,-8.657071164486219e-06,0.0005068674595757104,0.00489935393254538,0.002968459933219738,0.010972289174613764,0.0018016680925066466,0.009969865988401067
18,implicit_initial_bias,1,22,F_R/fr3_joint4,controlled26,8,8.384520360573548e-05,4.7813901739024445e-05,0.00020170086849113922,-2.7080530676792947e-06,0.0001670751881865495,0.00605006332054208,0.0034561448783715708,0.014803636219331834,0.00032921375430527674,0.011748677688844234
18,implicit_initial_bias,1,23,F_R/fr3_joint5,controlled26,8,2.825058482814549e-05,1.6363898614452088e-05,6.2760994577582e-05,-1.6363898614452088e-05,5.6462308567939425e-05,0.0027625037762012746,0.001519524939930858,0.007031139333273273,0.00023825989338746036,0.005482580960197687
18,implicit_initial_bias,1,24,F_R/fr3_joint6,controlled26,8,1.8976114829217562e-05,1.0643634600793206e-05,4.90432689854714e-05,7.64939416364463e-06,3.90184586892328e-05,0.0007637203261191363,0.0005204057330678281,0.0015709564048533562,-1.0432288246127404e-05,0.0014364157692303102
18,implicit_initial_bias,1,25,F_R/fr3_joint7,controlled26,8,2.9207101532849074e-05,1.4313413203355385e-05,7.954132264945124e-05,-1.0499496076968318e-05,5.737140692904232e-05,0.0010873953158018325,0.0006012147048261393,0.002606933637953071,-0.0005043750717917297,0.0022481550754246352
18,implicit_initial_bias,1,26,F_R/right_index_1_joint,hand48,8,0.001240915041910323,0.0006111844732979363,0.00336535949235367,0.00032643049729016993,0.0025252085371705786,0.06827214629319922,0.03933725363924129,0.1690630723908072,0.029601392934688855,0.13935417184019427
18,implicit_initial_bias,1,27,F_R/right_middle_1_joint,hand48,8,0.0013479953925724856,0.0007455542934229863,0.0034838991048562543,0.0002288158997467947,0.0027815106138719572,0.07400228869999641,0.04291699986942628,0.1860406053630334,0.029743441430148076,0.1486765619009584
18,implicit_initial_bias,1,28,F_R/right_pinky_1_joint,hand48,8,0.0010649220360005674,0.0006286526231032014,0.002426933256048508,6.1158381260671e-05,0.0021733121099765692,0.045024943938772606,0.026461098248082265,0.11014892356378206,0.021441883299194588,0.09255073887007932
18,implicit_initial_bias,1,29,F_R/right_ring_1_joint,hand48,8,0.0011353509665278478,0.000658263511718717,0.002766571250898235,0.00013510471837640224,0.0023450232952873093,0.05521802117298755,0.032709569136335916,0.137930280963123,0.024464038181255816,0.11216091550113504
18,implicit_initial_bias,1,30,F_R/right_thumb_1_joint,hand48,8,3.658391429540762e-05,1.8581458955321817e-05,9.867080457792721e-05,-1.0407288182856522e-05,7.46587799453621e-05,0.0019060658419768576,0.0009993489226218623,0.004990763226650059,-0.0009993489226218623,0.003942625027362544
18,implicit_initial_bias,1,31,F_R/right_index_2_joint,hand48,8,3.728922599421587e-06,2.4256517707245406e-06,9.27043677993733e-06,-1.986756765517267e-06,7.54393691217575e-06,6.445982843960342e-05,4.842659904943438e-05,0.0001495446383600602,-4.7406868691212266e-05,0.00012333381157360364
18,implicit_initial_bias,1,32,F_R/right_middle_2_joint,hand48,8,2.6080143188169368e-05,1.2647513957455767e-05,7.049590664011396e-05,5.78032154941073e-06,5.317272376893706e-05,0.0015302272315940422,0.0008697187146282556,0.0037101462400526727,0.0006002931139573432,0.0030999887945548964
18,implicit_initial_bias,1,33,F_R/right_pinky_2_joint,hand48,8,3.944295591013783e-05,1.9901732529305563e-05,0.00010483307847258816,8.32460615131543e-06,8.116400559588507e-05,0.0020869646688183897,0.0011912853052664402,0.0051054935873763654,0.0008702661933916362,0.004249729114826787
18,implicit_initial_bias,1,34,F_R/right_ring_2_joint,hand48,8,6.410418239344066e-05,3.407040613496136e-05,0.00016510501124539223,1.0643697575226166e-05,0.00013293289888562928,0.003242292167125856,0.0018586225853096205,0.007884648453105545,0.0013948223181231689,0.006623906776690791
18,implicit_initial_bias,1,35,F_R/right_thumb_2_joint,hand48,8,0.0010073256683832672,0.0005928325682855555,0.0025706011173869947,0.00019862930871765438,0.0019888185447377122,0.023568676908174664,0.014494472504463483,0.05629583223777285,0.0021620204549590467,0.045660633174715984
18,implicit_initial_bias,1,36,F_R/right_thumb_3_joint,hand48,8,0.009484067260743953,0.005662228559510308,0.02396882445029258,0.0018127571871447042,0.018748639179119096,0.24670208180402073,0.1513646866047445,0.5853416449591913,0.017369758505779112,0.4797907509977762
18,implicit_initial_bias,1,37,F_R/right_thumb_4_joint,hand48,8,5.0638016350018065e-06,2.704277370556285e-06,1.2385098370037984e-05,7.220640525079647e-07,1.0542663646147251e-05,0.00018485602998333635,0.0001265643783302586,0.0004269198880394844,0.0001265643783302586,0.00036347820118668946
18,implicit_initial_bias,1,38,U_L/shoulder_pan_joint,controlled26,8,5.7093780112407205e-05,4.30561892752479e-05,0.00011854364771313186,-9.655498790395178e-06,0.0001082459714091266,0.008513929871953875,0.008031058754691744,0.010578455956615733,-0.0063906552372144645,0.01057616132713659
18,implicit_initial_bias,1,39,U_L/shoulder_lift_joint,controlled26,8,0.0006294360204366907,0.0005910596006677982,0.0008999988230908862,0.0005910596006677982,0.0008993318913910198,0.04218244247348018,0.041472032513588074,0.04539722784812797,-0.041472032513588074,0.04537749516582667
18,implicit_initial_bias,1,40,U_L/elbow_joint,controlled26,8,0.0002980670563125384,0.00029243716243554374,0.0003809607859293074,-0.00029243716243554374,0.00037539068148160213,0.07233373947260315,0.07114980614355212,0.0819633509268644,0.07114980614355212,0.08168189120614136
18,implicit_initial_bias,1,41,U_L/wrist_1_joint,controlled26,8,0.00012868412829184235,0.00010628068563552084,0.0002890080262824002,-3.481904568766736e-06,0.0002306207013781757,0.005164743255577325,0.004594444640599124,0.006521543646660036,0.004127861250939201,0.0064806647042218385
18,implicit_initial_bias,1,42,U_L/wrist_2_joint,controlled26,8,0.0001002167793666709,5.3349714150774386e-05,0.00021551955415799462,4.654164864770216e-05,0.00020437313116680177,0.0016827404123694134,0.00152498410440733,0.0034058585144858267,-0.0012184248907337817,0.002662314712436894
18,implicit_initial_bias,1,43,U_L/wrist_3_joint,controlled26,8,0.00014091922220850156,6.892277115067014e-05,0.00034828254965058036,6.666780202879696e-05,0.000294202461854498,0.0015685604030368893,0.0009610405362580332,0.004007786882204212,-0.0007692024910885979,0.003181254768097873
18,implicit_initial_bias,1,44,U_L/left_index_1_joint,hand48,8,0.0059272209622795126,0.004938169520165764,0.011340959983544396,-0.004438311804714353,0.010663558431836206,0.311634086781847,0.30355611182328085,0.3867045176230325,-0.30355611182328085,0.37288647454175317
18,implicit_initial_bias,1,45,U_L/left_little_1_joint,hand48,8,0.004392678722988964,0.003680320882489558,0.008477691240325977,-0.0032602145578312265,0.007901493000429909,0.2523030189153865,0.24735074377591493,0.31667389949685465,-0.24735074377591493,0.3026813302953748
18,implicit_initial_bias,1,46,U_L/left_middle_1_joint,hand48,8,0.005205295277709627,0.003856357183095703,0.010515026225470098,-0.0032058475983813284,0.009945629231465346,0.2599504405753222,0.24587711199656898,0.3765398497848418,-0.24587711199656898,0.3458329663701764
18,implicit_initial_bias,1,47,U_L/left_ring_1_joint,hand48,8,0.004800321416611624,0.003651480560303774,0.009683844076474213,-0.003057502941608274,0.009107319723918176,0.2512810812077571,0.2402690605726778,0.35472480943632173,-0.2402690605726778,0.3274781764359713
18,implicit_initial_bias,1,48,U_L/left_thumb_1_joint,hand48,8,2.651597015396122e-05,1.9325483988773262e-05,5.771055344516718e-05,4.423553163983296e-06,5.0561818047409325e-05,0.0027084510316182824,0.002400817828747714,0.004785502875538846,-0.001862927453875206,0.004269821716303442
18,implicit_initial_bias,1,49,U_L/left_index_2_joint,hand48,8,2.5244704867769185e-05,1.598647026796428e-05,5.0078485521624916e-05,-1.4481712105125083e-05,4.5705688919897214e-05,0.0007832396048398024,0.0007634372619272035,0.0009271938697565817,-0.0003897749850935094,0.000905676088660944
18,implicit_initial_bias,1,50,U_L/left_little_2_joint,hand48,8,4.2154169687620044e-05,3.152641115346591e-05,8.865714295028249e-05,-3.152641115346591e-05,8.150996552288638e-05,0.0020778337800644196,0.0020241879257425367,0.0025095779303739713,-0.0020241879257425367,0.0025014473305777166
18,implicit_initial_bias,1,51,U_L/left_middle_2_joint,hand48,8,7.40088256268047e-05,5.47239808488878e-05,0.00015592445871427663,-5.47239808488878e-05,0.00014361582111922718,0.0038235390476838104,0.003734921498719085,0.004577140277880827,-0.003734921498719085,0.00455704845956897
18,implicit_initial_bias,1,52,U_L/left_ring_2_joint,hand48,8,0.00011254989644187177,8.132161936498516e-05,0.00023512186899896093,-8.096773774842608e-05,0.00021782902429183095,0.005611089857174212,0.005477172438442238,0.006630656248381683,-0.005477172438442238,0.0065955645444421476
18,implicit_initial_bias,1,53,U_L/left_thumb_2_joint,hand48,8,0.000828748178569553,0.0007481360745037746,0.001099874115834426,-0.0006995012706745851,0.0010955416438103195,0.013668163529869635,0.010606001233879461,0.03060175542955966,0.005062235702030223,0.025589387880916033
18,implicit_initial_bias,1,54,U_L/left_thumb_3_joint,hand48,8,0.0019634698043934453,0.001697876828208062,0.003534546627891974,-0.0005522172484400331,0.003301276917342669,0.07181953309749733,0.054102848517144,0.15417158842264939,0.04721458664749367,0.13665231807399367
18,implicit_initial_bias,1,55,U_L/left_thumb_4_joint,hand48,8,6.141124468804494e-05,4.938513788525431e-05,0.00012137098871164986,-4.355032034583303e-05,0.00011360079456772045,0.00318297869748587,0.003085376476381789,0.004142784726057403,-0.003085376476381789,0.003927346417924138
18,implicit_initial_bias,1,56,U_R/shoulder_pan_joint,controlled26,8,0.0001825231499249622,0.0001379874751041843,0.0004009054442715154,0.00011040045250965136,0.00034703116010281743,0.014557963555530639,0.013183809694409989,0.021372451972514805,-0.00274545954656773,0.021204889900366508
18,implicit_initial_bias,1,57,U_R/shoulder_lift_joint,controlled26,8,0.0004742452051848743,0.0004301024826413036,0.0006146933062938231,0.0004301024826413036,0.0006113689999482474,0.013015564745986663,0.011179338001296751,0.023976676668701846,0.011179338001296751,0.02229826172177369
18,implicit_initial_bias,1,58,U_R/elbow_joint,controlled26,8,0.0001965507181313688,0.00017873216626618227,0.00024468779824426967,0.00014410513864387964,0.0002446115680073024,0.04490862680596117,0.04318002709440261,0.06584855093408112,-0.04318002709440261,0.05845952962362414
18,implicit_initial_bias,1,59,U_R/wrist_1_joint,controlled26,8,7.488557815839231e-05,6.411661432076388e-05,0.00014014817044882832,8.561835474485413e-07,0.00013300636815014586,0.004033824757699813,0.003914601545486486,0.005604258622799868,0.003914601545486486,0.005384873787685024
18,implicit_initial_bias,1,60,U_R/wrist_2_joint,controlled26,8,0.0001455997845249074,8.100302282826322e-05,0.000360798742584989,-5.791330054347177e-05,0.00030272247549592557,0.003423333006335135,0.003261808119978225,0.005887771653755702,0.003261808119978225,0.0050158220996776
18,implicit_initial_bias,1,61,U_R/wrist_3_joint,controlled26,8,0.0001320475234105766,6.884204903645497e-05,0.0003209806021819972,5.8970454193785216e-05,0.00027523168517693534,0.001384724388720119,0.0009311379755249241,0.003265857052200727,-0.00011762439687813733,0.0027695679792198997
18,implicit_initial_bias,1,62,U_R/right_index_1_joint,hand48,8,0.008971231580768265,0.008922011738921777,0.009899376509898939,0.008922011738921777,0.00968791302140186,0.23544814234247996,0.2133396458901241,0.2797315112578794,0.20671429277781006,0.2785135544457495
18,implicit_initial_bias,1,63,U_R/right_little_1_joint,hand48,8,0.0068528132914607385,0.0067638536784412305,0.008634968449029029,0.0067638536784412305,0.008114079090926202,0.16990237943370526,0.1536812999892736,0.21195708716469314,0.1536812999892736,0.20625964540343786
18,implicit_initial_bias,1,64,U_R/right_middle_1_joint,hand48,8,0.009957534032879486,0.0098231924370205,0.013722100808778115,0.0098231924370205,0.012397710719324575,0.27293214847880537,0.2574669604802162,0.3310712459913894,0.2574669604802162,0.3226811681973051
18,implicit_initial_bias,1,65,U_R/right_ring_1_joint,hand48,8,0.00888897354486079,0.008771863455668575,0.011890214136542884,0.008771863455668575,0.01087542789478883,0.24285958860015613,0.22751294162261215,0.29143761668989887,0.22751294162261215,0.2865991116143842
18,implicit_initial_bias,1,66,U_R/right_thumb_1_joint,hand48,8,6.149320247089479e-05,5.979906683210162e-05,9.556002391142293e-05,-5.979906683210162e-05,8.407446007687168e-05,0.02832852418964977,0.028296396004076407,0.031793979514021645,-0.028296396004076407,0.03049140390100206
18,implicit_initial_bias,1,67,U_R/right_index_2_joint,hand48,8,0.0003272303894298178,0.00019992742332298682,0.0006736358732582493,0.00019992742332298682,0.000629261242068782,0.010300504389262837,0.006743680663531968,0.019880840265160585,-0.006743680663531968,0.019754421898682824
18,implicit_initial_bias,1,68,U_R/right_little_2_joint,hand48,8,0.00029491447844329444,0.00021268887745877312,0.0005787803417287435,0.00021268887745877312,0.0005527524300516354,0.007764535853854328,0.004684144311822894,0.0151652608657309,-0.0040564035888654894,0.01515880025306983
18,implicit_initial_bias,1,69,U_R/right_middle_2_joint,hand48,8,0.0003518581192580088,0.0002689025420187516,0.0006677924887304038,0.0002689025420187516,0.0006461276366379726,0.008706441218745586,0.0055829193166181835,0.01719906438289342,-0.004049354830675262,0.01706360991072765
18,implicit_initial_bias,1,70,U_R/right_ring_2_joint,hand48,8,0.00040444943553143907,0.0003314791716034042,0.0007322501107091955,0.0003314791716034042,0.0007177671007364828,0.008686347613776116,0.006350401838138854,0.016888965230255737,-0.002626152386154545,0.016694201546740707
18,implicit_initial_bias,1,71,U_R/right_thumb_2_joint,hand48,8,0.00030105103045081937,0.0002627224202269105,0.0005748370824214533,1.8854727899988988e-05,0.0004928614427340833,0.028853691828723486,0.023853935625850663,0.051213691344186525,0.01557560916159166,0.04999529189399666
18,implicit_initial_bias,1,72,U_R/right_thumb_3_joint,hand48,8,0.0012050945534304474,0.0009787920650267002,0.0023139150258200125,-0.0009787920650267002,0.002116530693957965,0.08655713155044206,0.06840682381618748,0.14718642336700535,0.00045098294043841025,0.14055685646937785
18,implicit_initial_bias,1,73,U_R/right_thumb_4_joint,hand48,8,0.00015486791968245388,0.00015280063513900717,0.0002116005724740605,0.00015280063513900717,0.00019047805155645648,0.003512050651651072,0.003215639105012691,0.004138215726828816,0.002907670443295227,0.004125612392019326
18,explicit_saturated_diagnostic,both,0,F_L/fr3_joint1,controlled26,16,0.012766780999286173,0.007694465613321752,0.03721789315605295,0.0013837235182648372,0.029948015612948575,1.746022124937691,1.0272036851799449,5.021097347842618,0.18825031522877944,4.095095359753205
18,explicit_saturated_diagnostic,both,1,F_L/fr3_joint2,controlled26,16,0.010715790840154536,0.0057557287296979565,0.028888525332435577,0.0027429119716334827,0.028830203838139945,1.4347295837241283,0.7750386353314532,3.8566149134358345,0.39994845116993616,3.7363418817214935
18,explicit_saturated_diagnostic,both,2,F_L/fr3_joint3,controlled26,16,0.03451841701916504,0.019577310881726123,0.10282439912487629,-0.0033825885178857262,0.08060560241024828,4.538843223157191,2.502300746456668,13.678596532811666,-0.5526598225591857,10.79398134618369
18,explicit_saturated_diagnostic,both,3,F_L/fr3_joint4,controlled26,16,0.020040459343814987,0.01448012948564667,0.048496306095410224,-0.002509815609422622,0.034284611247251406,2.7027446357622305,1.9086760328781975,6.4164460424816765,-0.34027985134289934,5.532110347761593
18,explicit_saturated_diagnostic,both,4,F_L/fr3_joint5,controlled26,16,0.12723974159002444,0.0864550828967339,0.24108875635040072,0.04205844098554578,0.22898982285190583,15.466064523893152,10.646662805631497,28.969183678931934,5.508070633195134,27.531530327411815
18,explicit_saturated_diagnostic,both,5,F_L/fr3_joint6,controlled26,16,0.05045504020194007,0.034384099559749026,0.11879369701445142,0.01422098756451165,0.09418975628412524,6.617905837878978,4.521455690706752,16.697642254457794,1.5869847040656735,11.976740212566712
18,explicit_saturated_diagnostic,both,6,F_L/fr3_joint7,controlled26,16,0.49186568055504154,0.3461438684711718,1.0544399738891777,0.2609591508268217,0.9781275467951516,68.66178026334184,50.77192111008845,127.1118711442675,30.371632774163487,125.33442868425871
18,explicit_saturated_diagnostic,both,7,F_L/left_index_1_joint,hand48,16,42.3329534792168,30.121088930917402,60.47498450553363,7.6156626820879625,60.44178570619768,5112.475794342224,3637.5872447813013,7325.2915327363935,910.9738963152835,7302.326075934179
18,explicit_saturated_diagnostic,both,8,F_L/left_middle_1_joint,hand48,16,39.98032136895582,28.413128566034267,57.49686232409277,14.303224468396781,57.311298476163,4822.482564575566,3427.2541444271537,6911.425619746964,1711.8501534703587,6893.036807659345
18,explicit_saturated_diagnostic,both,9,F_L/left_pinky_1_joint,hand48,16,32.20574630613993,19.76672357107001,63.910811784290146,11.530094148295017,63.13854782340607,3881.0642153088256,2380.1891642640385,7673.109476405686,1385.410961329147,7630.333770542316
18,explicit_saturated_diagnostic,both,10,F_L/left_ring_1_joint,hand48,16,43.04645899419937,30.55248861206091,62.18062843852402,8.0540052168374,61.987446853863794,5185.740619309607,3680.6393570856144,7473.988169080142,962.9749353796951,7452.5466119007215
18,explicit_saturated_diagnostic,both,11,F_L/left_thumb_1_joint,hand48,16,1.2422348906283944,0.7325960126049011,3.3013431825201582,-0.3583879080643787,2.9602871677584757,168.77017739575058,101.65831279327111,409.81481379676063,-40.74998024811901,360.2181606915067
18,explicit_saturated_diagnostic,both,12,F_L/left_index_2_joint,hand48,16,109.26047060117881,77.5949127830871,155.4722585665893,-19.712582591418037,155.3131783631589,13169.123514550076,9352.38323423541,18680.3014073366,-2354.1418167755983,18672.581438058667
18,explicit_saturated_diagnostic,both,13,F_L/left_middle_2_joint,hand48,16,97.7605468373004,69.41475991094168,139.5448185847151,-35.08764670488153,139.31350252822705,11780.915643382794,8365.059128759063,16770.545201577068,-4196.903604390803,16747.66707604527
18,explicit_saturated_diagnostic,both,14,F_L/left_pinky_2_joint,hand48,16,104.5830561162839,64.58377185602548,202.6285210444387,-35.48216788400118,202.3921395245068,12566.827681239807,7759.137239140911,24381.989433919352,-4259.949691969034,24308.607402605085
18,explicit_saturated_diagnostic,both,15,F_L/left_ring_2_joint,hand48,16,110.97726832927984,78.7122931089072,158.51915169771627,-20.304448467945218,158.28723269378548,13358.853874780902,9475.049620128228,19048.82906922095,-2425.47651705935,19024.94616523229
18,explicit_saturated_diagnostic,both,16,F_L/left_thumb_2_joint,hand48,16,17.452400576716908,12.508597107055664,26.10605210425019,9.144015986784321,25.95879176978171,2131.9207317788146,1527.3311995745553,3172.6911677590156,1107.586459063877,3135.020692526387
18,explicit_saturated_diagnostic,both,17,F_L/left_thumb_3_joint,hand48,16,185.77630412616688,130.7818401552175,280.85903456704455,-94.64369687532076,280.1409571038509,22615.79411725124,15912.237311977593,33929.14129308214,-11448.994326202512,33924.941162694486
18,explicit_saturated_diagnostic,both,18,F_L/left_thumb_4_joint,hand48,16,280.3995503272081,194.57619615361062,425.9748119687962,140.1161698873455,424.74799532498275,34042.15217364313,23612.804781100593,51415.82132376818,16925.89433064967,51347.813161170736
18,explicit_saturated_diagnostic,both,19,F_R/fr3_joint1,controlled26,16,0.12748193292395102,0.07216951888636287,0.30359911754741464,0.008699702802979228,0.299625796105813,16.667525460668443,9.306725843540818,38.780997220850594,1.0165533191230205,38.51347174085121
18,explicit_saturated_diagnostic,both,20,F_R/fr3_joint2,controlled26,16,0.012013303763659795,0.007531974540264368,0.03484792571105533,-0.0014664963930312892,0.023180027156755247,1.645664972028994,0.9804998798578758,5.108275931091426,-0.22081929501310482,3.120390801421382
18,explicit_saturated_diagnostic,both,21,F_R/fr3_joint3,controlled26,16,0.1693616566055694,0.0985692658259224,0.3927497451865336,-0.007105027416845766,0.3888905825421375,22.214853729383133,12.708877197339362,50.91705134649867,-0.7598821066826273,50.298182484135594
18,explicit_saturated_diagnostic,both,22,F_R/fr3_joint4,controlled26,16,0.025552137519273665,0.012818040631302138,0.07045378246932277,0.005919819021935932,0.06860807400082614,3.280763415998761,1.5978622728953882,9.315285510090291,0.8127920719947543,8.80318356460581
18,explicit_saturated_diagnostic,both,23,F_R/fr3_joint5,controlled26,16,0.041532395102180285,0.02526108698558316,0.11875299202053369,0.004002359725595761,0.09563001578411645,5.3157982756674365,3.0624800359281,17.028404433174828,0.1809849592461259,11.558763055557469
18,explicit_saturated_diagnostic,both,24,F_R/fr3_joint6,controlled26,16,0.13813037337720357,0.09178627376267784,0.30192413734967083,0.052499465615135466,0.251912270537584,16.786367689668268,11.29605342055136,36.854908447094544,6.3377994051838975,30.3951180080518
18,explicit_saturated_diagnostic,both,25,F_R/fr3_joint7,controlled26,16,0.3906820582937697,0.2886762139940825,0.7285304897345902,0.1348541347055327,0.6858217039200936,60.15979965667172,43.87175912759551,117.57229542419736,25.41293078497344,108.00600751836406
18,explicit_saturated_diagnostic,both,26,F_R/right_index_1_joint,hand48,16,31.27079280318814,22.084070031791697,48.30170998008536,-4.510850403256997,47.13284949623238,3767.8864235019555,2660.507544113421,5816.334262765908,-535.116704811334,5678.58433311246
18,explicit_saturated_diagnostic,both,27,F_R/right_middle_1_joint,hand48,16,36.557322151945826,24.65954835336529,58.69815457703689,-5.835208784103428,58.39778189466378,4397.299176447588,2965.8953526599307,7048.228263934123,-699.2228712183011,7024.162966128243
18,explicit_saturated_diagnostic,both,28,F_R/right_pinky_1_joint,hand48,16,47.988557508130256,34.032596492103394,69.93477940774795,-25.24083070143098,69.87996372551945,5778.186038828865,4097.680567275789,8421.435882904565,-3040.3786326688605,8402.466663659225
18,explicit_saturated_diagnostic,both,29,F_R/right_ring_1_joint,hand48,16,31.68860307664865,22.44728040509492,47.12647227087083,-16.506489369082313,46.84255577683434,3812.7089224163756,2700.677416487418,5679.0010436889725,-1985.6322507764162,5639.903083526217
18,explicit_saturated_diagnostic,both,30,F_R/right_thumb_1_joint,hand48,16,1.3526012330908304,0.8738494803333124,3.065854989189197,0.437551628679793,2.627402496320071,191.06274383188511,118.60216387478289,448.87832280380434,66.23005902177184,422.72202251784097
18,explicit_saturated_diagnostic,both,31,F_R/right_index_2_joint,hand48,16,81.02579306728175,57.15188003171,122.50515252943865,11.581085249804095,121.31675488787947,9745.724525045422,6873.495891461413,14746.691550740077,1386.1193538303962,14610.860717253996
18,explicit_saturated_diagnostic,both,32,F_R/right_middle_2_joint,hand48,16,89.19190055992456,60.02364021820805,142.33919410642787,13.96858698470603,142.0082882037591,10723.733526197406,7216.038898240006,17090.234164656926,1676.2661948649738,17050.36707822185
18,explicit_saturated_diagnostic,both,33,F_R/right_pinky_2_joint,hand48,16,143.7203757965144,101.75536790368241,206.97629610695583,75.75825868459945,206.8936348858968,17274.236053079654,12230.102108981224,24902.831632262718,9104.692212202197,24860.735517246547
18,explicit_saturated_diagnostic,both,34,F_R/right_ring_2_joint,hand48,16,81.90642438992577,57.96313505348687,120.26742799880408,42.844609386000194,120.00214764383546,9843.819861385045,6965.981935142783,14481.045800417674,5146.949449580221,14441.352826200897
18,explicit_saturated_diagnostic,both,35,F_R/right_thumb_2_joint,hand48,16,27.346946848252916,19.704792095990072,41.31025830035867,-0.34165222642433984,40.888510498112936,3351.134192650754,2418.8348127185345,4968.710587919449,-13.380342318176574,4914.466082560713
18,explicit_saturated_diagnostic,both,36,F_R/right_thumb_3_joint,hand48,16,447.3425599042966,321.0053986877067,654.5920751758393,7.2913530559343105,653.3116690208991,54527.9545219274,39164.47726783005,78560.21420542138,547.5392397963635,78497.73331376075
18,explicit_saturated_diagnostic,both,37,F_R/right_thumb_4_joint,hand48,16,730.6291679832285,523.1768758116605,1062.1932700762336,-10.792320155748854,1060.8416217629367,88846.01051942524,63660.88904927933,127473.09583700754,-848.19419552063,127363.01063305863
18,explicit_saturated_diagnostic,both,38,U_L/shoulder_pan_joint,controlled26,16,0.0015496411302688398,0.0010388975973446013,0.0033855186800106907,-0.0010075458374939061,0.0032268224376854615,0.17489050797251793,0.11743745069367045,0.3988444972092402,-0.11743745069367045,0.39284380404859043
18,explicit_saturated_diagnostic,both,39,U_L/shoulder_lift_joint,controlled26,16,0.001216983308601697,0.000972527015477398,0.002327872149584742,-5.117609484373009e-05,0.0019447044732956442,0.19142600716429953,0.1671886519032778,0.322401514241286,-0.03567408445406146,0.3145321219954669
18,explicit_saturated_diagnostic,both,40,U_L/elbow_joint,controlled26,16,0.01068745795568291,0.008074419882966019,0.01898178731563327,0.008074419882966019,0.017604511436946246,1.259835446722352,0.9409185357466072,2.3517598974394263,0.9409185357466072,2.1899859075351094
18,explicit_saturated_diagnostic,both,41,U_L/wrist_1_joint,controlled26,16,0.07406563213149638,0.053900530158357364,0.14425407766730514,-0.05173743846860455,0.13396791304152847,8.797634440162955,6.3279453845763305,17.5735889349522,-6.0648526256733,16.195355420235124
18,explicit_saturated_diagnostic,both,42,U_L/wrist_2_joint,controlled26,16,0.04150762697309757,0.028889587446668363,0.0805788628755304,-0.027370524908319954,0.07975896825753781,4.848500315576246,3.4355797160932036,9.876756537223898,-3.027296588792182,9.768107030475718
18,explicit_saturated_diagnostic,both,43,U_L/wrist_3_joint,controlled26,16,0.013681838189661403,0.008364935122188583,0.030960329266718656,-0.005760796326911705,0.030434789444078292,1.822096324961078,1.0982344977132654,3.9750164229037974,-0.09489753859329927,3.7737352262903845
18,explicit_saturated_diagnostic,both,44,U_L/left_index_1_joint,hand48,16,47.79815436792689,33.483642740095405,74.47823037837138,29.37554748250532,73.16172991334426,5883.218179518596,4116.600085818288,9017.600345226654,3623.464192876527,8945.423010089442
18,explicit_saturated_diagnostic,both,45,U_L/left_little_1_joint,hand48,16,59.710695218661165,42.79397339683228,88.69364944443427,41.35477218863382,87.84481643820303,7290.603602712414,5221.811490861981,10733.35295540564,5049.060265590684,10689.002993445563
18,explicit_saturated_diagnostic,both,46,U_L/left_middle_1_joint,hand48,16,45.21567354882923,30.842348641762637,70.76660867030708,29.658823923215227,69.7545892622148,5532.490407763637,3772.2203480396474,8518.410406372515,3630.131502584948,8464.309998949615
18,explicit_saturated_diagnostic,both,47,U_L/left_ring_1_joint,hand48,16,50.42842127704029,36.091843292073115,75.7190887960109,34.90004859504166,74.82206216339296,6155.1784760661585,4402.681743156626,9126.84603361838,4259.601690040941,9079.847065184415
18,explicit_saturated_diagnostic,both,48,U_L/left_thumb_1_joint,hand48,16,0.862306424962438,0.6238780496014353,1.486776535749056,0.13725118094549887,1.396715455926884,107.78477248248622,77.84651218197172,185.63515979767993,14.455930163608878,170.88964467061675
18,explicit_saturated_diagnostic,both,49,U_L/left_index_2_joint,hand48,16,129.53800876388135,90.5327511072708,200.5452245732553,-79.77702186100359,197.398898011263,15887.7259392915,11093.177050663708,24248.657710950392,-9802.292353081113,24066.578024340797
18,explicit_saturated_diagnostic,both,50,U_L/left_little_2_joint,hand48,16,191.01349036283304,136.40734016308457,282.5880657045311,-132.71829910911796,280.29334879526715,23243.8648607877,16590.888001033,34139.09270283842,-16148.184240135175,34008.09188804697
18,explicit_saturated_diagnostic,both,51,U_L/left_middle_2_joint,hand48,16,115.11663690828489,78.30395114706862,179.19094012378105,-75.67700879418808,176.86505319774136,14051.155360795325,9554.474706828329,21559.30342790223,-9239.227206683976,21426.477859923387
18,explicit_saturated_diagnostic,both,52,U_L/left_ring_2_joint,hand48,16,136.6534169914545,97.58804565315123,203.94700036128611,-94.85237213824259,201.79582166531685,16637.0062286703,11875.18308721437,24564.209404587367,-11546.887432502008,24442.460436513007
18,explicit_saturated_diagnostic,both,53,U_L/left_thumb_2_joint,hand48,16,11.943608086525149,8.495194249216759,17.485257855263583,1.8773369491385679,17.413972578334356,1442.9250004093576,1026.2955131745825,2104.6953536908886,229.16933082330968,2097.142877633882
18,explicit_saturated_diagnostic,both,54,U_L/left_thumb_3_joint,hand48,16,164.6305967725446,116.90704558199795,235.53162169494496,-27.99215862282061,235.23410760017757,19841.76671792016,14090.043077561171,28277.61318940019,-3396.6081233622203,28276.16303548841
18,explicit_saturated_diagnostic,both,55,U_L/left_thumb_4_joint,hand48,16,461.7443237053578,327.44325536399697,657.2259543224424,79.82170963207894,656.6910510443246,55572.0191942673,39408.76909863745,78884.85242721571,9654.691852335232,78879.34110786325
18,explicit_saturated_diagnostic,both,56,U_R/shoulder_pan_joint,controlled26,16,0.0028883668096625534,0.0022238603300225868,0.006621663617772722,0.001282916187470895,0.004513358454919181,0.40374728009003175,0.2964053969007353,0.989427790855181,0.16467657430791058,0.7195288155176314
18,explicit_saturated_diagnostic,both,57,U_R/shoulder_lift_joint,controlled26,16,0.004032947450235995,0.00308004402634926,0.007104942571946715,-0.0023775297126193418,0.006911407090239408,0.5087779071286576,0.3504291494095048,0.9039789527916451,-0.30090134250541317,0.8939706040741225
18,explicit_saturated_diagnostic,both,58,U_R/elbow_joint,controlled26,16,0.006199391878125213,0.004836283976174097,0.010167071146445661,0.003471419744464452,0.010155433976726969,0.7350817653155591,0.5483503046026548,1.26281002587094,0.37783912430553246,1.2519991584879593
18,explicit_saturated_diagnostic,both,59,U_R/wrist_1_joint,controlled26,16,0.06758778225837621,0.05006804738328208,0.10744889163137206,-0.03719549814403578,0.10093553995748128,8.28843898180171,6.101517046386761,13.296402721632042,-4.49262855061549,12.570240440360802
18,explicit_saturated_diagnostic,both,60,U_R/wrist_2_joint,controlled26,16,0.04734858080760128,0.034792917357503395,0.11322612561489964,0.028296956955736363,0.07382496378026632,5.358343175947289,3.981991827808416,11.27066179110519,3.2258764199694108,8.517278181972447
18,explicit_saturated_diagnostic,both,61,U_R/wrist_3_joint,controlled26,16,0.013815227185917333,0.008175367371807185,0.030988906325149834,-0.007190796294873458,0.030722447460235225,1.778580702383721,1.1115024701749385,3.7093862042963597,-0.20341299933267692,3.666617328671072
18,explicit_saturated_diagnostic,both,62,U_R/right_index_1_joint,hand48,16,50.949933263878336,36.813719304493574,74.92213720295497,-25.84427123715576,74.573457351442,6250.067238611398,4514.499746039977,8998.55926719744,-3197.495115046042,8995.746443559423
18,explicit_saturated_diagnostic,both,63,U_R/right_little_1_joint,hand48,16,57.57719501533244,40.19068932867275,87.94191005507174,-38.85527781278674,86.66555204681472,7029.759171974747,4903.187036289161,10658.227577440806,-4743.176300673718,10573.868616703574
18,explicit_saturated_diagnostic,both,64,U_R/right_middle_1_joint,hand48,16,47.08359061107832,34.180849012038514,69.88478384647347,-23.632224748684337,67.9888811914104,5803.690669398371,4210.911907322912,8390.942935798259,-2944.757067870241,8297.356030118413
18,explicit_saturated_diagnostic,both,65,U_R/right_ring_1_joint,hand48,16,48.518300993337895,34.7690390008451,72.97836304493944,-27.888290754492495,71.83906945705588,5969.660692281667,4272.139012953755,8916.106455169689,-3446.4899984618824,8841.119902938019
18,explicit_saturated_diagnostic,both,66,U_R/right_thumb_1_joint,hand48,16,0.733231760838274,0.5102523284939195,1.7685350929638042,-0.020530353569133644,1.253777091672799,91.4049696097097,63.27212425619155,220.43824593797422,-1.0238290880565764,164.30406419243752
18,explicit_saturated_diagnostic,both,67,U_R/right_index_2_joint,hand48,16,136.89082558501931,98.61639471479914,200.61857287322613,69.83246969699101,198.98720504872247,16740.732979785746,12057.391000130938,24083.833188689052,8602.077475041016,24003.491025123385
18,explicit_saturated_diagnostic,both,68,U_R/right_little_2_joint,hand48,16,182.84859393238253,127.34935892883607,277.4715624443613,123.94263199748318,274.8257472901522,22249.13907881555,15486.959378100015,33588.31670469655,15078.10583787981,33421.79621067884
18,explicit_saturated_diagnostic,both,69,U_R/right_middle_2_joint,hand48,16,119.2882640265547,86.30429783045376,176.30355944987076,60.280433645092806,171.44108558390724,14651.965137170982,10596.419772442132,21162.398433928844,7472.765673551014,20889.71717190645
18,explicit_saturated_diagnostic,both,70,U_R/right_ring_2_joint,hand48,16,130.66192643871014,93.26524381524811,195.52662476862918,75.59325041236744,193.41101051862603,16015.987240251668,11419.778249561934,23843.67608832025,9298.767147954253,23710.366685104884
18,explicit_saturated_diagnostic,both,71,U_R/right_thumb_2_joint,hand48,16,11.258396419127248,7.878363740871365,17.33481371466729,-5.606341878183041,17.005827713199775,1362.0371296308617,952.8545763446584,2097.922039730252,-677.9829139458122,2055.832078938324
18,explicit_saturated_diagnostic,both,72,U_R/right_thumb_3_joint,hand48,16,154.60127369451217,108.40607385884445,231.32460561569445,78.7392183000578,231.05033649993163,18666.363065628844,13086.015571185406,27826.159623915475,9494.039202947566,27793.880286425854
18,explicit_saturated_diagnostic,both,73,U_R/right_thumb_4_joint,hand48,16,418.5255802394014,293.3534298709576,623.5252057731798,-213.94412240821623,623.066363736786,50444.249898577975,35352.0993030754,74963.30622530913,-25764.51918256907,74917.86917240458
18,explicit_saturated_diagnostic,0,0,F_L/fr3_joint1,controlled26,8,0.0028287566468610955,0.0017624155018005627,0.005164779391144236,-0.00039245347504107686,0.004967603676997522,0.33405996623111456,0.20714374831019336,0.6052367517328431,-0.04877606769007822,0.584417602142978
18,explicit_saturated_diagnostic,0,1,F_L/fr3_joint2,controlled26,8,0.0022775808135734373,0.0013813417578387721,0.005267311019278242,-0.0012061904769717358,0.004524843539781009,0.2758042115828318,0.16553699734706706,0.6398846047581773,-0.14801654258742467,0.5473550776536682
18,explicit_saturated_diagnostic,0,2,F_L/fr3_joint3,controlled26,8,0.00505022581843421,0.002714825163052048,0.011226373107376952,0.002503365291017523,0.010369871226982673,0.6181831663861093,0.3339622223264138,1.3715585274456943,0.3067356568918677,1.26847583481076
18,explicit_saturated_diagnostic,0,3,F_L/fr3_joint4,controlled26,8,0.0054454754131155175,0.002900484374983997,0.014094970638529158,0.0006619785882167328,0.010903157732740771,0.6440668900247056,0.3420254148571572,1.6710708370526663,0.08057443319961563,1.2903417505637598
18,explicit_saturated_diagnostic,0,4,F_L/fr3_joint5,controlled26,8,0.013265098913358746,0.008466967959614422,0.02735691478048341,-0.007643903514671244,0.024816107811735728,1.5836266235996785,1.0116375991671287,3.2583723219477254,-0.9127761600298733,2.959806748328325
18,explicit_saturated_diagnostic,0,5,F_L/fr3_joint6,controlled26,8,0.010466178197883456,0.006622641902232107,0.02037007133723434,0.0020003399622150475,0.018924398000676922,1.255105162020809,0.7941078157027082,2.4446617763274587,0.240301182297672,2.2700509378732088
18,explicit_saturated_diagnostic,0,6,F_L/fr3_joint7,controlled26,8,0.29064411614560576,0.15389068291423932,0.678380455863508,0.015704431051637685,0.6005814454106906,34.87405804483323,18.466647754517695,81.38862791224518,1.8805092235436032,72.06126742956437
18,explicit_saturated_diagnostic,0,7,F_L/left_index_1_joint,hand48,8,0.4929733448559207,0.3814967454080501,0.8501410702515538,0.048230738809816764,0.8496504264909813,59.22823200176552,45.81867842619069,102.41253859619763,5.730832436146894,102.20216185483486
18,explicit_saturated_diagnostic,0,8,F_L/left_middle_1_joint,hand48,8,0.4025044875033588,0.2922137502961618,0.7797523570746574,0.07596928826827096,0.749381961112603,48.32681910426186,35.09934089511336,93.53436739761285,9.062750657952154,89.88723839357557
18,explicit_saturated_diagnostic,0,9,F_L/left_pinky_1_joint,hand48,8,0.26798748264032873,0.14928631886822313,0.5838936139871433,-0.029689571565135978,0.5469662953159652,32.10935496636383,17.89219631837236,70.1606921169463,-3.62671560076829,65.57612288066078
18,explicit_saturated_diagnostic,0,10,F_L/left_ring_1_joint,hand48,8,0.31564936321513065,0.23683916851736342,0.5953569347367657,0.05829495699464431,0.5753839506705016,37.85610829283579,28.367429160375984,71.39804758975089,6.939337057134579,69.00489459185688
18,explicit_saturated_diagnostic,0,11,F_L/left_thumb_1_joint,hand48,8,0.439858091401573,0.2290327796320802,1.064539504330434,-0.03767146994515841,0.9136801807494533,52.790713695115734,27.486237779879737,127.77318134910202,-4.525372749071284,109.65890815724188
18,explicit_saturated_diagnostic,0,12,F_L/left_index_2_joint,hand48,8,0.9101109541094554,0.6769956247455364,1.9232994759116184,-0.19104266761536456,1.7271544394939542,109.21751607665072,81.24249221062327,230.80542305556432,-22.926391422548427,207.26707746528353
18,explicit_saturated_diagnostic,0,13,F_L/left_middle_2_joint,hand48,8,0.8442942681366491,0.5825627127117494,1.7569620410384803,-0.2297209380861727,1.664285723428635,101.31939589198525,69.90916789256396,210.84589862871005,-27.56949449979814,199.72389693791993
18,explicit_saturated_diagnostic,0,14,F_L/left_pinky_2_joint,hand48,8,0.2513394289770667,0.1462260599743812,0.5465795069134145,0.0319567522532785,0.5102850086817506,30.164548069232694,17.549702705609082,65.58993103988144,3.832420174089652,61.240330764670176
18,explicit_saturated_diagnostic,0,15,F_L/left_ring_2_joint,hand48,8,0.6968557722028578,0.4865651988969436,1.4604317187336613,-0.18596077026240923,1.3674784440317407,83.62777336354134,58.394080116435,175.2650313192006,-22.32126007468886,164.10846608433016
18,explicit_saturated_diagnostic,0,16,F_L/left_thumb_2_joint,hand48,8,0.5232903364527253,0.4373091117378707,1.0654108576136672,-0.1709563973344539,0.904113677996726,62.79978838806245,52.47897630921184,127.86325437286058,-20.513162715996692,108.50446653388492
18,explicit_saturated_diagnostic,0,17,F_L/left_thumb_3_joint,hand48,8,4.299973268725083,3.6296851854860215,8.431985144790799,1.5216888992883217,7.268306270036524,516.0123664086148,435.57888104732024,1011.8760893542047,182.60985870876908,872.2266511067154
18,explicit_saturated_diagnostic,0,18,F_L/left_thumb_4_joint,hand48,8,5.188560111404018,4.379233855319551,10.095986210598747,-1.8546162164539373,8.725343907420555,622.6520997213959,525.5290218368821,1211.5666562067088,-222.56297227519212,1047.0830577690276
18,explicit_saturated_diagnostic,0,19,F_R/fr3_joint1,controlled26,8,0.01766123175425046,0.010801427229234217,0.03999826323645417,0.00046189785627653857,0.034682918616381654,2.109718071263749,1.289957416709981,4.778058333619095,0.05527745819219254,4.144203498085466
18,explicit_saturated_diagnostic,0,20,F_R/fr3_joint2,controlled26,8,0.002812185621038017,0.0013598295664929462,0.0076924646442855515,0.0006548436895895855,0.00556725179842606,0.3206848370004046,0.1583652893550458,0.871647919646396,0.07067676758243041,0.6357938880772434
18,explicit_saturated_diagnostic,0,21,F_R/fr3_joint3,controlled26,8,0.024836887811933765,0.014759407661810442,0.05890611051893213,-0.0015006937785911334,0.049325787953430664,2.956876375248842,1.7594136140757795,7.000344752536219,-0.17479537709085802,5.871126392701347
18,explicit_saturated_diagnostic,0,22,F_R/fr3_joint4,controlled26,8,0.003127018260767772,0.0019138532873088088,0.00721790101035058,-0.001676075958093881,0.006091628841440364,0.37639713777144823,0.2255265064302108,0.8872250347712204,-0.19676910588397922,0.7527997493601273
18,explicit_saturated_diagnostic,0,23,F_R/fr3_joint5,controlled26,8,0.009411659253108624,0.005405237305028732,0.023164752727803606,0.0050290024813078316,0.018942150201035683,1.1431023520743018,0.6528487819698534,2.8309547437338365,0.607742024646123,2.3028764808572615
18,explicit_saturated_diagnostic,0,24,F_R/fr3_joint6,controlled26,8,0.008292820078080212,0.004714666960089597,0.01618670793916266,-0.0006355865914474679,0.016176383286980078,0.9915749978454341,0.5640173308316636,1.9333193866949747,-0.07687766575292024,1.933131092402662
18,explicit_saturated_diagnostic,0,25,F_R/fr3_joint7,controlled26,8,0.28722785013974417,0.1538220792885498,0.6525735571535878,-0.1538220792885498,0.5897941023902742,34.466596392248896,18.458828342622063,78.3013864211145,-18.458828342622063,70.77257051523421
18,explicit_saturated_diagnostic,0,26,F_R/right_index_1_joint,hand48,8,0.26057880866791816,0.1718060240169337,0.6080223029497611,-0.10337407936797469,0.5096383516157263,31.27943145666492,20.615770396927715,73.04482227640182,-12.399929380046128,61.17763677189815
18,explicit_saturated_diagnostic,0,27,F_R/right_middle_1_joint,hand48,8,0.1561209065406017,0.11044333045312596,0.27932495024162807,-0.01704630755979654,0.27662443053919056,18.743677999918848,13.250163976688636,33.501799385495254,-2.036323100577606,33.19257171185292
18,explicit_saturated_diagnostic,0,28,F_R/right_pinky_1_joint,hand48,8,0.33556481495413437,0.22667997468546608,0.6632903683175754,0.1894526263474468,0.6343953549390795,40.29335623735886,27.21522886906304,79.5992522434065,22.75051269969787,76.17043155075328
18,explicit_saturated_diagnostic,0,29,F_R/right_ring_1_joint,hand48,8,0.15088906392097326,0.11489747456628097,0.2674051605492041,0.07970536108671522,0.2521827033198191,18.123841546794864,13.796168003522975,32.188396292435094,9.576555883823186,30.316513504284966
18,explicit_saturated_diagnostic,0,30,F_R/right_thumb_1_joint,hand48,8,0.43119371784930927,0.22893033749727354,1.0055106690545628,-0.22869934555968363,0.8897103948441318,51.74850721896545,27.474114632704367,120.67746340568229,-27.44637133354108,106.77669869026076
18,explicit_saturated_diagnostic,0,31,F_R/right_index_2_joint,hand48,8,0.33855591894010245,0.24992305155384587,0.5944333925095224,0.06110591874875192,0.590070717470418,40.62825907170014,29.99197913368434,71.33422688292548,7.333046865597836,70.81086123520517
18,explicit_saturated_diagnostic,0,32,F_R/right_middle_2_joint,hand48,8,0.3290639256733848,0.21522461724284964,0.644972482963501,0.0005239956012739744,0.6357428952654612,39.48918677056938,25.82819554012572,77.39976596744278,0.06309107192102736,76.29232499072509
18,explicit_saturated_diagnostic,0,33,F_R/right_pinky_2_joint,hand48,8,0.41314006575335666,0.3161471775557694,0.6492227906723906,-0.22227924409577485,0.6449549950261569,49.57842405157511,37.93895399424955,77.90997811628107,-26.674230564992047,77.39836502322594
18,explicit_saturated_diagnostic,0,34,F_R/right_ring_2_joint,hand48,8,0.21656249914849784,0.16878805586944562,0.4031399567449033,-0.08983306439242088,0.37257795995202175,25.98776603473622,20.2548428281755,48.379092552129336,-10.779669598122084,44.71165268095885
18,explicit_saturated_diagnostic,0,35,F_R/right_thumb_2_joint,hand48,8,1.74328460854731,0.9026987346212797,4.574022754171596,-0.4603924432295813,3.5632561691524924,209.21104776806968,108.34002315371535,548.9240114412449,-55.25592680114718,427.6257668630273
18,explicit_saturated_diagnostic,0,36,F_R/right_thumb_3_joint,hand48,8,20.823701008572836,10.704096498493044,54.736435400205565,5.456787404530317,42.533686189687145,2498.872883077435,1284.486725089236,6568.4481521675625,654.7998243586487,5104.099833863944
18,explicit_saturated_diagnostic,0,37,F_R/right_thumb_4_joint,hand48,8,28.440281854936043,14.618624768106564,74.76173759860652,-7.448635794931835,58.08933118142817,3412.9703746216574,1754.3052423208944,8971.767473268912,-893.8720296782969,6970.998644113698
18,explicit_saturated_diagnostic,0,38,U_L/shoulder_pan_joint,controlled26,8,0.0003009511399372429,0.00018959823978609291,0.0007089642448292466,-0.0001268947200847026,0.0006134669916507683,0.02790625199300471,0.017516242644342286,0.06268149997924535,-0.017516242644342286,0.0561323889157179
18,explicit_saturated_diagnostic,0,39,U_L/shoulder_lift_joint,controlled26,8,0.0009612833121732649,0.0006391514976583079,0.0018169819145326116,-0.0006391514976583079,0.001735548952604482,0.16498956981903212,0.14024594688334435,0.2972194039206331,-0.14024594688334435,0.2883975317529104
18,explicit_saturated_diagnostic,0,40,U_L/elbow_joint,controlled26,8,0.0027445415536623908,0.0017047293103115424,0.005465316093803407,0.0017047293103115424,0.005265083125852987,0.35719346358626936,0.26962623821796244,0.6874316038919694,0.26962623821796244,0.6664419236320581
18,explicit_saturated_diagnostic,0,41,U_L/wrist_1_joint,controlled26,8,0.009346154382976524,0.006630665826800955,0.018484226535808612,-0.0023044824472953224,0.01805447554447737,1.1137810876005902,0.7949698320738173,2.1942717370366376,-0.2687843142677574,2.1475373259891954
18,explicit_saturated_diagnostic,0,42,U_L/wrist_2_joint,controlled26,8,0.00916203388968887,0.0058369605229514065,0.020175059267605544,-0.004292726083944709,0.01840222345579111,1.0901292012751305,0.6954948194934271,2.403222675395442,-0.5112445292062391,2.1886216980839306
18,explicit_saturated_diagnostic,0,43,U_L/wrist_3_joint,controlled26,8,0.01660526976451756,0.009961363978239768,0.030960329266718656,-0.009961363978239768,0.030715077349486485,1.989623817340115,1.1931320363065647,3.7066414940859134,-1.1931320363065647,3.68156405494324
18,explicit_saturated_diagnostic,0,44,U_L/left_index_1_joint,hand48,8,1.8325078266856807,1.6404272812431406,2.65187421546727,-1.6386370589006556,2.489568481045878,219.89966844389497,196.85493139437511,317.9970856505993,-196.67591023024292,298.6411256092789
18,explicit_saturated_diagnostic,0,45,U_L/left_little_1_joint,hand48,8,1.5931994838136134,1.4392012081984529,2.353042943720263,-1.4392012081984529,2.1851271208643857,191.19237947905066,172.7512252712978,282.20261938706113,-172.7512252712978,262.1461842136346
18,explicit_saturated_diagnostic,0,46,U_L/left_middle_1_joint,hand48,8,1.3905911910911142,1.1835247185474076,2.412969680566466,-1.1835247185474076,2.136445967585977,166.88348488372938,142.08884545470002,289.38763583163234,-142.08884545470002,256.30980779747335
18,explicit_saturated_diagnostic,0,47,U_L/left_ring_1_joint,hand48,8,1.375299720855952,1.191794697031455,2.3240489006230316,-1.191794697031455,2.0733952306798824,165.05176191238195,143.0800531156846,278.7306282588113,-143.0800531156846,248.7502736291525
18,explicit_saturated_diagnostic,0,48,U_L/left_thumb_1_joint,hand48,8,0.07340112129977226,0.04955063381830639,0.16326896469002927,0.033615366322105183,0.14438313363987879,8.824282219993549,5.956502618528516,19.629555347124438,4.041050329524301,17.359024520679043
18,explicit_saturated_diagnostic,0,49,U_L/left_index_2_joint,hand48,8,4.272009872362295,3.813371476066207,6.324351440718019,3.810978546302504,5.855299691946133,512.6645650524905,457.62438369896046,758.9619897477429,457.33841676506614,702.6700229138099
18,explicit_saturated_diagnostic,0,50,U_L/left_little_2_joint,hand48,8,4.099549134734696,3.689041053966606,6.164857294771084,3.689041053966606,5.659291408638701,491.96715377925847,442.70376089782656,739.8188091848092,442.70376089782656,679.1458855172305
18,explicit_saturated_diagnostic,0,51,U_L/left_middle_2_joint,hand48,8,3.1019393823482906,2.626942352880547,5.473404347311374,2.626942352880547,4.789130948049795,372.25069703927846,315.2475001443507,656.8458154874592,315.2475001443507,574.7251721943328
18,explicit_saturated_diagnostic,0,52,U_L/left_ring_2_joint,hand48,8,3.1733225767287068,2.7356735149086457,5.455017834037324,2.7356735149086457,4.8102886409546635,380.8172684961041,328.29565471236197,654.6414518353762,328.29565471236197,577.2652772003871
18,explicit_saturated_diagnostic,0,53,U_L/left_thumb_2_joint,hand48,8,0.16557981120947293,0.11382028824950226,0.4205954717523068,-0.06387290309157843,0.31527705816347606,19.86568676190086,13.654169578490997,50.46689920451129,-7.6174809535685855,37.812963637626424
18,explicit_saturated_diagnostic,0,54,U_L/left_thumb_3_joint,hand48,8,1.4777461291635041,1.010711054079124,3.7038327639803246,0.6249369037969958,2.8029642580668606,177.33603747634984,121.28000337473676,444.4479089819062,75.08521083491907,336.38401451289667
18,explicit_saturated_diagnostic,0,55,U_L/left_thumb_4_joint,hand48,8,2.7489946496491933,1.900042650544386,6.83838233439051,-1.2616871076195089,5.219824461384398,329.89132263798706,228.0133320179304,820.6357944569866,-151.4087646159673,626.4008785805181
18,explicit_saturated_diagnostic,0,56,U_R/shoulder_pan_joint,controlled26,8,0.0009734814603534386,0.0006357436897897473,0.0019302415263302564,-0.0003034726080716754,0.0017968436305993095,0.0909327047110302,0.06410703358148842,0.186808840830946,-0.04195998900288238,0.1729807450155037
18,explicit_saturated_diagnostic,0,57,U_R/shoulder_lift_joint,controlled26,8,0.0012845781531753329,0.0010105107661436685,0.0028859221355759246,2.1578670484800888e-05,0.0024102630915484808,0.1432854609294486,0.10707022435089836,0.33050696480266417,-0.008014610542715045,0.27291091272104917
18,explicit_saturated_diagnostic,0,58,U_R/elbow_joint,controlled26,8,0.0027134417029470704,0.0019805504694011544,0.005227050981211345,-0.00016161763253957906,0.005140423039126396,0.2961825044064707,0.24322708922832242,0.5630129373254381,-0.07003653168956676,0.5422807033011393
18,explicit_saturated_diagnostic,0,59,U_R/wrist_1_joint,controlled26,8,0.00628054603744273,0.005206891784671208,0.014480034398483888,0.0005867717751334989,0.010819687308782928,0.7454556014820758,0.6223351970052806,1.705343313026451,0.07978156767204403,1.2797144237344213
18,explicit_saturated_diagnostic,0,60,U_R/wrist_2_joint,controlled26,8,0.009724439732109343,0.006592627054467087,0.01953580618221129,0.002879576257782318,0.019121826491812554,1.162249752627302,0.7875288627144416,2.341701190154446,0.3445675116947039,2.2874452812191373
18,explicit_saturated_diagnostic,0,61,U_R/wrist_3_joint,controlled26,8,0.01795986428896723,0.010990245269325016,0.030988906325149834,-0.010990245269325016,0.03086455885485635,2.149019551883225,1.3149154695076155,3.7093862042963597,-1.3149154695076155,3.6894273956712254
18,explicit_saturated_diagnostic,0,62,U_R/right_index_1_joint,hand48,8,1.7915596055546408,1.612325255183741,2.137374055817828,1.5960365787531468,2.132525536786368,214.67651257490036,193.18400220974314,256.2211652637641,191.1854429787686,255.64456338384872
18,explicit_saturated_diagnostic,0,63,U_R/right_little_1_joint,hand48,8,1.4491375902886232,1.335411515886011,1.7082242486662387,1.335411515886011,1.69324642972944,173.66111428073728,160.01073561544337,204.7750480976759,160.01073561544337,202.98171101281855
18,explicit_saturated_diagnostic,0,64,U_R/right_middle_1_joint,hand48,8,1.9517334453312136,1.8179092148177782,2.287242463306976,1.80814335027221,2.26300118352623,233.92295834118016,217.8888687973404,274.21619374765356,216.6850761584381,271.3088188220082
18,explicit_saturated_diagnostic,0,65,U_R/right_ring_1_joint,hand48,8,1.789740296767665,1.6619381376854547,2.0577250483425917,1.6582774757343413,2.049999885939685,214.5035221836052,199.18853069331607,246.69132268789738,198.72458249013704,245.76873555991574
18,explicit_saturated_diagnostic,0,66,U_R/right_thumb_1_joint,hand48,8,0.05401959742904999,0.03392689437623876,0.1312174784168343,-0.024451581953904067,0.10929175311813327,6.507615197167726,4.072369302017988,15.810330240349888,-2.965274813268931,13.168808462191762
18,explicit_saturated_diagnostic,0,67,U_R/right_index_2_joint,hand48,8,4.1134212572700966,3.7156020666723695,4.842486059066001,-3.697604750637355,4.830743398259039,493.6488958036052,445.90237227813634,581.1239463849951,-443.76638072944223,579.714774318255
18,explicit_saturated_diagnostic,0,68,U_R/right_little_2_joint,hand48,8,3.684482943621056,3.406726931352893,4.282424171048318,-3.406726931352893,4.24301608395849,442.174528853962,408.8535402202026,513.9149191477683,-408.8535402202026,509.1857475300761
18,explicit_saturated_diagnostic,0,69,U_R/right_middle_2_joint,hand48,8,4.281973747876364,3.991251980442035,4.9555835536985695,-3.980586527812186,4.902424776704084,513.8813595659277,478.9837329039605,594.6993041639147,-477.72485639606674,588.319983753548
18,explicit_saturated_diagnostic,0,70,U_R/right_ring_2_joint,hand48,8,4.075989704373713,3.7914487200121947,4.626134253833288,-3.787125017623534,4.6075553021033135,489.1642246676671,455.0080376215377,555.1654429816789,-454.51071215193576,552.9358303249396
18,explicit_saturated_diagnostic,0,71,U_R/right_thumb_2_joint,hand48,8,0.1508749821665651,0.12356451121870628,0.30445831342448143,0.08677578549111671,0.26179023707021076,18.108151547230054,14.830282834190598,36.5462555808838,10.43253203093884,31.42471534406168
18,explicit_saturated_diagnostic,0,72,U_R/right_thumb_3_joint,hand48,8,1.5908666793451653,1.2793675960753765,3.0679551745295464,-0.7485431877942006,2.7373250350378506,190.9292039478515,153.521372549292,368.1454592746177,-89.76091635390381,328.5591872020449
18,explicit_saturated_diagnostic,0,73,U_R/right_thumb_4_joint,hand48,8,3.0135238435859355,2.4712278036278184,5.732419676638745,1.5031412198767378,5.081394007066696,361.6351920924839,296.55525938666267,687.9131353693373,180.37819595057468,609.7914268005924
18,explicit_saturated_diagnostic,1,0,F_L/fr3_joint1,controlled26,8,0.017831980540599184,0.013626515724842941,0.03721789315605295,0.0031599005115707512,0.03382528363593757,2.4465466397568485,1.8472636220496965,5.021097347842618,0.425276698147637,4.588963086734225
18,explicit_saturated_diagnostic,1,1,F_L/fr3_joint2,controlled26,8,0.014982288620151522,0.01013011570155714,0.028888525332435577,0.006692014420238701,0.028861308635097616,2.0101815822705156,1.3845402733158396,3.8566149134358345,0.9479134449272971,3.8004874986358086
18,explicit_saturated_diagnostic,1,2,F_L/fr3_joint3,controlled26,8,0.048554479156930376,0.0364397966004002,0.10282439912487629,-0.009268542326788975,0.09245562732471653,6.389056673844486,4.670639270586922,13.678596532811666,-1.4120553020102395,12.332442779051942
18,explicit_saturated_diagnostic,1,3,F_L/fr3_joint4,controlled26,8,0.027813428752085874,0.026059774596309343,0.048496306095410224,-0.005681609807061977,0.041864181832936095,3.7676033460884555,3.4753266508992384,6.4164460424816765,-0.7611341358854145,6.003756051612304
18,explicit_saturated_diagnostic,1,4,F_L/fr3_joint5,controlled26,8,0.17945456480850855,0.16444319783385336,0.24108875635040072,0.0917607854857628,0.23544258738443644,21.81491302828134,20.281688012095866,28.969183678931934,11.92891742642014,28.29827878155588
18,explicit_saturated_diagnostic,1,5,F_L/fr3_joint6,controlled26,8,0.07058244312496505,0.062145557217265945,0.11879369701445142,0.026441635166808253,0.10731185800696585,9.274592518829818,8.248803565710794,16.697642254457794,2.9336682258336744,14.494554634908619
18,explicit_saturated_diagnostic,1,6,F_L/fr3_joint7,controlled26,8,0.6319728579343326,0.5383970540281042,1.0544399738891777,0.5062138706020057,1.0188275079119655,90.62383910069401,83.0771944656592,127.1118711442675,58.86275632478337,126.2823979962634
18,explicit_saturated_diagnostic,1,7,F_L/left_index_1_joint,hand48,8,59.86580725112064,59.860681116426754,60.47498450553363,15.183094625366106,60.45949173251019,7229.890006909112,7229.355811136412,7325.2915327363935,1816.21696019442,7314.574319562026
18,explicit_saturated_diagnostic,1,8,F_L/left_middle_1_joint,hand48,8,56.5392800066247,56.53404338177238,57.49686232409277,28.530479648525294,57.41026586172554,6819.849022509657,6819.408947959195,6911.425619746964,3414.637556282765,6902.844174106075
18,explicit_saturated_diagnostic,1,9,F_L/left_pinky_1_joint,hand48,8,45.54501479832935,39.38416082327179,63.910811784290146,23.08987786815517,63.55042193587757,5488.559726925186,4742.486132209705,7673.109476405686,2774.4486382590626,7653.147480336113
18,explicit_saturated_diagnostic,1,10,F_L/left_ring_1_joint,hand48,8,60.876067788237414,60.86813805560445,62.18062843852402,16.049715476680156,62.09047703234925,7333.647009270359,7332.911285010854,7473.988169080142,1919.0105337022553,7463.982109063079
18,explicit_saturated_diagnostic,1,11,F_L/left_thumb_1_joint,hand48,8,1.7008291820220054,1.236159245577722,3.3013431825201582,-0.679104346183599,3.1421837089647062,232.7657322372573,175.83038780666246,409.81481379676063,-76.97458774716674,386.66970901430875
18,explicit_saturated_diagnostic,1,12,F_L/left_index_2_joint,hand48,8,154.51495904938565,154.51282994142866,155.4722585665893,-39.2341225152207,155.39802113832178,18623.632830818307,18623.523976260196,18680.3014073366,-4685.357242128647,18676.6987550069
18,explicit_saturated_diagnostic,1,13,F_L/left_middle_2_joint,hand48,8,138.25171320112022,138.2469571091716,139.5448185847151,-69.9455724716769,139.43687109168735,16660.42259887242,16660.20908962556,16770.545201577068,-8366.237714281808,16759.86874299556
18,explicit_saturated_diagnostic,1,14,F_L/left_pinky_2_joint,hand48,8,147.90256279637288,129.0213176520766,202.6285210444387,-70.99629252025562,202.5182096684705,17772.15254379699,15500.724775576215,24381.989433919352,-8523.731804112158,24347.744485972693
18,explicit_saturated_diagnostic,1,15,F_L/left_ring_2_joint,hand48,8,156.94401092010713,156.93802101891742,158.51915169771627,-40.42293616562803,158.41092282921522,18892.08723489863,18891.705160140016,19048.82906922095,-4828.631774044012,19037.68371402624
18,explicit_saturated_diagnostic,1,16,F_L/left_thumb_2_joint,hand48,8,24.67587362190349,24.57988510237346,26.10605210425019,18.458988370903096,26.037330614831564,3014.337107848929,3002.1834228398984,3172.6911677590156,2235.686080843751,3155.1116126504558
18,explicit_saturated_diagnostic,1,17,F_L/left_thumb_3_joint,hand48,8,262.69217837507904,257.933995124949,280.85903456704455,-190.80908264992985,280.5239317508875,31979.39990596298,31388.895742907865,33929.14129308214,-23080.598511113792,33927.181232234565
18,explicit_saturated_diagnostic,1,18,F_L/left_thumb_4_joint,hand48,8,396.5109008480994,384.7731584519017,425.9748119687962,282.0869559911449,425.40229753501654,48138.84661673631,46700.0805403643,51415.82132376818,34074.35163357453,51384.0841812227
18,explicit_saturated_diagnostic,1,19,F_R/fr3_joint1,controlled26,8,0.17941952886176057,0.13353761054349153,0.30359911754741464,0.016937507749681918,0.3017449008746672,23.476837513256438,17.323494270371654,38.780997220850594,1.9778291800538472,38.65615199685088
18,explicit_saturated_diagnostic,1,20,F_R/fr3_joint2,controlled26,8,0.016755015567547295,0.01370411951403579,0.03484792571105533,-0.003587836475652164,0.029402906385715282,2.3051220435465893,1.802634470360706,5.108275931091426,-0.5123153576086401,4.180596203912071
18,explicit_saturated_diagnostic,1,21,F_R/fr3_joint3,controlled26,8,0.2382223131030824,0.18237912399003436,0.3927497451865336,-0.012709361055100399,0.39094880261914877,31.27708961104391,23.658340780602945,50.91705134649867,-1.3449688362743935,50.6282458773959
18,explicit_saturated_diagnostic,1,22,F_R/fr3_joint4,controlled26,8,0.036000628055696066,0.023722227975295468,0.07045378246932277,0.013515714001965745,0.069592451850691,4.624407246144005,2.970198039360566,9.315285510090291,1.822353249873488,9.076304602197533
18,explicit_saturated_diagnostic,1,23,F_R/fr3_joint5,controlled26,8,0.05797672253543307,0.045116936666137586,0.11875299202053369,0.0029757169698836905,0.10796226977687229,7.430258382308113,5.472111289886346,17.028404433174828,-0.24577210615387157,14.475905123620056
18,explicit_saturated_diagnostic,1,24,F_R/fr3_joint6,controlled26,8,0.19516974466808099,0.17885788056526608,0.30192413734967083,0.1056345178217184,0.27858526617069695,23.718791272936432,22.028089510271055,36.854908447094544,12.752476476120716,33.84033957554126
18,explicit_saturated_diagnostic,1,25,F_R/fr3_joint7,controlled26,8,0.47197998204310915,0.4235303486996152,0.7285304897345902,0.4235303486996152,0.7085997230211584,77.78468179915357,69.28468991256895,117.57229542419736,69.28468991256895,113.10802773480847
18,explicit_saturated_diagnostic,1,26,F_R/right_index_1_joint,hand48,8,44.22281157688099,43.996334039566456,48.30170998008536,-8.918326727146018,47.7562417542873,5328.504273995514,5300.399317829914,5816.334262765908,-1057.833480242622,5752.050962260965
18,explicit_saturated_diagnostic,1,27,F_R/right_middle_1_joint,hand48,8,51.699625067352656,49.20865337627746,58.69815457703689,-11.653371260647061,58.55798065859611,6218.691885670837,5918.540541343173,7048.228263934123,-1396.4094193360245,7036.997791624713
18,explicit_saturated_diagnostic,1,28,F_R/right_pinky_1_joint,hand48,8,67.8652392589698,67.83851300952134,69.93477940774795,-50.6711140292094,69.90919875604132,8171.489720000677,8168.145905682515,8421.435882904565,-6103.5077780374195,8412.583580590073
18,explicit_saturated_diagnostic,1,29,F_R/right_ring_1_joint,hand48,8,44.81419822321004,44.77966333562355,47.12647227087083,-33.09268409925134,46.99397790698713,5391.954207939313,5387.558664971313,5679.0010436889725,-3980.8410574366553,5660.755328946353
18,explicit_saturated_diagnostic,1,30,F_R/right_thumb_1_joint,hand48,8,1.86363412965232,1.5187686231693514,3.065854989189197,1.10380260291927,2.8612438258502713,265.2018781263545,209.73021311686142,448.87832280380434,159.90648937708474,436.6720493370214
18,explicit_saturated_diagnostic,1,31,F_R/right_index_2_joint,hand48,8,114.58727531560247,114.05383701186615,122.50515252943865,23.10106458085944,121.9505669633777,13782.475916202737,13716.999803789142,14746.691550740077,2764.9056607951943,14683.303828446573
18,explicit_saturated_diagnostic,1,32,F_R/right_middle_2_joint,hand48,8,126.13596619487943,119.83205581917326,142.33919410642787,27.936649973810788,142.18477135184912,15165.5979798328,14406.249600939887,17090.234164656926,3352.4692986580258,17071.629524320557
18,explicit_saturated_diagnostic,1,33,F_R/right_pinky_2_joint,hand48,8,203.25088475445492,203.19458862980903,206.97629610695583,151.73879661329465,206.93772087046162,24429.408597321846,24422.2652639682,24902.831632262718,18236.058654969387,24883.186778588504
18,explicit_saturated_diagnostic,1,34,F_R/right_ring_2_joint,hand48,8,115.83297377417716,115.75748205110429,120.26742799880408,85.77905183639281,120.14363049981873,13921.239296945296,13911.709027457391,14481.045800417674,10304.678568758565,14462.522412449845
18,explicit_saturated_diagnostic,1,35,F_R/right_thumb_2_joint,hand48,8,38.635113078855376,38.50688545735887,41.31025830035867,-0.22291200961910107,41.113442659310664,4734.599401406399,4729.329602283355,4968.710587919449,28.49524216479358,4943.396485418705
18,explicit_saturated_diagnostic,1,36,F_R/right_thumb_3_joint,hand48,8,632.2951093277284,631.3067008769203,654.5920751758393,9.125918707338315,653.9945523035339,77073.67438370241,77044.46781057087,78560.21420542138,440.278655234084,78531.05645597975
18,explicit_saturated_diagnostic,1,37,F_R/right_thumb_4_joint,hand48,8,1032.874199786083,1031.7351268552145,1062.1932700762336,-14.13600451656589,1061.5625008633617,125600.8710306485,125567.47285623779,127473.09583700754,-802.5163613629629,127421.72274183139
18,explicit_saturated_diagnostic,1,38,U_L/shoulder_pan_joint,controlled26,8,0.0021707610823423775,0.0018881969549031097,0.0033855186800106907,-0.0018881969549031097,0.0033114604335922502,0.24575317018804382,0.21735865874299862,0.3988444972092402,-0.21735865874299862,0.3960441737342703
18,explicit_saturated_diagnostic,1,39,U_L/shoulder_lift_joint,controlled26,8,0.0014275962806646226,0.001305902533296488,0.002327872149584742,0.0005367993079708477,0.0021348572396781003,0.2146305530176532,0.19413135692321132,0.322401514241286,0.06889777797522145,0.3187291311932371
18,explicit_saturated_diagnostic,1,40,U_L/elbow_joint,controlled26,8,0.014863075279672115,0.014444110455620496,0.01898178731563327,0.014444110455620496,0.018339058572245992,1.7455038055551355,1.612210833275252,2.3517598974394263,1.612210833275252,2.2762653688174117
18,explicit_saturated_diagnostic,1,41,U_L/wrist_1_joint,controlled26,8,0.10432681881628456,0.10117039448991377,0.14425407766730514,-0.10117039448991377,0.13945386750860936,12.391780952485641,11.860920937078845,17.5735889349522,-11.860920937078845,16.930413294750895
18,explicit_saturated_diagnostic,1,42,U_L/wrist_2_joint,controlled26,8,0.05798123255743901,0.05194221437038532,0.0805788628755304,-0.0504483237326952,0.08019624538713385,6.7696033077879205,6.17566461269298,9.876756537223898,-5.543348648378125,9.826053434074748
18,explicit_saturated_diagnostic,1,43,U_L/wrist_3_joint,controlled26,8,0.009932291203128985,0.006768506266137397,0.01724916033900259,-0.0015602286755836414,0.01683497702011023,1.6375185801529952,1.0033369591199661,3.9750164229037974,1.0033369591199661,3.171517844248671
18,explicit_saturated_diagnostic,1,44,U_L/left_index_1_joint,hand48,8,67.57195451535698,65.32685819894766,74.47823037837138,60.3897320239113,73.86386349469205,8317.22047510191,8036.345240242201,9017.600345226654,7443.604295983297,8983.917588829288
18,explicit_saturated_diagnostic,1,45,U_L/left_little_1_joint,hand48,8,84.42864420560399,84.14874558546609,88.69364944443427,84.14874558546609,88.2975273748597,10308.697650906035,10270.871756452665,10733.35295540564,10270.871756452665,10712.656306490937
18,explicit_saturated_diagnostic,1,46,U_L/left_middle_1_joint,hand48,8,63.92949651833534,60.50117256497787,70.76660867030708,60.50117256497787,70.29433294653067,7822.343007466904,7402.3518506245955,8518.410406372515,7402.3518506245955,8493.163549575162
18,explicit_saturated_diagnostic,1,47,U_L/left_ring_1_joint,hand48,8,71.30329512488966,70.99189188711478,75.7190887960109,70.99189188711478,75.30047636745586,8703.171953968615,8662.283433197566,9126.84603361838,8662.283433197566,9104.913181682528
18,explicit_saturated_diagnostic,1,48,U_L/left_thumb_1_joint,hand48,8,1.2172744211782887,1.1982054653845644,1.486776535749056,0.24088699556889256,1.4447480318320425,152.17505183670727,149.7365217454149,185.63515979767993,24.87080999769345,178.75391940505042
18,explicit_saturated_diagnostic,1,49,U_L/left_index_2_joint,hand48,8,183.14459140436892,177.2521307384754,200.5452245732553,-163.3650222683097,199.07693884432555,22462.788030158044,21728.729717628456,24248.657710950392,-20061.923122927292,24163.687190532582
18,explicit_saturated_diagnostic,1,50,U_L/left_little_2_joint,hand48,8,270.1027595158482,269.12563927220253,282.5880657045311,-269.12563927220253,281.51719781354126,32868.1072721373,32739.07224116817,34139.09270283842,-32739.07224116817,34077.95898926908
18,explicit_saturated_diagnostic,1,51,U_L/left_middle_2_joint,hand48,8,162.76995471589967,153.98095994125669,179.19094012378105,-153.98095994125669,178.10552622496252,19867.847476890096,18793.701913512305,21559.30342790223,-18793.701913512305,21497.318162845437
18,explicit_saturated_diagnostic,1,52,U_L/left_ring_2_joint,hand48,8,193.2310605847432,192.4404177913938,203.94700036128611,-192.4404177913938,202.9431169698338,23525.197782667925,23422.070519716373,24564.209404587367,-23422.070519716373,24507.393219486
18,explicit_saturated_diagnostic,1,53,U_L/left_thumb_2_joint,hand48,8,16.890000934728743,16.876568210184015,17.485257855263583,3.818546801368714,17.45199139269661,2040.5074045693068,2038.9368567706747,2104.6953536908886,465.95614260018795,2101.1708648642857
18,explicit_saturated_diagnostic,1,54,U_L/left_thumb_3_joint,hand48,8,232.81813300030151,232.80338010991676,235.53162169494496,-56.60925414943822,235.3927817840535,28059.935226342564,28058.80615174761,28277.61318940019,-6868.30145755936,28276.936450908026
18,explicit_saturated_diagnostic,1,55,U_L/left_thumb_4_joint,hand48,8,652.9992986034921,652.9864680774494,657.2259543224424,160.90510637177738,656.976332792654,78590.01085615953,78589.52486525697,78884.85242721571,19460.792469286425,78882.28047818456
18,explicit_saturated_diagnostic,1,56,U_R/shoulder_pan_joint,controlled26,8,0.003967071905154809,0.0038119769702554263,0.006621663617772722,0.0028693049830134654,0.0056377878751077345,0.5636975923082639,0.5287037602199822,0.989427790855181,0.37131313761870355,0.8634749356976577
18,explicit_saturated_diagnostic,1,57,U_R/shoulder_lift_joint,controlled26,8,0.005556904645674125,0.005149577286554852,0.007104942571946715,-0.004776638095723484,0.007014626013816638,0.7051093491442794,0.5937880744681113,0.9039789527916451,-0.5937880744681113,0.8993083900568012
18,explicit_saturated_diagnostic,1,58,U_R/elbow_joint,controlled26,8,0.008336795154124717,0.007692017482947039,0.010167071146445661,0.007104457121468483,0.010161640467243604,0.9964769578281218,0.8534735199769872,1.26281002587094,0.8257147803006317,1.257764954425549
18,explicit_saturated_diagnostic,1,59,U_R/wrist_1_joint,controlled26,8,0.09537699598269445,0.09492920298189295,0.10744889163137206,-0.07497776806320505,0.1044093275168897,11.697894573653814,11.580698895768244,13.296402721632042,-9.065038668903025,12.957526990372129
18,explicit_saturated_diagnostic,1,60,U_R/wrist_2_joint,controlled26,8,0.06625112437449247,0.0629932076605397,0.11322612561489964,0.05371433765369041,0.0948389167587374,7.488181267501445,7.1764547929023905,11.27066179110519,6.1071853282441175,9.985749440176576
18,explicit_saturated_diagnostic,1,61,U_R/wrist_3_joint,controlled26,8,0.007691831974172221,0.005360489474289354,0.016971056030317122,-0.0033913473204219002,0.014979030805681633,1.307062965356744,0.9080894708422617,2.3231897393321534,0.9080894708422617,2.3154265391686826
18,explicit_saturated_diagnostic,1,62,U_R/right_index_1_joint,hand48,8,72.03181042683195,72.0151133538034,74.92213720295497,-53.28457905306466,74.75941993891558,8836.322479927705,8835.815489870212,8998.55926719744,-6586.175673070853,8997.246616166365
18,explicit_saturated_diagnostic,1,63,U_R/right_little_1_joint,hand48,8,81.41355398158011,79.04596714145949,87.94191005507174,-79.04596714145949,87.34627631788513,9940.06387551473,9646.36333696288,10658.227577440806,-9646.36333696288,10618.860062430098
18,explicit_saturated_diagnostic,1,64,U_R/right_middle_1_joint,hand48,8,66.5576422826231,66.54378880925925,69.88478384647347,-49.072592847640884,69.0000292741107,8204.3239100906,8203.934945848485,8390.942935798259,-6106.19921189892,8347.269046480998
18,explicit_saturated_diagnostic,1,65,U_R/right_ring_1_joint,hand48,8,68.59189377929721,67.87613986400474,72.97836304493944,-57.43485898471933,72.44669270392711,8439.649625483069,8345.089495214193,8916.106455169689,-7091.704579413903,8881.112730794908
18,explicit_saturated_diagnostic,1,66,U_R/right_thumb_1_joint,hand48,8,1.0355382722514872,0.9865777626116005,1.7685350929638042,-0.016609125184363208,1.5283146923613349,129.10223810279004,122.47187921036512,220.43824593797422,0.9176166371557741,194.24229445672373
18,explicit_saturated_diagnostic,1,67,U_R/right_index_2_joint,hand48,8,193.54915660952025,193.51718736292594,200.61857287322613,143.3625441446194,199.85726788845776,23669.82450650288,23668.87962798374,24083.833188689052,17647.921330811478,24046.340179025075
18,explicit_saturated_diagnostic,1,68,U_R/right_little_2_joint,hand48,8,258.56071084280535,251.29199092631927,277.4715624443613,251.29199092631927,276.2368487057304,31461.92716892892,30565.065215979826,33588.31670469655,30565.065215979826,33510.607140821616
18,explicit_saturated_diagnostic,1,69,U_R/right_middle_2_joint,hand48,8,168.64472885258095,168.61734368046552,176.30355944987076,124.54145381799782,174.03440497908778,20714.634698928156,20713.855811980302,21162.398433928844,15423.256203498093,21035.147178318395
18,explicit_saturated_diagnostic,1,70,U_R/right_ring_2_joint,hand48,8,184.73890859610393,182.73903891048406,195.52662476862918,154.9736258423584,194.5393381186277,22644.74360466715,22384.54846150233,23843.67608832025,19052.045008060442,23781.465033486413
18,explicit_saturated_diagnostic,1,71,U_R/right_thumb_2_joint,hand48,8,15.921062043726566,15.633162970524022,17.33481371466729,-11.2994595418572,17.18128691398245,1926.126262692479,1890.8788698551261,2097.922039730252,-1366.3983599225633,2078.280058027352
18,explicit_saturated_diagnostic,1,72,U_R/right_thumb_3_joint,hand48,8,218.6334301957033,215.5327801216135,231.32460561569445,158.22697978790978,231.1966133616718,26397.533336181717,26018.50976982152,27826.159623915475,19077.839322249034,27811.095933086985
18,explicit_saturated_diagnostic,1,73,U_R/right_thumb_4_joint,hand48,8,591.8768801900437,584.2356319382873,623.5252057731798,-429.39138603630914,623.3110794895293,71338.02573416375,70407.64334676415,74963.30622530913,-51709.41656108872,74942.102267287
19,implicit_add_armature,both,0,F_L/fr3_joint1,controlled26,16,7.860640087564037e-05,5.128854259327069e-05,0.00018004218797204596,2.4141860317671363e-05,0.0001578072925943405,0.0091879803582109,0.004141661895609007,0.029398975250214184,0.0025727306672525,0.023089317425471104
19,implicit_add_armature,both,1,F_L/fr3_joint2,controlled26,16,6.538761457703742e-05,3.884189889208356e-05,0.00013475694303277663,-2.3432439694159868e-05,0.00013147475888397597,0.004480947880118666,0.0026345698516510255,0.010202768415653873,0.0015850046173951993,0.009866498681521835
19,implicit_add_armature,both,2,F_L/fr3_joint3,controlled26,16,6.92225061187853e-05,4.301722075961134e-05,0.00017215290434635655,4.296674716042226e-05,0.00012823403552414403,0.002360818956294178,0.0013303711521309878,0.005538486700836336,-0.0013130439018797973,0.005236385580521733
19,implicit_add_armature,both,3,F_L/fr3_joint4,controlled26,16,8.691833877948406e-05,4.9626212525466507e-05,0.00024541617444917563,4.9626212525466507e-05,0.0002105281605513376,0.011157501491483491,0.005586753483690589,0.03535854691798494,-0.005586753483690589,0.026892960157266832
19,implicit_add_armature,both,4,F_L/fr3_joint5,controlled26,16,5.999371860220002e-05,2.893110528720544e-05,0.00017829558291060366,2.8733760884941395e-05,0.00015467520305256777,0.003498124997868773,0.001914854015141998,0.010594496477154654,0.0005905419554976664,0.007563952074231237
19,implicit_add_armature,both,5,F_L/fr3_joint6,controlled26,16,2.7570615178774812e-05,1.673522649606185e-05,6.899311354802151e-05,-1.673522649606185e-05,5.659080979070197e-05,0.004788944965726565,0.002074930474293641,0.01726427139385984,0.0008415930251016651,0.008159656591347512
19,implicit_add_armature,both,6,F_L/fr3_joint7,controlled26,16,9.2166067034473e-05,4.812158844835768e-05,0.00025789286311228565,1.9366092382872013e-05,0.00023978913216776698,0.001454883122777763,0.0007291533015707165,0.005391817883391511,0.0004526182296608812,0.0023182302955218935
19,implicit_add_armature,both,7,F_L/left_index_1_joint,hand48,16,0.004361389754935451,0.002299328608340476,0.013615337859492926,0.0012841090702063488,0.010610269429579863,0.2241755760922918,0.09985630900928393,0.8299102292502375,0.06981927481375545,0.4006934447088336
19,implicit_add_armature,both,8,F_L/left_middle_1_joint,hand48,16,0.004424644396923341,0.0023361366559547384,0.013907688511686264,0.0013812933896176311,0.010678889266642625,0.2331496927559889,0.1050555401723729,0.8559506901920212,0.07864522591501694,0.43302930484648705
19,implicit_add_armature,both,9,F_L/left_pinky_1_joint,hand48,16,0.0020490673576415348,0.0008972077813203883,0.006109249309728462,0.0006967462004070077,0.005533779586922,0.06554581670665986,0.03089108160692413,0.24689435511942995,0.03089108160692413,0.09946157344744105
19,implicit_add_armature,both,10,F_L/left_ring_1_joint,hand48,16,0.004038843446662861,0.0020328936851149388,0.012715347380796285,0.00131165929234361,0.010004592691221548,0.203346231728501,0.0886347582530086,0.7632721081804104,0.07414930028763207,0.3601213060750245
19,implicit_add_armature,both,11,F_L/left_thumb_1_joint,hand48,16,7.177416496182111e-05,3.857209410959659e-05,0.00023613894045004802,-2.153747422134044e-05,0.0001603949843579297,0.01282673463153749,0.005154759444574497,0.048727986237715196,-0.003030713231567915,0.020331817138358133
19,implicit_add_armature,both,12,F_L/left_index_2_joint,hand48,16,5.0302146985424165e-06,2.3425647131987415e-06,1.910181068306982e-05,-1.7282881202423939e-06,7.807101953985485e-06,0.0011659783570495282,0.0005433885038674605,0.004282417733077531,-0.0001945732448536745,0.001846435542514335
19,implicit_add_armature,both,13,F_L/left_middle_2_joint,hand48,16,5.402956792764544e-05,2.8551141513749427e-05,0.0001739203484622115,1.3718231882241076e-05,0.00012467538670670603,0.0015553943891863204,0.0007394385497719554,0.004835690023957595,0.000576638475535668,0.004004074067530981
19,implicit_add_armature,both,14,F_L/left_pinky_2_joint,hand48,16,6.930120765230283e-05,3.722270337274281e-05,0.00021272848964613844,1.9367738755481437e-05,0.00016963553569726217,0.0025715995821077925,0.001212526856657277,0.00931573401011538,0.000907723228880597,0.00484150810147022
19,implicit_add_armature,both,15,F_L/left_ring_2_joint,hand48,16,0.00012807520834987873,6.667557866634269e-05,0.0003948750464291828,3.5623659784727105e-05,0.0003181943509454419,0.004193741053905775,0.001908971911337608,0.015426161214938575,0.0016256295868088508,0.008041940797940118
19,implicit_add_armature,both,16,F_L/left_thumb_2_joint,hand48,16,0.0002411453419231375,0.00016138285989147991,0.0005014628062400689,0.00014715926642976367,0.0004919310557531358,0.014770735670486035,0.009074243234033861,0.03613311977725521,0.00792722256797957,0.029501491825712097
19,implicit_add_armature,both,17,F_L/left_thumb_3_joint,hand48,16,0.0012193822167660777,0.0008030907451796092,0.0026772053022377923,0.0007346674798156634,0.002539298333896791,0.08261578431387945,0.05187446472256352,0.17873113439602195,0.046377401791899905,0.17279555035508082
19,implicit_add_armature,both,18,F_L/left_thumb_4_joint,hand48,16,4.197792441696557e-06,1.949127134635506e-06,1.2620324269824179e-05,-1.4892179470860772e-06,1.1061229509175263e-05,0.0001559928595517893,8.545327551122674e-05,0.0004889753385082169,-7.814343033089023e-05,0.0002980829283020556
19,implicit_add_armature,both,19,F_R/fr3_joint1,controlled26,16,4.5792839318548e-05,3.6833750536327536e-05,9.978233523866287e-05,3.143227792477832e-05,8.682583295843704e-05,0.003633947123280321,0.0023119110635750053,0.009778701021040476,0.0010672999240460082,0.007955002753414861
19,implicit_add_armature,both,20,F_R/fr3_joint2,controlled26,16,0.00018255386555431234,0.00015965227532319104,0.0003819496786650056,-0.00015965227532319104,0.0003081163301627554,0.0041398683868964165,0.00377944926761021,0.007045220463192475,-0.00377944926761021,0.0064170040831812054
19,implicit_add_armature,both,21,F_R/fr3_joint3,controlled26,16,5.098345636530046e-05,2.617554906862718e-05,0.00016826241774459127,-2.462994127093443e-05,9.389695415584765e-05,0.006479532513220729,0.004650963183566134,0.015443710963361425,-0.004650963183566134,0.014494192192456378
19,implicit_add_armature,both,22,F_R/fr3_joint4,controlled26,16,2.9459246219518105e-05,1.931316423033763e-05,9.32025228232991e-05,-6.391809243895541e-06,5.219444509049764e-05,0.006530390652101334,0.0031728122841068107,0.019831032243899486,-0.0003542180329870375,0.014050321067134431
19,implicit_add_armature,both,23,F_R/fr3_joint5,controlled26,16,6.216880836338799e-05,5.175119870568651e-05,0.0001399615239541241,-3.9558873863539123e-05,0.00011568085816757168,0.0061288906726469266,0.005459381191173011,0.01256943125641519,-0.005459381191173011,0.010246341336914547
19,implicit_add_armature,both,24,F_R/fr3_joint6,controlled26,16,1.8511051029214484e-05,9.65371395195147e-06,5.818086443198922e-05,6.446937533710617e-06,3.6658422092994414e-05,0.0036014413152413317,0.001672997869258743,0.012839855913817231,0.0011589050897430186,0.006805302335252937
19,implicit_add_armature,both,25,F_R/fr3_joint7,controlled26,16,2.646737145566093e-05,2.2475621666892542e-05,5.3776049115272784e-05,2.2475621666892542e-05,5.0688895002759526e-05,0.0026657108250828297,0.002416647619483627,0.00471127272229821,0.002416647619483627,0.0041732061862181785
19,implicit_add_armature,both,26,F_R/right_index_1_joint,hand48,16,0.0019481871160598723,0.0016787263283217866,0.0038490142597168153,-0.0016430880365517781,0.0032372046886296538,0.1651270301104549,0.15351439413370058,0.2455318091502896,-0.15351439413370058,0.243744847500245
19,implicit_add_armature,both,27,F_R/right_middle_1_joint,hand48,16,0.002301983740393622,0.001982370447548929,0.004574182646174457,-0.001932049055315091,0.003914488094422679,0.19183832840626336,0.17820985152557894,0.28341891785717543,-0.17820985152557894,0.28072193835531734
19,implicit_add_armature,both,28,F_R/right_pinky_1_joint,hand48,16,0.0017357513986463497,0.0014931109540745587,0.003429361248499227,-0.0013966572219261423,0.0028497957980943983,0.14838988234560943,0.13673923832852092,0.2233525458657165,-0.13673923832852092,0.22174122753855463
19,implicit_add_armature,both,29,F_R/right_ring_1_joint,hand48,16,0.002010475892635704,0.0017253400176162094,0.004039981876914359,-0.0016429646876888887,0.0034112412290157774,0.16983488885681122,0.15697290869828107,0.2542161113606083,-0.15697290869828107,0.25318439612310184
19,implicit_add_armature,both,30,F_R/right_thumb_1_joint,hand48,16,2.2988203236061902e-05,2.0357342036834113e-05,4.2759090921343224e-05,2.0357342036834113e-05,3.689395634274596e-05,0.001963741274066446,0.001757856604132105,0.0034508478650419816,0.0017041526210007732,0.0031429317412075093
19,implicit_add_armature,both,31,F_R/right_index_2_joint,hand48,16,7.666041257763137e-06,7.197952488684732e-06,1.20364876394774e-05,7.197952488684732e-06,1.0801755826808646e-05,0.0005536118766176063,0.00035724147935263154,0.001380880681021583,0.00030238952608116135,0.001192683002214194
19,implicit_add_armature,both,32,F_R/right_middle_2_joint,hand48,16,1.0714448674159455e-05,8.267438772992936e-06,2.373751051086559e-05,-7.347231595900006e-06,1.9896357358065164e-05,0.0011908570001136437,0.001011372306136279,0.0021621798469484373,-0.001011372306136279,0.0019496559172993305
19,implicit_add_armature,both,33,F_R/right_pinky_2_joint,hand48,16,8.456128765979369e-06,6.827169352068875e-06,1.8000237164417232e-05,-6.339117442881979e-06,1.5304794600393135e-05,0.0008564156772232189,0.0007743500290764701,0.0014127817454102688,-0.0007743500290764701,0.0013212797856332406
19,implicit_add_armature,both,34,F_R/right_ring_2_joint,hand48,16,3.0290812326289716e-05,2.5434796006052265e-05,6.170101443803144e-05,-2.393872118633747e-05,5.163837387787279e-05,0.0027992990597610202,0.0025717899215448444,0.0045191180941038245,-0.0025717899215448444,0.004328964943489453
19,implicit_add_armature,both,35,F_R/right_thumb_2_joint,hand48,16,0.00024670537996706265,0.00020893618182570364,0.0004946957718081624,0.0001884513612366804,0.0004714825186995751,0.018892697461277905,0.017062033593630996,0.030380692991179372,0.017062033593630996,0.029520195455330283
19,implicit_add_armature,both,36,F_R/right_thumb_3_joint,hand48,16,0.0025791955301429806,0.0021651296035034772,0.0051886643245900865,0.0019628042580527747,0.004934527179075573,0.19811888498217842,0.1775948598543799,0.32507843432708,0.1773983937051588,0.30643334723350996
19,implicit_add_armature,both,37,F_R/right_thumb_4_joint,hand48,16,7.972578776398316e-06,6.993449592887502e-06,1.496497114661377e-05,-6.767818323719088e-06,1.2990130556368717e-05,0.0006422280064240588,0.0005944500983484938,0.001016052170165412,-0.0005944500983484938,0.0009296888950858844
19,implicit_add_armature,both,38,U_L/shoulder_pan_joint,controlled26,16,0.0001824604134957683,0.00013732285604547978,0.0005162806949510212,-0.0001330934382064719,0.00035676314904997675,0.0381367796208263,0.0324525468896832,0.07832586059251578,-0.0324525468896832,0.07790483284894299
19,implicit_add_armature,both,39,U_L/shoulder_lift_joint,controlled26,16,0.00024339532783195175,0.00023287676106376054,0.00039287536515431043,0.00023287676106376054,0.00035677849554294205,0.049053442657705164,0.04694208359474724,0.07085687606180541,-0.04694208359474724,0.06962082776895774
19,implicit_add_armature,both,40,U_L/elbow_joint,controlled26,16,0.0002907867181002998,0.00027979153842210003,0.0003520317809526663,-0.0002752243786072889,0.0003517499839192917,0.08330312581070767,0.08081469206202638,0.11396378191992712,0.08081469206202638,0.11359741939543938
19,implicit_add_armature,both,41,U_L/wrist_1_joint,controlled26,16,0.00012973004721590406,7.763220601905707e-05,0.00038514985828186354,-7.727972645579784e-05,0.0002703776406517422,0.008508105982592414,0.004932658207887439,0.02307283676532304,-0.0015330985819906487,0.021935881796489594
19,implicit_add_armature,both,42,U_L/wrist_2_joint,controlled26,16,0.00011655896406454336,5.762232697203995e-05,0.00035658720858755544,5.108604838355291e-05,0.00024056890451573665,0.010940760222902525,0.005698461204559378,0.02556635419207929,0.0037645348019129765,0.025371232511813266
19,implicit_add_armature,both,43,U_L/wrist_3_joint,controlled26,16,0.00011492190837454578,5.36526845089369e-05,0.0003560731689842278,5.187057465330658e-05,0.00023824090916912954,0.007243658745676978,0.0034816867761331954,0.01987592201302346,0.0013151880730003383,0.018843288088289473
19,implicit_add_armature,both,44,U_L/left_index_1_joint,hand48,16,0.006765031801174594,0.006450139049742725,0.009536512224974203,-0.006450139049742725,0.009288242400483468,0.3980046171419162,0.39400811288202786,0.5036584489962191,-0.39400811288202786,0.4819930277377129
19,implicit_add_armature,both,45,U_L/left_little_1_joint,hand48,16,0.005714439465578031,0.005440827444672941,0.008841830710743445,-0.005440827444672941,0.007852164301854887,0.2800624466530992,0.27597112390834627,0.4013349174743351,-0.27597112390834627,0.3476144579436767
19,implicit_add_armature,both,46,U_L/left_middle_1_joint,hand48,16,0.007343657099856551,0.006999512238916098,0.010387663898117731,-0.006999512238916098,0.010072256825756175,0.4318960478882521,0.4273697939634483,0.5516241944054993,-0.4273697939634483,0.523928969683581
19,implicit_add_armature,both,47,U_L/left_ring_1_joint,hand48,16,0.006890937181969063,0.006566462841143507,0.010138489946027895,-0.006566462841143507,0.009464049947423434,0.3822109740444016,0.3775486048049779,0.5157394416356306,-0.3775486048049779,0.46456832218193644
19,implicit_add_armature,both,48,U_L/left_thumb_1_joint,hand48,16,6.313599285344815e-05,6.004292368551323e-05,9.235147596736715e-05,6.004292368551323e-05,9.102701593580176e-05,0.009067974407250387,0.006130518850029356,0.021513922217827497,0.006130518850029356,0.0213947471652045
19,implicit_add_armature,both,49,U_L/left_index_2_joint,hand48,16,0.0001455578195196447,8.859522880445923e-05,0.0003205848286870622,-4.3874751938025904e-05,0.0002964018416925958,0.005507798760253624,0.0030949324442738923,0.014311151881167387,0.0028424309539425686,0.011494945966646481
19,implicit_add_armature,both,50,U_L/left_little_2_joint,hand48,16,2.6094975764436286e-05,2.3044538768023093e-05,5.29767592060415e-05,-2.0736932328435306e-05,4.0051637670276974e-05,0.0011545720392267705,0.0011054930631839628,0.001751825829533221,-0.0011054930631839628,0.0016814988447716973
19,implicit_add_armature,both,51,U_L/left_middle_2_joint,hand48,16,0.00013949791979441352,0.00010065208400997401,0.00029026968243077433,-8.717782158646284e-05,0.0002765464835944205,0.003776759331562502,0.003281516922736703,0.00853219753766213,-0.0003715201685460845,0.0064973475791950735
19,implicit_add_armature,both,52,U_L/left_ring_2_joint,hand48,16,0.00010963750381074783,9.573554044128504e-05,0.0001956919712323285,-9.573554044128504e-05,0.00018344600563479155,0.0034387949020772053,0.003063042964035394,0.005083661306352125,-0.0029482426603186234,0.00507823811352864
19,implicit_add_armature,both,53,U_L/left_thumb_2_joint,hand48,16,0.0008953790559434499,0.0008383102353758756,0.001392409279259585,0.0008383102353758756,0.001376486377949352,0.059352618355853946,0.0577400084450969,0.09434967603734366,0.0577400084450969,0.09213360912033862
19,implicit_add_armature,both,54,U_L/left_thumb_3_joint,hand48,16,0.004578468681330272,0.004298648847751744,0.0070760731200071175,0.004298648847751744,0.006882375892950331,0.29293259462177335,0.2865410680410676,0.4525220456364337,0.2865410680410676,0.43763768840069345
19,implicit_add_armature,both,55,U_L/left_thumb_4_joint,hand48,16,7.009731000724792e-06,6.735218118857078e-06,1.073809588215957e-05,-6.735218118857078e-06,9.475977467109098e-06,0.0004487109270713139,0.00044296186136547,0.0006032192184673154,-0.00044296186136547,0.0005715899685554773
19,implicit_add_armature,both,56,U_R/shoulder_pan_joint,controlled26,16,0.00015818392723070845,0.00010449388265761084,0.00048607507658005034,-6.191712117907533e-05,0.00030955743099586597,0.031627247798509665,0.02582637935590406,0.07422932208999627,-0.02582637935590406,0.061631425487041244
19,implicit_add_armature,both,57,U_R/shoulder_lift_joint,controlled26,16,0.00012296483280736364,9.514154596373947e-05,0.0002869954868751634,-5.113279314222785e-05,0.00023541652489766918,0.02920278022588188,0.02872967730030621,0.04051670710681398,-0.02872967730030621,0.03777083802278194
19,implicit_add_armature,both,58,U_R/elbow_joint,controlled26,16,0.00026812869576048624,0.0002592978599950668,0.00037900871348672815,-0.0002592978599950668,0.0003662691423593767,0.07200059699321033,0.07054912416461846,0.08925122176005885,0.07054912416461846,0.08612116040193035
19,implicit_add_armature,both,59,U_R/wrist_1_joint,controlled26,16,0.0007881167172583019,0.00029528602620892963,0.002888679085457646,0.00027624530821840354,0.001660094604975848,0.09791635758893806,0.04477453809884552,0.3052858871443194,0.02512447922933253,0.2562139604514542
19,implicit_add_armature,both,60,U_R/wrist_2_joint,controlled26,16,0.0005027504324274855,0.00019789126717745242,0.0018349713014265134,0.00013023943663798,0.001048995949593401,0.07035249612941252,0.028570219658202334,0.22318909522515468,0.022651760946664243,0.18122361966638612
19,implicit_add_armature,both,61,U_R/wrist_3_joint,controlled26,16,3.672922646855988e-05,2.0335239907187663e-05,0.00010134495535130128,-1.8757575649508418e-05,8.626919705556624e-05,0.005935030180811595,0.0022713708764333517,0.02122112693535657,-0.0021584962344215947,0.0131440335633761
19,implicit_add_armature,both,62,U_R/right_index_1_joint,hand48,16,0.005945281067370652,0.005518473339430143,0.007975741997771957,0.005518473339430143,0.007952769397673504,0.25022038826359383,0.24669610818904247,0.3246346249309102,0.24669610818904247,0.2881430019645189
19,implicit_add_armature,both,63,U_R/right_little_1_joint,hand48,16,0.005357285676329862,0.005064993997009078,0.007631069291217409,0.005064993997009078,0.007135559778132185,0.16944316832179177,0.16334755824566063,0.2766738046644365,0.16334755824566063,0.21459538504558545
19,implicit_add_armature,both,64,U_R/right_middle_1_joint,hand48,16,0.006957625825913,0.006513558756671577,0.009472694270030488,0.006513558756671577,0.009356086463123466,0.30533681200496776,0.3011993883626488,0.4110423228071909,0.3011993883626488,0.3613214739462378
19,implicit_add_armature,both,65,U_R/right_ring_1_joint,hand48,16,0.006535548393690465,0.006151702118316048,0.00913671938180375,0.006151702118316048,0.008777242826259638,0.2612672282411316,0.2566175450430648,0.3799956112817967,0.2566175450430648,0.31771586635429006
19,implicit_add_armature,both,66,U_R/right_thumb_1_joint,hand48,16,3.9726420675458246e-05,3.638894767045431e-05,6.56520563844798e-05,-2.174894198447158e-05,5.501400592365646e-05,0.009353355584969799,0.00824799702344108,0.019242961807887277,-0.002056986396561349,0.015715836662553436
19,implicit_add_armature,both,67,U_R/right_index_2_joint,hand48,16,0.0002454171334326428,0.00012316413663635353,0.0006604731766336469,0.00010464926539375391,0.0006178910570123694,0.0048112728975911664,0.0037861210785469935,0.009392754387509625,-0.0037861210785469935,0.008845493408423912
19,implicit_add_armature,both,68,U_R/right_little_2_joint,hand48,16,0.00029818553036583113,0.00016538587088140225,0.0007720466765120393,0.00016139430374343712,0.0007427585336078728,0.004558926938057228,0.0028031333203753775,0.008885342138386675,-0.002767811613626136,0.008829188097297835
19,implicit_add_armature,both,69,U_R/right_middle_2_joint,hand48,16,0.00025970213972682793,0.00016542415848882835,0.0006351049635252015,0.00016542415848882835,0.0006297125682600442,0.0033815820504833013,0.002297413386466548,0.006730716328668449,-0.0017746018473642836,0.006284235158083678
19,implicit_add_armature,both,70,U_R/right_ring_2_joint,hand48,16,0.0003156563453567118,0.00022522126026651781,0.0007413525914117258,0.00022522126026651781,0.0007287037792279537,0.003358806793804811,0.003130995893846227,0.006136473626996885,-0.000272550484030028,0.005352850375581059
19,implicit_add_armature,both,71,U_R/right_thumb_2_joint,hand48,16,0.0006261758959023642,0.0005326555948450898,0.0012039634641148739,-0.0005326555948450898,0.0010640253836944093,0.022625846328274954,0.017754871533748925,0.04873482153480565,0.015075782140199091,0.042455439790663435
19,implicit_add_armature,both,72,U_R/right_thumb_3_joint,hand48,16,0.003918027288614253,0.0035966277978209844,0.007045476146942703,-0.0035966277978209844,0.005912211809319667,0.07709884510998345,0.0638514259650651,0.1711238755144768,-0.031457603463266315,0.12974597129059612
19,implicit_add_armature,both,73,U_R/right_thumb_4_joint,hand48,16,5.1070540141972955e-05,4.831857022383592e-05,7.084833857994716e-05,4.831857022383592e-05,6.721509202129057e-05,0.0020672150989663545,0.0020317665876486597,0.0030473201842545817,0.0020317665876486597,0.0027497704016037853
19,implicit_add_armature,0,0,F_L/fr3_joint1,controlled26,8,7.491551004131219e-05,4.815231322567379e-05,0.00015039566080177202,1.0553398025230781e-05,0.00014028760473596829,0.010481700482947597,0.004513284483351724,0.029398975250214184,0.003356740539839561,0.020063396983355977
19,implicit_add_armature,0,1,F_L/fr3_joint2,controlled26,8,6.456034831554534e-05,3.838497891298087e-05,0.00013038069750104242,-2.285797613479912e-05,0.0001248543463172047,0.005180146892552827,0.0030660029439454096,0.010202768415653873,0.0019232913525041812,0.010045842539725588
19,implicit_add_armature,0,2,F_L/fr3_joint3,controlled26,8,5.446005579623012e-05,3.478882260563032e-05,0.0001041399177519331,3.475713149733717e-05,0.00010062376495649782,0.002039468069590997,0.0009928080247829962,0.005538486700836336,-0.000958153524280615,0.00411889242854781
19,implicit_add_armature,0,3,F_L/fr3_joint4,controlled26,8,9.334019486236161e-05,5.1336136556445755e-05,0.00024541617444917563,5.1336136556445755e-05,0.00018555214940279,0.01305403575169745,0.006658342233216739,0.03535854691798494,-0.006658342233216739,0.025587428980880587
19,implicit_add_armature,0,4,F_L/fr3_joint5,controlled26,8,5.238659382328367e-05,2.262674621078542e-05,0.00014680174309988914,2.2332332323848902e-05,0.00010041646930387664,0.0047956782918912024,0.002987911769195374,0.010594496477154654,0.00033928764990671023,0.009180242422457057
19,implicit_add_armature,0,5,F_L/fr3_joint6,controlled26,8,2.2565920954623714e-05,1.3465798938072648e-05,5.245670853826212e-05,-1.3465798938072648e-05,4.5661306682220894e-05,0.006586272494553623,0.003456200707862972,0.01726427139385984,0.0009895258094790205,0.013015451152687412
19,implicit_add_armature,0,6,F_L/fr3_joint7,controlled26,8,8.641946497947784e-05,4.3621910682106746e-05,0.00023375455518626076,1.9624048714667053e-05,0.00017313828368114006,0.0019904838722266736,0.0011027394933359061,0.005391817883391511,0.0006844854359459697,0.0038622596704620616
19,implicit_add_armature,0,7,F_L/left_index_1_joint,hand48,8,0.003585134464468327,0.0019536640712635913,0.009608579952942176,0.0010275542426555952,0.006931392325972736,0.30315417950863394,0.1558525629327015,0.8299102292502375,0.09804736753879598,0.5872483645206048
19,implicit_add_armature,0,8,F_L/left_middle_1_joint,hand48,8,0.00358940869534091,0.0019722643542319507,0.009602622851628079,0.0010865413985119178,0.006978921020540051,0.3123711144293525,0.15975106064496364,0.8559506901920212,0.10765266455190203,0.6113820988846075
19,implicit_add_armature,0,9,F_L/left_pinky_1_joint,hand48,8,0.001916414031251808,0.0008760587542169414,0.005341956345986512,0.0005899848295852078,0.003729094692848871,0.08977844303244813,0.04556857854163139,0.24689435511942995,0.04556857854163139,0.17658345059781133
19,implicit_add_armature,0,10,F_L/left_ring_1_joint,hand48,8,0.0033539610354358,0.0017641593700010536,0.009101007794696636,0.0010346945499349527,0.006498548856798424,0.2750798062208349,0.1311140822139625,0.7632721081804104,0.10214316628320945,0.538353416483064
19,implicit_add_armature,0,11,F_L/left_thumb_1_joint,hand48,8,5.146833287977116e-05,2.981134595037363e-05,0.00013514699899389027,-1.5259563620587807e-05,9.983598718164422e-05,0.017718716968460915,0.008544175965114809,0.048727986237715196,-0.004678882914707344,0.035055803531353964
19,implicit_add_armature,0,12,F_L/left_index_2_joint,hand48,8,7.026083160478018e-06,3.7774107232713128e-06,1.910181068306982e-05,-2.5488575373586175e-06,1.3830946609497122e-05,0.001630764024684773,0.0009378632918282796,0.004282417733077531,-0.0004612377621194279,0.003145626044148038
19,implicit_add_armature,0,13,F_L/left_middle_2_joint,hand48,8,4.075996363824212e-05,2.2387637422939533e-05,0.00010826039945487087,9.776340598195016e-06,7.988657426439834e-05,0.0017299175992714557,0.0007987835975324593,0.004835690023957595,0.0005774781378801026,0.0033053100643700263
19,implicit_add_armature,0,14,F_L/left_pinky_2_joint,hand48,8,5.8264638715331435e-05,3.218117954143819e-05,0.0001552712177143034,1.5559013374284378e-05,0.0001130430138141919,0.0034263814034592886,0.0018119590885055886,0.00931573401011538,0.0012318634952731868,0.006768058159319967
19,implicit_add_armature,0,15,F_L/left_ring_2_joint,hand48,8,0.00010868003820956394,5.808165849672132e-05,0.0002926341191175283,2.8261552045698128e-05,0.00021116726971806196,0.00555842063656039,0.0026861067535324233,0.015426161214938575,0.002119422104474909,0.010878018556277413
19,implicit_add_armature,0,16,F_L/left_thumb_2_joint,hand48,8,0.00018953900726754097,0.0001238243616146443,0.00037675747233689716,0.00011421354229033259,0.00036527942145877303,0.01901083215793149,0.013079681495440554,0.03613311977725521,0.011993576522634145,0.033038360066535086
19,implicit_add_armature,0,17,F_L/left_thumb_3_joint,hand48,8,0.0009428580314129081,0.0006018834520423993,0.0019216150914744407,0.0005538460749725718,0.0018322515499614707,0.10577752898188876,0.07321211341631469,0.17873113439602195,0.06809927836065122,0.17596119517691608
19,implicit_add_armature,0,18,F_L/left_thumb_4_joint,hand48,8,3.7903740022497317e-06,1.6713083920566474e-06,1.0541531255625625e-05,-1.4967866375399652e-06,7.501980206151e-06,0.00021540604883606818,0.00014453865468767673,0.0004889753385082169,-0.0001424916124219356,0.00039989221374534147
19,implicit_add_armature,0,19,F_R/fr3_joint1,controlled26,8,3.258843505864404e-05,2.75153531686112e-05,6.601219394841706e-05,2.0952453489347933e-05,5.7445923838794754e-05,0.0049965088626797455,0.0035531362880946433,0.009778701021040476,0.0011084610328345244,0.008927641829481855
19,implicit_add_armature,0,20,F_R/fr3_joint2,controlled26,8,0.00011627226992197591,0.00010649723156888613,0.00019987144866595585,-0.00010649723156888613,0.00017873910852587158,0.0033574727296202373,0.0030921733907925113,0.005273500233242842,-0.0030921733907925113,0.0049678717600318235
19,implicit_add_armature,0,21,F_R/fr3_joint3,controlled26,8,3.266154919935886e-05,1.8388232464111587e-05,6.91084662929331e-05,-1.5722532323875216e-05,6.601982283128693e-05,0.0068224430329364575,0.005077694387647846,0.015443710963361425,-0.005077694387647846,0.013178585433822918
19,implicit_add_armature,0,22,F_R/fr3_joint4,controlled26,8,1.856414689738911e-05,1.4017531809518147e-05,3.660441814501425e-05,-4.4605129715658e-06,3.515741424491847e-05,0.009141882419903487,0.005436328119513151,0.019831032243899486,-0.00047857005853827947,0.017133367028075788
19,implicit_add_armature,0,23,F_R/fr3_joint5,controlled26,8,4.5781858593019965e-05,4.089801796963721e-05,7.355622882820878e-05,-1.6513368285342445e-05,6.98897201554638e-05,0.006910579000525977,0.00625705214944957,0.01256943125641519,-0.00625705214944957,0.01094567396920853
19,implicit_add_armature,0,24,F_R/fr3_joint6,controlled26,8,1.2718749311080217e-05,7.71495199397565e-06,2.948427464666281e-05,2.927116560302867e-06,2.471000989097138e-05,0.005076423947291922,0.0030087000291364793,0.012839855913817231,0.0024329658185942805,0.010023730910487222
19,implicit_add_armature,0,25,F_R/fr3_joint7,controlled26,8,1.7064170642098e-05,1.5061834019530762e-05,2.7015346813152874e-05,1.5061834019530762e-05,2.6281103083392043e-05,0.0028887165406541763,0.0026335264521606884,0.00471127272229821,0.0026335264521606884,0.0044149359544174375
19,implicit_add_armature,0,26,F_R/right_index_1_joint,hand48,8,0.0011948272615723728,0.0010588524611826015,0.002080643783868963,-0.0009875758776425846,0.0019393868078599245,0.16208591304793576,0.15194851224542094,0.23340115893361374,-0.15194851224542094,0.22293986295091614
19,implicit_add_armature,0,27,F_R/right_middle_1_joint,hand48,8,0.0014276433400893516,0.0012729804816064318,0.002444611841529165,-0.0011723376971387554,0.0023027138583735615,0.1867232833136985,0.17389192333799336,0.27856203901881077,-0.17389192333799336,0.259452754913874
19,implicit_add_armature,0,28,F_R/right_pinky_1_joint,hand48,8,0.0010907758091181924,0.00100254438191392,0.0018771443318285203,-0.0008096369176170872,0.0017358229805036892,0.14536713042871466,0.13443590988009024,0.2080468943422389,-0.13443590988009024,0.20322130270420574
19,implicit_add_armature,0,29,F_R/right_ring_1_joint,hand48,8,0.001255425941703664,0.001134108038382835,0.002177166700712413,-0.0009693573785281937,0.002034276428737247,0.16443760119469558,0.1521982437370811,0.2451579478345483,-0.1521982437370811,0.22870614204183157
19,implicit_add_armature,0,30,F_R/right_thumb_1_joint,hand48,8,1.4291820118418466e-05,1.3197811935795889e-05,2.2940280839170435e-05,1.3197811935795889e-05,2.1484405474797225e-05,0.0017096849766880392,0.001507689165499778,0.0030402930332626855,0.0014002811992371148,0.0028105562609059146
19,implicit_add_armature,0,31,F_R/right_index_2_joint,hand48,8,7.598362964834583e-06,7.205481280810923e-06,1.039017855591906e-05,7.205481280810923e-06,1.0155958752040144e-05,0.0007781169055756958,0.0006651041034095649,0.001380880681021583,0.0005883947588382632,0.0012930550975781346
19,implicit_add_armature,0,32,F_R/right_middle_2_joint,hand48,8,3.956641296946522e-06,3.372886719473639e-06,6.383854366007191e-06,-1.5324723652877792e-06,6.170181098910654e-06,0.000843332753996979,0.0006599271793130821,0.001478784147262488,-0.0006599271793130821,0.0014435448838905473
19,implicit_add_armature,0,33,F_R/right_pinky_2_joint,hand48,8,4.100181239470747e-06,3.525075203490019e-06,6.952276190866358e-06,-2.5489713851162277e-06,6.573638664222197e-06,0.0007466588530199182,0.0006626284014444846,0.0011742579041581053,-0.0006626284014444846,0.0011449772455897015
19,implicit_add_armature,0,34,F_R/right_ring_2_joint,hand48,8,1.618704756273168e-05,1.4830459174009977e-05,2.7786079020181154e-05,-1.1838309534580385e-05,2.5817125116790043e-05,0.0025052493834829713,0.002303119396045574,0.0037783502082824475,-0.002303119396045574,0.0037234690961793692
19,implicit_add_armature,0,35,F_R/right_thumb_2_joint,hand48,8,0.0001668217624576942,0.00015304380437253327,0.00024893504670982225,0.00011564441787100584,0.0002456720387572862,0.01874925060788682,0.016493525517734288,0.030380692991179372,0.016493525517734288,0.029405237900351853
19,implicit_add_armature,0,36,F_R/right_thumb_3_joint,hand48,8,0.0017668199455644746,0.001598699480883375,0.0026603592789888678,0.0012154335120154545,0.002630682235055982,0.20031124711707946,0.17370698323909578,0.32507843432708,0.17331405094065358,0.3152990935964696
19,implicit_add_armature,0,37,F_R/right_thumb_4_joint,hand48,8,5.391228346383303e-06,4.906661413020541e-06,9.03913417149571e-06,-4.455398874683714e-06,8.489077437455472e-06,0.0006842859194397587,0.0006437569497481273,0.001016052170165412,-0.0006437569497481273,0.0009594910933326658
19,implicit_add_armature,0,38,U_L/shoulder_pan_joint,controlled26,8,5.870522324121303e-05,5.684836553176975e-05,7.992277612833831e-05,-4.8389529853754e-05,7.764474615485905e-05,0.042829163462797214,0.03452015411777409,0.07832586059251578,-0.03452015411777409,0.07812938097884849
19,implicit_add_armature,0,39,U_L/shoulder_lift_joint,controlled26,8,0.00022120411836041396,0.00021755908922427292,0.00027592228414796693,0.00021755908922427292,0.00027089601049428146,0.045030168431217175,0.0420192919033215,0.07085687606180541,-0.0420192919033215,0.07028005352514316
19,implicit_add_armature,0,40,U_L/elbow_joint,controlled26,8,0.0002769891161707901,0.0002752470039988075,0.00035155436870448753,-0.0002752470039988075,0.00032463653781391596,0.07660322321032191,0.07287536650684703,0.11396378191992712,0.07287536650684703,0.11379281274183284
19,implicit_add_armature,0,41,U_L/wrist_1_joint,controlled26,8,8.783811714368034e-05,5.6389420305391624e-05,0.00020980731963637922,-5.568446117887316e-05,0.00017924733718681636,0.011447910555960209,0.006748552643514783,0.02307283676532304,-0.006182960936241394,0.02254225777986743
19,implicit_add_armature,0,42,U_L/wrist_2_joint,controlled26,8,7.844113426321646e-05,4.1759088547754786e-05,0.00019356770908274257,3.6036825893592805e-05,0.00016285823845234578,0.01522086743525178,0.009350542498656017,0.02556635419207929,0.009300577904512048,0.025475297407955146
19,implicit_add_armature,0,43,U_L/wrist_3_joint,controlled26,8,7.492544288634143e-05,3.6545437027746264e-05,0.00018750899826436296,3.5741916742992874e-05,0.0001564228719043381,0.010117614608137454,0.006027436835319845,0.01987592201302346,0.0035663128629472227,0.019394026181480933
19,implicit_add_armature,0,44,U_L/left_index_1_joint,hand48,8,0.004615678201391757,0.004567046487268699,0.005528699996472319,-0.004567046487268699,0.005467640977301965,0.43315587609868944,0.4304321182002411,0.5036584489962191,-0.4304321182002411,0.4935479190755829
19,implicit_add_armature,0,45,U_L/left_little_1_joint,hand48,8,0.003975983838269403,0.003907269346596699,0.005210312173150544,-0.003907269346596699,0.005006427190543963,0.308591599952011,0.3053685247635325,0.4013349174743351,-0.3053685247635325,0.3762653696933611
19,implicit_add_armature,0,46,U_L/left_middle_1_joint,hand48,8,0.0049888401787606205,0.004941048407099024,0.005921858195515148,-0.004941048407099024,0.005844114501048741,0.46971711307140623,0.4665221114859852,0.5516241944054993,-0.4665221114859852,0.5386997562019374
19,implicit_add_armature,0,47,U_L/left_ring_1_joint,hand48,8,0.00471732358721609,0.004662223505963705,0.005607306177457111,-0.004662223505963705,0.005588142767294064,0.4180022499626807,0.41453787523570285,0.5157394416356306,-0.41453787523570285,0.49185958589057327
19,implicit_add_armature,0,48,U_L/left_thumb_1_joint,hand48,8,4.571371606742097e-05,4.443455836578014e-05,6.18772873294815e-05,4.443455836578014e-05,6.186364847038106e-05,0.012520496321729148,0.009760170511531921,0.021513922217827497,0.009760170511531921,0.0214583071932701
19,implicit_add_armature,0,49,U_L/left_index_2_joint,hand48,8,0.00016321365575919922,0.00010009897475170629,0.0003205848286870622,-5.213244392700267e-05,0.00030929943475631116,0.006294409195033724,0.0037360183805176033,0.014311151881167387,0.003612742253876063,0.012930042744055847
19,implicit_add_armature,0,50,U_L/left_little_2_joint,hand48,8,1.784500875660028e-05,1.6096889058606415e-05,3.428357138343663e-05,-1.1481676179430841e-05,2.8201321775216105e-05,0.0010455801900903202,0.0009943926693238507,0.0016398157405284886,-0.0009943926693238507,0.0015516016358272534
19,implicit_add_armature,0,51,U_L/left_middle_2_joint,hand48,8,0.0001440935384620437,9.683474751657345e-05,0.00029026968243077433,-7.706693953235186e-05,0.00028245017928650443,0.004063649878198576,0.0032911249146180452,0.00853219753766213,0.00022865140204796595,0.007487346104631053
19,implicit_add_armature,0,52,U_L/left_ring_2_joint,hand48,8,9.193109858379526e-05,7.369036326507553e-05,0.0001699521786965169,-7.369036326507553e-05,0.00016796192234607154,0.0033429772873122096,0.0029849196020165906,0.005076430382587479,-0.002773441228169237,0.0047415588193277305
19,implicit_add_armature,0,53,U_L/left_thumb_2_joint,hand48,8,0.0005836264607198461,0.0005672401680210442,0.0007534121449481179,0.0005672401680210442,0.000746217853301398,0.06689039905284126,0.0648777001005034,0.09434967603734366,0.0648777001005034,0.09331551147607464
19,implicit_add_armature,0,54,U_L/left_thumb_3_joint,hand48,8,0.0029865801816901507,0.002914269719072507,0.0037632797886133773,0.002914269719072507,0.0037626288912134672,0.324536934316587,0.31585444414323655,0.4525220456364337,0.31585444414323655,0.4455760122597549
19,implicit_add_armature,0,55,U_L/left_thumb_4_joint,hand48,8,5.190595563175477e-06,5.1115620093057645e-06,6.364653720558611e-06,-5.1115620093057645e-06,6.286338493362298e-06,0.0004940982291625902,0.0004902201682716874,0.0006032192184673154,-0.0004902201682716874,0.000588458901841791
19,implicit_add_armature,0,56,U_R/shoulder_pan_joint,controlled26,8,7.344092956377888e-05,5.311760596971027e-05,0.00017832798832695396,-5.173760192711541e-06,0.00013832617536752018,0.037014706505844056,0.029286560477304394,0.07422932208999627,-0.029286560477304394,0.06835030367528391
19,implicit_add_armature,0,57,U_R/shoulder_lift_joint,controlled26,8,8.008309666124475e-05,6.213895966689087e-05,0.0001449531627351064,-1.302566675742689e-05,0.00013955668485641224,0.026793842187341047,0.02613763931871352,0.04051670710681398,-0.02613763931871352,0.03669699313931647
19,implicit_add_armature,0,58,U_R/elbow_joint,controlled26,8,0.00022820820540039706,0.00022152362574617834,0.00028022456057574807,-0.00022152362574617834,0.0002746995646570549,0.06155989203100591,0.06046121268886804,0.08069598258331594,0.06046121268886804,0.0748231679386539
19,implicit_add_armature,0,59,U_R/wrist_1_joint,controlled26,8,0.00044318273263779047,0.0001841486871013709,0.0012505664448152487,0.0001724740915164391,0.0008292126229488155,0.08608750484180157,0.04143668339244158,0.2398566515538325,0.018527479496016554,0.16810665675759145
19,implicit_add_armature,0,60,U_R/wrist_2_joint,controlled26,8,0.00028096907795267106,0.00012109040246588432,0.0007870041656490301,7.642817980835215e-05,0.0005483841640840034,0.06021192085021417,0.026624451903182453,0.16723512781346328,0.015184330050183367,0.11824576604119681
19,implicit_add_armature,0,61,U_R/wrist_3_joint,controlled26,8,2.3974634010764578e-05,1.47005960839941e-05,4.8322449150539626e-05,-1.1545267568635609e-05,4.735629105332428e-05,0.00836512319206148,0.004102151129244109,0.02122112693535657,-0.004102151129244109,0.01745181669509901
19,implicit_add_armature,0,62,U_R/right_index_1_joint,hand48,8,0.0037847346193215906,0.003624026418197661,0.004150669179782518,0.003624026418197661,0.0041377980483602635,0.2651352760253045,0.2594746814951123,0.3246346249309102,0.2594746814951123,0.3076052008799276
19,implicit_add_armature,0,63,U_R/right_little_1_joint,hand48,8,0.0034869036469969894,0.0034306829401081285,0.004186949866647402,0.0034306829401081285,0.004018562880951892,0.19232843693516347,0.18898144487334348,0.2766738046644365,0.18898144487334348,0.24770387550897263
19,implicit_add_armature,0,64,U_R/right_middle_1_joint,hand48,8,0.004466097381788038,0.004335815258734491,0.004829842499201847,0.004335815258734491,0.004823029437855413,0.3266820701217041,0.3216865524392905,0.4110423228071909,0.3216865524392905,0.38783926000541274
19,implicit_add_armature,0,65,U_R/right_ring_1_joint,hand48,8,0.004221263910244381,0.004130232227505391,0.004812870237084113,0.004130232227505391,0.004703001450274956,0.28546864069161676,0.28161640583351,0.3799956112817967,0.28161640583351,0.3509317303156269
19,implicit_add_armature,0,66,U_R/right_thumb_1_joint,hand48,8,3.0433627999356773e-05,2.6145296965686404e-05,6.56520563844798e-05,-9.732282869566455e-06,5.388628730131904e-05,0.011228375986508858,0.010238830573795456,0.019242961807887277,0.001665761151738341,0.01759697007339815
19,implicit_add_armature,0,67,U_R/right_index_2_joint,hand48,8,0.00025829304386208783,0.00012891563214147486,0.0006604731766336469,0.00011372885995833068,0.0005378442419298217,0.0049809737530129815,0.004052576702895673,0.009392754387509625,-0.004052576702895673,0.008652296763843357
19,implicit_add_armature,0,68,U_R/right_little_2_joint,hand48,8,0.00030679398141036056,0.00016249114290940898,0.0007720466765120393,0.0001594388568730374,0.0006390494560692549,0.004650520231377826,0.002876947997718281,0.008885342138386675,-0.002826630247121413,0.00850966476972815
19,implicit_add_armature,0,69,U_R/right_middle_2_joint,hand48,8,0.00025775961287295387,0.00015072540411655878,0.0006351049635252015,0.00015072540411655878,0.0005335036643014399,0.0033432485034936817,0.0021567617326409315,0.006135408101222088,-0.001910736512223517,0.0058676371241424856
19,implicit_add_armature,0,70,U_R/right_ring_2_joint,hand48,8,0.0003023060047641688,0.00019653513384069055,0.0007244875085000296,0.00019653513384069055,0.0006170765334709427,0.0032765422812437994,0.0031052296964136647,0.005091642625109116,-0.00015329475820379044,0.004876310862413812
19,implicit_add_armature,0,71,U_R/right_thumb_2_joint,hand48,8,0.00042640616733429377,0.00037037349863218785,0.0007908133793083361,-0.00037037349863218785,0.0006884720403697994,0.02431151817379916,0.01882852846877185,0.04873482153480565,0.014667343418588979,0.04300649005024997
19,implicit_add_armature,0,72,U_R/right_thumb_3_joint,hand48,8,0.0027130001768158286,0.002540871570230512,0.00468324155738184,-0.002540871570230512,0.004107580422651819,0.09062127822252439,0.07702815626560544,0.1711238755144768,-0.043790431152379974,0.15181418687666579
19,implicit_add_armature,0,73,U_R/right_thumb_4_joint,hand48,8,3.331611961497359e-05,3.281931472985146e-05,3.885341452716795e-05,3.281931472985146e-05,3.804931072888123e-05,0.002296351084122984,0.002261305122693135,0.0030473201842545817,0.002261305122693135,0.002908463619017543
19,implicit_add_armature,1,0,F_L/fr3_joint1,controlled26,8,8.213159484932579e-05,5.442477196086759e-05,0.00018004218797204596,3.7730322610111944e-05,0.00016149251535445272,0.007679317750393894,0.0037700393078662887,0.020986098150556746,0.0017887207946654386,0.01523800636040603
19,implicit_add_armature,1,1,F_L/fr3_joint2,controlled26,8,6.620454444768766e-05,3.929881887118625e-05,0.00013475694303277663,-2.4006903253520617e-05,0.00012905509388442258,0.0036501871157867006,0.0022031367593566423,0.007126740369682971,0.0012467178822862166,0.006967818609204894
19,implicit_add_armature,1,2,F_L/fr3_joint3,controlled26,8,8.134871252455098e-05,5.124561891359236e-05,0.00017215290434635655,5.117636282350735e-05,0.000151657432229324,0.00264338840920411,0.0016679342794789797,0.005135685207083532,-0.0016679342794789797,0.004979378724345521
19,implicit_add_armature,1,3,F_L/fr3_joint4,controlled26,8,7.998251843638515e-05,4.791628849448726e-05,0.0001988988225853916,4.791628849448726e-05,0.0001586473156095502,0.008864075228602109,0.00451516473416444,0.024071097903694126,-0.00451516473416444,0.01741989258100106
19,implicit_add_armature,1,4,F_L/fr3_joint5,controlled26,8,6.673932372323096e-05,3.523546436362546e-05,0.00017829558291060366,3.513518944603389e-05,0.00013504408320881282,0.0012145891165790536,0.0008417962610886224,0.002513288058280161,0.0008417962610886224,0.002204035946364867
19,implicit_add_armature,1,5,F_L/fr3_joint6,controlled26,8,3.179712021774693e-05,2.0004654054051052e-05,6.899311354802151e-05,-2.0004654054051052e-05,6.072275998372233e-05,0.0015776572495323638,0.0006936602407243098,0.00439995772670599,0.0006936602407243098,0.003093274995493683
19,implicit_add_armature,1,6,F_L/fr3_joint7,controlled26,8,9.757481180031425e-05,5.262126621460861e-05,0.00025789286311228565,1.9108136051076974e-05,0.00019529800046222948,0.0005209066675448274,0.0003555671098055271,0.0012937010995653544,0.00022075102337579274,0.0010109369612402255
19,implicit_add_armature,1,7,F_L/left_index_1_joint,hand48,8,0.005018989147287852,0.0026449931454173604,0.013615337859492926,0.0015406638977571024,0.009723687270930252,0.09277349448559528,0.043860055085866344,0.25762118319503235,0.041591182088714915,0.1827634830340115
19,implicit_add_armature,1,8,F_L/left_middle_1_joint,hand48,8,0.005125534244960353,0.002700008957677526,0.013907688511686264,0.0016760453807233445,0.010035355039074028,0.10555493988719054,0.05036001969978215,0.292055509731309,0.04963778727813183,0.20834925735589083
19,implicit_add_armature,1,9,F_L/left_pinky_1_joint,hand48,8,0.0021736401112247908,0.0009183568084238352,0.006109249309728462,0.0008035075712288075,0.004140612690730171,0.023072480190815446,0.016213584672216865,0.05031731289011141,0.016213584672216865,0.04471773201570803
19,implicit_add_armature,1,10,F_L/left_ring_1_joint,hand48,8,0.004623360049366854,0.002301628000228824,0.012715347380796285,0.0015886240347522673,0.009040526606852735,0.08384795838820636,0.04615543429205468,0.22573770537322924,0.04615543429205468,0.16571801497804323
19,implicit_add_armature,1,11,F_L/left_thumb_1_joint,hand48,8,8.748755467213884e-05,4.733284226881955e-05,0.00023613894045004802,-2.7815384822093073e-05,0.00017026410300301627,0.0038855259112945883,0.0017653429240341862,0.010866427438572444,-0.0013825435484284864,0.007475486355157454
19,implicit_add_armature,1,12,F_L/left_index_2_joint,hand48,8,1.113676456118006e-06,9.077187031261702e-07,2.336343119996309e-06,-9.077187031261702e-07,2.040808795740478e-06,0.00024417156675123904,0.00014891371590664126,0.0006268904602387854,7.209127241207902e-05,0.0004722740663402392
19,implicit_add_armature,1,13,F_L/left_middle_2_joint,hand48,8,6.462982117494435e-05,3.471464560455932e-05,0.0001739203484622115,1.7660123166287137e-05,0.00012543763311791405,0.0013586347969765297,0.0006800935020114514,0.00372686874872211,0.0005757988131912332,0.002707720428831023
19,implicit_add_armature,1,14,F_L/left_pinky_2_joint,hand48,8,7.880702151145605e-05,4.226422720404743e-05,0.00021272848964613844,2.3176464136678496e-05,0.0001516756842904715,0.0012190813342112593,0.000613094624808966,0.0033500994652551665,0.0005835829624880074,0.002424458048641536
19,implicit_add_armature,1,15,F_L/left_ring_2_joint,hand48,8,0.0001448970920429303,7.526949883596406e-05,0.0003948750464291828,4.298576752375608e-05,0.00028034195457189384,0.00206854733605229,0.0011318370691427925,0.0055805339922739665,0.0011318370691427925,0.004098794931278012
19,implicit_add_armature,1,16,F_L/left_thumb_2_joint,hand48,8,0.00028350858291503067,0.00019894135816831554,0.0005014628062400689,0.00018010499056919475,0.0004970146560128334,0.00865664629967605,0.005068804972627168,0.022841045410862675,0.003860868613324994,0.01744442945907239
19,implicit_add_armature,1,17,F_L/left_thumb_3_joint,hand48,8,0.0014438852841312856,0.0010042980383168192,0.0026772053022377923,0.000915488884658755,0.0026128487170119915,0.049617033346226795,0.030536816028812346,0.1254000875950542,0.024655525223148587,0.09917553897898597
19,implicit_add_armature,1,18,F_L/left_thumb_4_joint,hand48,8,4.5690248073520935e-06,2.2269458772143647e-06,1.2620324269824179e-05,-1.4816492566321893e-06,8.818741520654615e-06,4.7621198925708734e-05,2.6367896334776733e-05,0.00012860418402907254,-1.379524823984482e-05,9.414576237883897e-05
19,implicit_add_armature,1,19,F_R/fr3_joint1,controlled26,8,5.5963936299524626e-05,4.615214790404387e-05,9.978233523866287e-05,4.19121023602087e-05,9.37359675078908e-05,0.0012025151037543744,0.001070685839055368,0.0018833787319764497,0.0010261388152574922,0.0018291180025917226
19,implicit_add_armature,1,20,F_R/fr3_joint2,controlled26,8,0.0002305050691521448,0.00021280731907749595,0.0003819496786650056,-0.00021280731907749595,0.0003474941160306221,0.004796289961158011,0.004466725144427909,0.007045220463192475,-0.004466725144427909,0.006752052819187216
19,implicit_add_armature,1,21,F_R/fr3_joint3,controlled26,8,6.427945900365725e-05,3.396286567314277e-05,0.00016826241774459127,-3.3537350217993644e-05,0.00012768393698469043,0.006117430362669106,0.0042242319794844226,0.01417768593548803,-0.0042242319794844226,0.012279794963883938
19,implicit_add_armature,1,22,F_R/fr3_joint4,controlled26,8,3.729700826630122e-05,2.4608796651157117e-05,9.32025228232991e-05,-8.323105516225282e-06,7.406541988132507e-05,0.0013107211598065082,0.0009092964487004706,0.0027177217650586998,-0.00022986600743579575,0.0024003533361562344
19,implicit_add_armature,1,23,F_R/fr3_joint5,controlled26,8,7.50595955918765e-05,6.26043794417358e-05,0.0001399615239541241,-6.26043794417358e-05,0.0001286305465870663,0.005231682294635864,0.0046617102328964525,0.009471978030414333,-0.0046617102328964525,0.00866065070215452
19,implicit_add_armature,1,24,F_R/fr3_joint6,controlled26,8,2.2881246390314093e-05,1.1592475909927291e-05,5.818086443198922e-05,9.966758507118367e-06,4.760518139632629e-05,0.0004131331524043145,0.0003372957093810068,0.0008885602810910533,-0.00011515563910824346,0.0007545889774550953
19,implicit_add_armature,1,25,F_R/fr3_joint7,controlled26,8,3.33145251180507e-05,2.9889409314254323e-05,5.3776049115272784e-05,2.9889409314254323e-05,5.233537719609993e-05,0.002422260339781529,0.002199768786806565,0.003993850674191501,0.002199768786806565,0.0037170594039536357
19,implicit_add_armature,1,26,F_R/right_index_1_joint,hand48,8,0.0024825901581547504,0.0022986001954609717,0.0038490142597168153,-0.0022986001954609717,0.003563503126542806,0.16811314326255153,0.15508027602198027,0.2455318091502896,-0.15508027602198027,0.24469789371360212
19,implicit_add_armature,1,27,F_R/right_middle_1_joint,hand48,8,0.0029257636226414025,0.0026917604134914265,0.004574182646174457,-0.0026917604134914265,0.004266325188690293,0.1968204866368615,0.18252777971316458,0.28341891785717543,-0.18252777971316458,0.282160327422975
19,implicit_add_armature,1,28,F_R/right_pinky_1_joint,hand48,8,0.0021990620659836026,0.0019836775262351974,0.003429361248499227,-0.0019836775262351974,0.00315889737164364,0.1513522770096594,0.13904256677695156,0.2233525458657165,-0.13904256677695156,0.22260059731304097
19,implicit_add_armature,1,29,F_R/right_ring_1_joint,hand48,8,0.0025510649412816074,0.0023165719968495837,0.004039981876914359,-0.0023165719968495837,0.003746569574561687,0.17506585692060317,0.161747573659481,0.2542161113606083,-0.161747573659481,0.25373464424977193
19,implicit_add_armature,1,30,F_R/right_thumb_1_joint,hand48,8,2.920032283636164e-05,2.7516872137872336e-05,4.2759090921343224e-05,2.7516872137872336e-05,4.002202811799783e-05,0.0021885010540165237,0.0020080240427644315,0.0034508478650419816,0.0020080240427644315,0.003295408003394367
19,implicit_add_armature,1,31,F_R/right_index_2_joint,hand48,8,7.733127270780136e-06,7.190423696558541e-06,1.20364876394774e-05,7.190423696558541e-06,1.1331001235259998e-05,8.663891228217891e-05,4.937885529569814e-05,0.00023747196961245972,1.638429332405949e-05,0.0001639150913589981
19,implicit_add_armature,1,32,F_R/right_middle_2_joint,hand48,8,1.462681819226902e-05,1.3161990826512232e-05,2.373751051086559e-05,-1.3161990826512232e-05,2.1944972372892056e-05,0.0014577622081379405,0.0013628174329594757,0.0021621798469484373,-0.0013628174329594757,0.002063002013112187
19,implicit_add_armature,1,33,F_R/right_pinky_2_joint,hand48,8,1.123391032620163e-05,1.0129263500647731e-05,1.8000237164417232e-05,-1.0129263500647731e-05,1.6742363967872653e-05,0.0009536226620599941,0.0008860716567084556,0.0014127817454102688,-0.0008860716567084556,0.0013700808308476555
19,implicit_add_armature,1,34,F_R/right_ring_2_joint,hand48,8,3.966164537654574e-05,3.6039132838094554e-05,6.170101443803144e-05,-3.6039132838094554e-05,5.7005115509957394e-05,0.0030652693158213775,0.0028404604470441148,0.0045191180941038245,-0.0028404604470441148,0.004430379957150451
19,implicit_add_armature,1,35,F_R/right_thumb_2_joint,hand48,8,0.000306427134209577,0.000264828559278874,0.0004946957718081624,0.00026125830460235495,0.0004838629203574883,0.019035063340304623,0.01763054166952771,0.029233362943380588,0.01763054166952771,0.02811021238247779
19,implicit_add_armature,1,36,F_R/right_thumb_3_joint,hand48,8,0.003191057261375078,0.0027315597261235794,0.0051886643245900865,0.002710175004090095,0.005070066990016647,0.19590198940175066,0.18148273646966406,0.3002183182023199,0.18148273646966406,0.28953176888744053
19,implicit_add_armature,1,37,F_R/right_thumb_4_joint,hand48,8,9.902458361887058e-06,9.080237772754463e-06,1.496497114661377e-05,-9.080237772754463e-06,1.4043378871166078e-05,0.0005972155431059424,0.0005451432469488603,0.0009009011367260419,-0.0005451432469488603,0.0008942795403615848
19,implicit_add_armature,1,38,U_L/shoulder_pan_joint,controlled26,8,0.00025127137073350164,0.0002177973465591898,0.0005162806949510212,-0.0002177973465591898,0.0004418391735305337,0.032779424594887877,0.03038493966159231,0.05253586824761364,-0.03038493966159231,0.05170397538756432
19,implicit_add_armature,1,39,U_L/shoulder_lift_joint,controlled26,8,0.00026372582209794796,0.00024819443290324816,0.00039287536515431043,0.00024819443290324816,0.00037603015933567184,0.052770867002558806,0.05186487528617298,0.06895452652732015,-0.05186487528617298,0.06878698583467503
19,implicit_add_armature,1,40,U_L/elbow_joint,controlled26,8,0.0003039586491120313,0.00028433607284539253,0.0003520317809526663,-0.00027520175321577023,0.0003519002756704248,0.08950289231895685,0.08875401761720572,0.10994378711664399,0.08875401761720572,0.10909668886782696
19,implicit_add_armature,1,41,U_L/wrist_1_joint,controlled26,8,0.00016107214370565282,9.887499173272252e-05,0.00038514985828186354,-9.887499173272252e-05,0.0003315894900544735,0.0037041974467871552,0.003116763772260097,0.007566948463426371,0.003116763772260097,0.006736087442483404
19,implicit_add_armature,1,42,U_L/wrist_2_joint,controlled26,8,0.00014497921458988205,7.348556539632511e-05,0.00035658720858755544,6.613527087351301e-05,0.00030244533335403994,0.0027795076953633664,0.0020463799104627387,0.00638433089276641,-0.0017715083006860938,0.005491091212530258
19,implicit_add_armature,1,43,U_L/wrist_3_joint,controlled26,8,0.00014422298033663213,7.075993199012753e-05,0.0003560731689842278,6.799923256362028e-05,0.0003010847810705152,0.0016046989402528796,0.0009359367169465462,0.004108560409830708,-0.0009359367169465462,0.003266451125283221
19,implicit_add_armature,1,44,U_L/left_index_1_joint,hand48,8,0.008380144705373774,0.008333231612216751,0.009536512224974203,-0.008333231612216751,0.009420652973545194,0.3594319650973511,0.35758410756381465,0.4208358970178805,-0.35758410756381465,0.41472329373965294
19,implicit_add_armature,1,45,U_L/left_little_1_joint,hand48,8,0.0070357081611826374,0.006974385542749184,0.008841830710743445,-0.006974385542749184,0.00837998638659545,0.248276403408979,0.24657372305316,0.2931491474215196,-0.24657372305316,0.29057374804104835
19,implicit_add_armature,1,46,U_L/left_middle_1_joint,hand48,8,0.009108790966496638,0.009057976070733172,0.010387663898117731,-0.009057976070733172,0.01024047393101567,0.39042825980049956,0.3882174764409113,0.46162606672569817,-0.3882174764409113,0.4536795283894754
19,implicit_add_armature,1,47,U_L/left_ring_1_joint,hand48,8,0.008527419812884914,0.008470702176323308,0.010138489946027895,-0.008470702176323308,0.009823751280012479,0.3427018768347747,0.340559334374253,0.4076753186354561,-0.340559334374253,0.400769802344275
19,implicit_add_armature,1,48,U_L/left_thumb_1_joint,hand48,8,7.66978705733642e-05,7.565128900524631e-05,9.235147596736715e-05,7.565128900524631e-05,9.17333946193033e-05,0.002773714397457486,0.00250086718852679,0.0044234640841515245,0.00250086718852679,0.004062530477602259
19,implicit_add_armature,1,49,U_L/left_index_2_joint,hand48,8,0.00012544106273602968,7.709148285721217e-05,0.000256489418515915,-3.561705994904914e-05,0.00023473878548354029,0.004588257539892201,0.002453846508030182,0.01055621066180618,0.0020721196540090746,0.00945328035281143
19,implicit_add_armature,1,50,U_L/left_little_2_joint,hand48,8,3.230249499295517e-05,2.999218847743977e-05,5.29767592060415e-05,-2.999218847743977e-05,4.6945035822684715e-05,0.00125412728764636,0.0012165934570440746,0.001751825829533221,-0.0012165934570440746,0.0017190065699778433
19,implicit_add_armature,1,51,U_L/left_middle_2_joint,hand48,8,0.00013474565457715062,0.00010446942050337457,0.00027197208398230255,-9.728870364057382e-05,0.0002559875917107032,0.0034662042300628465,0.003271908930855361,0.005819064259706055,-0.000971691739140135,0.005253436413616423
19,implicit_add_armature,1,52,U_L/left_ring_2_joint,hand48,8,0.00012485766935547055,0.00011778071761749456,0.0001956919712323285,-0.00011778071761749456,0.00018997718728681125,0.0035320141015600507,0.0031411663260541966,0.005083661306352125,-0.00312304409246801,0.00487124809151677
19,implicit_add_armature,1,53,U_L/left_thumb_2_joint,hand48,8,0.0011237381643390033,0.001109380302730707,0.001392409279259585,0.001109380302730707,0.0013849785919814762,0.05070642095379001,0.05060231678969042,0.05701466696975379,0.05060231678969042,0.05557108540840387
19,implicit_add_armature,1,54,U_L/left_thumb_3_joint,hand48,8,0.005745005635347971,0.005683027976430981,0.0070760731200071175,0.005683027976430981,0.006985681080713951,0.2574777432091553,0.2572276919388987,0.2773548211096509,0.2572276919388987,0.27595102879849454
19,implicit_add_armature,1,55,U_L/left_thumb_4_joint,hand48,8,8.445731176433896e-06,8.358874228408392e-06,1.073809588215957e-05,-8.358874228408392e-06,1.0149107288469349e-05,0.00039818328955995683,0.0003957035544592526,0.00046332671545500374,-0.0003957035544592526,0.0004560705391648016
19,implicit_add_armature,1,56,U_R/shoulder_pan_joint,controlled26,8,0.00021130721599857443,0.0001558701593455114,0.00048607507658005034,-0.00011866048216543912,0.00040370017530743084,0.025109303234118113,0.022366198234503733,0.04715017759120815,-0.022366198234503733,0.042042167294917776
19,implicit_add_armature,1,57,U_R/shoulder_lift_joint,controlled26,8,0.00015436125758697198,0.00012814413226058807,0.0002869954868751634,-8.923991952702881e-05,0.0002629253046189994,0.03142761153320721,0.03132171528189889,0.03685554832810459,-0.03132171528189889,0.035656914213023395
19,implicit_add_armature,1,58,U_R/elbow_joint,controlled26,8,0.00030283165285083555,0.0002970720942439553,0.00037900871348672815,-0.0002970720942439553,0.0003730635802939641,0.08110827102021267,0.08063703564036888,0.08925122176005885,0.08063703564036888,0.08779052645959888
19,implicit_add_armature,1,59,U_R/wrist_1_joint,controlled26,8,0.001022665627434356,0.00040642336531648837,0.002888679085457646,0.00038001652492036797,0.001914610982102037,0.10846274787724293,0.04811239280524947,0.3052858871443194,0.0317214789626485,0.20335318661835283
19,implicit_add_armature,1,60,U_R/wrist_2_joint,controlled26,8,0.0006531250813178691,0.00027469213188902053,0.0018349713014265134,0.00018405069346760783,0.0012637491428665983,0.07920525241930332,0.030515987413222215,0.22318909522515468,0.030119191843145127,0.15182424437882297
19,implicit_add_armature,1,61,U_R/wrist_3_joint,controlled26,8,4.6079160995046454e-05,2.5969883730381227e-05,0.00010134495535130128,-2.5969883730381227e-05,9.430960147995826e-05,0.0006883897703512183,0.00044059062362259425,0.0017857987313457256,-0.00021484133959908042,0.001374525975769925
19,implicit_add_armature,1,62,U_R/right_index_1_joint,hand48,8,0.007507897029220664,0.007412920260662625,0.007975741997771957,0.007412920260662625,0.007965021451059345,0.2343582104654174,0.23391753488297262,0.24919460930917853,0.23391753488297262,0.24804127370063417
19,implicit_add_armature,1,63,U_R/right_little_1_joint,hand48,8,0.006726256209227932,0.006699305053910028,0.007631069291217409,0.006699305053910028,0.007399831518444304,0.14293966184348894,0.13771367161797782,0.18119203468698164,0.13771367161797782,0.17273165780376887
19,implicit_add_armature,1,64,U_R/right_middle_1_joint,hand48,8,0.008767615892773197,0.008691302254608662,0.009472694270030488,0.008691302254608662,0.009418277293473878,0.28238265278113683,0.28071222428600706,0.31275561258041384,0.28071222428600706,0.3089928901230722
19,implicit_add_armature,1,65,U_R/right_ring_1_joint,hand48,8,0.00822239117365553,0.008173172009126706,0.00913671938180375,0.008173172009126706,0.008968963655883164,0.2345821482706809,0.23161868425261964,0.2744653995297441,0.23161868425261964,0.2671503110371768
19,implicit_add_armature,1,66,U_R/right_thumb_1_joint,hand48,8,4.7224689370748854e-05,4.663259837522221e-05,5.146798910338202e-05,-3.376560109937671e-05,5.1391728840249895e-05,0.00699243120118909,0.006257163473086707,0.008561844177803635,-0.005779733944861039,0.008502917671236607
19,implicit_add_armature,1,67,U_R/right_index_2_joint,hand48,8,0.000231827181877037,0.0001174126411312322,0.0006036970171386102,9.556967082917714e-05,0.00047928434188615596,0.004635363444433065,0.003519665454198315,0.008663073082062009,-0.003519665454198315,0.008363918560857025
19,implicit_add_armature,1,68,U_R/right_little_2_joint,hand48,8,0.0002893210569756086,0.0001682805988533955,0.0007329958193064839,0.00016334975061383684,0.0005975343528507487,0.004465455321759836,0.002729318643032474,0.008810470083601554,-0.0027089929801308588,0.008304005294064862
19,implicit_add_armature,1,69,U_R/right_middle_2_joint,hand48,8,0.0002616302442932978,0.00018012291286109792,0.0006279151031716584,0.00018012291286109792,0.0005255536415873204,0.003419485892965338,0.0024380650402921647,0.006730716328668449,-0.0016384671825050504,0.006194686560825189
19,implicit_add_armature,1,70,U_R/right_ring_2_joint,hand48,8,0.00032846451286468956,0.0002539073866923451,0.0007413525914117258,0.0002539073866923451,0.0006334132552271955,0.0034391040745287704,0.0031567620912787897,0.006136473626996885,-0.00039180620985626547,0.005443986923474473
19,implicit_add_armature,1,71,U_R/right_thumb_2_joint,hand48,8,0.0007761251739748785,0.0006949376910579917,0.0012039634641148739,-0.0006949376910579917,0.0011386590265853236,0.020804036344576494,0.016681214598726006,0.04036231254261603,0.015484220861809202,0.0351990636747211
19,implicit_add_armature,1,72,U_R/right_thumb_3_joint,hand48,8,0.004831304762613222,0.004652384025411457,0.007045476146942703,-0.004652384025411457,0.006516619456051953,0.060632068807704956,0.050674695664524774,0.09923537109232064,-0.019124775774152666,0.09359385706462087
19,implicit_add_armature,1,73,U_R/right_thumb_4_joint,hand48,8,6.408148183825429e-05,6.381782571782037e-05,7.084833857994716e-05,6.381782571782037e-05,6.915282351924075e-05,0.001809289426608177,0.0018022280526041844,0.0020168033840284112,0.0018022280526041844,0.0019837325603314516
19,implicit_mass_as_recorded,both,0,F_L/fr3_joint1,controlled26,16,7.860640087564037e-05,5.128854259327069e-05,0.00018004218797204596,2.4141860317671363e-05,0.0001578072925943405,0.0091879803582109,0.004141661895609007,0.029398975250214184,0.0025727306672525,0.023089317425471104
19,implicit_mass_as_recorded,both,1,F_L/fr3_joint2,controlled26,16,6.538761457703742e-05,3.884189889208356e-05,0.00013475694303277663,-2.3432439694159868e-05,0.00013147475888397597,0.004480947880118666,0.0026345698516510255,0.010202768415653873,0.0015850046173951993,0.009866498681521835
19,implicit_mass_as_recorded,both,2,F_L/fr3_joint3,controlled26,16,6.92225061187853e-05,4.301722075961134e-05,0.00017215290434635655,4.296674716042226e-05,0.00012823403552414403,0.002360818956294178,0.0013303711521309878,0.005538486700836336,-0.0013130439018797973,0.005236385580521733
19,implicit_mass_as_recorded,both,3,F_L/fr3_joint4,controlled26,16,8.691833877948406e-05,4.9626212525466507e-05,0.00024541617444917563,4.9626212525466507e-05,0.0002105281605513376,0.011157501491483491,0.005586753483690589,0.03535854691798494,-0.005586753483690589,0.026892960157266832
19,implicit_mass_as_recorded,both,4,F_L/fr3_joint5,controlled26,16,5.999371860220002e-05,2.893110528720544e-05,0.00017829558291060366,2.8733760884941395e-05,0.00015467520305256777,0.003498124997868773,0.001914854015141998,0.010594496477154654,0.0005905419554976664,0.007563952074231237
19,implicit_mass_as_recorded,both,5,F_L/fr3_joint6,controlled26,16,2.7570615178774812e-05,1.673522649606185e-05,6.899311354802151e-05,-1.673522649606185e-05,5.659080979070197e-05,0.004788944965726565,0.002074930474293641,0.01726427139385984,0.0008415930251016651,0.008159656591347512
19,implicit_mass_as_recorded,both,6,F_L/fr3_joint7,controlled26,16,9.2166067034473e-05,4.812158844835768e-05,0.00025789286311228565,1.9366092382872013e-05,0.00023978913216776698,0.001454883122777763,0.0007291533015707165,0.005391817883391511,0.0004526182296608812,0.0023182302955218935
19,implicit_mass_as_recorded,both,7,F_L/left_index_1_joint,hand48,16,0.004361389754935451,0.002299328608340476,0.013615337859492926,0.0012841090702063488,0.010610269429579863,0.2241755760922918,0.09985630900928393,0.8299102292502375,0.06981927481375545,0.4006934447088336
19,implicit_mass_as_recorded,both,8,F_L/left_middle_1_joint,hand48,16,0.004424644396923341,0.0023361366559547384,0.013907688511686264,0.0013812933896176311,0.010678889266642625,0.2331496927559889,0.1050555401723729,0.8559506901920212,0.07864522591501694,0.43302930484648705
19,implicit_mass_as_recorded,both,9,F_L/left_pinky_1_joint,hand48,16,0.0020490673576415348,0.0008972077813203883,0.006109249309728462,0.0006967462004070077,0.005533779586922,0.06554581670665986,0.03089108160692413,0.24689435511942995,0.03089108160692413,0.09946157344744105
19,implicit_mass_as_recorded,both,10,F_L/left_ring_1_joint,hand48,16,0.004038843446662861,0.0020328936851149388,0.012715347380796285,0.00131165929234361,0.010004592691221548,0.203346231728501,0.0886347582530086,0.7632721081804104,0.07414930028763207,0.3601213060750245
19,implicit_mass_as_recorded,both,11,F_L/left_thumb_1_joint,hand48,16,7.177416496182111e-05,3.857209410959659e-05,0.00023613894045004802,-2.153747422134044e-05,0.0001603949843579297,0.01282673463153749,0.005154759444574497,0.048727986237715196,-0.003030713231567915,0.020331817138358133
19,implicit_mass_as_recorded,both,12,F_L/left_index_2_joint,hand48,16,5.0302146985424165e-06,2.3425647131987415e-06,1.910181068306982e-05,-1.7282881202423939e-06,7.807101953985485e-06,0.0011659783570495282,0.0005433885038674605,0.004282417733077531,-0.0001945732448536745,0.001846435542514335
19,implicit_mass_as_recorded,both,13,F_L/left_middle_2_joint,hand48,16,5.402956792764544e-05,2.8551141513749427e-05,0.0001739203484622115,1.3718231882241076e-05,0.00012467538670670603,0.0015553943891863204,0.0007394385497719554,0.004835690023957595,0.000576638475535668,0.004004074067530981
19,implicit_mass_as_recorded,both,14,F_L/left_pinky_2_joint,hand48,16,6.930120765230283e-05,3.722270337274281e-05,0.00021272848964613844,1.9367738755481437e-05,0.00016963553569726217,0.0025715995821077925,0.001212526856657277,0.00931573401011538,0.000907723228880597,0.00484150810147022
19,implicit_mass_as_recorded,both,15,F_L/left_ring_2_joint,hand48,16,0.00012807520834987873,6.667557866634269e-05,0.0003948750464291828,3.5623659784727105e-05,0.0003181943509454419,0.004193741053905775,0.001908971911337608,0.015426161214938575,0.0016256295868088508,0.008041940797940118
19,implicit_mass_as_recorded,both,16,F_L/left_thumb_2_joint,hand48,16,0.0002411453419231375,0.00016138285989147991,0.0005014628062400689,0.00014715926642976367,0.0004919310557531358,0.014770735670486035,0.009074243234033861,0.03613311977725521,0.00792722256797957,0.029501491825712097
19,implicit_mass_as_recorded,both,17,F_L/left_thumb_3_joint,hand48,16,0.0012193822167660777,0.0008030907451796092,0.0026772053022377923,0.0007346674798156634,0.002539298333896791,0.08261578431387945,0.05187446472256352,0.17873113439602195,0.046377401791899905,0.17279555035508082
19,implicit_mass_as_recorded,both,18,F_L/left_thumb_4_joint,hand48,16,4.197792441696557e-06,1.949127134635506e-06,1.2620324269824179e-05,-1.4892179470860772e-06,1.1061229509175263e-05,0.0001559928595517893,8.545327551122674e-05,0.0004889753385082169,-7.814343033089023e-05,0.0002980829283020556
19,implicit_mass_as_recorded,both,19,F_R/fr3_joint1,controlled26,16,4.5792839318548e-05,3.6833750536327536e-05,9.978233523866287e-05,3.143227792477832e-05,8.682583295843704e-05,0.003633947123280321,0.0023119110635750053,0.009778701021040476,0.0010672999240460082,0.007955002753414861
19,implicit_mass_as_recorded,both,20,F_R/fr3_joint2,controlled26,16,0.00018255386555431234,0.00015965227532319104,0.0003819496786650056,-0.00015965227532319104,0.0003081163301627554,0.0041398683868964165,0.00377944926761021,0.007045220463192475,-0.00377944926761021,0.0064170040831812054
19,implicit_mass_as_recorded,both,21,F_R/fr3_joint3,controlled26,16,5.098345636530046e-05,2.617554906862718e-05,0.00016826241774459127,-2.462994127093443e-05,9.389695415584765e-05,0.006479532513220729,0.004650963183566134,0.015443710963361425,-0.004650963183566134,0.014494192192456378
19,implicit_mass_as_recorded,both,22,F_R/fr3_joint4,controlled26,16,2.9459246219518105e-05,1.931316423033763e-05,9.32025228232991e-05,-6.391809243895541e-06,5.219444509049764e-05,0.006530390652101334,0.0031728122841068107,0.019831032243899486,-0.0003542180329870375,0.014050321067134431
19,implicit_mass_as_recorded,both,23,F_R/fr3_joint5,controlled26,16,6.216880836338799e-05,5.175119870568651e-05,0.0001399615239541241,-3.9558873863539123e-05,0.00011568085816757168,0.0061288906726469266,0.005459381191173011,0.01256943125641519,-0.005459381191173011,0.010246341336914547
19,implicit_mass_as_recorded,both,24,F_R/fr3_joint6,controlled26,16,1.8511051029214484e-05,9.65371395195147e-06,5.818086443198922e-05,6.446937533710617e-06,3.6658422092994414e-05,0.0036014413152413317,0.001672997869258743,0.012839855913817231,0.0011589050897430186,0.006805302335252937
19,implicit_mass_as_recorded,both,25,F_R/fr3_joint7,controlled26,16,2.646737145566093e-05,2.2475621666892542e-05,5.3776049115272784e-05,2.2475621666892542e-05,5.0688895002759526e-05,0.0026657108250828297,0.002416647619483627,0.00471127272229821,0.002416647619483627,0.0041732061862181785
19,implicit_mass_as_recorded,both,26,F_R/right_index_1_joint,hand48,16,0.0019481871160598723,0.0016787263283217866,0.0038490142597168153,-0.0016430880365517781,0.0032372046886296538,0.1651270301104549,0.15351439413370058,0.2455318091502896,-0.15351439413370058,0.243744847500245
19,implicit_mass_as_recorded,both,27,F_R/right_middle_1_joint,hand48,16,0.002301983740393622,0.001982370447548929,0.004574182646174457,-0.001932049055315091,0.003914488094422679,0.19183832840626336,0.17820985152557894,0.28341891785717543,-0.17820985152557894,0.28072193835531734
19,implicit_mass_as_recorded,both,28,F_R/right_pinky_1_joint,hand48,16,0.0017357513986463497,0.0014931109540745587,0.003429361248499227,-0.0013966572219261423,0.0028497957980943983,0.14838988234560943,0.13673923832852092,0.2233525458657165,-0.13673923832852092,0.22174122753855463
19,implicit_mass_as_recorded,both,29,F_R/right_ring_1_joint,hand48,16,0.002010475892635704,0.0017253400176162094,0.004039981876914359,-0.0016429646876888887,0.0034112412290157774,0.16983488885681122,0.15697290869828107,0.2542161113606083,-0.15697290869828107,0.25318439612310184
19,implicit_mass_as_recorded,both,30,F_R/right_thumb_1_joint,hand48,16,2.2988203236061902e-05,2.0357342036834113e-05,4.2759090921343224e-05,2.0357342036834113e-05,3.689395634274596e-05,0.001963741274066446,0.001757856604132105,0.0034508478650419816,0.0017041526210007732,0.0031429317412075093
19,implicit_mass_as_recorded,both,31,F_R/right_index_2_joint,hand48,16,7.666041257763137e-06,7.197952488684732e-06,1.20364876394774e-05,7.197952488684732e-06,1.0801755826808646e-05,0.0005536118766176063,0.00035724147935263154,0.001380880681021583,0.00030238952608116135,0.001192683002214194
19,implicit_mass_as_recorded,both,32,F_R/right_middle_2_joint,hand48,16,1.0714448674159455e-05,8.267438772992936e-06,2.373751051086559e-05,-7.347231595900006e-06,1.9896357358065164e-05,0.0011908570001136437,0.001011372306136279,0.0021621798469484373,-0.001011372306136279,0.0019496559172993305
19,implicit_mass_as_recorded,both,33,F_R/right_pinky_2_joint,hand48,16,8.456128765979369e-06,6.827169352068875e-06,1.8000237164417232e-05,-6.339117442881979e-06,1.5304794600393135e-05,0.0008564156772232189,0.0007743500290764701,0.0014127817454102688,-0.0007743500290764701,0.0013212797856332406
19,implicit_mass_as_recorded,both,34,F_R/right_ring_2_joint,hand48,16,3.0290812326289716e-05,2.5434796006052265e-05,6.170101443803144e-05,-2.393872118633747e-05,5.163837387787279e-05,0.0027992990597610202,0.0025717899215448444,0.0045191180941038245,-0.0025717899215448444,0.004328964943489453
19,implicit_mass_as_recorded,both,35,F_R/right_thumb_2_joint,hand48,16,0.00024670537996706265,0.00020893618182570364,0.0004946957718081624,0.0001884513612366804,0.0004714825186995751,0.018892697461277905,0.017062033593630996,0.030380692991179372,0.017062033593630996,0.029520195455330283
19,implicit_mass_as_recorded,both,36,F_R/right_thumb_3_joint,hand48,16,0.0025791955301429806,0.0021651296035034772,0.0051886643245900865,0.0019628042580527747,0.004934527179075573,0.19811888498217842,0.1775948598543799,0.32507843432708,0.1773983937051588,0.30643334723350996
19,implicit_mass_as_recorded,both,37,F_R/right_thumb_4_joint,hand48,16,7.972578776398316e-06,6.993449592887502e-06,1.496497114661377e-05,-6.767818323719088e-06,1.2990130556368717e-05,0.0006422280064240588,0.0005944500983484938,0.001016052170165412,-0.0005944500983484938,0.0009296888950858844
19,implicit_mass_as_recorded,both,38,U_L/shoulder_pan_joint,controlled26,16,0.0001644390617819067,0.00013234100400585924,0.0004396472110128613,-0.00011926714465279598,0.00026277296536636463,0.035907132300930095,0.031527722967708796,0.0710409103190362,-0.031527722967708796,0.06971534266034413
19,implicit_mass_as_recorded,both,39,U_L/shoulder_lift_joint,controlled26,16,0.00024711978001727984,0.0002372759757198195,0.0003943345451320468,0.0002372759757198195,0.0003535327644945685,0.04829906312286914,0.046578394301815644,0.06733112833154009,-0.046578394301815644,0.06726578671254166
19,implicit_mass_as_recorded,both,40,U_L/elbow_joint,controlled26,16,0.00028677838841222357,0.0002757995299182553,0.00041604156078145493,-0.0002757995299182553,0.0003597132351817467,0.08286328549658445,0.08091924353798144,0.10780155459293903,0.08091924353798144,0.10751822312609674
19,implicit_mass_as_recorded,both,41,U_L/wrist_1_joint,controlled26,16,8.525298386329897e-05,5.288122086366531e-05,0.00029274348822783125,-4.388209150174571e-05,0.00015809590032844767,0.0031619790188219745,0.002430056781543921,0.006990375726676157,0.0003272536926056528,0.006776777885338092
19,implicit_mass_as_recorded,both,42,U_L/wrist_2_joint,controlled26,16,9.100914225114724e-05,4.982344893933455e-05,0.00026337120727770724,4.331293498527344e-06,0.0001878217295145923,0.00406902242014239,0.0024301770822706447,0.009202591612411659,0.0010987774652458774,0.009104285660937544
19,implicit_mass_as_recorded,both,43,U_L/wrist_3_joint,controlled26,16,7.515380300874151e-05,3.676992814810598e-05,0.0002645737927751135,3.027335414190757e-05,0.00012699122628723192,0.0013036136839076138,0.0007474674247406437,0.0036180880981540597,0.00020889962454854663,0.003317471649438977
19,implicit_mass_as_recorded,both,44,U_L/left_index_1_joint,hand48,16,0.006764774291239648,0.006449788939542331,0.009536452033922373,-0.006449788939542331,0.009288663223464248,0.3979946103399115,0.39401359068671893,0.5033484400652257,-0.39401359068671893,0.481734136213064
19,implicit_mass_as_recorded,both,45,U_L/left_little_1_joint,hand48,16,0.005714158816096595,0.005440494017261804,0.008841782669351456,-0.005440494017261804,0.007852429350746815,0.28004879208427214,0.27597263547504225,0.4010076788006541,-0.27597263547504225,0.34752559260770843
19,implicit_mass_as_recorded,both,46,U_L/left_middle_1_joint,hand48,16,0.00734335212185309,0.00699909729928099,0.01038759447935865,-0.00699909729928099,0.01007269528232256,0.4318840572398161,0.42737457843532345,0.5512404680264493,-0.42737457843532345,0.5236410981021493
19,implicit_mass_as_recorded,both,47,U_L/left_ring_1_joint,hand48,16,0.006890623943126633,0.0065660602616742884,0.010138423586185233,-0.0065660602616742884,0.009464414141813256,0.3821970059316784,0.3775515992870406,0.5153565754912393,-0.3775515992870406,0.4643045764216596
19,implicit_mass_as_recorded,both,48,U_L/left_thumb_1_joint,hand48,16,6.44875349489765e-05,6.165717189449485e-05,9.118728453322289e-05,6.165717189449485e-05,9.001502216729462e-05,0.009405128220662218,0.006249785955195,0.022383642068359764,0.006134180991621871,0.022233255227262997
19,implicit_mass_as_recorded,both,49,U_L/left_index_2_joint,hand48,16,0.00014548629226038032,8.858692120130955e-05,0.000319945324946308,-4.37731409828699e-05,0.0002958042630836037,0.005510223204168545,0.0030912138518725545,0.014381187110384303,0.002840641042262055,0.011443881936210234
19,implicit_mass_as_recorded,both,50,U_L/left_little_2_joint,hand48,16,2.6052679379163153e-05,2.305203996899423e-05,5.296869006447824e-05,-2.0657609480549677e-05,4.0003736839266946e-05,0.0011592023048237607,0.0011060153924510815,0.0018033311462893598,-0.0011060153924510815,0.0017356460687929375
19,implicit_mass_as_recorded,both,51,U_L/left_middle_2_joint,hand48,16,0.00013940075991622302,0.00010065193603680297,0.0002895488442863636,-8.704762050947435e-05,0.0002765071350787386,0.003780237909761813,0.0032773500196334486,0.008611497291002922,-0.0003731083640371877,0.0064400711095682645
19,implicit_mass_as_recorded,both,52,U_L/left_ring_2_joint,hand48,16,0.00010954587608302033,9.561855811623422e-05,0.0001958455877495019,-9.561855811623422e-05,0.00018360134095027694,0.0034396426640829875,0.003063090613339272,0.005195932120418445,-0.0029492795418276084,0.005020644482991155
19,implicit_mass_as_recorded,both,53,U_L/left_thumb_2_joint,hand48,16,0.0008954998758945528,0.0008388319782986139,0.001389895854149295,0.0008388319782986139,0.0013744285120607259,0.05934829578210933,0.057733604685341215,0.0942966479030108,0.057733604685341215,0.09210686922200258
19,implicit_mass_as_recorded,both,54,U_L/left_thumb_3_joint,hand48,16,0.0045784875541797975,0.004298718116821198,0.007075757649604511,0.004298718116821198,0.0068821045435530324,0.2929320813872136,0.28653974856327136,0.4525285548534198,0.28653974856327136,0.4376460715922361
19,implicit_mass_as_recorded,both,55,U_L/left_thumb_4_joint,hand48,16,6.994203757901114e-06,6.712754978599467e-06,1.07260358211958e-05,-6.712754978599467e-06,9.457604533025243e-06,0.0004482849045936907,0.00044293821719544374,0.0005983797612897221,-0.00044293821719544374,0.0005665182518311367
19,implicit_mass_as_recorded,both,56,U_R/shoulder_pan_joint,controlled26,16,0.00014631659350807286,0.00010258364466710079,0.00040417566806305594,-4.162438702053073e-05,0.000266043980830466,0.02903280471763036,0.02435846515967506,0.0667960286342173,-0.02435846515967506,0.054795342330936456
19,implicit_mass_as_recorded,both,57,U_R/shoulder_lift_joint,controlled26,16,0.00013582083444199796,0.00010676289435762598,0.0003151995701484722,-6.060520669537439e-05,0.00026059762961416766,0.02980866149767543,0.02947488854396512,0.0387793903395411,-0.02947488854396512,0.03711042258527732
19,implicit_mass_as_recorded,both,58,U_R/elbow_joint,controlled26,16,0.0002390528376777792,0.00022801459880679442,0.00035307638873494085,-0.00022801459880679442,0.00032486014962090914,0.07389358756042799,0.07278291568951957,0.08961409854674957,0.07278291568951957,0.08678770493823344
19,implicit_mass_as_recorded,both,59,U_R/wrist_1_joint,controlled26,16,0.0008234278192239434,0.0003030402858325565,0.002990508204339548,0.00030191919065597483,0.0017776947818659572,0.0995074938277622,0.04475680298138803,0.3027624169241786,0.02654503165232063,0.2666406828604074
19,implicit_mass_as_recorded,both,60,U_R/wrist_2_joint,controlled26,16,0.0005365785231921587,0.00020763446252541895,0.0019359264638820761,0.00017054811066746778,0.0011692507589435852,0.07168378287382976,0.02760722192626932,0.22010102819935246,0.024928611068116786,0.19185398125340086
19,implicit_mass_as_recorded,both,61,U_R/wrist_3_joint,controlled26,16,6.182500741538391e-05,3.455651797329429e-05,0.00016347304645147887,6.135670228168966e-06,0.00014735664042975216,0.0012111683775810887,0.000745331388015377,0.0031181949311806173,-0.000745331388015377,0.002647498613022921
19,implicit_mass_as_recorded,both,62,U_R/right_index_1_joint,hand48,16,0.00594539604116318,0.005518788485749196,0.007975798308259008,0.005518788485749196,0.00795280129408165,0.25021197380194066,0.24669289688531712,0.3247195758258059,0.24669289688531712,0.2881961716257565
19,implicit_mass_as_recorded,both,63,U_R/right_little_1_joint,hand48,16,0.005357313975514279,0.005065076098267458,0.007630820765447764,0.005065076098267458,0.007135515825841281,0.16943922261204375,0.1633465618499204,0.2766201942536219,0.1633465618499204,0.21460491105297047
19,implicit_mass_as_recorded,both,64,U_R/right_middle_1_joint,hand48,16,0.006957722412301918,0.0065138167745001085,0.009472217788503774,0.0065138167745001085,0.00935597569329181,0.3053299245099465,0.3011957492696547,0.41107664771325675,0.3011957492696547,0.3613608216746611
19,implicit_mass_as_recorded,both,65,U_R/right_ring_1_joint,hand48,16,0.006535606813170927,0.006151863489223379,0.009136339525614517,0.006151863489223379,0.00877715695289667,0.2612622388117406,0.25661494174117694,0.37997353816023033,0.25661494174117694,0.3177384944492525
19,implicit_mass_as_recorded,both,66,U_R/right_thumb_1_joint,hand48,16,4.045154503465152e-05,3.6032144173213376e-05,7.450187533891706e-05,-2.040321183562066e-05,5.697132530817217e-05,0.009807990220048104,0.008592134506728827,0.02030498256324507,-0.0021203832951130178,0.016883388118092132
19,implicit_mass_as_recorded,both,67,U_R/right_index_2_joint,hand48,16,0.0002455437106790453,0.00012316997992766789,0.0006612245174160425,0.00010474112798895645,0.0006180404097621342,0.004813894060895358,0.003787027498797385,0.00936637189118444,-0.003787027498797385,0.008871125773621985
19,implicit_mass_as_recorded,both,68,U_R/right_little_2_joint,hand48,16,0.00029819928835315035,0.00016542008532714758,0.0007722361164533564,0.00016140977940739924,0.0007427795331858972,0.004560480147593262,0.002804234505592629,0.00889975270566748,-0.0027682278737402176,0.008827749875382375
19,implicit_mass_as_recorded,both,69,U_R/right_middle_2_joint,hand48,16,0.0002597988763710677,0.00016549913314907764,0.0006358107903530613,0.00016549913314907764,0.0006298225465561028,0.0033850786920946487,0.002300514050656789,0.006758793237929884,-0.0017760367993560847,0.006284351722878633
19,implicit_mass_as_recorded,both,70,U_R/right_ring_2_joint,hand48,16,0.00031570320337057426,0.00022526269257644232,0.0007412831878343268,0.00022526269257644232,0.0007290168778166933,0.003360852888706864,0.0031333963153507677,0.006142413733847599,-0.00027356536055128493,0.005314679878102108
19,implicit_mass_as_recorded,both,71,U_R/right_thumb_2_joint,hand48,16,0.000626356422998494,0.0005332104830162365,0.0012054958978962999,-0.0005332104830162365,0.0010652816535735368,0.022504783236752444,0.01761852364531348,0.04850322216668805,0.014989662740301155,0.042257254713148305
19,implicit_mass_as_recorded,both,72,U_R/right_thumb_3_joint,hand48,16,0.003918057626274591,0.0035966721691543385,0.007045684807470254,-0.0035966721691543385,0.005912374171118097,0.07708452320645581,0.06384976471269402,0.17104346873865434,-0.03146873708109894,0.12973005035953544
19,implicit_mass_as_recorded,both,73,U_R/right_thumb_4_joint,hand48,16,5.105625269119174e-05,4.831104499344874e-05,7.079621236655287e-05,4.831104499344874e-05,6.716051932905386e-05,0.002066756569567699,0.0020291334119480926,0.003071203084376522,0.0020291334119480926,0.002775477282543434
19,implicit_mass_as_recorded,0,0,F_L/fr3_joint1,controlled26,8,7.491551004131219e-05,4.815231322567379e-05,0.00015039566080177202,1.0553398025230781e-05,0.00014028760473596829,0.010481700482947597,0.004513284483351724,0.029398975250214184,0.003356740539839561,0.020063396983355977
19,implicit_mass_as_recorded,0,1,F_L/fr3_joint2,controlled26,8,6.456034831554534e-05,3.838497891298087e-05,0.00013038069750104242,-2.285797613479912e-05,0.0001248543463172047,0.005180146892552827,0.0030660029439454096,0.010202768415653873,0.0019232913525041812,0.010045842539725588
19,implicit_mass_as_recorded,0,2,F_L/fr3_joint3,controlled26,8,5.446005579623012e-05,3.478882260563032e-05,0.0001041399177519331,3.475713149733717e-05,0.00010062376495649782,0.002039468069590997,0.0009928080247829962,0.005538486700836336,-0.000958153524280615,0.00411889242854781
19,implicit_mass_as_recorded,0,3,F_L/fr3_joint4,controlled26,8,9.334019486236161e-05,5.1336136556445755e-05,0.00024541617444917563,5.1336136556445755e-05,0.00018555214940279,0.01305403575169745,0.006658342233216739,0.03535854691798494,-0.006658342233216739,0.025587428980880587
19,implicit_mass_as_recorded,0,4,F_L/fr3_joint5,controlled26,8,5.238659382328367e-05,2.262674621078542e-05,0.00014680174309988914,2.2332332323848902e-05,0.00010041646930387664,0.0047956782918912024,0.002987911769195374,0.010594496477154654,0.00033928764990671023,0.009180242422457057
19,implicit_mass_as_recorded,0,5,F_L/fr3_joint6,controlled26,8,2.2565920954623714e-05,1.3465798938072648e-05,5.245670853826212e-05,-1.3465798938072648e-05,4.5661306682220894e-05,0.006586272494553623,0.003456200707862972,0.01726427139385984,0.0009895258094790205,0.013015451152687412
19,implicit_mass_as_recorded,0,6,F_L/fr3_joint7,controlled26,8,8.641946497947784e-05,4.3621910682106746e-05,0.00023375455518626076,1.9624048714667053e-05,0.00017313828368114006,0.0019904838722266736,0.0011027394933359061,0.005391817883391511,0.0006844854359459697,0.0038622596704620616
19,implicit_mass_as_recorded,0,7,F_L/left_index_1_joint,hand48,8,0.003585134464468327,0.0019536640712635913,0.009608579952942176,0.0010275542426555952,0.006931392325972736,0.30315417950863394,0.1558525629327015,0.8299102292502375,0.09804736753879598,0.5872483645206048
19,implicit_mass_as_recorded,0,8,F_L/left_middle_1_joint,hand48,8,0.00358940869534091,0.0019722643542319507,0.009602622851628079,0.0010865413985119178,0.006978921020540051,0.3123711144293525,0.15975106064496364,0.8559506901920212,0.10765266455190203,0.6113820988846075
19,implicit_mass_as_recorded,0,9,F_L/left_pinky_1_joint,hand48,8,0.001916414031251808,0.0008760587542169414,0.005341956345986512,0.0005899848295852078,0.003729094692848871,0.08977844303244813,0.04556857854163139,0.24689435511942995,0.04556857854163139,0.17658345059781133
19,implicit_mass_as_recorded,0,10,F_L/left_ring_1_joint,hand48,8,0.0033539610354358,0.0017641593700010536,0.009101007794696636,0.0010346945499349527,0.006498548856798424,0.2750798062208349,0.1311140822139625,0.7632721081804104,0.10214316628320945,0.538353416483064
19,implicit_mass_as_recorded,0,11,F_L/left_thumb_1_joint,hand48,8,5.146833287977116e-05,2.981134595037363e-05,0.00013514699899389027,-1.5259563620587807e-05,9.983598718164422e-05,0.017718716968460915,0.008544175965114809,0.048727986237715196,-0.004678882914707344,0.035055803531353964
19,implicit_mass_as_recorded,0,12,F_L/left_index_2_joint,hand48,8,7.026083160478018e-06,3.7774107232713128e-06,1.910181068306982e-05,-2.5488575373586175e-06,1.3830946609497122e-05,0.001630764024684773,0.0009378632918282796,0.004282417733077531,-0.0004612377621194279,0.003145626044148038
19,implicit_mass_as_recorded,0,13,F_L/left_middle_2_joint,hand48,8,4.075996363824212e-05,2.2387637422939533e-05,0.00010826039945487087,9.776340598195016e-06,7.988657426439834e-05,0.0017299175992714557,0.0007987835975324593,0.004835690023957595,0.0005774781378801026,0.0033053100643700263
19,implicit_mass_as_recorded,0,14,F_L/left_pinky_2_joint,hand48,8,5.8264638715331435e-05,3.218117954143819e-05,0.0001552712177143034,1.5559013374284378e-05,0.0001130430138141919,0.0034263814034592886,0.0018119590885055886,0.00931573401011538,0.0012318634952731868,0.006768058159319967
19,implicit_mass_as_recorded,0,15,F_L/left_ring_2_joint,hand48,8,0.00010868003820956394,5.808165849672132e-05,0.0002926341191175283,2.8261552045698128e-05,0.00021116726971806196,0.00555842063656039,0.0026861067535324233,0.015426161214938575,0.002119422104474909,0.010878018556277413
19,implicit_mass_as_recorded,0,16,F_L/left_thumb_2_joint,hand48,8,0.00018953900726754097,0.0001238243616146443,0.00037675747233689716,0.00011421354229033259,0.00036527942145877303,0.01901083215793149,0.013079681495440554,0.03613311977725521,0.011993576522634145,0.033038360066535086
19,implicit_mass_as_recorded,0,17,F_L/left_thumb_3_joint,hand48,8,0.0009428580314129081,0.0006018834520423993,0.0019216150914744407,0.0005538460749725718,0.0018322515499614707,0.10577752898188876,0.07321211341631469,0.17873113439602195,0.06809927836065122,0.17596119517691608
19,implicit_mass_as_recorded,0,18,F_L/left_thumb_4_joint,hand48,8,3.7903740022497317e-06,1.6713083920566474e-06,1.0541531255625625e-05,-1.4967866375399652e-06,7.501980206151e-06,0.00021540604883606818,0.00014453865468767673,0.0004889753385082169,-0.0001424916124219356,0.00039989221374534147
19,implicit_mass_as_recorded,0,19,F_R/fr3_joint1,controlled26,8,3.258843505864404e-05,2.75153531686112e-05,6.601219394841706e-05,2.0952453489347933e-05,5.7445923838794754e-05,0.0049965088626797455,0.0035531362880946433,0.009778701021040476,0.0011084610328345244,0.008927641829481855
19,implicit_mass_as_recorded,0,20,F_R/fr3_joint2,controlled26,8,0.00011627226992197591,0.00010649723156888613,0.00019987144866595585,-0.00010649723156888613,0.00017873910852587158,0.0033574727296202373,0.0030921733907925113,0.005273500233242842,-0.0030921733907925113,0.0049678717600318235
19,implicit_mass_as_recorded,0,21,F_R/fr3_joint3,controlled26,8,3.266154919935886e-05,1.8388232464111587e-05,6.91084662929331e-05,-1.5722532323875216e-05,6.601982283128693e-05,0.0068224430329364575,0.005077694387647846,0.015443710963361425,-0.005077694387647846,0.013178585433822918
19,implicit_mass_as_recorded,0,22,F_R/fr3_joint4,controlled26,8,1.856414689738911e-05,1.4017531809518147e-05,3.660441814501425e-05,-4.4605129715658e-06,3.515741424491847e-05,0.009141882419903487,0.005436328119513151,0.019831032243899486,-0.00047857005853827947,0.017133367028075788
19,implicit_mass_as_recorded,0,23,F_R/fr3_joint5,controlled26,8,4.5781858593019965e-05,4.089801796963721e-05,7.355622882820878e-05,-1.6513368285342445e-05,6.98897201554638e-05,0.006910579000525977,0.00625705214944957,0.01256943125641519,-0.00625705214944957,0.01094567396920853
19,implicit_mass_as_recorded,0,24,F_R/fr3_joint6,controlled26,8,1.2718749311080217e-05,7.71495199397565e-06,2.948427464666281e-05,2.927116560302867e-06,2.471000989097138e-05,0.005076423947291922,0.0030087000291364793,0.012839855913817231,0.0024329658185942805,0.010023730910487222
19,implicit_mass_as_recorded,0,25,F_R/fr3_joint7,controlled26,8,1.7064170642098e-05,1.5061834019530762e-05,2.7015346813152874e-05,1.5061834019530762e-05,2.6281103083392043e-05,0.0028887165406541763,0.0026335264521606884,0.00471127272229821,0.0026335264521606884,0.0044149359544174375
19,implicit_mass_as_recorded,0,26,F_R/right_index_1_joint,hand48,8,0.0011948272615723728,0.0010588524611826015,0.002080643783868963,-0.0009875758776425846,0.0019393868078599245,0.16208591304793576,0.15194851224542094,0.23340115893361374,-0.15194851224542094,0.22293986295091614
19,implicit_mass_as_recorded,0,27,F_R/right_middle_1_joint,hand48,8,0.0014276433400893516,0.0012729804816064318,0.002444611841529165,-0.0011723376971387554,0.0023027138583735615,0.1867232833136985,0.17389192333799336,0.27856203901881077,-0.17389192333799336,0.259452754913874
19,implicit_mass_as_recorded,0,28,F_R/right_pinky_1_joint,hand48,8,0.0010907758091181924,0.00100254438191392,0.0018771443318285203,-0.0008096369176170872,0.0017358229805036892,0.14536713042871466,0.13443590988009024,0.2080468943422389,-0.13443590988009024,0.20322130270420574
19,implicit_mass_as_recorded,0,29,F_R/right_ring_1_joint,hand48,8,0.001255425941703664,0.001134108038382835,0.002177166700712413,-0.0009693573785281937,0.002034276428737247,0.16443760119469558,0.1521982437370811,0.2451579478345483,-0.1521982437370811,0.22870614204183157
19,implicit_mass_as_recorded,0,30,F_R/right_thumb_1_joint,hand48,8,1.4291820118418466e-05,1.3197811935795889e-05,2.2940280839170435e-05,1.3197811935795889e-05,2.1484405474797225e-05,0.0017096849766880392,0.001507689165499778,0.0030402930332626855,0.0014002811992371148,0.0028105562609059146
19,implicit_mass_as_recorded,0,31,F_R/right_index_2_joint,hand48,8,7.598362964834583e-06,7.205481280810923e-06,1.039017855591906e-05,7.205481280810923e-06,1.0155958752040144e-05,0.0007781169055756958,0.0006651041034095649,0.001380880681021583,0.0005883947588382632,0.0012930550975781346
19,implicit_mass_as_recorded,0,32,F_R/right_middle_2_joint,hand48,8,3.956641296946522e-06,3.372886719473639e-06,6.383854366007191e-06,-1.5324723652877792e-06,6.170181098910654e-06,0.000843332753996979,0.0006599271793130821,0.001478784147262488,-0.0006599271793130821,0.0014435448838905473
19,implicit_mass_as_recorded,0,33,F_R/right_pinky_2_joint,hand48,8,4.100181239470747e-06,3.525075203490019e-06,6.952276190866358e-06,-2.5489713851162277e-06,6.573638664222197e-06,0.0007466588530199182,0.0006626284014444846,0.0011742579041581053,-0.0006626284014444846,0.0011449772455897015
19,implicit_mass_as_recorded,0,34,F_R/right_ring_2_joint,hand48,8,1.618704756273168e-05,1.4830459174009977e-05,2.7786079020181154e-05,-1.1838309534580385e-05,2.5817125116790043e-05,0.0025052493834829713,0.002303119396045574,0.0037783502082824475,-0.002303119396045574,0.0037234690961793692
19,implicit_mass_as_recorded,0,35,F_R/right_thumb_2_joint,hand48,8,0.0001668217624576942,0.00015304380437253327,0.00024893504670982225,0.00011564441787100584,0.0002456720387572862,0.01874925060788682,0.016493525517734288,0.030380692991179372,0.016493525517734288,0.029405237900351853
19,implicit_mass_as_recorded,0,36,F_R/right_thumb_3_joint,hand48,8,0.0017668199455644746,0.001598699480883375,0.0026603592789888678,0.0012154335120154545,0.002630682235055982,0.20031124711707946,0.17370698323909578,0.32507843432708,0.17331405094065358,0.3152990935964696
19,implicit_mass_as_recorded,0,37,F_R/right_thumb_4_joint,hand48,8,5.391228346383303e-06,4.906661413020541e-06,9.03913417149571e-06,-4.455398874683714e-06,8.489077437455472e-06,0.0006842859194397587,0.0006437569497481273,0.001016052170165412,-0.0006437569497481273,0.0009594910933326658
19,implicit_mass_as_recorded,0,38,U_L/shoulder_pan_joint,controlled26,8,6.678460558096499e-05,6.2297776936171e-05,0.00010459087482450613,-3.615005823004447e-05,9.670431078747654e-05,0.039481814089043304,0.033051358771122745,0.0710409103190362,-0.033051358771122745,0.07042231207831323
19,implicit_mass_as_recorded,0,39,U_L/shoulder_lift_joint,controlled26,8,0.00022648542732654504,0.00022029627278075115,0.0003092746826931503,0.00022029627278075115,0.00029449061806205987,0.044044280075369174,0.04169081673751435,0.06733112833154009,-0.04169081673751435,0.06658746072729974
19,implicit_mass_as_recorded,0,40,U_L/elbow_joint,controlled26,8,0.00028334670491409955,0.0002781397615190251,0.00041604156078145493,-0.0002781397615190251,0.0003721114453954954,0.07514860998666802,0.07252822171863149,0.10742377930381597,0.07252822171863149,0.10683324063130908
19,implicit_mass_as_recorded,0,41,U_L/wrist_1_joint,controlled26,8,3.906290710124417e-05,3.234279172870114e-05,8.842449947499276e-05,-1.989382227918224e-05,7.004113452333536e-05,0.003608948461147157,0.002317693711537995,0.006990375726676157,-0.0018879124663385418,0.0068906967340517265
19,implicit_mass_as_recorded,0,42,U_L/wrist_2_joint,controlled26,8,6.395384310148078e-05,3.4978765926396704e-05,0.00016263857026022066,-1.3045172103876013e-05,0.00013132648182359038,0.005526911657487664,0.0034236762711633752,0.009202591612411659,0.003410502541763691,0.009156715501723738
19,implicit_mass_as_recorded,0,43,U_L/wrist_3_joint,controlled26,8,3.5890152517812165e-05,2.195531235110737e-05,6.825000172039353e-05,1.098487900202949e-05,6.658950297060429e-05,0.0017677737544429149,0.0011134890706761544,0.0036180880981540597,0.0005953494954958479,0.0034778004220870212
19,implicit_mass_as_recorded,0,44,U_L/left_index_1_joint,hand48,8,0.004614744598937188,0.00456625497377493,0.005526684640513105,-0.00456625497377493,0.005465558265843853,0.4330489291934827,0.4303371327815724,0.5033484400652257,-0.4303371327815724,0.4932617649342169
19,implicit_mass_as_recorded,0,45,U_L/left_little_1_joint,hand48,8,0.00397512617438073,0.003906577300003869,0.00520758529328276,-0.003906577300003869,0.005004159701606161,0.308496054742423,0.3052854758504361,0.4010076788006541,-0.3052854758504361,0.3760493719106127
19,implicit_mass_as_recorded,0,46,U_L/left_middle_1_joint,hand48,8,0.004987784513824245,0.004940138789820534,0.005919725614303262,-0.004940138789820534,0.005841913821168907,0.46959395881426536,0.4664129530462287,0.5512404680264493,-0.4664129530462287,0.538360762061776
19,implicit_mass_as_recorded,0,47,U_L/left_ring_1_joint,hand48,8,0.004716309193539553,0.004661368440987216,0.005604115753875899,-0.004661368440987216,0.005585415571121239,0.41788511920680943,0.4144352633340481,0.5153565754912393,-0.4144352633340481,0.49153230925876873
19,implicit_mass_as_recorded,0,48,U_L/left_thumb_1_joint,hand48,8,4.9470238912991386e-05,4.760202153195059e-05,6.912466284397789e-05,4.760202153195059e-05,6.898964966264576e-05,0.013036884995358943,0.01014028129590407,0.022383642068359764,0.01014028129590407,0.022313461542514606
19,implicit_mass_as_recorded,0,49,U_L/left_index_2_joint,hand48,8,0.0001630251952466246,0.00010002625050362438,0.000319945324946308,-5.18993913486282e-05,0.000308679496077046,0.006329016541828292,0.0037407462670272893,0.014381187110384303,0.0036407096819779474,0.013002425874567285
19,implicit_mass_as_recorded,0,50,U_L/left_little_2_joint,hand48,8,1.773351727733659e-05,1.6103186320981164e-05,3.361005699036024e-05,-1.131432534409206e-05,2.7756777527814655e-05,0.001024730654137817,0.0009743097657667971,0.0015998116342556244,-0.0009743097657667971,0.001510426356567023
19,implicit_mass_as_recorded,0,51,U_L/left_middle_2_joint,hand48,8,0.00014383122975680803,9.680287868931749e-05,0.0002895488442863636,-7.678006851232107e-05,0.0002817503527970298,0.00408624195838671,0.0032981499628865745,0.008611497291002922,0.0002630773014875669,0.007569167357424673
19,implicit_mass_as_recorded,0,52,U_L/left_ring_2_joint,hand48,8,9.165794829834056e-05,7.343911794774859e-05,0.00016936717091978193,-7.343911794774859e-05,0.0001673933308512343,0.0033235369365363877,0.0029709127270878093,0.004962215270515392,-0.0027432905840644823,0.00466625860113877
19,implicit_mass_as_recorded,0,53,U_L/left_thumb_2_joint,hand48,8,0.0005845107454493424,0.0005683903789266134,0.0007532623413321338,0.0005683903789266134,0.0007459658217458188,0.06699967650025401,0.06501573093040511,0.0942966479030108,0.06501573093040511,0.09327475118520696
19,implicit_mass_as_recorded,0,54,U_L/left_thumb_3_joint,hand48,8,0.0029867150633853586,0.0029144302476283614,0.003763334029918533,0.0029144302476283614,0.0037626904199059437,0.32455375237728085,0.31587370834050676,0.4525285548534198,0.31587370834050676,0.44558339599820074
19,implicit_mass_as_recorded,0,55,U_L/left_thumb_4_joint,hand48,8,5.146450246075324e-06,5.067029782526364e-06,6.256045408048472e-06,-5.067029782526364e-06,6.209870133110085e-06,0.0004888110943620517,0.00048487608729460847,0.0005983797612897221,-0.00048487608729460847,0.0005835110568757156
19,implicit_mass_as_recorded,0,56,U_R/shoulder_pan_joint,controlled26,8,8.607651144478059e-05,5.6633714528131485e-05,0.00022000008508626934,1.0947450130027736e-05,0.00016559583730919582,0.03348214890381283,0.02735193785366838,0.0667960286342173,-0.02735193785366838,0.061195708359352896
19,implicit_mass_as_recorded,0,57,U_R/shoulder_lift_joint,controlled26,8,8.853544020448367e-05,7.107304430442607e-05,0.00015056471162289142,-1.95508032770908e-05,0.00014821753357412425,0.027337644394454918,0.026920687022993856,0.0387793903395411,-0.026920687022993856,0.03533204275952348
19,implicit_mass_as_recorded,0,58,U_R/elbow_joint,controlled26,8,0.0002071549494871103,0.00019618547292366006,0.0002597650444124966,-0.00019618547292366006,0.0002542831367996601,0.06424058426917942,0.06350191265556696,0.08036143751611984,0.06350191265556696,0.0754598768936615
19,implicit_mass_as_recorded,0,59,U_R/wrist_1_joint,controlled26,8,0.00048665359168427463,0.0002001469297099323,0.0013734236410414269,0.0002001469297099323,0.0009131205400271451,0.09073933587032257,0.04180167329561622,0.2546001048391503,0.02184835291417135,0.17328097217556454
19,implicit_mass_as_recorded,0,60,U_R/wrist_2_joint,controlled26,8,0.0003248941926883234,0.0001381964782842804,0.0009136921906307549,0.00011909954374300646,0.0006245121958044826,0.06467231051309454,0.02530447618145456,0.18243829893808367,0.020305098553066357,0.12253064154854326
19,implicit_mass_as_recorded,0,61,U_R/wrist_3_joint,controlled26,8,6.129149148009057e-05,3.119883127389311e-05,0.00016347304645147887,1.4689418856739245e-05,0.0001250822547032459,0.0014262424234626509,0.0009538628266575004,0.0031181949311806173,-0.0009538628266575004,0.0028118950364170114
19,implicit_mass_as_recorded,0,62,U_R/right_index_1_joint,hand48,8,0.0037851818369339352,0.003624710230423652,0.00415102396489625,0.003624710230423652,0.0041381626741812585,0.2651998457393623,0.2595567422446611,0.3247195758258059,0.2595567422446611,0.3076753205324495
19,implicit_mass_as_recorded,0,63,U_R/right_little_1_joint,hand48,8,0.0034870251174428067,0.0034308637485562935,0.004186503131094088,0.0034308637485562935,0.004018119246828636,0.1923456919532139,0.1890031427550385,0.2766201942536219,0.1890031427550385,0.2476797287599845
19,implicit_mass_as_recorded,0,64,U_R/right_middle_1_joint,hand48,8,0.004466503855774854,0.004336391943515396,0.004830233867524264,0.004336391943515396,0.004823383937569769,0.3267389370820509,0.32175575738119677,0.41107664771325675,0.32175575738119677,0.3878759288952454
19,implicit_mass_as_recorded,0,65,U_R/right_ring_1_joint,hand48,8,0.0042215253429871095,0.004130598355949316,0.004812686301762098,0.004130598355949316,0.004702991346063699,0.2855051177231516,0.2816603430042677,0.37997353816023033,0.2816603430042677,0.350930517761774
19,implicit_mass_as_recorded,0,66,U_R/right_thumb_1_joint,hand48,8,3.126571301327808e-05,2.4609718695341176e-05,7.450187533891706e-05,-5.984249860611912e-06,5.626769337836176e-05,0.011821776109075177,0.01064418827813643,0.02030498256324507,0.0021155431040895036,0.018708238488840366
19,implicit_mass_as_recorded,0,67,U_R/right_index_2_joint,hand48,8,0.00025856353101154665,0.00012895959708224616,0.0006612245174160425,0.00011392769154862717,0.0005384095593080352,0.00495375668269832,0.004028715957630357,0.00936637189118444,-0.004028715957630357,0.008603590566068634
19,implicit_mass_as_recorded,0,68,U_R/right_little_2_joint,hand48,8,0.00030683869921363353,0.00016256084907727807,0.0007722361164533564,0.00015947674559202256,0.000639130562891106,0.004651537776869029,0.0028773984731736966,0.00889975270566748,-0.002822083418970068,0.00851107484265349
19,implicit_mass_as_recorded,0,69,U_R/right_middle_2_joint,hand48,8,0.00025800303739167307,0.0001508992683469535,0.0006358107903530613,0.0001508992683469535,0.0005339892943533822,0.00332565534340397,0.002155288378519818,0.006126204551194883,-0.0018898719699944604,0.005832008904018225
19,implicit_mass_as_recorded,0,70,U_R/right_ring_2_joint,hand48,8,0.00030244170588670675,0.00019663491239264082,0.0007249281078108155,0.00019663491239264082,0.0006173391386355904,0.0032756637497713945,0.003109737185440205,0.00503876859285361,-0.00014132085301377779,0.00484479698210089
19,implicit_mass_as_recorded,0,71,U_R/right_thumb_2_joint,hand48,8,0.0004251033235545585,0.0003700480090557852,0.0007864448224474963,-0.0003700480090557852,0.0006838812754338221,0.02428827377683647,0.018772629801107527,0.04850322216668805,0.014706403730169732,0.043066103224255914
19,implicit_mass_as_recorded,0,72,U_R/right_thumb_3_joint,hand48,8,0.0027128029532904733,0.0025407747600224226,0.004682571527718921,-0.0025407747600224226,0.004106855996372161,0.09060894869694178,0.07703002288856899,0.17104346873865434,-0.04377881346270189,0.15176387349506548
19,implicit_mass_as_recorded,0,73,U_R/right_thumb_4_joint,hand48,8,3.3353680345756346e-05,3.2848148775302226e-05,3.9052430733883814e-05,3.2848148775302226e-05,3.8255419910602355e-05,0.0023016259429039167,0.002264765346556041,0.003071203084376522,0.002264765346556041,0.0029331977101877474
19,implicit_mass_as_recorded,1,0,F_L/fr3_joint1,controlled26,8,8.213159484932579e-05,5.442477196086759e-05,0.00018004218797204596,3.7730322610111944e-05,0.00016149251535445272,0.007679317750393894,0.0037700393078662887,0.020986098150556746,0.0017887207946654386,0.01523800636040603
19,implicit_mass_as_recorded,1,1,F_L/fr3_joint2,controlled26,8,6.620454444768766e-05,3.929881887118625e-05,0.00013475694303277663,-2.4006903253520617e-05,0.00012905509388442258,0.0036501871157867006,0.0022031367593566423,0.007126740369682971,0.0012467178822862166,0.006967818609204894
19,implicit_mass_as_recorded,1,2,F_L/fr3_joint3,controlled26,8,8.134871252455098e-05,5.124561891359236e-05,0.00017215290434635655,5.117636282350735e-05,0.000151657432229324,0.00264338840920411,0.0016679342794789797,0.005135685207083532,-0.0016679342794789797,0.004979378724345521
19,implicit_mass_as_recorded,1,3,F_L/fr3_joint4,controlled26,8,7.998251843638515e-05,4.791628849448726e-05,0.0001988988225853916,4.791628849448726e-05,0.0001586473156095502,0.008864075228602109,0.00451516473416444,0.024071097903694126,-0.00451516473416444,0.01741989258100106
19,implicit_mass_as_recorded,1,4,F_L/fr3_joint5,controlled26,8,6.673932372323096e-05,3.523546436362546e-05,0.00017829558291060366,3.513518944603389e-05,0.00013504408320881282,0.0012145891165790536,0.0008417962610886224,0.002513288058280161,0.0008417962610886224,0.002204035946364867
19,implicit_mass_as_recorded,1,5,F_L/fr3_joint6,controlled26,8,3.179712021774693e-05,2.0004654054051052e-05,6.899311354802151e-05,-2.0004654054051052e-05,6.072275998372233e-05,0.0015776572495323638,0.0006936602407243098,0.00439995772670599,0.0006936602407243098,0.003093274995493683
19,implicit_mass_as_recorded,1,6,F_L/fr3_joint7,controlled26,8,9.757481180031425e-05,5.262126621460861e-05,0.00025789286311228565,1.9108136051076974e-05,0.00019529800046222948,0.0005209066675448274,0.0003555671098055271,0.0012937010995653544,0.00022075102337579274,0.0010109369612402255
19,implicit_mass_as_recorded,1,7,F_L/left_index_1_joint,hand48,8,0.005018989147287852,0.0026449931454173604,0.013615337859492926,0.0015406638977571024,0.009723687270930252,0.09277349448559528,0.043860055085866344,0.25762118319503235,0.041591182088714915,0.1827634830340115
19,implicit_mass_as_recorded,1,8,F_L/left_middle_1_joint,hand48,8,0.005125534244960353,0.002700008957677526,0.013907688511686264,0.0016760453807233445,0.010035355039074028,0.10555493988719054,0.05036001969978215,0.292055509731309,0.04963778727813183,0.20834925735589083
19,implicit_mass_as_recorded,1,9,F_L/left_pinky_1_joint,hand48,8,0.0021736401112247908,0.0009183568084238352,0.006109249309728462,0.0008035075712288075,0.004140612690730171,0.023072480190815446,0.016213584672216865,0.05031731289011141,0.016213584672216865,0.04471773201570803
19,implicit_mass_as_recorded,1,10,F_L/left_ring_1_joint,hand48,8,0.004623360049366854,0.002301628000228824,0.012715347380796285,0.0015886240347522673,0.009040526606852735,0.08384795838820636,0.04615543429205468,0.22573770537322924,0.04615543429205468,0.16571801497804323
19,implicit_mass_as_recorded,1,11,F_L/left_thumb_1_joint,hand48,8,8.748755467213884e-05,4.733284226881955e-05,0.00023613894045004802,-2.7815384822093073e-05,0.00017026410300301627,0.0038855259112945883,0.0017653429240341862,0.010866427438572444,-0.0013825435484284864,0.007475486355157454
19,implicit_mass_as_recorded,1,12,F_L/left_index_2_joint,hand48,8,1.113676456118006e-06,9.077187031261702e-07,2.336343119996309e-06,-9.077187031261702e-07,2.040808795740478e-06,0.00024417156675123904,0.00014891371590664126,0.0006268904602387854,7.209127241207902e-05,0.0004722740663402392
19,implicit_mass_as_recorded,1,13,F_L/left_middle_2_joint,hand48,8,6.462982117494435e-05,3.471464560455932e-05,0.0001739203484622115,1.7660123166287137e-05,0.00012543763311791405,0.0013586347969765297,0.0006800935020114514,0.00372686874872211,0.0005757988131912332,0.002707720428831023
19,implicit_mass_as_recorded,1,14,F_L/left_pinky_2_joint,hand48,8,7.880702151145605e-05,4.226422720404743e-05,0.00021272848964613844,2.3176464136678496e-05,0.0001516756842904715,0.0012190813342112593,0.000613094624808966,0.0033500994652551665,0.0005835829624880074,0.002424458048641536
19,implicit_mass_as_recorded,1,15,F_L/left_ring_2_joint,hand48,8,0.0001448970920429303,7.526949883596406e-05,0.0003948750464291828,4.298576752375608e-05,0.00028034195457189384,0.00206854733605229,0.0011318370691427925,0.0055805339922739665,0.0011318370691427925,0.004098794931278012
19,implicit_mass_as_recorded,1,16,F_L/left_thumb_2_joint,hand48,8,0.00028350858291503067,0.00019894135816831554,0.0005014628062400689,0.00018010499056919475,0.0004970146560128334,0.00865664629967605,0.005068804972627168,0.022841045410862675,0.003860868613324994,0.01744442945907239
19,implicit_mass_as_recorded,1,17,F_L/left_thumb_3_joint,hand48,8,0.0014438852841312856,0.0010042980383168192,0.0026772053022377923,0.000915488884658755,0.0026128487170119915,0.049617033346226795,0.030536816028812346,0.1254000875950542,0.024655525223148587,0.09917553897898597
19,implicit_mass_as_recorded,1,18,F_L/left_thumb_4_joint,hand48,8,4.5690248073520935e-06,2.2269458772143647e-06,1.2620324269824179e-05,-1.4816492566321893e-06,8.818741520654615e-06,4.7621198925708734e-05,2.6367896334776733e-05,0.00012860418402907254,-1.379524823984482e-05,9.414576237883897e-05
19,implicit_mass_as_recorded,1,19,F_R/fr3_joint1,controlled26,8,5.5963936299524626e-05,4.615214790404387e-05,9.978233523866287e-05,4.19121023602087e-05,9.37359675078908e-05,0.0012025151037543744,0.001070685839055368,0.0018833787319764497,0.0010261388152574922,0.0018291180025917226
19,implicit_mass_as_recorded,1,20,F_R/fr3_joint2,controlled26,8,0.0002305050691521448,0.00021280731907749595,0.0003819496786650056,-0.00021280731907749595,0.0003474941160306221,0.004796289961158011,0.004466725144427909,0.007045220463192475,-0.004466725144427909,0.006752052819187216
19,implicit_mass_as_recorded,1,21,F_R/fr3_joint3,controlled26,8,6.427945900365725e-05,3.396286567314277e-05,0.00016826241774459127,-3.3537350217993644e-05,0.00012768393698469043,0.006117430362669106,0.0042242319794844226,0.01417768593548803,-0.0042242319794844226,0.012279794963883938
19,implicit_mass_as_recorded,1,22,F_R/fr3_joint4,controlled26,8,3.729700826630122e-05,2.4608796651157117e-05,9.32025228232991e-05,-8.323105516225282e-06,7.406541988132507e-05,0.0013107211598065082,0.0009092964487004706,0.0027177217650586998,-0.00022986600743579575,0.0024003533361562344
19,implicit_mass_as_recorded,1,23,F_R/fr3_joint5,controlled26,8,7.50595955918765e-05,6.26043794417358e-05,0.0001399615239541241,-6.26043794417358e-05,0.0001286305465870663,0.005231682294635864,0.0046617102328964525,0.009471978030414333,-0.0046617102328964525,0.00866065070215452
19,implicit_mass_as_recorded,1,24,F_R/fr3_joint6,controlled26,8,2.2881246390314093e-05,1.1592475909927291e-05,5.818086443198922e-05,9.966758507118367e-06,4.760518139632629e-05,0.0004131331524043145,0.0003372957093810068,0.0008885602810910533,-0.00011515563910824346,0.0007545889774550953
19,implicit_mass_as_recorded,1,25,F_R/fr3_joint7,controlled26,8,3.33145251180507e-05,2.9889409314254323e-05,5.3776049115272784e-05,2.9889409314254323e-05,5.233537719609993e-05,0.002422260339781529,0.002199768786806565,0.003993850674191501,0.002199768786806565,0.0037170594039536357
19,implicit_mass_as_recorded,1,26,F_R/right_index_1_joint,hand48,8,0.0024825901581547504,0.0022986001954609717,0.0038490142597168153,-0.0022986001954609717,0.003563503126542806,0.16811314326255153,0.15508027602198027,0.2455318091502896,-0.15508027602198027,0.24469789371360212
19,implicit_mass_as_recorded,1,27,F_R/right_middle_1_joint,hand48,8,0.0029257636226414025,0.0026917604134914265,0.004574182646174457,-0.0026917604134914265,0.004266325188690293,0.1968204866368615,0.18252777971316458,0.28341891785717543,-0.18252777971316458,0.282160327422975
19,implicit_mass_as_recorded,1,28,F_R/right_pinky_1_joint,hand48,8,0.0021990620659836026,0.0019836775262351974,0.003429361248499227,-0.0019836775262351974,0.00315889737164364,0.1513522770096594,0.13904256677695156,0.2233525458657165,-0.13904256677695156,0.22260059731304097
19,implicit_mass_as_recorded,1,29,F_R/right_ring_1_joint,hand48,8,0.0025510649412816074,0.0023165719968495837,0.004039981876914359,-0.0023165719968495837,0.003746569574561687,0.17506585692060317,0.161747573659481,0.2542161113606083,-0.161747573659481,0.25373464424977193
19,implicit_mass_as_recorded,1,30,F_R/right_thumb_1_joint,hand48,8,2.920032283636164e-05,2.7516872137872336e-05,4.2759090921343224e-05,2.7516872137872336e-05,4.002202811799783e-05,0.0021885010540165237,0.0020080240427644315,0.0034508478650419816,0.0020080240427644315,0.003295408003394367
19,implicit_mass_as_recorded,1,31,F_R/right_index_2_joint,hand48,8,7.733127270780136e-06,7.190423696558541e-06,1.20364876394774e-05,7.190423696558541e-06,1.1331001235259998e-05,8.663891228217891e-05,4.937885529569814e-05,0.00023747196961245972,1.638429332405949e-05,0.0001639150913589981
19,implicit_mass_as_recorded,1,32,F_R/right_middle_2_joint,hand48,8,1.462681819226902e-05,1.3161990826512232e-05,2.373751051086559e-05,-1.3161990826512232e-05,2.1944972372892056e-05,0.0014577622081379405,0.0013628174329594757,0.0021621798469484373,-0.0013628174329594757,0.002063002013112187
19,implicit_mass_as_recorded,1,33,F_R/right_pinky_2_joint,hand48,8,1.123391032620163e-05,1.0129263500647731e-05,1.8000237164417232e-05,-1.0129263500647731e-05,1.6742363967872653e-05,0.0009536226620599941,0.0008860716567084556,0.0014127817454102688,-0.0008860716567084556,0.0013700808308476555
19,implicit_mass_as_recorded,1,34,F_R/right_ring_2_joint,hand48,8,3.966164537654574e-05,3.6039132838094554e-05,6.170101443803144e-05,-3.6039132838094554e-05,5.7005115509957394e-05,0.0030652693158213775,0.0028404604470441148,0.0045191180941038245,-0.0028404604470441148,0.004430379957150451
19,implicit_mass_as_recorded,1,35,F_R/right_thumb_2_joint,hand48,8,0.000306427134209577,0.000264828559278874,0.0004946957718081624,0.00026125830460235495,0.0004838629203574883,0.019035063340304623,0.01763054166952771,0.029233362943380588,0.01763054166952771,0.02811021238247779
19,implicit_mass_as_recorded,1,36,F_R/right_thumb_3_joint,hand48,8,0.003191057261375078,0.0027315597261235794,0.0051886643245900865,0.002710175004090095,0.005070066990016647,0.19590198940175066,0.18148273646966406,0.3002183182023199,0.18148273646966406,0.28953176888744053
19,implicit_mass_as_recorded,1,37,F_R/right_thumb_4_joint,hand48,8,9.902458361887058e-06,9.080237772754463e-06,1.496497114661377e-05,-9.080237772754463e-06,1.4043378871166078e-05,0.0005972155431059424,0.0005451432469488603,0.0009009011367260419,-0.0005451432469488603,0.0008942795403615848
19,implicit_mass_as_recorded,1,38,U_L/shoulder_pan_joint,controlled26,8,0.00022275597980036898,0.00020238423107554748,0.0004396472110128613,-0.00020238423107554748,0.0003571058963778294,0.03193478755826029,0.03000408716429484,0.04905330276663916,-0.03000408716429484,0.048771305345844555
19,implicit_mass_as_recorded,1,39,U_L/shoulder_lift_joint,controlled26,8,0.00026615920528940914,0.0002542556786588879,0.0003943345451320468,0.0002542556786588879,0.0003752937141678902,0.05220824063053872,0.05146597186611693,0.06724400617287551,-0.05146597186611693,0.06682846995094589
19,implicit_mass_as_recorded,1,40,U_L/elbow_joint,controlled26,8,0.00029016949001393395,0.0002734592983174855,0.0003409371266485106,-0.0002734592983174855,0.00033593085198692086,0.08991848855295882,0.08931026535733139,0.10780155459293903,0.08931026535733139,0.10751383560835143
19,implicit_mass_as_recorded,1,41,U_L/wrist_1_joint,controlled26,8,0.0001140624031133458,7.341964999862949e-05,0.00029274348822783125,-6.787036072430919e-05,0.0002299079472081188,0.0026404002794508863,0.0025424198515498478,0.004089635358039301,0.0025424198515498478,0.0037415816166855263
19,implicit_mass_as_recorded,1,42,U_L/wrist_2_joint,controlled26,8,0.0001116925865898462,6.466813195227239e-05,0.00026337120727770724,2.17077591009307e-05,0.00022495645750182365,0.0016022279617987625,0.0014366778933779137,0.003123050761810686,-0.0012129476112719365,0.00271940285055211
19,implicit_mass_as_recorded,1,43,U_L/wrist_3_joint,controlled26,8,0.00010004041766007192,5.158454394510459e-05,0.0002645737927751135,4.956182928178565e-05,0.00020036859508076865,0.0005232525459519154,0.0003814457788051331,0.001151473457628986,-0.00017755024639875465,0.0010339114928277706
19,implicit_mass_as_recorded,1,44,U_L/left_index_1_joint,hand48,8,0.008380243117560124,0.008333322905309732,0.009536452033922373,-0.008333322905309732,0.00942081725570858,0.35953865528426004,0.3576900485918655,0.4211386827337265,-0.3576900485918655,0.41491072984140404
19,implicit_mass_as_recorded,1,45,U_L/left_little_1_joint,hand48,8,0.007035736908732596,0.006974410734519739,0.008841782669351456,-0.006974410734519739,0.008380084454002623,0.24836432131866226,0.24665979509964836,0.2934706208975539,-0.24665979509964836,0.290775143432544
19,implicit_mass_as_recorded,1,46,U_L/left_middle_1_joint,hand48,8,0.009108877341072477,0.009058055808741446,0.01038759447935865,-0.009058055808741446,0.010240641520741807,0.39054985807319864,0.3883362038244182,0.46200146252043434,-0.3883362038244182,0.4539133041282783
19,implicit_mass_as_recorded,1,47,U_L/left_ring_1_joint,hand48,8,0.008527474669684709,0.00847075208236136,0.010138423586185233,-0.00847075208236136,0.00982388584547831,0.34281354966189637,0.340667935240033,0.40805022128018853,-0.340667935240033,0.4010040665190925
19,implicit_mass_as_recorded,1,48,U_L/left_thumb_1_joint,hand48,8,7.661579334238134e-05,7.571232225703911e-05,9.118728453322289e-05,7.571232225703911e-05,9.064022876245637e-05,0.0026367600027265635,0.0023592906144859305,0.0037431690858260626,0.0021280806873396705,0.003631226029533129
19,implicit_mass_as_recorded,1,49,U_L/left_index_2_joint,hand48,8,0.00012552015051833527,7.714759189899473e-05,0.0002566548909778421,-3.56468906171116e-05,0.00023490874281590146,0.004546280802235909,0.00244168143671782,0.010464780211485544,0.0020405724025461622,0.009360040207176271
19,implicit_mass_as_recorded,1,50,U_L/left_little_2_joint,hand48,8,3.22956122506038e-05,3.0000893617007293e-05,5.296869006447824e-05,-3.0000893617007293e-05,4.691837855937963e-05,0.001279619886328639,0.001237721019135366,0.0018033311462893598,-0.001237721019135366,0.0017717447767910293
19,implicit_mass_as_recorded,1,51,U_L/left_middle_2_joint,hand48,8,0.0001348247791657201,0.00010450099338428845,0.00027215989867619694,-9.731517250662763e-05,0.0002561782163813184,0.0034471762308185905,0.0032565500763803226,0.005716262382423378,-0.0010092940295619425,0.005228599766655406
19,implicit_mass_as_recorded,1,52,U_L/left_ring_2_joint,hand48,8,0.00012489763187239228,0.00011779799828471986,0.0001958455877495019,-0.00011779799828471986,0.00019013160590986358,0.0035519551721042513,0.003155268499590735,0.005195932120418445,-0.003155268499590735,0.004941556867932848
19,implicit_mass_as_recorded,1,53,U_L/left_thumb_2_joint,hand48,8,0.0011234710694577644,0.0011092735776706145,0.001389895854149295,0.0011092735776706145,0.0013826777611746295,0.05055179297851642,0.050451478440277316,0.05666110260284718,0.050451478440277316,0.05525426033957599
19,implicit_mass_as_recorded,1,54,U_L/left_thumb_3_joint,hand48,8,0.005744965595867881,0.005683005986014034,0.007075757649604511,0.005683005986014034,0.006985386200113821,0.2574553756081177,0.25720578878603595,0.2773104539300324,0.25720578878603595,0.2759051823099634
19,implicit_mass_as_recorded,1,55,U_L/left_thumb_4_joint,hand48,8,8.447000786003714e-06,8.35848017467257e-06,1.07260358211958e-05,-8.35848017467257e-06,1.013410122004954e-05,0.0004037108190298126,0.00040100034709627906,0.00047491296909049337,-0.00040100034709627906,0.00046443533618192
19,implicit_mass_as_recorded,1,56,U_R/shoulder_pan_joint,controlled26,8,0.00018816993715551326,0.0001485335748060701,0.00040417566806305594,-9.41962241710892e-05,0.00033853182767146206,0.02376453669497944,0.021364992465681746,0.04475514889204529,-0.021364992465681746,0.03966867648623926
19,implicit_mass_as_recorded,1,57,U_R/shoulder_lift_joint,controlled26,8,0.0001704584229800321,0.0001424527444108259,0.0003151995701484722,-0.00010165961011365798,0.0002897186645657967,0.032089964155921434,0.032029090064936386,0.03655410000052273,-0.032029090064936386,0.03537931576440281
19,implicit_mass_as_recorded,1,58,U_R/elbow_joint,controlled26,8,0.0002671691323985428,0.0002598437246899288,0.00035307638873494085,-0.0002598437246899288,0.00033990881048172604,0.08242373382622104,0.08206391872347218,0.08961409854674957,0.08206391872347218,0.08829511486277537
19,implicit_mass_as_recorded,1,59,U_R/wrist_1_joint,controlled26,8,0.0010579390476982092,0.00040593364195518067,0.002990508204339548,0.00040369145160201736,0.001963590138482417,0.1075632631597659,0.04771193266715984,0.3027624169241786,0.031241710390469912,0.20136382535793507
19,implicit_mass_as_recorded,1,60,U_R/wrist_2_joint,controlled26,8,0.0006857672977472449,0.0002770724467665575,0.0019359264638820761,0.0002219966775919291,0.001287579410186933,0.07806805817427906,0.02990996767108408,0.22010102819935246,0.029552123583167212,0.14923488628434511
19,implicit_mass_as_recorded,1,61,U_R/wrist_3_joint,controlled26,8,6.235395862309413e-05,3.791420467269546e-05,0.0001419845050891766,-2.4180784004013134e-06,0.00012544741995541562,0.0009485200194092889,0.0005367999493732535,0.0024905998403036886,-0.0005367999493732535,0.0019395234488884037
19,implicit_mass_as_recorded,1,62,U_R/right_index_1_joint,hand48,8,0.007507853663591416,0.00741286674107474,0.007975798308259008,0.00741286674107474,0.007965066368309574,0.23426716690040994,0.23382905152597325,0.24886150018864486,0.23382905152597325,0.24777557728111613
19,implicit_mass_as_recorded,1,63,U_R/right_little_1_joint,hand48,8,0.0067262383168309025,0.006699288447978623,0.007630820765447764,0.006699288447978623,0.007399678460298072,0.14290708556886456,0.13768998094480234,0.18108060069075096,0.13768998094480234,0.17264954376138486
19,implicit_mass_as_recorded,1,64,U_R/right_middle_1_joint,hand48,8,0.008767562126363588,0.00869124160548482,0.009472217788503774,0.00869124160548482,0.009417971477404858,0.2823019528749152,0.28063574115811263,0.3124542053065246,0.28063574115811263,0.3087830853436617
19,implicit_mass_as_recorded,1,65,U_R/right_ring_1_joint,hand48,8,0.008222349822967278,0.008173128622497442,0.009136339525614517,0.008173128622497442,0.008968720991679523,0.23452663518614536,0.23156954047808614,0.2742571831519213,0.23156954047808614,0.2670023445151137
19,implicit_mass_as_recorded,1,66,U_R/right_thumb_1_joint,hand48,8,4.7907308222777597e-05,4.7454569651085576e-05,5.112780863125721e-05,-3.482217381062941e-05,5.1049331091809756e-05,0.007255270769586613,0.0065400807353212225,0.008690685630110346,-0.006356309694315539,0.008625046126574542
19,implicit_mass_as_recorded,1,67,U_R/right_index_2_joint,hand48,8,0.00023179371893757258,0.00011738036277308961,0.0006036457072108314,9.555456442928573e-05,0.0004792026102465747,0.004669844407222681,0.0035453390399644118,0.0087060437344345,-0.0035453390399644118,0.008425562163233896
19,implicit_mass_as_recorded,1,68,U_R/right_little_2_joint,hand48,8,0.00028930199414026853,0.0001682793215770171,0.0007329606720967441,0.00016334281322277593,0.0005974890805992518,0.004467566973593664,0.0027310705380115615,0.008803748931954007,-0.002714372328510368,0.008309069583159788
19,implicit_mass_as_recorded,1,69,U_R/right_middle_2_joint,hand48,8,0.0002615823866853607,0.00018009899795120177,0.00062782646529045,0.00018009899795120177,0.0005254409818686619,0.0034434767372867577,0.0024457397227937603,0.006758793237929884,-0.0016622016287177093,0.00624630540437989
19,implicit_mass_as_recorded,1,70,U_R/right_ring_2_joint,hand48,8,0.0003284296572741614,0.0002538904727602438,0.0007412831878343268,0.0002538904727602438,0.0006333270338958876,0.0034439354345707682,0.00315705544526133,0.006142413733847599,-0.00040580986808879207,0.005469268971070352
19,implicit_mass_as_recorded,1,71,U_R/right_thumb_2_joint,hand48,8,0.0007771305563197248,0.0006963729569766878,0.0012054958978962999,-0.0006963729569766878,0.0011400625838790103,0.020567214055575586,0.01646441748951943,0.04017526556196839,0.015272921750432576,0.03483657359353634
19,implicit_mass_as_recorded,1,72,U_R/right_thumb_3_joint,hand48,8,0.004831464711889704,0.0046525695782862544,0.007045684807470254,-0.0046525695782862544,0.006516806510505914,0.06061407305212398,0.05066950653681905,0.09923502662360975,-0.01915866069949599,0.0935940102354908
19,implicit_mass_as_recorded,1,73,U_R/right_thumb_4_joint,hand48,8,6.403915899765357e-05,6.377394121159525e-05,7.079621236655287e-05,6.377394121159525e-05,6.909955561571999e-05,0.001801522537925669,0.0017935014773401445,0.002009535596786525,0.0017935014773401445,0.001978735319751274
19,implicit_no_coriolis,both,0,F_L/fr3_joint1,controlled26,16,7.841404436654494e-05,5.112861213686648e-05,0.0001799985676255167,2.4311368892984686e-05,0.00015723672098905822,0.009225741963589554,0.004156689001897735,0.029488525475204745,0.002587199911185477,0.023214585235290547
19,implicit_no_coriolis,both,1,F_L/fr3_joint2,controlled26,16,6.549456758051355e-05,3.894381618002596e-05,0.00013499743136291542,-2.3369666516365184e-05,0.00013159041228721913,0.004471951389690146,0.0026251791998582437,0.010193883048915192,0.0015908028346384958,0.009864311085445889
19,implicit_no_coriolis,both,2,F_L/fr3_joint3,controlled26,16,6.887537964153835e-05,4.2739125724194915e-05,0.0001728165354155653,4.268841337323748e-05,0.00012839909077838607,0.0024160031082219252,0.001354517423898493,0.005717770571060682,-0.001337196672976289,0.0052443486134663465
19,implicit_no_coriolis,both,3,F_L/fr3_joint4,controlled26,16,8.682106376539498e-05,4.953357822656823e-05,0.00024532960074408194,4.953357822656823e-05,0.00021045067134339845,0.011162938665989365,0.005594367030693711,0.03536893617813641,-0.005594367030693711,0.026894467289039888
19,implicit_no_coriolis,both,4,F_L/fr3_joint5,controlled26,16,6.0198167026899475e-05,2.9012549734586113e-05,0.00017906228038322425,2.881520914499447e-05,0.00015513219183616034,0.003492744457140294,0.001916180809380213,0.010552044472623135,0.0005971752503023211,0.007559446694593038
19,implicit_no_coriolis,both,5,F_L/fr3_joint6,controlled26,16,2.7475920709740684e-05,1.668146881561583e-05,6.89141636138757e-05,-1.668146881561583e-05,5.641079844198593e-05,0.00479664115680757,0.002078895575039767,0.017289916238062628,0.0008461465566045398,0.008166060158424724
19,implicit_no_coriolis,both,6,F_L/fr3_joint7,controlled26,16,9.216186871927527e-05,4.812005925595997e-05,0.00025787629699980386,1.9364384781547783e-05,0.00023977854247231312,0.0014545920167971006,0.0007290316571860475,0.005390786135345015,0.00045248404713972833,0.0023172551597951205
19,implicit_no_coriolis,both,7,F_L/left_index_1_joint,hand48,16,0.004361726859751183,0.0022994384542590427,0.013616641556648337,0.0012842418720695314,0.010611077490825741,0.22419886505922618,0.0998658901168324,0.8299873742491614,0.069829885896385,0.4007722096468563
19,implicit_no_coriolis,both,8,F_L/left_middle_1_joint,hand48,16,0.004425043597545303,0.0023362664006849965,0.013909226144528705,0.0013814502114264911,0.010679843565343627,0.2331777030171115,0.10506685690797421,0.856041876317928,0.07865775125757443,0.43312210427505254
19,implicit_no_coriolis,both,9,F_L/left_pinky_1_joint,hand48,16,0.0020492923565567788,0.0008972884792289738,0.006110092848961607,0.0006968326349984701,0.005534305132581952,0.06555897294223996,0.030897969088887027,0.24694470286960618,0.030897969088887027,0.0994769443976142
19,implicit_no_coriolis,both,10,F_L/left_ring_1_joint,hand48,16,0.004039225061281357,0.002033015673388785,0.012716794352394908,0.0013118072157235223,0.010005491957892718,0.20337246718846996,0.08864540633176742,0.7633581154241429,0.07416110562265701,0.3602085351063409
19,implicit_no_coriolis,both,11,F_L/left_thumb_1_joint,hand48,16,7.161902204584474e-05,3.852414649299987e-05,0.00023552026232516454,-2.1475489355245528e-05,0.00016003846819329093,0.01281713183723515,0.005150645814953536,0.048695689484498324,-0.0030256395492316767,0.02029228225639715
19,implicit_no_coriolis,both,12,F_L/left_index_2_joint,hand48,16,4.979281305463469e-06,2.3089938275388383e-06,1.892717176890657e-05,-1.6921199482624466e-06,7.764923050074257e-06,0.0011620525077783244,0.0005434960661263629,0.0042614602250806675,-0.0001916789379517427,0.0018413738715772807
19,implicit_no_coriolis,both,13,F_L/left_middle_2_joint,hand48,16,5.4139994023112294e-05,2.8586328081693473e-05,0.00017435164646552315,1.3761828868619728e-05,0.00012494172211924282,0.001564194884317816,0.0007422891689734323,0.004861052784340418,0.0005801267567196307,0.004030211060371722
19,implicit_no_coriolis,both,14,F_L/left_pinky_2_joint,hand48,16,6.932546864043072e-05,3.723024093060063e-05,0.00021282470138453413,1.937780073334736e-05,0.00016969454244487175,0.0025733221528052995,0.001213214314700171,0.009321326843910443,0.0009085274725537722,0.004847371087404297
19,implicit_no_coriolis,both,15,F_L/left_ring_2_joint,hand48,16,0.0001281670915944903,6.670454674727582e-05,0.00039523222504750377,3.565996228178676e-05,0.00031841496255574295,0.004200355375294936,0.0019115417717971753,0.015447172768315564,0.0016285323184116107,0.008063582382794518
19,implicit_no_coriolis,both,16,F_L/left_thumb_2_joint,hand48,16,0.00024086862218893924,0.00016112140887783238,0.0005014447855245935,0.00014689723473240842,0.000491925931066093,0.014729498014237417,0.009053443507369106,0.03596639576192402,0.007906360047971428,0.029459774822558217
19,implicit_no_coriolis,both,17,F_L/left_thumb_3_joint,hand48,16,0.001219335167171646,0.0008030371810148181,0.0026772038293712275,0.0007346138761338038,0.0025392978388846695,0.08260852347029889,0.05187020793236484,0.17873107768837465,0.04637313231297471,0.17279552880993812
19,implicit_no_coriolis,both,18,F_L/left_thumb_4_joint,hand48,16,4.262084424056295e-06,1.971862763686799e-06,1.2860215793691898e-05,-1.512150376387078e-06,1.1212485202326261e-05,0.0001596414010624391,8.725278645050721e-05,0.000503581172690922,-7.997001453265143e-05,0.000301770361514159
19,implicit_no_coriolis,both,19,F_R/fr3_joint1,controlled26,16,4.463154808473219e-05,3.616252563576339e-05,9.476165908939294e-05,3.078041330087378e-05,8.4330391662224e-05,0.0036635926736585866,0.0023290091174091414,0.009985196483108541,0.001009084823112181,0.00800662461266612
19,implicit_no_coriolis,both,20,F_R/fr3_joint2,controlled26,16,0.00018274430371104233,0.0001597707830684053,0.0003827974833308101,-0.0001597707830684053,0.0003083572308170135,0.004155124400627668,0.003790009651218542,0.00711054651876078,-0.003790009651218542,0.0064626238552264355
19,implicit_no_coriolis,both,21,F_R/fr3_joint3,controlled26,16,5.1013771981839024e-05,2.623762380619954e-05,0.0001680444062408526,-2.4714156184393876e-05,9.377718064201845e-05,0.006480265523554275,0.004657917989641001,0.015433267243543478,-0.004657917989641001,0.014479792232153987
19,implicit_no_coriolis,both,22,F_R/fr3_joint4,controlled26,16,2.9459419486710827e-05,1.92754779922491e-05,9.316836563499908e-05,-6.821416367784605e-06,5.2185937414794825e-05,0.006496518341251587,0.0031610746548121375,0.019683212506406346,-0.0003916732911981491,0.01401336765750883
19,implicit_no_coriolis,both,23,F_R/fr3_joint5,controlled26,16,6.227267551546826e-05,5.1865006920087664e-05,0.0001403833870632365,-3.975320520772929e-05,0.00011593350001051772,0.006152912429380493,0.00547533624460614,0.012643643483592258,-0.00547533624460614,0.010330101982404494
19,implicit_no_coriolis,both,24,F_R/fr3_joint6,controlled26,16,1.848756277431275e-05,9.389611337534687e-06,5.8370679519637036e-05,6.78401071854684e-06,3.677337064300623e-05,0.003625325462111616,0.001672947217493286,0.012944643372687224,0.0011857180315341716,0.006831505729089555
19,implicit_no_coriolis,both,25,F_R/fr3_joint7,controlled26,16,2.647169704965323e-05,2.2478783486212794e-05,5.3786875283456936e-05,2.2478783486212794e-05,5.069995945100603e-05,0.002665999038582709,0.0024169066583359274,0.004711522754902803,0.0024169066583359274,0.0041734595700526275
19,implicit_no_coriolis,both,26,F_R/right_index_1_joint,hand48,16,0.0019482327645754327,0.0016787672352327598,0.0038490384216660067,-0.0016431289432362068,0.0032372174331067732,0.1651318521273185,0.15351800459982762,0.24553969165257833,-0.15351800459982762,0.2437646780785017
19,implicit_no_coriolis,both,27,F_R/right_middle_1_joint,hand48,16,0.0023020089276351453,0.0019823965977976594,0.004574151333496784,-0.0019320752047878968,0.0039144673513543185,0.19184157531250545,0.17821226722258232,0.283425455784173,-0.17821226722258232,0.28073943603149226
19,implicit_no_coriolis,both,28,F_R/right_pinky_1_joint,hand48,16,0.0017357943008747467,0.0014931473837787304,0.0034293641278452247,-0.0013966936510551977,0.002849796326695849,0.14839427831375665,0.13674238919132936,0.22335686549332057,-0.13674238919132936,0.22176049890967803
19,implicit_no_coriolis,both,29,F_R/right_ring_1_joint,hand48,16,0.002010550529929885,0.0017254072539841375,0.004040044089568803,-0.0016430319236875601,0.003411276541533198,0.16984240476098877,0.15697863043782506,0.2542234499062227,-0.15697863043782506,0.2532142766037921
19,implicit_no_coriolis,both,30,F_R/right_thumb_1_joint,hand48,16,2.285744698630966e-05,2.0253732412061146e-05,4.246871027703547e-05,2.0253732412061146e-05,3.672317018002698e-05,0.0019537323700033263,0.0017493731372869319,0.0034189426679943,0.0016956691067466583,0.0031224894573102435
19,implicit_no_coriolis,both,31,F_R/right_index_2_joint,hand48,16,7.620227720780599e-06,7.162746685049955e-06,1.1835538685792124e-05,7.162746685049955e-06,1.0723961505667429e-05,0.0005519905074425748,0.00035583437763185154,0.0013764713714140933,0.00029948562854302996,0.0011900604116626013
19,implicit_no_coriolis,both,32,F_R/right_middle_2_joint,hand48,16,1.0734761660557339e-05,8.277666402410795e-06,2.376399475038926e-05,-7.367338814714443e-06,1.9911943906329027e-05,0.0011931857170880712,0.001013081225692544,0.00216467936735308,-0.001013081225692544,0.0019578054571272705
19,implicit_no_coriolis,both,33,F_R/right_pinky_2_joint,hand48,16,8.476206822877175e-06,6.845806147983552e-06,1.8029349904136183e-05,-6.357755113109431e-06,1.5321883314056012e-05,0.0008584425734535332,0.0007758977396181786,0.0014141668620278383,-0.0007758977396181786,0.00132829973081122
19,implicit_no_coriolis,both,34,F_R/right_ring_2_joint,hand48,16,3.0337106284811553e-05,2.5472240450226044e-05,6.177345119152966e-05,-2.397616784749132e-05,5.16813888476117e-05,0.0028033746524625696,0.002574881276649403,0.004521829915171601,-0.002574881276649403,0.004341698235444901
19,implicit_no_coriolis,both,35,F_R/right_thumb_2_joint,hand48,16,0.00024652277834878234,0.00020893970591953203,0.000493848556125269,0.00018816026054086724,0.00047097457502567885,0.018868541142254718,0.017038985793833103,0.030328180980456403,0.017038985793833103,0.029470198999132398
19,implicit_no_coriolis,both,36,F_R/right_thumb_3_joint,hand48,16,0.0025791663049876817,0.002165130632123764,0.005188531672517836,0.001962758515524248,0.004934447454246078,0.19811517147439506,0.1775931349471158,0.3250702270998111,0.17739476904140097,0.3064255116830757
19,implicit_no_coriolis,both,37,F_R/right_thumb_4_joint,hand48,16,7.998104321788816e-06,7.012919257323724e-06,1.5021349082433577e-05,-6.787288406306935e-06,1.3083496507255987e-05,0.0006440805890912299,0.0005959934890025704,0.001019537787422598,-0.0005959934890025704,0.0009352147611198058
19,implicit_no_coriolis,both,38,U_L/shoulder_pan_joint,controlled26,16,0.00018355588357034234,0.00013786943485530334,0.0005218285484458463,-0.0001336435016108528,0.00035820005697118074,0.038208788215894345,0.03249867139372596,0.07860986468348868,-0.03249867139372596,0.07797834288015383
19,implicit_no_coriolis,both,39,U_L/shoulder_lift_joint,controlled26,16,0.00024329470053692273,0.00023289475796495207,0.00039211181067777545,0.00023289475796495207,0.00035629297294059725,0.049040866833207894,0.04693800870221006,0.0707925749817821,-0.04693800870221006,0.06960345169968607
19,implicit_no_coriolis,both,40,U_L/elbow_joint,controlled26,16,0.0002898073502267758,0.00027912885904221585,0.00035148856044764365,-0.00027400411165062755,0.00034992102134911995,0.08340916451793658,0.08091769226902214,0.11418405451316915,0.08091769226902214,0.11365841052378658
19,implicit_no_coriolis,both,41,U_L/wrist_1_joint,controlled26,16,0.00012970752456282694,7.760847992654973e-05,0.0003850480482170404,-7.724441185974484e-05,0.00027034632254518964,0.008508558348232654,0.004934725234746385,0.02307257031051496,-0.0015296362123744173,0.021935987023676842
19,implicit_no_coriolis,both,42,U_L/wrist_2_joint,controlled26,16,0.00011666965761429432,5.76620109095094e-05,0.00035702659804748293,5.112995489375827e-05,0.00024067869872990144,0.010945327363305966,0.005700328313971071,0.025572976969044283,0.003767669264093245,0.025372970955573733
19,implicit_no_coriolis,both,43,U_L/wrist_3_joint,controlled26,16,0.00011492194462485351,5.3653463724906425e-05,0.00035607298937279097,5.186947930471697e-05,0.00023824075836564873,0.007243705691042249,0.003481789709880625,0.019875915477004402,0.0013150949723516468,0.01884335035489143
19,implicit_no_coriolis,both,44,U_L/left_index_1_joint,hand48,16,0.0067648146256431285,0.006449952491156629,0.00953547849890568,-0.006449952491156629,0.009287518515387783,0.39798830942070124,0.3939933381854486,0.5035958000761823,-0.3939933381854486,0.4819468137370586
19,implicit_no_coriolis,both,45,U_L/left_little_1_joint,hand48,16,0.00571424490858263,0.005440667936940964,0.008840978839709107,-0.005440667936940964,0.007851532298655216,0.28004822672832436,0.27595852689599065,0.40128283802605164,-0.27595852689599065,0.34759394683007594
19,implicit_no_coriolis,both,46,U_L/left_middle_1_joint,hand48,16,0.007343412705732733,0.0069993022477279326,0.010386511423562166,-0.0069993022477279326,0.01007143696577773,0.4318775913778587,0.42735317643201876,0.5515541966032731,-0.42735317643201876,0.5238765705578896
19,implicit_no_coriolis,both,47,U_L/left_ring_1_joint,hand48,16,0.006890704581840202,0.0065662668969072024,0.010137422750623806,-0.0065662668969072024,0.00946328619084797,0.38219357280043537,0.3775331146817432,0.5156744061824015,-0.3775331146817432,0.4645194258968543
19,implicit_no_coriolis,both,48,U_L/left_thumb_1_joint,hand48,16,6.339662861042447e-05,6.025239712979455e-05,9.235318070538456e-05,6.025239712979455e-05,9.200622153469895e-05,0.009089388256564095,0.006146580512158944,0.021514222520669098,0.006146580512158944,0.021463080229960164
19,implicit_no_coriolis,both,49,U_L/left_index_2_joint,hand48,16,0.00014555978705439116,8.861322847800949e-05,0.00032058422549974264,-4.38207972032487e-05,0.000296325920325604,0.005510647579153595,0.003094123923840423,0.01432327565734386,0.0028467051667555366,0.011505524463265018
19,implicit_no_coriolis,both,50,U_L/left_little_2_joint,hand48,16,2.6049753338207524e-05,2.301613343656285e-05,5.2775565541909875e-05,-2.0698743898218616e-05,3.997362988914996e-05,0.0011514382056970046,0.0011024766222901563,0.0017440597877661323,-0.0011024766222901563,0.001679514338836147
19,implicit_no_coriolis,both,51,U_L/left_middle_2_joint,hand48,16,0.0001394682328106848,0.0001006547605972288,0.0002902689147438603,-8.711266136397517e-05,0.0002765452360594181,0.003776617288930586,0.003279666090171515,0.008546578615035695,-0.00036636289415966283,0.006509869012776674
19,implicit_no_coriolis,both,52,U_L/left_ring_2_joint,hand48,16,0.00010958458879758183,9.567886678135597e-05,0.0001956906150669957,-9.567886678135597e-05,0.0001832977955777762,0.00343477778587656,0.0030615192543480612,0.0050653922909676624,-0.00294376141201601,0.005059565769022238
19,implicit_no_coriolis,both,53,U_L/left_thumb_2_joint,hand48,16,0.0008951946359714117,0.0008380728048854136,0.0013924094473420356,0.0008380728048854136,0.0013767939736171134,0.05933534324747172,0.05772053021433288,0.09434984402191221,0.05772053021433288,0.09215620350926226
19,implicit_no_coriolis,both,54,U_L/left_thumb_3_joint,hand48,16,0.004578448747133279,0.004298622425327935,0.0070760734486869925,0.004298622425327935,0.0068824255477071584,0.29293079678650613,0.2865388957601379,0.45252208247703857,0.2865388957601379,0.4376411268786317
19,implicit_no_coriolis,both,55,U_L/left_thumb_4_joint,hand48,16,7.019074126286524e-06,6.74272641133615e-06,1.0790745779087896e-05,-6.74272641133615e-06,9.50333371632986e-06,0.0004493580356218215,0.00044358028786841216,0.0006042838226332213,-0.00044358028786841216,0.0005721967204000081
19,implicit_no_coriolis,both,56,U_R/shoulder_pan_joint,controlled26,16,0.00015824312620051314,0.00010445907022851864,0.000486811331903203,-6.210475079790334e-05,0.0003097588212254698,0.031646066844994276,0.025841226494470067,0.07427084566940217,-0.025841226494470067,0.06164346518177763
19,implicit_no_coriolis,both,57,U_R/shoulder_lift_joint,controlled26,16,0.0001234350545247704,9.542679077345628e-05,0.00028874002184853254,-5.1598102492333986e-05,0.00023706691466074403,0.02924025983963819,0.028768930982310644,0.040533571579709014,-0.028768930982310644,0.0377948290060936
19,implicit_no_coriolis,both,58,U_R/elbow_joint,controlled26,16,0.00026722966281086285,0.0002585456315960244,0.0003765975212277617,-0.0002585456315960244,0.00036196119434578344,0.07205773602198808,0.07061103793832726,0.08926323323453614,0.07061103793832726,0.08615531553158508
19,implicit_no_coriolis,both,59,U_R/wrist_1_joint,controlled26,16,0.0007881297048670479,0.0002952494756554014,0.0028887347350998738,0.00027620908459868865,0.001660127011191559,0.09791790680807158,0.044778385922007925,0.30528960624130813,0.02512148914978369,0.25621710957112004
19,implicit_no_coriolis,both,60,U_R/wrist_2_joint,controlled26,16,0.0005026689011413912,0.0001979144619733142,0.0018346574269152427,0.00013007623092747833,0.0010487991260763607,0.0703472736136876,0.028578061971974267,0.22317036631694126,0.022638754292925535,0.18120473428445136
19,implicit_no_coriolis,both,61,U_R/wrist_3_joint,controlled26,16,3.673020062911035e-05,2.033744479768007e-05,0.000101345952981724,-1.8762253829684994e-05,8.627341358247165e-05,0.005935610009540175,0.0022716953668315263,0.021223501388405796,-0.002158868845794516,0.013144671452768441
19,implicit_no_coriolis,both,62,U_R/right_index_1_joint,hand48,16,0.005945283332462984,0.005518508707106812,0.007975668770459202,0.005518508707106812,0.007952603490513244,0.2502217611970765,0.24669884197842862,0.32463436207173346,0.24669884197842862,0.28813968276509017
19,implicit_no_coriolis,both,63,U_R/right_little_1_joint,hand48,16,0.005357293315787571,0.005065011715247696,0.007631064346961938,0.005065011715247696,0.007135442763168121,0.16944443127954395,0.16334891194938866,0.2766735429013635,0.16334891194938866,0.21458853581299592
19,implicit_no_coriolis,both,64,U_R/right_middle_1_joint,hand48,16,0.006957630124907073,0.006513590115163129,0.00947268719049011,0.006513590115163129,0.009355918760411237,0.30533822735047533,0.3012018011718648,0.4110419450180173,0.3012018011718648,0.3613116773003312
19,implicit_no_coriolis,both,65,U_R/right_ring_1_joint,hand48,16,0.006535554342843567,0.006151726217815714,0.009136712603221152,0.006151726217815714,0.008777090344572849,0.26126856459726555,0.25661939071057244,0.37999524595478795,0.25661939071057244,0.3177069429208505
19,implicit_no_coriolis,both,66,U_R/right_thumb_1_joint,hand48,16,3.962446261899089e-05,3.6147382450189836e-05,6.590766952330185e-05,-2.1411605435193992e-05,5.5460827328324136e-05,0.009369178359346409,0.008253135101691707,0.01927363661153847,-0.002030309782612423,0.015865528560900996
19,implicit_no_coriolis,both,67,U_R/right_index_2_joint,hand48,16,0.0002454651451876769,0.00012319013444202914,0.0006605766103927047,0.00010466077443267371,0.000618065513872619,0.004809178134691639,0.003785227424615435,0.009392804688738217,-0.003785227424615435,0.008845566457988062
19,implicit_no_coriolis,both,68,U_R/right_little_2_joint,hand48,16,0.0002982058660127955,0.0001653888489580712,0.0007720931441820289,0.00016139800780135861,0.0007428366482031407,0.004557819810504059,0.0028028553927892403,0.008885412584142608,-0.002767529366418624,0.008829270068525179
19,implicit_no_coriolis,both,69,U_R/right_middle_2_joint,hand48,16,0.0002597436027287266,0.0001654328099873147,0.0006352053492826512,0.0001654328099873147,0.0006298816435364677,0.0033792890693478857,0.0022952313917215836,0.0067308758140043595,-0.0017739373247768998,0.006284374209172532
19,implicit_no_coriolis,both,70,U_R/right_ring_2_joint,hand48,16,0.00031568552202130754,0.00022522739614263057,0.0007414993403258158,0.00022522739614263057,0.000728798070497659,0.003356865933546622,0.00312925373406657,0.006136613074206554,-0.00027208163550741224,0.005345972475931276
19,implicit_no_coriolis,both,71,U_R/right_thumb_2_joint,hand48,16,0.0006260620075187383,0.0005325348360742379,0.0012039039966056375,-0.0005325348360742379,0.0010636114951534832,0.022635307191601728,0.017763694548054855,0.048724434242815536,0.015085538993752038,0.042447555926038175
19,implicit_no_coriolis,both,72,U_R/right_thumb_3_joint,hand48,16,0.00391801348900206,0.0035966150324904123,0.0070454694470598045,-0.0035966150324904123,0.005912155454201387,0.07709878883451571,0.06385191891561186,0.17112350673246424,-0.03145657227322751,0.12974574710700515
19,implicit_no_coriolis,both,73,U_R/right_thumb_4_joint,hand48,16,5.107716109051385e-05,4.832500330589429e-05,7.085080288762174e-05,4.832500330589429e-05,6.723150887047794e-05,0.002067716490498256,0.0020322824669006603,0.003047461872727001,0.0020322824669006603,0.0027507702605212006
19,implicit_no_coriolis,0,0,F_L/fr3_joint1,controlled26,8,7.472949786663554e-05,4.806363045069262e-05,0.0001496494387769054,1.0651270756466269e-05,0.0001398036381454609,0.010513168628414627,0.004524895203595836,0.029488525475204745,0.0033684857373955266,0.020121475297348174
19,implicit_no_coriolis,0,1,F_L/fr3_joint2,controlled26,8,6.461133931575424e-05,3.8432308886088284e-05,0.00013045473926198703,-2.28290628678518e-05,0.00012490234223411223,0.005174649932124809,0.0030603231199794103,0.010193883048915192,0.0019267610833217516,0.010040082799296184
19,implicit_no_coriolis,0,2,F_L/fr3_joint3,controlled26,8,5.42002618636184e-05,3.463481714774397e-05,0.00010439403259576707,3.460299400601108e-05,0.00010026604923327741,0.0020977129309189845,0.0010112922649774083,0.005717770571060682,-0.000976650763133,0.004224753693824629
19,implicit_no_coriolis,0,3,F_L/fr3_joint4,controlled26,8,9.327670811126935e-05,5.127775533297907e-05,0.00024532960074408194,5.127775533297907e-05,0.00018537554874620269,0.013060587768670043,0.00666534826027259,0.03536893617813641,-0.00666534826027259,0.025608621907372522
19,implicit_no_coriolis,0,4,F_L/fr3_joint5,controlled26,8,5.251273391833502e-05,2.2679099735412045e-05,0.0001471554956538057,2.2384678352693754e-05,0.00010067015937527117,0.004785351083763395,0.0029835805427965113,0.010552044472623135,0.00034556942464072774,0.009155498842875753
19,implicit_no_coriolis,0,5,F_L/fr3_joint6,controlled26,8,2.2496700101227194e-05,1.343417273319547e-05,5.224301005135601e-05,-1.343417273319547e-05,4.550872000088634e-05,0.0065942531087565814,0.0034588191427425826,0.017289916238062628,0.000993321105872128,0.013032116734231599
19,implicit_no_coriolis,0,6,F_L/fr3_joint7,controlled26,8,8.64166057836332e-05,4.362087962267447e-05,0.0002337459576298162,1.9622869797952802e-05,0.00017313290031463192,0.0019901365174451115,0.0011026157612554046,0.005390786135345015,0.0006843439602804328,0.003861580735870764
19,implicit_no_coriolis,0,7,F_L/left_index_1_joint,hand48,8,0.0035853450458704834,0.0019537356541893362,0.009609222802218209,0.0010276430020788561,0.006931786183222377,0.3031801706384763,0.15586115609242876,0.8299873742491614,0.09805801909564954,0.5872984485096878
19,implicit_no_coriolis,0,8,F_L/left_middle_1_joint,hand48,8,0.0035896577019554976,0.0019723490958436386,0.009603382705615268,0.0010866462947705744,0.0069794144599713785,0.31240195585454383,0.15976123347503968,0.856041876317928,0.10766525260646297,0.6114413139849703
19,implicit_no_coriolis,0,9,F_L/left_pinky_1_joint,hand48,8,0.0019165589693935776,0.0008761053782578992,0.005342375893788734,0.0005900429119937399,0.003729367388089717,0.08979609887756858,0.04557554870946203,0.24694470286960618,0.04557554870946203,0.17661810041845777
19,implicit_no_coriolis,0,10,F_L/left_ring_1_joint,hand48,8,0.0033542002318512677,0.0017642391822144231,0.009101724493058655,0.0010347936489812515,0.006499014276709283,0.2751094512018905,0.13112366006268045,0.7633581154241429,0.10215505864445967,0.5384092691064724
19,implicit_no_coriolis,0,11,F_L/left_thumb_1_joint,hand48,8,5.138370023415259e-05,2.978400846844441e-05,0.00013487787014933306,-1.5220151878216417e-05,9.966137422662066e-05,0.017708013338286536,0.008540895336058021,0.048695689484498324,-0.004674153316439143,0.03503683774286592
19,implicit_no_coriolis,0,12,F_L/left_index_2_joint,hand48,8,6.9678104340451155e-06,3.7585054707828247e-06,1.892717176890657e-05,-2.5247577122300413e-06,1.3718122366784816e-05,0.0016241025136084035,0.0009355945707810686,0.0042614602250806675,-0.00045834566742005784,0.003132086593445752
19,implicit_no_coriolis,0,13,F_L/left_middle_2_joint,hand48,8,4.082784543669208e-05,2.241039344153331e-05,0.00010847174733714937,9.805398876735344e-06,8.001498162994859e-05,0.0017386677981078508,0.0008015076799624112,0.004861052784340418,0.0005809652707901864,0.0033207195646151695
19,implicit_no_coriolis,0,14,F_L/left_pinky_2_joint,hand48,8,5.8279552273883474e-05,3.218595289937714e-05,0.00015531782279831763,1.5565733804955538e-05,0.00011307056061125233,0.0034282360029142655,0.0018125310939119585,0.009321326843910443,0.0012326699792129566,0.00677167277714885
19,implicit_no_coriolis,0,15,F_L/left_ring_2_joint,hand48,8,0.00010873733279063919,5.810033893547447e-05,0.0002928092083918227,2.8285780114924337e-05,0.00021128113783298722,0.0055656302667285605,0.0026883484958524387,0.015447172768315564,0.0021223295890813094,0.010891568797826028
19,implicit_no_coriolis,0,16,F_L/left_thumb_2_joint,hand48,8,0.00018945890167371642,0.00012364810783194614,0.00037674961180654554,0.00011403717365407896,0.00036527417212228286,0.018971007794372864,0.013058575169912516,0.03596639576192402,0.011972411439680438,0.032929972656886644
19,implicit_no_coriolis,0,17,F_L/left_thumb_3_joint,hand48,8,0.0009428494054117579,0.0006018474250228598,0.001921614618929618,0.000553810022744617,0.0018322512141542506,0.1057711171070549,0.07320779885443321,0.17873107768837465,0.06809495192023896,0.1759611548784376
19,implicit_no_coriolis,0,18,F_L/left_thumb_4_joint,hand48,8,3.832756917520428e-06,1.6866142518723315e-06,1.0663241671871049e-05,-1.5122096438356658e-06,7.5814634568294136e-06,0.00021959550830278067,0.00014638845757547405,0.000503581172690922,-0.00014434244721057965,0.0004094027941417658
19,implicit_no_coriolis,0,19,F_R/fr3_joint1,controlled26,8,3.20156809930334e-05,2.7171674500697796e-05,6.429146726305568e-05,2.061893711366447e-05,5.612713601854667e-05,0.0050443974725372055,0.00356473658758119,0.009985196483108541,0.001068437466804055,0.009061862943568743
19,implicit_no_coriolis,0,20,F_R/fr3_joint2,controlled26,8,0.00011636387671286925,0.0001065582477060012,0.0002001748913105228,-0.0001065582477060012,0.00017893910631766594,0.003367710957543139,0.003099495620128249,0.005294238698527104,-0.003099495620128249,0.00499409686334257
19,implicit_no_coriolis,0,21,F_R/fr3_joint3,controlled26,8,3.272767393635027e-05,1.8440753819320976e-05,6.902143877574041e-05,-1.5775053352734547e-05,6.609730796651724e-05,0.006824585655560438,0.00508399716321725,0.015433267243543478,-0.00508399716321725,0.01317179696111525
19,implicit_no_coriolis,0,22,F_R/fr3_joint4,controlled26,8,1.878804169886284e-05,1.4088338108980691e-05,3.6595784187132274e-05,-4.695497886009203e-06,3.558292582767075e-05,0.00910177289283151,0.0054275725028469,0.019683212506406346,-0.0005067693762453129,0.017037284910254167
19,implicit_no_coriolis,0,23,F_R/fr3_joint5,controlled26,8,4.573405243135639e-05,4.08597274779432e-05,7.375130305831146e-05,-1.6636124053226453e-05,6.980007473382787e-05,0.006932814934066301,0.0062717834308500895,0.012643643483592258,-0.0062717834308500895,0.011002105362276214
19,implicit_no_coriolis,0,24,F_R/fr3_joint6,controlled26,8,1.2606239863670915e-05,7.510186507297956e-06,2.9574267684129296e-05,3.154398442062334e-06,2.446288750224123e-05,0.005109094385119205,0.0030103240525453613,0.012944643372687224,0.0024602407353990965,0.010091845805674973
19,implicit_no_coriolis,0,25,F_R/fr3_joint7,controlled26,8,1.7066706506165e-05,1.5063840516638116e-05,2.7020719717496533e-05,1.5063840516638116e-05,2.6286190035629264e-05,0.0028889862714992407,0.002633767241443411,0.004711522754902803,0.002633767241443411,0.004415289830988567
19,implicit_no_coriolis,0,26,F_R/right_index_1_joint,hand48,8,0.001194839362873433,0.0010588741029760734,0.002080641169362296,-0.0009875975189829675,0.0019393842738831461,0.1620890905055758,0.15195110931014982,0.23340084518026283,-0.15195110931014982,0.22294219534245566
19,implicit_no_coriolis,0,27,F_R/right_middle_1_joint,hand48,8,0.0014276440488203042,0.001272992522097633,0.0024445818386142626,-0.0011723497360781078,0.0023026889996377474,0.1867248218168229,0.17389336806850472,0.27855843852500417,-0.17389336806850472,0.2594497717462506
19,implicit_no_coriolis,0,28,F_R/right_pinky_1_joint,hand48,8,0.0010907879067230245,0.0010025647290426952,0.0018771351649469192,-0.0008096572635956298,0.0017358152461201285,0.14537036611418408,0.1344383514951795,0.20804579427244316,-0.1344383514951795,0.20322680980066488
19,implicit_no_coriolis,0,29,F_R/right_ring_1_joint,hand48,8,0.0012554506925352685,0.0011341471526074495,0.0021771828476186417,-0.0009693964920142947,0.0020342890921180314,0.16444327064171296,0.1522029375431655,0.245159885540804,-0.1522029375431655,0.22871715129359985
19,implicit_no_coriolis,0,30,F_R/right_thumb_1_joint,hand48,8,1.4220732273664023e-05,1.3131978934808643e-05,2.2801775439215688e-05,1.3131978934808643e-05,2.136982973678543e-05,0.0017017136945832755,0.0014997889841880502,0.0030236717204155583,0.0013923809231075027,0.0027968066223587394
19,implicit_no_coriolis,0,31,F_R/right_index_2_joint,hand48,8,7.57121495693902e-06,7.183466029912593e-06,1.0353435778959197e-05,7.183466029912593e-06,1.0123815000147654e-05,0.0007762620475151797,0.0006624628495010155,0.0013764713714140933,0.0005857528230532156,0.0012894795901967303
19,implicit_no_coriolis,0,32,F_R/right_middle_2_joint,hand48,8,3.956679788713443e-06,3.3648611249877808e-06,6.392856361878141e-06,-1.544205949595076e-06,6.176027395533162e-06,0.0008454919735296069,0.0006613352657534599,0.001485961175410792,-0.0006613352657534599,0.0014490170670518232
19,implicit_no_coriolis,0,33,F_R/right_pinky_2_joint,hand48,8,4.105543780539523e-06,3.5365546514273816e-06,6.964424417318926e-06,-2.56045258167914e-06,6.5834304676555535e-06,0.0007484839834902365,0.0006640062001439186,0.0011755322227584852,-0.0006640062001439186,0.0011483585696578068
19,implicit_no_coriolis,0,34,F_R/right_ring_2_joint,hand48,8,1.620801712217924e-05,1.4853827538184247e-05,2.7818410041735575e-05,-1.1861682332714799e-05,2.5843318522087568e-05,0.00250904502305542,0.0023059242440155083,0.0037916575903055062,-0.0023059242440155083,0.0037329983800580705
19,implicit_no_coriolis,0,35,F_R/right_thumb_2_joint,hand48,8,0.0001667776760907194,0.00015304564354630314,0.0002487310928789635,0.00011544633111081146,0.0002453863148623541,0.01873109388694384,0.016469754155656588,0.030328180980456403,0.016469754155656588,0.029362538689829933
19,implicit_no_coriolis,0,36,F_R/right_thumb_3_joint,hand48,8,0.0017668125114948807,0.001598700065814235,0.002660327266784626,0.0012154024356045906,0.002630637490334532,0.20030856145504888,0.17370705343360682,0.3250702270998111,0.17331032162217722,0.315292414332384
19,implicit_no_coriolis,0,37,F_R/right_thumb_4_joint,hand48,8,5.406161819454237e-06,4.91987859324583e-06,9.068179820104216e-06,-4.4686168912122515e-06,8.512753692767327e-06,0.0006861393917072007,0.0006453431751804659,0.001019537787422598,-0.0006453431751804659,0.0009623323576208108
19,implicit_no_coriolis,0,38,U_L/shoulder_pan_joint,controlled26,8,5.913828406111743e-05,5.717281216721659e-05,8.228938221854776e-05,-4.872094567831553e-05,7.91727134420661e-05,0.042897669234962035,0.034559925607593855,0.07860986468348868,-0.034559925607593855,0.07831515450859909
19,implicit_no_coriolis,0,39,U_L/shoulder_lift_joint,controlled26,8,0.0002211673169069087,0.00021752717086787055,0.0002759367368954102,0.00021752717086787055,0.0002707480806832141,0.045026174259812764,0.042023122259304005,0.0707925749817821,-0.042023122259304005,0.07023765078347062
19,implicit_no_coriolis,0,40,U_L/elbow_joint,controlled26,8,0.0002763042929082422,0.00027452307153522093,0.00035148856044764365,-0.00027452307153522093,0.0003242562545943905,0.07669207822961067,0.07296224187749607,0.11418405451316915,0.07296224187749607,0.11393875398479061
19,implicit_no_coriolis,0,41,U_L/wrist_1_joint,controlled26,8,8.783834817471055e-05,5.6399671972351406e-05,0.00020980922890290188,-5.5671535838741626e-05,0.00017924780108129475,0.01144704222709279,0.006747313060867765,0.02307257031051496,-0.006181409833373838,0.022542164776657173
19,implicit_no_coriolis,0,42,U_L/wrist_2_joint,controlled26,8,7.852084732350552e-05,4.178086572137474e-05,0.00019383234475078837,3.607239996727962e-05,0.00016303057342739177,0.015228454825190415,0.009355900917879089,0.025572976969044283,0.0093048469641131,0.025479640829424693
19,implicit_no_coriolis,0,43,U_L/wrist_3_joint,controlled26,8,7.492564731986478e-05,3.654552404741551e-05,0.00018750970824266133,3.574127766114987e-05,0.00015642331432752504,0.010117671358075698,0.006027533194406573,0.019875915477004402,0.0035662361700579707,0.019394051753351682
19,implicit_no_coriolis,0,44,U_L/left_index_1_joint,hand48,8,0.004615535956483531,0.004566919605189691,0.005528360545932601,-0.004566919605189691,0.005467419591953192,0.43313884164332456,0.43041689174170156,0.5035958000761823,-0.43041689174170156,0.49349293978459124
19,implicit_no_coriolis,0,45,U_L/left_little_1_joint,hand48,8,0.003975852806001094,0.003907160272940661,0.005209878195108,-0.003907160272940661,0.005006038199313023,0.3085763918709252,0.3053554354012331,0.40128283802605164,-0.3053554354012331,0.3762280221345963
19,implicit_no_coriolis,0,46,U_L/left_middle_1_joint,hand48,8,0.004988680253509792,0.004940905372501497,0.005921470436857951,-0.004940905372501497,0.005843861558541554,0.4696978068843784,0.4665049466476885,0.5515541966032731,-0.4665049466476885,0.5386379711154274
19,implicit_no_coriolis,0,47,U_L/left_ring_1_joint,hand48,8,0.004717169745317982,0.004662089775884934,0.005606764237025358,-0.004662089775884934,0.0055876635877834535,0.41798386227155765,0.4145218269843206,0.5156744061824015,-0.4145218269843206,0.4918020820491461
19,implicit_no_coriolis,0,48,U_L/left_thumb_1_joint,hand48,8,4.589989928102393e-05,4.4585821593272346e-05,6.259671092423424e-05,4.4585821593272346e-05,6.234578851433137e-05,0.012548972109579134,0.009778322824923144,0.021514222520669098,0.009778322824923144,0.02149035611833826
19,implicit_no_coriolis,0,49,U_L/left_index_2_joint,hand48,8,0.00016321042387679974,0.00010011024253696842,0.00032058422549974264,-5.209576848819002e-05,0.0003092636830851446,0.006297793076488404,0.0037358851075365873,0.01432327565734386,0.0036171434825827136,0.012937948533451347
19,implicit_no_coriolis,0,50,U_L/left_little_2_joint,hand48,8,1.7819898203099547e-05,1.60903503996241e-05,3.4181220121595746e-05,-1.1455571322935634e-05,2.812844673925548e-05,0.0010423816689746047,0.0009912599612362314,0.0016304931032192292,-0.0009912599612362314,0.0015455175919622027
19,implicit_no_coriolis,0,51,U_L/left_middle_2_joint,hand48,8,0.00014407665036001924,9.683595052247147e-05,0.0002902689147438603,-7.702257022230118e-05,0.0002824077371587956,0.004064589610534987,0.0032894186853029326,0.008546578615035695,0.00023397593223508013,0.007496726049063924
19,implicit_no_coriolis,0,52,U_L/left_ring_2_joint,hand48,8,9.190014041803801e-05,7.36517004294307e-05,0.00016995143501088994,-7.36517004294307e-05,0.0001679237078416905,0.00333903927615749,0.0029835141005529003,0.005057623595040429,-0.002768801502302877,0.004728152310947688
19,implicit_no_coriolis,0,53,U_L/left_thumb_2_joint,hand48,8,0.0005835431387796485,0.0005670899312340359,0.0007536627170668456,0.0005670899312340359,0.0007463812151139642,0.06687721162817634,0.06485967096489706,0.09434984402191221,0.06485967096489706,0.0933261451160089
19,implicit_no_coriolis,0,54,U_L/left_thumb_3_joint,hand48,8,0.0029865712609715915,0.002914253077458861,0.003763280095606142,0.002914253077458861,0.003762642426266719,0.32453564879345753,0.3158524470697158,0.45252208247703857,0.3158524470697158,0.4455776365311154
19,implicit_no_coriolis,0,55,U_L/left_thumb_4_joint,hand48,8,5.195934308261175e-06,5.116271898161426e-06,6.389542043669372e-06,-5.116271898161426e-06,6.3020989437008455e-06,0.0004946624785602723,0.0004907853775424035,0.0006042838226332213,-0.0004907853775424035,0.0005893098415910551
19,implicit_no_coriolis,0,56,U_R/shoulder_pan_joint,controlled26,8,7.332420322944867e-05,5.3091325001863865e-05,0.00017781599008781512,-5.301577019056758e-06,0.00013811448210759853,0.03703361556915993,0.02930189911001462,0.07427084566940217,-0.02930189911001462,0.06837806810851071
19,implicit_no_coriolis,0,57,U_R/shoulder_lift_joint,controlled26,8,8.027009639850431e-05,6.226949023302453e-05,0.00014462052608532616,-1.3302083593513814e-05,0.00013962008739483165,0.026824168860382313,0.0261708106658975,0.040533571579709014,-0.0261708106658975,0.03672192634486463
19,implicit_no_coriolis,0,58,U_R/elbow_joint,controlled26,8,0.00022772740352687876,0.00022105102390074238,0.00027912035254384904,-0.00022105102390074238,0.00027388056142184646,0.06160828513666763,0.06051792717890091,0.08070742748515207,0.06051792717890091,0.07484275977269354
19,implicit_no_coriolis,0,59,U_R/wrist_1_joint,controlled26,8,0.0004431896730822643,0.00018412593696615076,0.0012505911032221206,0.00017245147694278096,0.0008292284611270955,0.08608890105111745,0.041440137031638014,0.23985961068105732,0.018524765638626317,0.1681085574150126
19,implicit_no_coriolis,0,60,U_R/wrist_2_joint,controlled26,8,0.0002809142015424683,0.00012099849179414424,0.0007868463591300667,7.631853727863014e-05,0.0005482874212979101,0.06020823208871616,0.02663287514808943,0.1672161902736214,0.015171172420315918,0.11823415644242127
19,implicit_no_coriolis,0,61,U_R/wrist_3_joint,controlled26,8,2.3974107924515727e-05,1.4698795923639985e-05,4.832294108858548e-05,-1.154841398764983e-05,4.735751634976637e-05,0.008365886955067743,0.00410252871462463,0.021223501388405796,-0.00410252871462463,0.017453380751775025
19,implicit_no_coriolis,0,62,U_R/right_index_1_joint,hand48,8,0.0037847244876275093,0.003624051592217091,0.004150633031399231,0.003624051592217091,0.004137772493400628,0.2651354948745206,0.259477702498284,0.32463436207173346,0.259477702498284,0.30760351172863326
19,implicit_no_coriolis,0,63,U_R/right_little_1_joint,hand48,8,0.003486904571503049,0.0034306958157590307,0.004186947685375718,0.0034306958157590307,0.004018565440674928,0.19232944661744983,0.18898299001325702,0.2766735429013635,0.18898299001325702,0.24770053959345856
19,implicit_no_coriolis,0,64,U_R/right_middle_1_joint,hand48,8,0.004466091016979856,0.004335837763839205,0.004829802846536613,0.004335837763839205,0.004823002561781997,0.3266826014925621,0.32168925315988506,0.4110419450180173,0.32168925315988506,0.38783448674976373
19,implicit_no_coriolis,0,65,U_R/right_ring_1_joint,hand48,8,0.004221261268281658,0.004130249666610041,0.004812867192814145,0.004130249666610041,0.004702965125811242,0.28546942237406336,0.28161849860977917,0.37999524595478795,0.28161849860977917,0.3509273712056171
19,implicit_no_coriolis,0,66,U_R/right_thumb_1_joint,hand48,8,3.0392239329811496e-05,2.5979119599922607e-05,6.590766952330185e-05,-9.502202219097144e-06,5.40411081818931e-05,0.011266595429335176,0.010267200539128354,0.01927363661153847,0.0016933719342251182,0.017683186187907648
19,implicit_no_coriolis,0,67,U_R/right_index_2_joint,hand48,8,0.0002583261798951763,0.00012893326134977984,0.0006605766103927047,0.00011373698439975238,0.0005379113271671563,0.00497896184040429,0.004051601730925663,0.009392804688738217,-0.004051601730925663,0.008647985067985543
19,implicit_no_coriolis,0,68,U_R/right_little_2_joint,hand48,8,0.0003068082521646472,0.00016249334800857475,0.0007720931441820289,0.00015944156105692116,0.0006390794545961786,0.004649347590283952,0.002876629733719354,0.008885412584142608,-0.002826305732074587,0.0085077588392607
19,implicit_no_coriolis,0,69,U_R/right_middle_2_joint,hand48,8,0.0002577893596529532,0.00015073163218009156,0.0006352053492826512,0.00015073163218009156,0.0005335685293601638,0.0033408416927498937,0.002154529228225504,0.0061355403408952566,-0.001909989114703588,0.005863506709462326
19,implicit_no_coriolis,0,70,U_R/right_ring_2_joint,hand48,8,0.0003023275631732757,0.00019653959176343678,0.0007245643138882735,0.00019653959176343678,0.0006171261151266307,0.0032743181186816912,0.0031034468759997074,0.005082425609839517,-0.00015275978607545292,0.004870360825729808
19,implicit_no_coriolis,0,71,U_R/right_thumb_2_joint,hand48,8,0.0004263415887025622,0.0003702945888117981,0.0007907857509913269,-0.0003702945888117981,0.000688359391667044,0.02432048628068212,0.01883670070642073,0.048724434242815536,0.014676812975818193,0.043011101600592405
19,implicit_no_coriolis,0,72,U_R/right_thumb_3_joint,hand48,8,0.0027129920800454364,0.0025408632253825537,0.004683238484321339,-0.0025408632253825537,0.0041075655125556,0.09062110383711103,0.077028635644018,0.17112350673246424,-0.04378942973056823,0.15181388557391662
19,implicit_no_coriolis,0,73,U_R/right_thumb_4_joint,hand48,8,3.332021201059483e-05,3.282358325035553e-05,3.8854595217206744e-05,3.282358325035553e-05,3.805382861493608e-05,0.0022968505591479758,0.0022618173656434133,0.003047461872727001,0.0022618173656434133,0.0029090057870309605
19,implicit_no_coriolis,1,0,F_L/fr3_joint1,controlled26,8,8.193306326775212e-05,5.419359382304034e-05,0.0001799985676255167,3.79714670295031e-05,0.00016146489195914128,0.00772670142738756,0.0037884828001996367,0.021123271821985812,0.0018059140849754265,0.015329130706926514
19,implicit_no_coriolis,1,1,F_L/fr3_joint2,controlled26,8,6.636604249871602e-05,3.945532347396363e-05,0.00013499743136291542,-2.3910270164878566e-05,0.0001292110605032537,0.003635890062070629,0.0021900352797370785,0.007106765982392682,0.0012548445859552394,0.006954861606687049
19,implicit_no_coriolis,1,2,F_L/fr3_joint3,controlled26,8,8.09318692200252e-05,5.084343430064586e-05,0.0001728165354155653,5.0773832740463876e-05,0.00015208839458488163,0.0026969876709639026,0.0016977425828195777,0.005086541294268235,-0.0016977425828195777,0.0050485613824976525
19,implicit_no_coriolis,1,3,F_L/fr3_joint4,controlled26,8,7.984516234960401e-05,4.778940112015739e-05,0.00019882436154317062,4.778940112015739e-05,0.0001582992107960201,0.008868114030511073,0.00452338580111483,0.024069644326007715,-0.00452338580111483,0.017440473903100814
19,implicit_no_coriolis,1,4,F_L/fr3_joint5,controlled26,8,6.700784583329866e-05,3.534599973376018e-05,0.00017906228038322425,3.5245739937295184e-05,0.00013558576705112728,0.0012243131506657085,0.0008487810759639146,0.0025200013235338325,0.0008487810759639146,0.0022083979032749414
19,implicit_no_coriolis,1,5,F_L/fr3_joint6,controlled26,8,3.168202837968804e-05,1.992876489803619e-05,6.89141636138757e-05,-1.992876489803619e-05,6.0486926548586326e-05,0.0015910244221930387,0.0006989720073369515,0.004437578034105508,0.0006989720073369515,0.003119402239722935
19,implicit_no_coriolis,1,6,F_L/fr3_joint7,controlled26,8,9.756941291457069e-05,5.261923888924547e-05,0.00025787629699980386,1.9105899765142764e-05,0.00019528752107601512,0.0005206078299364676,0.00035544755311669074,0.001292744834611822,0.0002206241339990239,0.0010103066818912933
19,implicit_no_coriolis,1,7,F_L/left_index_1_joint,hand48,8,0.005019424598517425,0.002645141254328749,0.013616641556648337,0.0015408407420602066,0.009724533515149722,0.09280111162758026,0.04387062414123607,0.2577004881127546,0.0416017526971205,0.1828149524133989
19,implicit_no_coriolis,1,8,F_L/left_middle_1_joint,hand48,8,0.005126049089029965,0.0027001837055263544,0.013909226144528705,0.0016762541280824078,0.010036353392173104,0.1055874061947169,0.05037248034090873,0.2921488469274274,0.049650249908685884,0.2084098494197033
19,implicit_no_coriolis,1,9,F_L/left_pinky_1_joint,hand48,8,0.0021739365313000972,0.0009184715802000483,0.006110092848961607,0.0008036223580032004,0.004141160327342949,0.023078528827735745,0.016220389468312023,0.0503210249069502,0.016220389468312023,0.04472014604672428
19,implicit_no_coriolis,1,10,F_L/left_ring_1_joint,hand48,8,0.004623853262811837,0.0023017921645631465,0.012716794352394908,0.001588820782465793,0.00904146610285917,0.08387795109589408,0.04616715260085436,0.22582534166707358,0.04616715260085436,0.1657772010668485
19,implicit_no_coriolis,1,11,F_L/left_thumb_1_joint,hand48,8,8.728278173759781e-05,4.7264284517555336e-05,0.00023552026232516454,-2.7730826832274638e-05,0.0001698630124180151,0.003870917291443975,0.00176039629384905,0.010824479847030088,-0.0013771257820242107,0.00744830795242423
19,implicit_no_coriolis,1,12,F_L/left_index_2_joint,hand48,8,1.0178911499212496e-06,8.594821842948519e-07,1.97959717912477e-06,-8.594821842948519e-07,1.796761982723882e-06,0.0002510439940700662,0.00015139756147165744,0.0006487441775945688,7.498779151657233e-05,0.0004863944360883526
19,implicit_no_coriolis,1,13,F_L/left_middle_2_joint,hand48,8,6.477163686863913e-05,3.4762262721853635e-05,0.00017435164646552315,1.7718258860504113e-05,0.00012570296991349782,0.001367642336312695,0.0006830706579844534,0.0037532638190488233,0.000579288242649075,0.002724738595807096
19,implicit_no_coriolis,1,14,F_L/left_pinky_2_joint,hand48,8,7.883866431635158e-05,4.2274528961824126e-05,0.00021282470138453413,2.318986766173918e-05,0.00015173785416985286,0.0012211354194189214,0.0006138975354883833,0.003356052501902249,0.0005843849658945874,0.002428304114765619
19,implicit_no_coriolis,1,15,F_L/left_ring_2_joint,hand48,8,0.00014501654799766372,7.530875455907717e-05,0.00039523222504750377,4.303414444864918e-05,0.0002805742365435902,0.002075988991207105,0.0011347350477419118,0.005602385587620837,0.0011347350477419118,0.004112890571616521
19,implicit_no_coriolis,1,16,F_L/left_thumb_2_joint,hand48,8,0.000283091347248525,0.00019859470992371862,0.0005014447855245935,0.0001797572958107379,0.0004970026534439599,0.008603318357976298,0.005048311844825698,0.02267959804318904,0.0038403086562624157,0.01733947077592251
19,implicit_no_coriolis,1,17,F_L/left_thumb_3_joint,hand48,8,0.001443811448395429,0.0010042269370067764,0.0026772038293712275,0.0009154177295229906,0.0026128477004775004,0.04960652261357899,0.030532617010296473,0.12536687683880263,0.02465131270571047,0.09915394832509933
19,implicit_no_coriolis,1,18,F_L/left_thumb_4_joint,hand48,8,4.651956758909725e-06,2.2571112755012668e-06,1.2860215793691898e-05,-1.5120911089384903e-06,8.975443243268428e-06,5.242677369055287e-05,2.8117115325540355e-05,0.00014278648423635593,-1.5597581854723206e-05,0.00010336271737631545
19,implicit_no_coriolis,1,19,F_R/fr3_joint1,controlled26,8,5.4396197839847626e-05,4.515337677082898e-05,9.476165908939294e-05,4.094188948808308e-05,8.989373429004743e-05,0.0011823183564632633,0.0010932816472370918,0.0017536095711282,0.0009497321794203069,0.0017447662984525067
19,implicit_no_coriolis,1,20,F_R/fr3_joint2,controlled26,8,0.00023076050197990889,0.00021298331843080942,0.0003827974833308101,-0.00021298331843080942,0.00034805869882437163,0.004815458490717861,0.004480523682308835,0.00711054651876078,-0.004480523682308835,0.006808182609111419
19,implicit_no_coriolis,1,21,F_R/fr3_joint3,controlled26,8,6.429392834744247e-05,3.40344937930781e-05,0.0001680444062408526,-3.3653259016053205e-05,0.00012783619265148698,0.006116593262711772,0.004231838816064752,0.01416196722835749,-0.004231838816064752,0.012269577849979956
19,implicit_no_coriolis,1,22,F_R/fr3_joint4,controlled26,8,3.718500076791429e-05,2.446261787551751e-05,9.316836563499908e-05,-8.947334849560007e-06,7.40432324655704e-05,0.0012518910989994558,0.0008945768067773764,0.002471998402505563,-0.00027657720615098557,0.0022406342098157733
19,implicit_no_coriolis,1,23,F_R/fr3_joint5,controlled26,8,7.526067153510885e-05,6.287028636223213e-05,0.0001403833870632365,-6.287028636223213e-05,0.00012897343977196773,0.005258587245376575,0.00467888905836219,0.009558921482008573,-0.00467888905836219,0.008726689459631972
19,implicit_no_coriolis,1,24,F_R/fr3_joint6,controlled26,8,2.2905516173356663e-05,1.1269036167771418e-05,5.8370679519637036e-05,1.0413622995031346e-05,4.772861232928969e-05,0.0004279298732421083,0.0003355703824412101,0.0009870628404418267,-8.880467233075342e-05,0.0007984031947191697
19,implicit_no_coriolis,1,25,F_R/fr3_joint7,controlled26,8,3.3320099315723295e-05,2.9893726455787473e-05,5.3786875283456936e-05,2.9893726455787473e-05,5.234631456164651e-05,0.00242257302687386,0.0022000460752284443,0.003994105175102569,0.0022000460752284443,0.0037174881914147717
19,implicit_no_coriolis,1,26,F_R/right_index_1_joint,hand48,8,0.002482655978354366,0.002298660367489446,0.0038490384216660067,-0.002298660367489446,0.003563521960338364,0.16811955244132798,0.1550848998895054,0.24553969165257833,-0.1550848998895054,0.2447113519846759
19,implicit_no_coriolis,1,27,F_R/right_middle_1_joint,hand48,8,0.0029258029112863683,0.002691800673497686,0.004574151333496784,-0.002691800673497686,0.004266298808496966,0.19682535648194094,0.18253116637665992,0.283425455784173,-0.18253116637665992,0.28217197989958864
19,implicit_no_coriolis,1,28,F_R/right_pinky_1_joint,hand48,8,0.002199123791978365,0.0019837300385147656,0.0034293641278452247,-0.0019837300385147656,0.0031588991539755157,0.1513577891234852,0.1390464268874792,0.22335686549332057,-0.1390464268874792,0.22261189442095405
19,implicit_no_coriolis,1,29,F_R/right_ring_1_joint,hand48,8,0.0025511704030533504,0.0023166673553608255,0.004040044089568803,-0.0023166673553608255,0.0037466192338188537,0.17507511430996536,0.16175432333248466,0.2542234499062227,-0.16175432333248466,0.2537525023650884
19,implicit_no_coriolis,1,30,F_R/right_thumb_1_joint,hand48,8,2.9029235936632637e-05,2.737548588931365e-05,4.246871027703547e-05,2.737548588931365e-05,3.978745823176484e-05,0.0021767661447352044,0.001998957290385814,0.0034189426679943,0.001998957290385814,0.0032718632313591916
19,implicit_no_coriolis,1,31,F_R/right_index_2_joint,hand48,8,7.668927246292604e-06,7.142027340187318e-06,1.1835538685792124e-05,7.142027340187318e-06,1.1183335088349454e-05,8.248802459122882e-05,4.920590576268758e-05,0.0002241193420672474,1.321843403284427e-05,0.00015629053125794972
19,implicit_no_coriolis,1,32,F_R/right_middle_2_joint,hand48,8,1.4656565111496284e-05,1.319047167983381e-05,2.376399475038926e-05,-1.319047167983381e-05,2.1966371023161148e-05,0.0014603176481926665,0.001364827185631628,0.00216467936735308,-0.001364827185631628,0.002068138209247702
19,implicit_no_coriolis,1,33,F_R/right_pinky_2_joint,hand48,8,1.1262178939905565e-05,1.0155057644539722e-05,1.8029349904136183e-05,-1.0155057644539722e-05,1.67658654954321e-05,0.0009558342064885714,0.0008877892790924383,0.0014141668620278383,-0.0008877892790924383,0.0013740955341267496
19,implicit_no_coriolis,1,34,F_R/right_ring_2_joint,hand48,8,3.972379911890415e-05,3.609065336226784e-05,6.177345119152966e-05,-3.609065336226784e-05,5.706382209770127e-05,0.0030696110431812198,0.0028438383092832973,0.004521829915171601,-0.0028438383092832973,0.004437768464632474
19,implicit_no_coriolis,1,35,F_R/right_thumb_2_joint,hand48,8,0.00030615709569987895,0.0002648337682927609,0.000493848556125269,0.000260874189970923,0.0004831740316121269,0.019004994382330484,0.017608217432009615,0.02918420500535773,0.017608217432009615,0.02804643963445179
19,implicit_no_coriolis,1,36,F_R/right_thumb_3_joint,hand48,8,0.00319101413453353,0.0027315611984332928,0.005188531672517836,0.0027101145954439056,0.005069959037324349,0.195897224442989,0.1814792164606247,0.30021060654416387,0.1814792164606247,0.2895216792113731
19,implicit_no_coriolis,1,37,F_R/right_thumb_4_joint,hand48,8,9.935429526009892e-06,9.105959921401618e-06,1.5021349082433577e-05,-9.105959921401618e-06,1.4117017880684033e-05,0.0005990762435916519,0.0005466438028246749,0.0009071070856855417,-0.0005466438028246749,0.0008983397627540705
19,implicit_no_coriolis,1,38,U_L/shoulder_pan_joint,controlled26,8,0.0002527611286271778,0.0002185660575433901,0.0005218285484458463,-0.0002185660575433901,0.0004454685857576689,0.032857464419244586,0.030437417179858067,0.05254051435028809,-0.030437417179858067,0.05184061309001724
19,implicit_no_coriolis,1,39,U_L/shoulder_lift_joint,controlled26,8,0.00026357094026258066,0.0002482623450620336,0.00039211181067777545,0.0002482623450620336,0.0003753963530670923,0.05275089450454689,0.05185289514511611,0.06878077470609573,-0.05185289514511611,0.06867244610667611
19,implicit_no_coriolis,1,40,U_L/elbow_joint,controlled26,8,0.00030270866887389676,0.00028373464654921077,0.0003493985083162787,-0.00027348515176603416,0.0003482838982155845,0.08962422991570804,0.0888731426605482,0.10995497274941257,0.0888731426605482,0.10921422104156778
19,implicit_no_coriolis,1,41,U_L/wrist_1_joint,controlled26,8,0.00016103573655052792,9.881728788074806e-05,0.0003850480482170404,-9.881728788074806e-05,0.0003315205762368433,0.0037089559961953865,0.0031221374086250033,0.0075793952810657705,0.0031221374086250033,0.006744413100950296
19,implicit_no_coriolis,1,42,U_L/wrist_2_joint,controlled26,8,0.00014511407427011367,7.354315609764406e-05,0.00035702659804748293,6.618750982023691e-05,0.00030273091169927816,0.0027739044354489688,0.002044755710063051,0.006363359598934304,-0.0017695084359266085,0.005477501464522638
19,implicit_no_coriolis,1,43,U_L/wrist_3_joint,controlled26,8,0.00014422293190202116,7.076140340239734e-05,0.00035607298937279097,6.799768094828407e-05,0.0003010846149027912,0.0016047649568863393,0.0009360462253546776,0.00410866716487851,-0.0009360462253546776,0.0032665241591177483
19,implicit_no_coriolis,1,44,U_L/left_index_1_joint,hand48,8,0.008379872413887818,0.008332985377123566,0.00953547849890568,-0.008332985377123566,0.009419763839930661,0.3594163779392568,0.35756978462919575,0.42077449384761084,-0.35756978462919575,0.4146791322414775
19,implicit_no_coriolis,1,45,U_L/left_little_1_joint,hand48,8,0.007035466169028052,0.006974175600941266,0.008840978839709107,-0.006974175600941266,0.008379237120550624,0.2482632251608746,0.2465616183907481,0.2930989982565389,-0.2465616183907481,0.2905375738537047
19,implicit_no_coriolis,1,46,U_L/left_middle_1_joint,hand48,8,0.009108484487645317,0.009057699122954368,0.010386511423562166,-0.009057699122954368,0.010239476676596096,0.39041065312909484,0.3882014062163489,0.46155776204915666,-0.3882014062163489,0.4536303806036611
19,implicit_no_coriolis,1,47,U_L/left_ring_1_joint,hand48,8,0.008527128992940343,0.008470444017929471,0.010137422750623806,-0.008470444017929471,0.009822825689395083,0.3426854900057412,0.34054440237916583,0.40761228551745127,-0.34054440237916583,0.40072435776022247
19,implicit_no_coriolis,1,48,U_L/left_thumb_1_joint,hand48,8,7.701600018391011e-05,7.591897266631675e-05,9.235318070538456e-05,7.591897266631675e-05,9.219126642573127e-05,0.0027851852272578782,0.002514838199394743,0.004472609858663023,0.002514838199394743,0.004094029389126981
19,implicit_no_coriolis,1,49,U_L/left_index_2_joint,hand48,8,0.00012544983360927492,7.711621441905056e-05,0.00025648829440798326,-3.554582591830738e-05,0.00023467334479469607,0.004590454862973545,0.0024523627401442597,0.010566274065238737,0.00207626685092836,0.009459843444583137
19,implicit_no_coriolis,1,50,U_L/left_little_2_joint,hand48,8,3.2243302033043666e-05,2.9941916473501598e-05,5.2775565541909875e-05,-2.9941916473501598e-05,4.680132890395524e-05,0.0012510237165070824,0.001213693283344081,0.0017440597877661323,-0.001213693283344081,0.0017139385782654725
19,implicit_no_coriolis,1,51,U_L/left_middle_2_joint,hand48,8,0.00013470224477605234,0.00010447357067198612,0.0002719706764979374,-9.720275250564916e-05,0.0002559100222422422,0.0034647925756139957,0.0032699134950400985,0.0058309658120236675,-0.0009667017205544062,0.005253691253461107
19,implicit_no_coriolis,1,52,U_L/left_ring_2_joint,hand48,8,0.00012478753301117503,0.00011770603313328125,0.0001956906150669957,-0.00011770603313328125,0.0001899072993053599,0.0035279191585097067,0.0031395244081432222,0.0050653922909676624,-0.003118721321729144,0.004858138992971191
19,implicit_no_coriolis,1,53,U_L/left_thumb_2_joint,hand48,8,0.0011234875512114821,0.0011090556785367913,0.0013924094473420356,0.0011090556785367913,0.0013851222262704053,0.0506833748030919,0.05058138946376868,0.0569017659279593,0.05058138946376868,0.055497647996383855
19,implicit_no_coriolis,1,54,U_L/left_thumb_3_joint,hand48,8,0.005744978499819745,0.00568299177319701,0.0070760734486869925,0.00568299177319701,0.006985704428229736,0.2574752727431593,0.25722534445056006,0.2773548237122091,0.25722534445056006,0.2759463492547143
19,implicit_no_coriolis,1,55,U_L/left_thumb_4_joint,hand48,8,8.45795896448099e-06,8.369180924510874e-06,1.0790745779087896e-05,-8.369180924510874e-06,1.0189953483134144e-05,0.0003989415002984929,0.00039637519819442086,0.00046665823757305997,-0.00039637519819442086,0.00045865830027824576
19,implicit_no_coriolis,1,56,U_R/shoulder_pan_joint,controlled26,8,0.00021143636205768758,0.0001558268154551734,0.000486811331903203,-0.00011890792457674992,0.00040418682692026074,0.02512883625222958,0.022380553878925517,0.047197008184752476,-0.022380553878925517,0.04207280339124882
19,implicit_no_coriolis,1,57,U_R/shoulder_lift_joint,controlled26,8,0.0001550133445714946,0.00012858409131388804,0.00028874002184853254,-8.989412139115416e-05,0.00026462590516089784,0.03147140854694641,0.03136705129872379,0.036881914814888464,-0.03136705129872379,0.035696075363276875
19,implicit_no_coriolis,1,58,U_R/elbow_joint,controlled26,8,0.0003016017490912827,0.0002960402392913064,0.0003765975212277617,-0.0002960402392913064,0.00036976723534950514,0.08117298715550694,0.08070414869775364,0.08926323323453614,0.08070414869775364,0.08781287163982564
19,implicit_no_coriolis,1,59,U_R/wrist_1_joint,controlled26,8,0.0010226826375082719,0.000406373014344652,0.0028887347350998738,0.00037996669225459634,0.0019146464287409944,0.10846443685908892,0.048116634812377844,0.30528960624130813,0.031718212660941054,0.20335566833503874
19,implicit_no_coriolis,1,60,U_R/wrist_2_joint,controlled26,8,0.0006530231693601267,0.00027483043215248415,0.0018346574269152427,0.00018383392457632652,0.0012635570009480448,0.07919877902158182,0.030523248795859107,0.22317036631694126,0.03010633616553515,0.1518113451519308
19,implicit_no_coriolis,1,61,U_R/wrist_3_joint,controlled26,8,4.6080987681831096e-05,2.5976093671720157e-05,0.000101345952981724,-2.5976093671720157e-05,9.431210126207289e-05,0.0006891065416424364,0.0004408620190384233,0.0017881029402920165,-0.0002152089769644027,0.0013759102127762015
19,implicit_no_coriolis,1,62,U_R/right_index_1_joint,hand48,8,0.007507905723920421,0.007412965821996534,0.007975668770459202,0.007412965821996534,0.007964904973151088,0.2343608945852031,0.23391998145857318,0.2492314516544574,0.23391998145857318,0.24806509592329995
19,implicit_no_coriolis,1,63,U_R/right_little_1_joint,hand48,8,0.00672626789921391,0.006699327614736361,0.007631064346961938,0.006699327614736361,0.0073997742745248235,0.1429412975564504,0.13771483388552022,0.18121371211664214,0.13771483388552022,0.17274243002479828
19,implicit_no_coriolis,1,64,U_R/right_middle_1_joint,hand48,8,0.008767625957925022,0.008691342466487052,0.00947268719049011,0.008691342466487052,0.009418195256453302,0.2823850988368773,0.2807143491838444,0.31279168190156376,0.2807143491838444,0.3090115702644822
19,implicit_no_coriolis,1,65,U_R/right_ring_1_joint,hand48,8,0.008222401987340923,0.008173202769021386,0.009136712603221152,0.008173202769021386,0.00896888888251861,0.2345841737689259,0.23162028281136576,0.27449499650902465,0.23162028281136576,0.26716522630908296
19,implicit_no_coriolis,1,66,U_R/right_thumb_1_joint,hand48,8,4.7079803145372976e-05,4.6315645300457065e-05,5.19785465966649e-05,-3.332100865129084e-05,5.1705376125923966e-05,0.0069732943212067215,0.006239069664255062,0.008564845212021152,-0.005753991499449965,0.008506746318736816
19,implicit_no_coriolis,1,67,U_R/right_index_2_joint,hand48,8,0.00023189191401336027,0.00011744700753427845,0.0006038951483659238,9.558456446559505e-05,0.00047941274530959987,0.004633176842533667,0.0035188531183052074,0.008663153714404676,-0.0035188531183052074,0.008359993519114454
19,implicit_no_coriolis,1,68,U_R/right_little_2_joint,hand48,8,0.00028934784162415483,0.00016828434990756765,0.0007330844828768446,0.00016335445454579607,0.0005975915284348568,0.004464415956736931,0.002729081051859126,0.008810555896652701,-0.002708753000762661,0.008302288773840595
19,implicit_no_coriolis,1,69,U_R/right_middle_2_joint,hand48,8,0.00026168325197978846,0.00018013398779453786,0.0006281070749544065,0.00018013398779453786,0.0005256775724155312,0.0034173039098699173,0.002435933555217662,0.0067308758140043595,-0.0016378855348502116,0.006190943459360196
19,implicit_no_coriolis,1,70,U_R/right_ring_2_joint,hand48,8,0.00032850074912158097,0.00025391520052182436,0.0007414993403258158,0.00025391520052182436,0.0006335078934699247,0.0034374319846775816,0.003155060592133433,0.006136613074206554,-0.00039140348493937145,0.005441139818565355
19,implicit_no_coriolis,1,71,U_R/right_thumb_2_joint,hand48,8,0.0007759768838434304,0.0006947750833366777,0.0012039039966056375,-0.0006947750833366777,0.001138434162594632,0.020814134870022993,0.016690688389688985,0.040355263153779054,0.015494265011685882,0.035205464388848424
19,implicit_no_coriolis,1,72,U_R/right_thumb_3_joint,hand48,8,0.00483128692727051,0.004652366839598271,0.0070454694470598045,-0.004652366839598271,0.0065165895837258755,0.0606321863274122,0.050675202187205726,0.09923515274255038,-0.01912371481588679,0.09359370836489067
19,implicit_no_coriolis,1,73,U_R/right_thumb_4_joint,hand48,8,6.408990748707332e-05,6.382642336143305e-05,7.085080288762174e-05,6.382642336143305e-05,6.916179901295463e-05,0.0018098012264053977,0.0018027475681579074,0.0020176222560082174,0.0018027475681579074,0.001984756513413897
19,implicit_gravity_off,both,0,F_L/fr3_joint1,controlled26,16,7.860640087564037e-05,5.128854259327069e-05,0.00018004218797204596,2.4141860317671363e-05,0.0001578072925943405,0.0091879803582109,0.004141661895609007,0.029398975250214184,0.0025727306672525,0.023089317425471104
19,implicit_gravity_off,both,1,F_L/fr3_joint2,controlled26,16,6.538761457703742e-05,3.884189889208356e-05,0.00013475694303277663,-2.3432439694159868e-05,0.00013147475888397597,0.004480947880118666,0.0026345698516510255,0.010202768415653873,0.0015850046173951993,0.009866498681521835
19,implicit_gravity_off,both,2,F_L/fr3_joint3,controlled26,16,6.92225061187853e-05,4.301722075961134e-05,0.00017215290434635655,4.296674716042226e-05,0.00012823403552414403,0.002360818956294178,0.0013303711521309878,0.005538486700836336,-0.0013130439018797973,0.005236385580521733
19,implicit_gravity_off,both,3,F_L/fr3_joint4,controlled26,16,8.691833877948406e-05,4.9626212525466507e-05,0.00024541617444917563,4.9626212525466507e-05,0.0002105281605513376,0.011157501491483491,0.005586753483690589,0.03535854691798494,-0.005586753483690589,0.026892960157266832
19,implicit_gravity_off,both,4,F_L/fr3_joint5,controlled26,16,5.999371860220002e-05,2.893110528720544e-05,0.00017829558291060366,2.8733760884941395e-05,0.00015467520305256777,0.003498124997868773,0.001914854015141998,0.010594496477154654,0.0005905419554976664,0.007563952074231237
19,implicit_gravity_off,both,5,F_L/fr3_joint6,controlled26,16,2.7570615178774812e-05,1.673522649606185e-05,6.899311354802151e-05,-1.673522649606185e-05,5.659080979070197e-05,0.004788944965726565,0.002074930474293641,0.01726427139385984,0.0008415930251016651,0.008159656591347512
19,implicit_gravity_off,both,6,F_L/fr3_joint7,controlled26,16,9.2166067034473e-05,4.812158844835768e-05,0.00025789286311228565,1.9366092382872013e-05,0.00023978913216776698,0.001454883122777763,0.0007291533015707165,0.005391817883391511,0.0004526182296608812,0.0023182302955218935
19,implicit_gravity_off,both,7,F_L/left_index_1_joint,hand48,16,0.004361389754935451,0.002299328608340476,0.013615337859492926,0.0012841090702063488,0.010610269429579863,0.2241755760922918,0.09985630900928393,0.8299102292502375,0.06981927481375545,0.4006934447088336
19,implicit_gravity_off,both,8,F_L/left_middle_1_joint,hand48,16,0.004424644396923341,0.0023361366559547384,0.013907688511686264,0.0013812933896176311,0.010678889266642625,0.2331496927559889,0.1050555401723729,0.8559506901920212,0.07864522591501694,0.43302930484648705
19,implicit_gravity_off,both,9,F_L/left_pinky_1_joint,hand48,16,0.0020490673576415348,0.0008972077813203883,0.006109249309728462,0.0006967462004070077,0.005533779586922,0.06554581670665986,0.03089108160692413,0.24689435511942995,0.03089108160692413,0.09946157344744105
19,implicit_gravity_off,both,10,F_L/left_ring_1_joint,hand48,16,0.004038843446662861,0.0020328936851149388,0.012715347380796285,0.00131165929234361,0.010004592691221548,0.203346231728501,0.0886347582530086,0.7632721081804104,0.07414930028763207,0.3601213060750245
19,implicit_gravity_off,both,11,F_L/left_thumb_1_joint,hand48,16,7.177416496182111e-05,3.857209410959659e-05,0.00023613894045004802,-2.153747422134044e-05,0.0001603949843579297,0.01282673463153749,0.005154759444574497,0.048727986237715196,-0.003030713231567915,0.020331817138358133
19,implicit_gravity_off,both,12,F_L/left_index_2_joint,hand48,16,5.0302146985424165e-06,2.3425647131987415e-06,1.910181068306982e-05,-1.7282881202423939e-06,7.807101953985485e-06,0.0011659783570495282,0.0005433885038674605,0.004282417733077531,-0.0001945732448536745,0.001846435542514335
19,implicit_gravity_off,both,13,F_L/left_middle_2_joint,hand48,16,5.402956792764544e-05,2.8551141513749427e-05,0.0001739203484622115,1.3718231882241076e-05,0.00012467538670670603,0.0015553943891863204,0.0007394385497719554,0.004835690023957595,0.000576638475535668,0.004004074067530981
19,implicit_gravity_off,both,14,F_L/left_pinky_2_joint,hand48,16,6.930120765230283e-05,3.722270337274281e-05,0.00021272848964613844,1.9367738755481437e-05,0.00016963553569726217,0.0025715995821077925,0.001212526856657277,0.00931573401011538,0.000907723228880597,0.00484150810147022
19,implicit_gravity_off,both,15,F_L/left_ring_2_joint,hand48,16,0.00012807520834987873,6.667557866634269e-05,0.0003948750464291828,3.5623659784727105e-05,0.0003181943509454419,0.004193741053905775,0.001908971911337608,0.015426161214938575,0.0016256295868088508,0.008041940797940118
19,implicit_gravity_off,both,16,F_L/left_thumb_2_joint,hand48,16,0.0002411453419231375,0.00016138285989147991,0.0005014628062400689,0.00014715926642976367,0.0004919310557531358,0.014770735670486035,0.009074243234033861,0.03613311977725521,0.00792722256797957,0.029501491825712097
19,implicit_gravity_off,both,17,F_L/left_thumb_3_joint,hand48,16,0.0012193822167660777,0.0008030907451796092,0.0026772053022377923,0.0007346674798156634,0.002539298333896791,0.08261578431387945,0.05187446472256352,0.17873113439602195,0.046377401791899905,0.17279555035508082
19,implicit_gravity_off,both,18,F_L/left_thumb_4_joint,hand48,16,4.197792441696557e-06,1.949127134635506e-06,1.2620324269824179e-05,-1.4892179470860772e-06,1.1061229509175263e-05,0.0001559928595517893,8.545327551122674e-05,0.0004889753385082169,-7.814343033089023e-05,0.0002980829283020556
19,implicit_gravity_off,both,19,F_R/fr3_joint1,controlled26,16,4.5792839318548e-05,3.6833750536327536e-05,9.978233523866287e-05,3.143227792477832e-05,8.682583295843704e-05,0.003633947123280321,0.0023119110635750053,0.009778701021040476,0.0010672999240460082,0.007955002753414861
19,implicit_gravity_off,both,20,F_R/fr3_joint2,controlled26,16,0.00018255386555431234,0.00015965227532319104,0.0003819496786650056,-0.00015965227532319104,0.0003081163301627554,0.0041398683868964165,0.00377944926761021,0.007045220463192475,-0.00377944926761021,0.0064170040831812054
19,implicit_gravity_off,both,21,F_R/fr3_joint3,controlled26,16,5.098345636530046e-05,2.617554906862718e-05,0.00016826241774459127,-2.462994127093443e-05,9.389695415584765e-05,0.006479532513220729,0.004650963183566134,0.015443710963361425,-0.004650963183566134,0.014494192192456378
19,implicit_gravity_off,both,22,F_R/fr3_joint4,controlled26,16,2.9459246219518105e-05,1.931316423033763e-05,9.32025228232991e-05,-6.391809243895541e-06,5.219444509049764e-05,0.006530390652101334,0.0031728122841068107,0.019831032243899486,-0.0003542180329870375,0.014050321067134431
19,implicit_gravity_off,both,23,F_R/fr3_joint5,controlled26,16,6.216880836338799e-05,5.175119870568651e-05,0.0001399615239541241,-3.9558873863539123e-05,0.00011568085816757168,0.0061288906726469266,0.005459381191173011,0.01256943125641519,-0.005459381191173011,0.010246341336914547
19,implicit_gravity_off,both,24,F_R/fr3_joint6,controlled26,16,1.8511051029214484e-05,9.65371395195147e-06,5.818086443198922e-05,6.446937533710617e-06,3.6658422092994414e-05,0.0036014413152413317,0.001672997869258743,0.012839855913817231,0.0011589050897430186,0.006805302335252937
19,implicit_gravity_off,both,25,F_R/fr3_joint7,controlled26,16,2.646737145566093e-05,2.2475621666892542e-05,5.3776049115272784e-05,2.2475621666892542e-05,5.0688895002759526e-05,0.0026657108250828297,0.002416647619483627,0.00471127272229821,0.002416647619483627,0.0041732061862181785
19,implicit_gravity_off,both,26,F_R/right_index_1_joint,hand48,16,0.0019481871160598723,0.0016787263283217866,0.0038490142597168153,-0.0016430880365517781,0.0032372046886296538,0.1651270301104549,0.15351439413370058,0.2455318091502896,-0.15351439413370058,0.243744847500245
19,implicit_gravity_off,both,27,F_R/right_middle_1_joint,hand48,16,0.002301983740393622,0.001982370447548929,0.004574182646174457,-0.001932049055315091,0.003914488094422679,0.19183832840626336,0.17820985152557894,0.28341891785717543,-0.17820985152557894,0.28072193835531734
19,implicit_gravity_off,both,28,F_R/right_pinky_1_joint,hand48,16,0.0017357513986463497,0.0014931109540745587,0.003429361248499227,-0.0013966572219261423,0.0028497957980943983,0.14838988234560943,0.13673923832852092,0.2233525458657165,-0.13673923832852092,0.22174122753855463
19,implicit_gravity_off,both,29,F_R/right_ring_1_joint,hand48,16,0.002010475892635704,0.0017253400176162094,0.004039981876914359,-0.0016429646876888887,0.0034112412290157774,0.16983488885681122,0.15697290869828107,0.2542161113606083,-0.15697290869828107,0.25318439612310184
19,implicit_gravity_off,both,30,F_R/right_thumb_1_joint,hand48,16,2.2988203236061902e-05,2.0357342036834113e-05,4.2759090921343224e-05,2.0357342036834113e-05,3.689395634274596e-05,0.001963741274066446,0.001757856604132105,0.0034508478650419816,0.0017041526210007732,0.0031429317412075093
19,implicit_gravity_off,both,31,F_R/right_index_2_joint,hand48,16,7.666041257763137e-06,7.197952488684732e-06,1.20364876394774e-05,7.197952488684732e-06,1.0801755826808646e-05,0.0005536118766176063,0.00035724147935263154,0.001380880681021583,0.00030238952608116135,0.001192683002214194
19,implicit_gravity_off,both,32,F_R/right_middle_2_joint,hand48,16,1.0714448674159455e-05,8.267438772992936e-06,2.373751051086559e-05,-7.347231595900006e-06,1.9896357358065164e-05,0.0011908570001136437,0.001011372306136279,0.0021621798469484373,-0.001011372306136279,0.0019496559172993305
19,implicit_gravity_off,both,33,F_R/right_pinky_2_joint,hand48,16,8.456128765979369e-06,6.827169352068875e-06,1.8000237164417232e-05,-6.339117442881979e-06,1.5304794600393135e-05,0.0008564156772232189,0.0007743500290764701,0.0014127817454102688,-0.0007743500290764701,0.0013212797856332406
19,implicit_gravity_off,both,34,F_R/right_ring_2_joint,hand48,16,3.0290812326289716e-05,2.5434796006052265e-05,6.170101443803144e-05,-2.393872118633747e-05,5.163837387787279e-05,0.0027992990597610202,0.0025717899215448444,0.0045191180941038245,-0.0025717899215448444,0.004328964943489453
19,implicit_gravity_off,both,35,F_R/right_thumb_2_joint,hand48,16,0.00024670537996706265,0.00020893618182570364,0.0004946957718081624,0.0001884513612366804,0.0004714825186995751,0.018892697461277905,0.017062033593630996,0.030380692991179372,0.017062033593630996,0.029520195455330283
19,implicit_gravity_off,both,36,F_R/right_thumb_3_joint,hand48,16,0.0025791955301429806,0.0021651296035034772,0.0051886643245900865,0.0019628042580527747,0.004934527179075573,0.19811888498217842,0.1775948598543799,0.32507843432708,0.1773983937051588,0.30643334723350996
19,implicit_gravity_off,both,37,F_R/right_thumb_4_joint,hand48,16,7.972578776398316e-06,6.993449592887502e-06,1.496497114661377e-05,-6.767818323719088e-06,1.2990130556368717e-05,0.0006422280064240588,0.0005944500983484938,0.001016052170165412,-0.0005944500983484938,0.0009296888950858844
19,implicit_gravity_off,both,38,U_L/shoulder_pan_joint,controlled26,16,0.00010432987936415189,6.05067168336082e-05,0.00035694208420533613,-9.856533444208004e-06,0.00019659828054108264,0.030368543900622855,0.022898319194064196,0.06785066321451899,-0.022898319194064196,0.06739074631164735
19,implicit_gravity_off,both,39,U_L/shoulder_lift_joint,controlled26,16,0.0010817500286817885,0.0010255925684193867,0.0014916123830266415,0.0010255925684193867,0.0014627080035640727,0.024611872006285524,0.023331587315009582,0.032331635981403664,0.01997239776706781,0.03203955864037657
19,implicit_gravity_off,both,40,U_L/elbow_joint,controlled26,16,0.0017341177511663313,0.0016463496955654439,0.002258507049147429,-0.0016463496955654439,0.002258396685683728,0.03895801069707319,0.037038032124979955,0.04710239843905194,-0.03365485966368256,0.04701146873990887
19,implicit_gravity_off,both,41,U_L/wrist_1_joint,controlled26,16,0.00019067169301278865,0.00015159968702216364,0.0004930211610472135,-0.00015159968702216364,0.00037747229258477955,0.011058186765184731,0.0079301965452627,0.02813133092902992,-0.0079301965452627,0.027030563531689283
19,implicit_gravity_off,both,42,U_L/wrist_2_joint,controlled26,16,0.00012788734655916117,7.21573823583288e-05,0.0003859210009808933,7.052064962886906e-05,0.00026971739668124606,0.01140671507464981,0.0062027028154076165,0.026741823864527777,0.005498444641677979,0.026571889805061262
19,implicit_gravity_off,both,43,U_L/wrist_3_joint,controlled26,16,0.0001155697926696866,5.357851780837808e-05,0.00035781446632787706,5.31257676067709e-05,0.00023998024795879314,0.007261662653371159,0.003403640598003986,0.019973681257762527,0.0014176844583288738,0.018941109709115896
19,implicit_gravity_off,both,44,U_L/left_index_1_joint,hand48,16,0.006820601675416382,0.006502284391925179,0.00961054975169559,-0.006502284391925179,0.009361084832155663,0.4022922098965905,0.3983950214779556,0.5074553867497923,-0.3983950214779556,0.4857188894499057
19,implicit_gravity_off,both,45,U_L/left_little_1_joint,hand48,16,0.005763457272774069,0.005487308879477569,0.008906455275821484,-0.005487308879477569,0.007916208034873362,0.28381773270478516,0.27982038788914737,0.4048238417440218,-0.27982038788914737,0.35109506698312865
19,implicit_gravity_off,both,46,U_L/left_middle_1_joint,hand48,16,0.0074064750376842585,0.007058546359197414,0.010471029214131372,-0.007058546359197414,0.010154300533439974,0.4367296350813251,0.4323099321902416,0.5559747375553883,-0.4323099321902416,0.5282006551370046
19,implicit_gravity_off,both,47,U_L/left_ring_1_joint,hand48,16,0.006950161689145989,0.0066223188840298835,0.010216792964227464,-0.0066223188840298835,0.009541317483414483,0.38675514184997234,0.3821977532667519,0.5198979767229917,-0.3821977532667519,0.468663255430811
19,implicit_gravity_off,both,48,U_L/left_thumb_1_joint,hand48,16,5.781300434710478e-05,5.500556040272109e-05,8.58407705118247e-05,5.500556040272109e-05,8.382910537464705e-05,0.008820917883647174,0.005695250797821919,0.02122301398988965,0.005695250797821919,0.02106603555706793
19,implicit_gravity_off,both,49,U_L/left_index_2_joint,hand48,16,0.00015050560000479134,9.436147233187007e-05,0.0003295188038557467,-5.8974506999566294e-05,0.0003053299188618998,0.0050114133347822646,0.003128193819691552,0.013239975693778211,0.0015716082551560577,0.010279748326015409
19,implicit_gravity_off,both,50,U_L/left_little_2_joint,hand48,16,3.698354985727637e-05,3.276376327949852e-05,6.851244431167747e-05,-3.1921923498873586e-05,5.5565074770620726e-05,0.0020659186377750246,0.0020318119744028996,0.0027693798469118794,-0.0020318119744028996,0.0026980883297235128
19,implicit_gravity_off,both,51,U_L/left_middle_2_joint,hand48,16,0.00015203463150394153,0.00011416027725922283,0.0003011052187068264,-0.00010527077652209768,0.00029802424805716946,0.004246549415009502,0.004045731678260628,0.00723312862934689,-0.0018862642839537018,0.006262764527792496
19,implicit_gravity_off,both,52,U_L/left_ring_2_joint,hand48,16,0.00012522453605063707,0.0001118810209849632,0.0002179343687768176,-0.0001118810209849632,0.00020568903046530584,0.004654333811420507,0.00429242004048844,0.006598638570597462,-0.00429242004048844,0.006357741155300572
19,implicit_gravity_off,both,53,U_L/left_thumb_2_joint,hand48,16,0.0010506839858089273,0.0009837780787022117,0.0015986634596306531,0.0009837780787022117,0.0015818476751522995,0.07131173016654448,0.07018430832448706,0.10431172491391924,0.07018430832448706,0.10204784153459417
19,implicit_gravity_off,both,54,U_L/left_thumb_3_joint,hand48,16,0.004594382582334564,0.004313541982658315,0.007097051247793293,0.004313541982658315,0.006903129656988874,0.2941601623985495,0.2878266574902508,0.45350213509093934,0.2878266574902508,0.4386059780052904
19,implicit_gravity_off,both,55,U_L/left_thumb_4_joint,hand48,16,2.31911212057077e-06,2.0390405530952907e-06,3.895464094474943e-06,-2.0345539942468946e-06,3.6871841789208604e-06,0.00014303504619910822,0.00012724483192364194,0.00027539577346177645,-4.023151366358932e-05,0.0002455547683475716
19,implicit_gravity_off,both,56,U_R/shoulder_pan_joint,controlled26,16,0.0001434733123717346,8.889689615354524e-05,0.00042685081399285174,-1.1005942422259718e-05,0.0002735656294726163,0.028640198079191128,0.022272289799234977,0.06911962873799843,-0.022272289799234977,0.05652331618092003
19,implicit_gravity_off,both,57,U_R/shoulder_lift_joint,controlled26,16,0.0003569042891498983,0.0003263850164634263,0.0006724445204833174,0.0003263850164634263,0.0005406117393103038,0.005158885682901119,0.00433026491995151,0.011945530043738977,0.0022787886708951184,0.00897981159705476
19,implicit_gravity_off,both,58,U_R/elbow_joint,controlled26,16,0.001558925591404947,0.0014751964236742465,0.0020555726823969778,-0.0014751964236742465,0.0020411600971608768,0.031881250675487985,0.030198457980037133,0.050588052026831906,-0.030198457980037133,0.0490168796955103
19,implicit_gravity_off,both,59,U_R/wrist_1_joint,controlled26,16,0.0008568050551119796,0.0004191750568760533,0.0030837622463337766,0.0004191750568760533,0.001777511294174694,0.10160100978181054,0.03985675317901242,0.31771301969801197,0.036797831597020964,0.26755858098095875
19,implicit_gravity_off,both,60,U_R/wrist_2_joint,controlled26,16,0.0004988449628128272,0.00020711732256162296,0.0018160757148004691,0.00011728449580783451,0.0010383730528165103,0.06997383324511183,0.02921546909121025,0.22186541190202164,0.02155328492197722,0.18018479050479927
19,implicit_gravity_off,both,61,U_R/wrist_3_joint,controlled26,16,3.640788646980926e-05,1.9783686510121967e-05,0.00010061773916714145,-1.814390998988724e-05,8.556102866008608e-05,0.0059144616647047645,0.002233863318741277,0.021161496778017853,-0.0021129610237744733,0.013088384589872848
19,implicit_gravity_off,both,62,U_R/right_index_1_joint,hand48,16,0.006038825726127504,0.005608312273734993,0.008096744924373997,0.005608312273734993,0.008073427506350862,0.2573943040551404,0.2539827009672938,0.33165942034340784,0.2539827009672938,0.2951241480967693
19,implicit_gravity_off,both,63,U_R/right_little_1_joint,hand48,16,0.005437359366113974,0.005141133525713673,0.007733940241461887,0.005141133525713673,0.007237862500475478,0.1753537903617617,0.16950139967712283,0.2826567455544599,0.16950139967712283,0.22054769340647548
19,implicit_gravity_off,both,64,U_R/right_middle_1_joint,hand48,16,0.007064271502486145,0.0066154513932782585,0.009611048226112341,0.0066154513932782585,0.00949313658005011,0.3134642100565708,0.3094563092881396,0.4190230776264517,0.3094563092881396,0.36923243852085574
19,implicit_gravity_off,both,65,U_R/right_ring_1_joint,hand48,16,0.006635272875630326,0.006246705061776593,0.009265397070476633,0.006246705061776593,0.00890495980414884,0.268797181272375,0.26430620385422865,0.3874484237709936,0.26430620385422865,0.3251170437372615
19,implicit_gravity_off,both,66,U_R/right_thumb_1_joint,hand48,16,8.054239380714622e-05,7.003507022216443e-05,0.0001814491914077787,7.003507022216443e-05,0.00013679087422373282,0.010422283713313005,0.0057816086246133686,0.025993557285055136,0.005632318662876618,0.022335350551566942
19,implicit_gravity_off,both,67,U_R/right_index_2_joint,hand48,16,0.00025711115606866735,0.00013563254331459482,0.0006768688966554415,0.00013017577993693075,0.000647570369785952,0.0034351456304339413,0.0023277985842106485,0.007392937746677868,-0.0017170146495569805,0.006722313975791639
19,implicit_gravity_off,both,68,U_R/right_little_2_joint,hand48,16,0.00030863465219326523,0.00017984930807726437,0.0007840207064101073,0.00017983887584173755,0.0007642556798059773,0.00384175577214553,0.0030871025577406353,0.007435261393401397,-0.0012775666673523756,0.007312518740648237
19,implicit_gravity_off,both,69,U_R/right_middle_2_joint,hand48,16,0.00028190216381266466,0.00019740932024919127,0.0006706733004857857,0.00019740932024919127,0.0006594320173932099,0.0029956773480659922,0.0029423507506264788,0.004026274228823799,0.000816930572480417,0.0037290096712474024
19,implicit_gravity_off,both,70,U_R/right_ring_2_joint,hand48,16,0.00033697633163646927,0.00025302029361765283,0.0007785215933944559,0.00025302029361765283,0.0007514681157755072,0.0038847736121640337,0.003691333609017166,0.004621222499970436,0.0019767302283834626,0.0046016274349885075
19,implicit_gravity_off,both,71,U_R/right_thumb_2_joint,hand48,16,0.0008119604926074559,0.0007249430804977678,0.0014617898538827334,-0.0007249430804977678,0.0013215144276583525,0.01685477787414911,0.014192164435794694,0.03344128405183014,-0.00037999099211514565,0.02683493875686721
19,implicit_gravity_off,both,72,U_R/right_thumb_3_joint,hand48,16,0.003941967790189704,0.003620309201580345,0.007077444552596901,-0.003620309201580345,0.0059442655531962915,0.0778936625669747,0.06439640118043759,0.17303030421311175,-0.033355497228982435,0.1316456938795565
19,implicit_gravity_off,both,73,U_R/right_thumb_4_joint,hand48,16,4.384129963052077e-05,4.1427381503933176e-05,6.154398903321368e-05,4.1427381503933176e-05,5.789937819768859e-05,0.0015268328088717104,0.0014768965613709563,0.0025001113392135207,0.0014768965613709563,0.002201914678651768
19,implicit_gravity_off,0,0,F_L/fr3_joint1,controlled26,8,7.491551004131219e-05,4.815231322567379e-05,0.00015039566080177202,1.0553398025230781e-05,0.00014028760473596829,0.010481700482947597,0.004513284483351724,0.029398975250214184,0.003356740539839561,0.020063396983355977
19,implicit_gravity_off,0,1,F_L/fr3_joint2,controlled26,8,6.456034831554534e-05,3.838497891298087e-05,0.00013038069750104242,-2.285797613479912e-05,0.0001248543463172047,0.005180146892552827,0.0030660029439454096,0.010202768415653873,0.0019232913525041812,0.010045842539725588
19,implicit_gravity_off,0,2,F_L/fr3_joint3,controlled26,8,5.446005579623012e-05,3.478882260563032e-05,0.0001041399177519331,3.475713149733717e-05,0.00010062376495649782,0.002039468069590997,0.0009928080247829962,0.005538486700836336,-0.000958153524280615,0.00411889242854781
19,implicit_gravity_off,0,3,F_L/fr3_joint4,controlled26,8,9.334019486236161e-05,5.1336136556445755e-05,0.00024541617444917563,5.1336136556445755e-05,0.00018555214940279,0.01305403575169745,0.006658342233216739,0.03535854691798494,-0.006658342233216739,0.025587428980880587
19,implicit_gravity_off,0,4,F_L/fr3_joint5,controlled26,8,5.238659382328367e-05,2.262674621078542e-05,0.00014680174309988914,2.2332332323848902e-05,0.00010041646930387664,0.0047956782918912024,0.002987911769195374,0.010594496477154654,0.00033928764990671023,0.009180242422457057
19,implicit_gravity_off,0,5,F_L/fr3_joint6,controlled26,8,2.2565920954623714e-05,1.3465798938072648e-05,5.245670853826212e-05,-1.3465798938072648e-05,4.5661306682220894e-05,0.006586272494553623,0.003456200707862972,0.01726427139385984,0.0009895258094790205,0.013015451152687412
19,implicit_gravity_off,0,6,F_L/fr3_joint7,controlled26,8,8.641946497947784e-05,4.3621910682106746e-05,0.00023375455518626076,1.9624048714667053e-05,0.00017313828368114006,0.0019904838722266736,0.0011027394933359061,0.005391817883391511,0.0006844854359459697,0.0038622596704620616
19,implicit_gravity_off,0,7,F_L/left_index_1_joint,hand48,8,0.003585134464468327,0.0019536640712635913,0.009608579952942176,0.0010275542426555952,0.006931392325972736,0.30315417950863394,0.1558525629327015,0.8299102292502375,0.09804736753879598,0.5872483645206048
19,implicit_gravity_off,0,8,F_L/left_middle_1_joint,hand48,8,0.00358940869534091,0.0019722643542319507,0.009602622851628079,0.0010865413985119178,0.006978921020540051,0.3123711144293525,0.15975106064496364,0.8559506901920212,0.10765266455190203,0.6113820988846075
19,implicit_gravity_off,0,9,F_L/left_pinky_1_joint,hand48,8,0.001916414031251808,0.0008760587542169414,0.005341956345986512,0.0005899848295852078,0.003729094692848871,0.08977844303244813,0.04556857854163139,0.24689435511942995,0.04556857854163139,0.17658345059781133
19,implicit_gravity_off,0,10,F_L/left_ring_1_joint,hand48,8,0.0033539610354358,0.0017641593700010536,0.009101007794696636,0.0010346945499349527,0.006498548856798424,0.2750798062208349,0.1311140822139625,0.7632721081804104,0.10214316628320945,0.538353416483064
19,implicit_gravity_off,0,11,F_L/left_thumb_1_joint,hand48,8,5.146833287977116e-05,2.981134595037363e-05,0.00013514699899389027,-1.5259563620587807e-05,9.983598718164422e-05,0.017718716968460915,0.008544175965114809,0.048727986237715196,-0.004678882914707344,0.035055803531353964
19,implicit_gravity_off,0,12,F_L/left_index_2_joint,hand48,8,7.026083160478018e-06,3.7774107232713128e-06,1.910181068306982e-05,-2.5488575373586175e-06,1.3830946609497122e-05,0.001630764024684773,0.0009378632918282796,0.004282417733077531,-0.0004612377621194279,0.003145626044148038
19,implicit_gravity_off,0,13,F_L/left_middle_2_joint,hand48,8,4.075996363824212e-05,2.2387637422939533e-05,0.00010826039945487087,9.776340598195016e-06,7.988657426439834e-05,0.0017299175992714557,0.0007987835975324593,0.004835690023957595,0.0005774781378801026,0.0033053100643700263
19,implicit_gravity_off,0,14,F_L/left_pinky_2_joint,hand48,8,5.8264638715331435e-05,3.218117954143819e-05,0.0001552712177143034,1.5559013374284378e-05,0.0001130430138141919,0.0034263814034592886,0.0018119590885055886,0.00931573401011538,0.0012318634952731868,0.006768058159319967
19,implicit_gravity_off,0,15,F_L/left_ring_2_joint,hand48,8,0.00010868003820956394,5.808165849672132e-05,0.0002926341191175283,2.8261552045698128e-05,0.00021116726971806196,0.00555842063656039,0.0026861067535324233,0.015426161214938575,0.002119422104474909,0.010878018556277413
19,implicit_gravity_off,0,16,F_L/left_thumb_2_joint,hand48,8,0.00018953900726754097,0.0001238243616146443,0.00037675747233689716,0.00011421354229033259,0.00036527942145877303,0.01901083215793149,0.013079681495440554,0.03613311977725521,0.011993576522634145,0.033038360066535086
19,implicit_gravity_off,0,17,F_L/left_thumb_3_joint,hand48,8,0.0009428580314129081,0.0006018834520423993,0.0019216150914744407,0.0005538460749725718,0.0018322515499614707,0.10577752898188876,0.07321211341631469,0.17873113439602195,0.06809927836065122,0.17596119517691608
19,implicit_gravity_off,0,18,F_L/left_thumb_4_joint,hand48,8,3.7903740022497317e-06,1.6713083920566474e-06,1.0541531255625625e-05,-1.4967866375399652e-06,7.501980206151e-06,0.00021540604883606818,0.00014453865468767673,0.0004889753385082169,-0.0001424916124219356,0.00039989221374534147
19,implicit_gravity_off,0,19,F_R/fr3_joint1,controlled26,8,3.258843505864404e-05,2.75153531686112e-05,6.601219394841706e-05,2.0952453489347933e-05,5.7445923838794754e-05,0.0049965088626797455,0.0035531362880946433,0.009778701021040476,0.0011084610328345244,0.008927641829481855
19,implicit_gravity_off,0,20,F_R/fr3_joint2,controlled26,8,0.00011627226992197591,0.00010649723156888613,0.00019987144866595585,-0.00010649723156888613,0.00017873910852587158,0.0033574727296202373,0.0030921733907925113,0.005273500233242842,-0.0030921733907925113,0.0049678717600318235
19,implicit_gravity_off,0,21,F_R/fr3_joint3,controlled26,8,3.266154919935886e-05,1.8388232464111587e-05,6.91084662929331e-05,-1.5722532323875216e-05,6.601982283128693e-05,0.0068224430329364575,0.005077694387647846,0.015443710963361425,-0.005077694387647846,0.013178585433822918
19,implicit_gravity_off,0,22,F_R/fr3_joint4,controlled26,8,1.856414689738911e-05,1.4017531809518147e-05,3.660441814501425e-05,-4.4605129715658e-06,3.515741424491847e-05,0.009141882419903487,0.005436328119513151,0.019831032243899486,-0.00047857005853827947,0.017133367028075788
19,implicit_gravity_off,0,23,F_R/fr3_joint5,controlled26,8,4.5781858593019965e-05,4.089801796963721e-05,7.355622882820878e-05,-1.6513368285342445e-05,6.98897201554638e-05,0.006910579000525977,0.00625705214944957,0.01256943125641519,-0.00625705214944957,0.01094567396920853
19,implicit_gravity_off,0,24,F_R/fr3_joint6,controlled26,8,1.2718749311080217e-05,7.71495199397565e-06,2.948427464666281e-05,2.927116560302867e-06,2.471000989097138e-05,0.005076423947291922,0.0030087000291364793,0.012839855913817231,0.0024329658185942805,0.010023730910487222
19,implicit_gravity_off,0,25,F_R/fr3_joint7,controlled26,8,1.7064170642098e-05,1.5061834019530762e-05,2.7015346813152874e-05,1.5061834019530762e-05,2.6281103083392043e-05,0.0028887165406541763,0.0026335264521606884,0.00471127272229821,0.0026335264521606884,0.0044149359544174375
19,implicit_gravity_off,0,26,F_R/right_index_1_joint,hand48,8,0.0011948272615723728,0.0010588524611826015,0.002080643783868963,-0.0009875758776425846,0.0019393868078599245,0.16208591304793576,0.15194851224542094,0.23340115893361374,-0.15194851224542094,0.22293986295091614
19,implicit_gravity_off,0,27,F_R/right_middle_1_joint,hand48,8,0.0014276433400893516,0.0012729804816064318,0.002444611841529165,-0.0011723376971387554,0.0023027138583735615,0.1867232833136985,0.17389192333799336,0.27856203901881077,-0.17389192333799336,0.259452754913874
19,implicit_gravity_off,0,28,F_R/right_pinky_1_joint,hand48,8,0.0010907758091181924,0.00100254438191392,0.0018771443318285203,-0.0008096369176170872,0.0017358229805036892,0.14536713042871466,0.13443590988009024,0.2080468943422389,-0.13443590988009024,0.20322130270420574
19,implicit_gravity_off,0,29,F_R/right_ring_1_joint,hand48,8,0.001255425941703664,0.001134108038382835,0.002177166700712413,-0.0009693573785281937,0.002034276428737247,0.16443760119469558,0.1521982437370811,0.2451579478345483,-0.1521982437370811,0.22870614204183157
19,implicit_gravity_off,0,30,F_R/right_thumb_1_joint,hand48,8,1.4291820118418466e-05,1.3197811935795889e-05,2.2940280839170435e-05,1.3197811935795889e-05,2.1484405474797225e-05,0.0017096849766880392,0.001507689165499778,0.0030402930332626855,0.0014002811992371148,0.0028105562609059146
19,implicit_gravity_off,0,31,F_R/right_index_2_joint,hand48,8,7.598362964834583e-06,7.205481280810923e-06,1.039017855591906e-05,7.205481280810923e-06,1.0155958752040144e-05,0.0007781169055756958,0.0006651041034095649,0.001380880681021583,0.0005883947588382632,0.0012930550975781346
19,implicit_gravity_off,0,32,F_R/right_middle_2_joint,hand48,8,3.956641296946522e-06,3.372886719473639e-06,6.383854366007191e-06,-1.5324723652877792e-06,6.170181098910654e-06,0.000843332753996979,0.0006599271793130821,0.001478784147262488,-0.0006599271793130821,0.0014435448838905473
19,implicit_gravity_off,0,33,F_R/right_pinky_2_joint,hand48,8,4.100181239470747e-06,3.525075203490019e-06,6.952276190866358e-06,-2.5489713851162277e-06,6.573638664222197e-06,0.0007466588530199182,0.0006626284014444846,0.0011742579041581053,-0.0006626284014444846,0.0011449772455897015
19,implicit_gravity_off,0,34,F_R/right_ring_2_joint,hand48,8,1.618704756273168e-05,1.4830459174009977e-05,2.7786079020181154e-05,-1.1838309534580385e-05,2.5817125116790043e-05,0.0025052493834829713,0.002303119396045574,0.0037783502082824475,-0.002303119396045574,0.0037234690961793692
19,implicit_gravity_off,0,35,F_R/right_thumb_2_joint,hand48,8,0.0001668217624576942,0.00015304380437253327,0.00024893504670982225,0.00011564441787100584,0.0002456720387572862,0.01874925060788682,0.016493525517734288,0.030380692991179372,0.016493525517734288,0.029405237900351853
19,implicit_gravity_off,0,36,F_R/right_thumb_3_joint,hand48,8,0.0017668199455644746,0.001598699480883375,0.0026603592789888678,0.0012154335120154545,0.002630682235055982,0.20031124711707946,0.17370698323909578,0.32507843432708,0.17331405094065358,0.3152990935964696
19,implicit_gravity_off,0,37,F_R/right_thumb_4_joint,hand48,8,5.391228346383303e-06,4.906661413020541e-06,9.03913417149571e-06,-4.455398874683714e-06,8.489077437455472e-06,0.0006842859194397587,0.0006437569497481273,0.001016052170165412,-0.0006437569497481273,0.0009594910933326658
19,implicit_gravity_off,0,38,U_L/shoulder_pan_joint,controlled26,8,5.128186404031078e-05,3.885352089560978e-05,0.00012155724694906667,3.885352089560978e-05,9.509987251778981e-05,0.03493753774025771,0.02405056924445991,0.06785066321451899,-0.02405056924445991,0.06763603532651222
19,implicit_gravity_off,0,39,U_L/shoulder_lift_joint,controlled26,8,0.0006888792118877965,0.0006877939575599124,0.0007485721141087254,0.0006877939575599124,0.0007405763003408339,0.021614531280147342,0.02112952861051595,0.02467081195777228,0.0144111495146324,0.024588376039280747
19,implicit_gravity_off,0,40,U_L/elbow_joint,controlled26,8,0.0011101853233818528,0.0011097480888544176,0.0011866220818890216,-0.0011097480888544176,0.0011593611921379531,0.036051574079368466,0.03403511436385518,0.04163876256789632,-0.02726876944126041,0.04160786544845252
19,implicit_gravity_off,0,41,U_L/wrist_1_joint,controlled26,8,0.0001191311272205919,9.771034765571063e-05,0.00025236181954690906,-9.771034765571063e-05,0.00022166111328172363,0.014805999910225652,0.011226269045782132,0.02813133092902992,-0.011226269045782132,0.02761763947693762
19,implicit_gravity_off,0,42,U_L/wrist_2_joint,controlled26,8,8.357039427962006e-05,4.9282152453589134e-05,0.00020372735582441237,4.6008686994669645e-05,0.0001729882728482845,0.015982591968692422,0.01049724910347733,0.026741823864527777,0.01049724910347733,0.026662521303443404
19,implicit_gravity_off,0,43,U_L/wrist_3_joint,controlled26,8,7.531746419425577e-05,3.665454424806036e-05,0.0001883243190907713,3.654409789199953e-05,0.00015723795016679972,0.010152962802740691,0.005980071661216866,0.019973681257762527,0.0036625784514488532,0.019491814535060766
19,implicit_gravity_off,0,44,U_L/left_index_1_joint,hand48,8,0.004646528984139814,0.0045982249529738705,0.005559550176569075,-0.0045982249529738705,0.005498499405347535,0.43687550772507794,0.43417368374748344,0.5074553867497923,-0.43417368374748344,0.4973116880098452
19,implicit_gravity_off,0,45,U_L/left_little_1_joint,hand48,8,0.004004307474742219,0.0039360803827019186,0.005239385379089856,-0.0039360803827019186,0.005035351776266166,0.31201524253466634,0.30882598739466366,0.4048238417440218,-0.30882598739466366,0.3797504135222716
19,implicit_gravity_off,0,46,U_L/left_middle_1_joint,hand48,8,0.005024236779063111,0.0049767843039739195,0.00595723511000365,-0.0049767843039739195,0.005879499266163783,0.47397846108365616,0.47081059065013936,0.5559747375553883,-0.47081059065013936,0.543013499093476
19,implicit_gravity_off,0,47,U_L/left_ring_1_joint,hand48,8,0.004751160918126164,0.0046964528834725384,0.005641959250340098,-0.0046964528834725384,0.005622548509587665,0.42207832081635965,0.41864556484434734,0.5198979767229917,-0.41864556484434734,0.49598844011997395
19,implicit_gravity_off,0,48,U_L/left_thumb_1_joint,hand48,8,4.2987371212929184e-05,4.161400915828756e-05,5.94531490660799e-05,4.161400915828756e-05,5.929250294227917e-05,0.012260752428552808,0.009421691067456297,0.02122301398988965,0.009421691067456297,0.02114975738790618
19,implicit_gravity_off,0,49,U_L/left_index_2_joint,hand48,8,0.00016625725820971823,9.99777681511306e-05,0.0003295188038557467,-6.115242295211265e-05,0.0003182306575252848,0.005747807410182124,0.0031029439177368816,0.013239975693778211,0.0025303014732312896,0.011858536255488902
19,implicit_gravity_off,0,50,U_L/left_little_2_joint,hand48,8,2.2944220548137796e-05,2.009730710718187e-05,4.127123554097112e-05,-1.8413627545931996e-05,3.5182372901822874e-05,0.0018542543836546185,0.001826260108001368,0.002467605297462777,-0.001826260108001368,0.0023791311109323697
19,implicit_gravity_off,0,51,U_L/left_middle_2_joint,hand48,8,0.00015016993135316407,0.00010499976993534263,0.0003011052187068264,-8.800812397623606e-05,0.0002932820772904854,0.004208023682717866,0.003954273249146237,0.00723312862934689,-0.0010843432510041797,0.006460418134938233
19,implicit_gravity_off,0,52,U_L/left_ring_2_joint,hand48,8,0.00010000564636004444,8.357926413452357e-05,0.00017976235560014653,-8.357926413452357e-05,0.00017777143638495057,0.004380969967580455,0.003960156801126144,0.006277442016868275,-0.003960156801126144,0.005940817860412974
19,implicit_gravity_off,0,53,U_L/left_thumb_2_joint,hand48,8,0.0006650178923320049,0.0006507791528838035,0.0008358946254626021,0.0006507791528838035,0.000828886279286788,0.07664205937730632,0.07490277928720214,0.10431172491391924,0.07490277928720214,0.10325524600356754
19,implicit_gravity_off,0,54,U_L/left_thumb_3_joint,hand48,8,0.0029947031035542464,0.0029226303551255616,0.0037714468740377843,0.0029226303551255616,0.0037707500901682013,0.3255092517579833,0.31685776060226145,0.45350213509093934,0.31685776060226145,0.4465505951176365
19,implicit_gravity_off,0,55,U_L/left_thumb_4_joint,hand48,8,2.5842591572121317e-06,2.4221377348792456e-06,3.617757540402833e-06,-2.4221377348792456e-06,3.5801614269220793e-06,0.00017777815396623388,0.00016747634558723128,0.00027539577346177645,-0.00016747634558723128,0.0002614699710751475
19,implicit_gravity_off,0,56,U_R/shoulder_pan_joint,controlled26,8,8.279817837008688e-05,4.768658415596483e-05,0.00022247056796587117,3.7416140769436224e-05,0.000164333353959789,0.03310464285755285,0.02417556792214664,0.06911962873799843,-0.02417556792214664,0.06324134954469517
19,implicit_gravity_off,0,57,U_R/shoulder_lift_joint,controlled26,8,0.00023836241743251923,0.0002252228585776228,0.0003832009978870232,0.0002252228585776228,0.000344175194470786,0.0064249084999545335,0.005692798564759226,0.011945530043738977,0.0024533273601349713,0.010561528101953007
19,implicit_gravity_off,0,58,U_R/elbow_joint,controlled26,8,0.0009757925015995209,0.0009742615490817563,0.0010321148468184216,-0.0009742615490817563,0.0010267864733576881,0.03202203031790383,0.02987095139796791,0.04849315558506977,-0.02987095139796791,0.0477063793151863
19,implicit_gravity_off,0,59,U_R/wrist_1_joint,controlled26,8,0.0004861164715223392,0.0002637854982721066,0.0013420943101216665,0.0002637854982721066,0.00091596934815441,0.08909937436467694,0.03560312978297529,0.250840434741941,0.029485286618992378,0.17140385050544354
19,implicit_gravity_off,0,60,U_R/wrist_2_joint,controlled26,8,0.0002789085516420546,0.00012595920846358855,0.0007791388321551906,6.882549957520911e-05,0.0005459638126675155,0.059976563530795175,0.02730084058190505,0.16629125003905848,0.014271971927859572,0.11795531225303979
19,implicit_gravity_off,0,61,U_R/wrist_3_joint,controlled26,8,2.3764712016340224e-05,1.4356379110402884e-05,4.786978465620706e-05,-1.1076826069933432e-05,4.690763375374551e-05,0.008336907870241909,0.004045935900789348,0.021161496778017853,-0.004045935900789348,0.01739404442355018
19,implicit_gravity_off,0,62,U_R/right_index_1_joint,hand48,8,0.0038405917372545295,0.003682265931565022,0.004208721827351783,0.003682265931565022,0.004195909521595603,0.2719838607989364,0.2664637026600417,0.33165942034340784,0.2664637026600417,0.3146096266283098
19,implicit_gravity_off,0,63,U_R/right_little_1_joint,hand48,8,0.0035358551460697297,0.0034804020762205685,0.00423680571308397,0.0034804020762205685,0.0040684797604380405,0.1981947328154812,0.1949479798682357,0.2826567455544599,0.1949479798682357,0.2536725212187338
19,implicit_gravity_off,0,64,U_R/right_middle_1_joint,hand48,8,0.004530425230074035,0.004401990687803626,0.00489581725690795,0.004401990687803626,0.004889189300832495,0.33450886161701276,0.3296279215823524,0.4190230776264517,0.3296279215823524,0.3957874460438402
19,implicit_gravity_off,0,65,U_R/right_ring_1_joint,hand48,8,0.00428185518937843,0.004192098926679624,0.004874974523556591,0.004192098926679624,0.004764904941588686,0.2927974807192964,0.28904070670645265,0.3874484237709936,0.28904070670645265,0.35836044642191855
19,implicit_gravity_off,0,66,U_R/right_thumb_1_joint,hand48,8,5.4184227146792866e-05,4.5685783423114745e-05,0.00012190476849571752,4.5685783423114745e-05,9.230632345015306e-05,0.013884165285473904,0.00861477504769238,0.025993557285055136,0.008316195124218878,0.024286394142760643
19,implicit_gravity_off,0,67,U_R/right_index_2_joint,hand48,8,0.0002659628400284292,0.00013470894055519003,0.0006768688966554415,0.00013029816129913815,0.000554334025167806,0.003554516420357843,0.00221209169226673,0.007392937746677868,-0.002064181006171079,0.006663768160475361
19,implicit_gravity_off,0,68,U_R/right_little_2_joint,hand48,8,0.0003132070617385565,0.00017151244326609437,0.0007840207064101073,0.00017149157879504072,0.0006510618084997836,0.003942185368184041,0.003143403727311119,0.007435261393401397,-0.0013802457611016045,0.007064182912593781
19,implicit_gravity_off,0,69,U_R/right_middle_2_joint,hand48,8,0.0002703932425183613,0.00017150524832815466,0.0006556849230290179,0.00017150524832815466,0.0005541880149683315,0.002802704034320446,0.0027777884548656788,0.003629921485388604,0.0005829445404101057,0.003374677948975359
19,implicit_gravity_off,0,70,U_R/right_ring_2_joint,hand48,8,0.00031435099028710527,0.0002146466881898755,0.0007424502899025243,0.0002146466881898755,0.0006351145838977982,0.0038457870491677474,0.003647024006734309,0.004621222499970436,0.0020201787026367622,0.004612078136312203
19,implicit_gravity_off,0,71,U_R/right_thumb_2_joint,hand48,8,0.0005403527929057852,0.0004973625549143951,0.0009178741557989145,-0.0004973625549143951,0.0008154644677642707,0.019382728810331994,0.017047001826374263,0.03344128405183014,-0.000571952907128837,0.03035832291418077
19,implicit_gravity_off,0,72,U_R/right_thumb_3_joint,hand48,8,0.002727776917969046,0.002556604080249804,0.004699127827727578,-0.002556604080249804,0.004123485830476882,0.0915539644177111,0.07750234397681384,0.17303030421311175,-0.04567840787376362,0.1537174860574526
19,implicit_gravity_off,0,73,U_R/right_thumb_4_joint,hand48,8,2.885707349805626e-05,2.828440114799064e-05,3.429352322143614e-05,2.828440114799064e-05,3.348690388745752e-05,0.0017625716574207139,0.0017170937244137363,0.0025001113392135207,0.0017170937244137363,0.002360952897618036
19,implicit_gravity_off,1,0,F_L/fr3_joint1,controlled26,8,8.213159484932579e-05,5.442477196086759e-05,0.00018004218797204596,3.7730322610111944e-05,0.00016149251535445272,0.007679317750393894,0.0037700393078662887,0.020986098150556746,0.0017887207946654386,0.01523800636040603
19,implicit_gravity_off,1,1,F_L/fr3_joint2,controlled26,8,6.620454444768766e-05,3.929881887118625e-05,0.00013475694303277663,-2.4006903253520617e-05,0.00012905509388442258,0.0036501871157867006,0.0022031367593566423,0.007126740369682971,0.0012467178822862166,0.006967818609204894
19,implicit_gravity_off,1,2,F_L/fr3_joint3,controlled26,8,8.134871252455098e-05,5.124561891359236e-05,0.00017215290434635655,5.117636282350735e-05,0.000151657432229324,0.00264338840920411,0.0016679342794789797,0.005135685207083532,-0.0016679342794789797,0.004979378724345521
19,implicit_gravity_off,1,3,F_L/fr3_joint4,controlled26,8,7.998251843638515e-05,4.791628849448726e-05,0.0001988988225853916,4.791628849448726e-05,0.0001586473156095502,0.008864075228602109,0.00451516473416444,0.024071097903694126,-0.00451516473416444,0.01741989258100106
19,implicit_gravity_off,1,4,F_L/fr3_joint5,controlled26,8,6.673932372323096e-05,3.523546436362546e-05,0.00017829558291060366,3.513518944603389e-05,0.00013504408320881282,0.0012145891165790536,0.0008417962610886224,0.002513288058280161,0.0008417962610886224,0.002204035946364867
19,implicit_gravity_off,1,5,F_L/fr3_joint6,controlled26,8,3.179712021774693e-05,2.0004654054051052e-05,6.899311354802151e-05,-2.0004654054051052e-05,6.072275998372233e-05,0.0015776572495323638,0.0006936602407243098,0.00439995772670599,0.0006936602407243098,0.003093274995493683
19,implicit_gravity_off,1,6,F_L/fr3_joint7,controlled26,8,9.757481180031425e-05,5.262126621460861e-05,0.00025789286311228565,1.9108136051076974e-05,0.00019529800046222948,0.0005209066675448274,0.0003555671098055271,0.0012937010995653544,0.00022075102337579274,0.0010109369612402255
19,implicit_gravity_off,1,7,F_L/left_index_1_joint,hand48,8,0.005018989147287852,0.0026449931454173604,0.013615337859492926,0.0015406638977571024,0.009723687270930252,0.09277349448559528,0.043860055085866344,0.25762118319503235,0.041591182088714915,0.1827634830340115
19,implicit_gravity_off,1,8,F_L/left_middle_1_joint,hand48,8,0.005125534244960353,0.002700008957677526,0.013907688511686264,0.0016760453807233445,0.010035355039074028,0.10555493988719054,0.05036001969978215,0.292055509731309,0.04963778727813183,0.20834925735589083
19,implicit_gravity_off,1,9,F_L/left_pinky_1_joint,hand48,8,0.0021736401112247908,0.0009183568084238352,0.006109249309728462,0.0008035075712288075,0.004140612690730171,0.023072480190815446,0.016213584672216865,0.05031731289011141,0.016213584672216865,0.04471773201570803
19,implicit_gravity_off,1,10,F_L/left_ring_1_joint,hand48,8,0.004623360049366854,0.002301628000228824,0.012715347380796285,0.0015886240347522673,0.009040526606852735,0.08384795838820636,0.04615543429205468,0.22573770537322924,0.04615543429205468,0.16571801497804323
19,implicit_gravity_off,1,11,F_L/left_thumb_1_joint,hand48,8,8.748755467213884e-05,4.733284226881955e-05,0.00023613894045004802,-2.7815384822093073e-05,0.00017026410300301627,0.0038855259112945883,0.0017653429240341862,0.010866427438572444,-0.0013825435484284864,0.007475486355157454
19,implicit_gravity_off,1,12,F_L/left_index_2_joint,hand48,8,1.113676456118006e-06,9.077187031261702e-07,2.336343119996309e-06,-9.077187031261702e-07,2.040808795740478e-06,0.00024417156675123904,0.00014891371590664126,0.0006268904602387854,7.209127241207902e-05,0.0004722740663402392
19,implicit_gravity_off,1,13,F_L/left_middle_2_joint,hand48,8,6.462982117494435e-05,3.471464560455932e-05,0.0001739203484622115,1.7660123166287137e-05,0.00012543763311791405,0.0013586347969765297,0.0006800935020114514,0.00372686874872211,0.0005757988131912332,0.002707720428831023
19,implicit_gravity_off,1,14,F_L/left_pinky_2_joint,hand48,8,7.880702151145605e-05,4.226422720404743e-05,0.00021272848964613844,2.3176464136678496e-05,0.0001516756842904715,0.0012190813342112593,0.000613094624808966,0.0033500994652551665,0.0005835829624880074,0.002424458048641536
19,implicit_gravity_off,1,15,F_L/left_ring_2_joint,hand48,8,0.0001448970920429303,7.526949883596406e-05,0.0003948750464291828,4.298576752375608e-05,0.00028034195457189384,0.00206854733605229,0.0011318370691427925,0.0055805339922739665,0.0011318370691427925,0.004098794931278012
19,implicit_gravity_off,1,16,F_L/left_thumb_2_joint,hand48,8,0.00028350858291503067,0.00019894135816831554,0.0005014628062400689,0.00018010499056919475,0.0004970146560128334,0.00865664629967605,0.005068804972627168,0.022841045410862675,0.003860868613324994,0.01744442945907239
19,implicit_gravity_off,1,17,F_L/left_thumb_3_joint,hand48,8,0.0014438852841312856,0.0010042980383168192,0.0026772053022377923,0.000915488884658755,0.0026128487170119915,0.049617033346226795,0.030536816028812346,0.1254000875950542,0.024655525223148587,0.09917553897898597
19,implicit_gravity_off,1,18,F_L/left_thumb_4_joint,hand48,8,4.5690248073520935e-06,2.2269458772143647e-06,1.2620324269824179e-05,-1.4816492566321893e-06,8.818741520654615e-06,4.7621198925708734e-05,2.6367896334776733e-05,0.00012860418402907254,-1.379524823984482e-05,9.414576237883897e-05
19,implicit_gravity_off,1,19,F_R/fr3_joint1,controlled26,8,5.5963936299524626e-05,4.615214790404387e-05,9.978233523866287e-05,4.19121023602087e-05,9.37359675078908e-05,0.0012025151037543744,0.001070685839055368,0.0018833787319764497,0.0010261388152574922,0.0018291180025917226
19,implicit_gravity_off,1,20,F_R/fr3_joint2,controlled26,8,0.0002305050691521448,0.00021280731907749595,0.0003819496786650056,-0.00021280731907749595,0.0003474941160306221,0.004796289961158011,0.004466725144427909,0.007045220463192475,-0.004466725144427909,0.006752052819187216
19,implicit_gravity_off,1,21,F_R/fr3_joint3,controlled26,8,6.427945900365725e-05,3.396286567314277e-05,0.00016826241774459127,-3.3537350217993644e-05,0.00012768393698469043,0.006117430362669106,0.0042242319794844226,0.01417768593548803,-0.0042242319794844226,0.012279794963883938
19,implicit_gravity_off,1,22,F_R/fr3_joint4,controlled26,8,3.729700826630122e-05,2.4608796651157117e-05,9.32025228232991e-05,-8.323105516225282e-06,7.406541988132507e-05,0.0013107211598065082,0.0009092964487004706,0.0027177217650586998,-0.00022986600743579575,0.0024003533361562344
19,implicit_gravity_off,1,23,F_R/fr3_joint5,controlled26,8,7.50595955918765e-05,6.26043794417358e-05,0.0001399615239541241,-6.26043794417358e-05,0.0001286305465870663,0.005231682294635864,0.0046617102328964525,0.009471978030414333,-0.0046617102328964525,0.00866065070215452
19,implicit_gravity_off,1,24,F_R/fr3_joint6,controlled26,8,2.2881246390314093e-05,1.1592475909927291e-05,5.818086443198922e-05,9.966758507118367e-06,4.760518139632629e-05,0.0004131331524043145,0.0003372957093810068,0.0008885602810910533,-0.00011515563910824346,0.0007545889774550953
19,implicit_gravity_off,1,25,F_R/fr3_joint7,controlled26,8,3.33145251180507e-05,2.9889409314254323e-05,5.3776049115272784e-05,2.9889409314254323e-05,5.233537719609993e-05,0.002422260339781529,0.002199768786806565,0.003993850674191501,0.002199768786806565,0.0037170594039536357
19,implicit_gravity_off,1,26,F_R/right_index_1_joint,hand48,8,0.0024825901581547504,0.0022986001954609717,0.0038490142597168153,-0.0022986001954609717,0.003563503126542806,0.16811314326255153,0.15508027602198027,0.2455318091502896,-0.15508027602198027,0.24469789371360212
19,implicit_gravity_off,1,27,F_R/right_middle_1_joint,hand48,8,0.0029257636226414025,0.0026917604134914265,0.004574182646174457,-0.0026917604134914265,0.004266325188690293,0.1968204866368615,0.18252777971316458,0.28341891785717543,-0.18252777971316458,0.282160327422975
19,implicit_gravity_off,1,28,F_R/right_pinky_1_joint,hand48,8,0.0021990620659836026,0.0019836775262351974,0.003429361248499227,-0.0019836775262351974,0.00315889737164364,0.1513522770096594,0.13904256677695156,0.2233525458657165,-0.13904256677695156,0.22260059731304097
19,implicit_gravity_off,1,29,F_R/right_ring_1_joint,hand48,8,0.0025510649412816074,0.0023165719968495837,0.004039981876914359,-0.0023165719968495837,0.003746569574561687,0.17506585692060317,0.161747573659481,0.2542161113606083,-0.161747573659481,0.25373464424977193
19,implicit_gravity_off,1,30,F_R/right_thumb_1_joint,hand48,8,2.920032283636164e-05,2.7516872137872336e-05,4.2759090921343224e-05,2.7516872137872336e-05,4.002202811799783e-05,0.0021885010540165237,0.0020080240427644315,0.0034508478650419816,0.0020080240427644315,0.003295408003394367
19,implicit_gravity_off,1,31,F_R/right_index_2_joint,hand48,8,7.733127270780136e-06,7.190423696558541e-06,1.20364876394774e-05,7.190423696558541e-06,1.1331001235259998e-05,8.663891228217891e-05,4.937885529569814e-05,0.00023747196961245972,1.638429332405949e-05,0.0001639150913589981
19,implicit_gravity_off,1,32,F_R/right_middle_2_joint,hand48,8,1.462681819226902e-05,1.3161990826512232e-05,2.373751051086559e-05,-1.3161990826512232e-05,2.1944972372892056e-05,0.0014577622081379405,0.0013628174329594757,0.0021621798469484373,-0.0013628174329594757,0.002063002013112187
19,implicit_gravity_off,1,33,F_R/right_pinky_2_joint,hand48,8,1.123391032620163e-05,1.0129263500647731e-05,1.8000237164417232e-05,-1.0129263500647731e-05,1.6742363967872653e-05,0.0009536226620599941,0.0008860716567084556,0.0014127817454102688,-0.0008860716567084556,0.0013700808308476555
19,implicit_gravity_off,1,34,F_R/right_ring_2_joint,hand48,8,3.966164537654574e-05,3.6039132838094554e-05,6.170101443803144e-05,-3.6039132838094554e-05,5.7005115509957394e-05,0.0030652693158213775,0.0028404604470441148,0.0045191180941038245,-0.0028404604470441148,0.004430379957150451
19,implicit_gravity_off,1,35,F_R/right_thumb_2_joint,hand48,8,0.000306427134209577,0.000264828559278874,0.0004946957718081624,0.00026125830460235495,0.0004838629203574883,0.019035063340304623,0.01763054166952771,0.029233362943380588,0.01763054166952771,0.02811021238247779
19,implicit_gravity_off,1,36,F_R/right_thumb_3_joint,hand48,8,0.003191057261375078,0.0027315597261235794,0.0051886643245900865,0.002710175004090095,0.005070066990016647,0.19590198940175066,0.18148273646966406,0.3002183182023199,0.18148273646966406,0.28953176888744053
19,implicit_gravity_off,1,37,F_R/right_thumb_4_joint,hand48,8,9.902458361887058e-06,9.080237772754463e-06,1.496497114661377e-05,-9.080237772754463e-06,1.4043378871166078e-05,0.0005972155431059424,0.0005451432469488603,0.0009009011367260419,-0.0005451432469488603,0.0008942795403615848
19,implicit_gravity_off,1,38,U_L/shoulder_pan_joint,controlled26,8,0.0001383460078095066,8.215991277160661e-05,0.00035694208420533613,-5.856658778402579e-05,0.0002821149758286844,0.02497729717035419,0.02174606914366848,0.04380931316225581,-0.02174606914366848,0.04300554431348036
19,implicit_gravity_off,1,39,U_L/shoulder_lift_joint,controlled26,8,0.0013659471734056735,0.0013633911792788611,0.0014916123830266415,0.0013633911792788611,0.0014781236726107761,0.027281871725508392,0.025533646019503222,0.032331635981403664,0.025533646019503222,0.032195333222257684
19,implicit_gravity_off,1,40,U_L/elbow_joint,controlled26,8,0.0021867366776930136,0.00218295130227647,0.002258507049147429,-0.00218295130227647,0.002258455546197702,0.04166217950787436,0.04004094988610472,0.04710239843905194,-0.04004094988610472,0.04705996457945184
19,implicit_gravity_off,1,41,U_L/wrist_1_joint,controlled26,8,0.0002419073449895174,0.00020548902638861666,0.0004930211610472135,-0.00020548902638861666,0.00043909835576474423,0.0050348143685553575,0.004634124044743268,0.006526849201264123,-0.004634124044743268,0.006189314812191771
19,implicit_gravity_off,1,42,U_L/wrist_2_joint,controlled26,8,0.00016039431417551818,9.503261226306847e-05,0.0003859210009808933,9.503261226306847e-05,0.0003316926523077245,0.0021870188729809724,0.001908156527337903,0.0040833413749792324,0.0004996401798786278,0.0038289123723934293
19,implicit_gravity_off,1,43,U_L/wrist_3_joint,controlled26,8,0.00014505183053921,7.05024913686958e-05,0.00035781446632787706,6.970743732154228e-05,0.0003028251644223045,0.001542995563472172,0.0008272095347911055,0.0039974387828784486,-0.0008272095347911055,0.0031554100729045756
19,implicit_gravity_off,1,44,U_L/left_index_1_joint,hand48,8,0.008452868319625835,0.008406343830876486,0.00961054975169559,-0.008406343830876486,0.009494132789243624,0.364441812964594,0.3626163592084277,0.4259238178652175,-0.3626163592084277,0.4198050873514302
19,implicit_gravity_off,1,45,U_L/left_little_1_joint,hand48,8,0.007099323990205561,0.007038537376253219,0.008906455275821484,-0.007038537376253219,0.00844433989671236,0.2524905923423744,0.250814788383631,0.29741548117151734,-0.250814788383631,0.2948375207297034
19,implicit_gravity_off,1,46,U_L/left_middle_1_joint,hand48,8,0.00919069038514461,0.009140308414420909,0.010471029214131372,-0.009140308414420909,0.010323222496475387,0.39599238218089977,0.3938092737303438,0.4672797616669703,-0.3938092737303438,0.4593263085346245
19,implicit_gravity_off,1,47,U_L/left_ring_1_joint,hand48,8,0.008604415432823767,0.008548184884587228,0.010216792964227464,-0.008548184884587228,0.009901571073181405,0.347863436698407,0.34574994168915657,0.4129135216015648,-0.34574994168915657,0.4060026785289413
19,implicit_gravity_off,1,48,U_L/left_thumb_1_joint,hand48,8,6.954691121450714e-05,6.839711164715462e-05,8.58407705118247e-05,6.839711164715462e-05,8.490199344780847e-05,0.002300246618480185,0.001968810528187542,0.003878326678680339,0.001968810528187542,0.003515341133361872
19,implicit_gravity_off,1,49,U_L/left_index_2_joint,hand48,8,0.00013289994491417811,8.874517651260953e-05,0.0002774905445561693,-5.679659104701994e-05,0.00025573577310945074,0.00414623168666712,0.0031534437216462225,0.009108569856602314,0.0006129150370808253,0.00800547321919856
19,implicit_gravity_off,1,50,U_L/left_little_2_joint,hand48,8,4.700136874102397e-05,4.5430219451815176e-05,6.851244431167747e-05,-4.5430219451815176e-05,6.247033852585098e-05,0.002257826458457349,0.0022373638408044313,0.0027693798469118794,-0.0022373638408044313,0.0027361104722239747
19,implicit_gravity_off,1,51,U_L/left_middle_2_joint,hand48,8,0.0001538767366123436,0.00012332078458310303,0.00029699725784061715,-0.0001225334290679593,0.00028100679510475177,0.004284728760834303,0.0041371901073750175,0.005939309827274365,-0.0026881853169032233,0.005530869278665651
19,implicit_gravity_off,1,52,U_L/left_ring_2_joint,hand48,8,0.00014615484786453147,0.00014018277783540284,0.0002179343687768176,-0.00014018277783540284,0.00021221987756477878,0.004912509399423313,0.0046246832798507356,0.006598638570597462,-0.0046246832798507356,0.006384757810062538
19,implicit_gravity_off,1,53,U_L/left_thumb_2_joint,hand48,8,0.001328768181041737,0.0013167770045206199,0.0015986634596306531,0.0013167770045206199,0.0015908160935407547,0.06554937416251622,0.065465837361772,0.07200053887708073,0.065465837361772,0.07048820713783391
19,implicit_gravity_off,1,54,U_L/left_thumb_3_joint,hand48,8,0.005766147409430407,0.005704453610191068,0.007097051247793293,0.005704453610191068,0.0070065545054178975,0.2590446473190285,0.2587955543782402,0.27889220768852696,0.2587955543782402,0.2775170710830602
19,implicit_gravity_off,1,55,U_L/left_thumb_4_joint,hand48,8,2.019447118377144e-06,1.6559433713113358e-06,3.895464094474943e-06,-1.6469702536145436e-06,3.3454116021285056e-06,9.650376601314627e-05,8.701331826005263e-05,0.00015477357703057998,8.701331826005263e-05,0.00014854902084099643
19,implicit_gravity_off,1,56,U_R/shoulder_pan_joint,controlled26,8,0.00018523942448741824,0.00013010720815112564,0.00042685081399285174,-5.942802561395566e-05,0.00035112376654687904,0.023336763128259275,0.02036901167632332,0.04515267514489768,-0.02036901167632332,0.040046026027459894
19,implicit_gravity_off,1,57,U_R/shoulder_lift_joint,controlled26,8,0.00044490976746180104,0.00042754717434922984,0.0006724445204833174,0.00042754717434922984,0.000610922555935911,0.003456696941546404,0.002967731275143795,0.006396191662092321,0.002104249981655265,0.00563089004255247
19,implicit_gravity_off,1,58,U_R/elbow_joint,controlled26,8,0.0019769489100370493,0.0019761312982667367,0.0020555726823969778,-0.0019761312982667367,0.0020488468092867973,0.03173984662196485,0.030525964562106357,0.050588052026831906,-0.030525964562106357,0.04618975250226159
19,implicit_gravity_off,1,59,U_R/wrist_1_joint,controlled26,8,0.0011099191777086995,0.0005745646154799999,0.0030837622463337766,0.0005745646154799999,0.0020898381631772696,0.1127245841207244,0.04411037657504955,0.31771301969801197,0.04411037657504955,0.21577637481608733
19,implicit_gravity_off,1,60,U_R/wrist_2_joint,controlled26,8,0.0006479989302988033,0.0002882754366596574,0.0018160757148004691,0.0001657434920404599,0.0012579394167374848,0.07871141280059661,0.031130097600515445,0.22186541190202164,0.02883459791609487,0.15051019729386084
19,implicit_gravity_off,1,61,U_R/wrist_3_joint,controlled26,8,4.567610816583934e-05,2.521099390984105e-05,0.00010061773916714145,-2.521099390984105e-05,9.359127426384893e-05,0.0006765210489135043,0.000421790736693206,0.0017472833284799226,-0.00017998614675959887,0.001360436759931304
19,implicit_gravity_off,1,62,U_R/right_index_1_joint,hand48,8,0.00762788879106211,0.007534358615904964,0.008096744924373997,0.007534358615904964,0.008085863462629867,0.24192650740455238,0.2415016992745459,0.25670114065896127,0.2415016992745459,0.25559108941454173
19,implicit_gravity_off,1,63,U_R/right_little_1_joint,hand48,8,0.006828431894552873,0.0068018649752067785,0.007733940241461887,0.0068018649752067785,0.007502437295668229,0.14905284791869422,0.14405481948600996,0.18748999045711853,0.14405481948600996,0.1790345256281419
19,implicit_gravity_off,1,64,U_R/right_middle_1_joint,hand48,8,0.008904106409763102,0.008828912098752889,0.009611048226112341,0.008828912098752889,0.0095560227912833,0.2909010888127958,0.2892846969939268,0.3212381849244639,0.2892846969939268,0.31748394742677055
19,implicit_gravity_off,1,65,U_R/right_ring_1_joint,hand48,8,0.008349814872519276,0.008301311196873563,0.009265397070476633,0.008301311196873563,0.009097193012856997,0.24243243307029136,0.23957170100200467,0.28234866337477654,0.23957170100200467,0.27504092170359534
19,implicit_gravity_off,1,66,U_R/right_thumb_1_joint,hand48,8,0.00010019093735900273,9.438435702121412e-05,0.0001814491914077787,9.438435702121412e-05,0.00015240705937361317,0.004947519573202352,0.002948442201534358,0.010757490846987818,0.002948442201534358,0.010027898776387885
19,implicit_gravity_off,1,67,U_R/right_index_2_joint,hand48,8,0.00024794366471830935,0.0001365561460739996,0.0006378041941627888,0.00013005339857472334,0.000513598862400076,0.003311474599326599,0.0024435054761545666,0.0064987727188295635,-0.0013698482929428819,0.006213212374218106
19,implicit_gravity_off,1,68,U_R/right_little_2_joint,hand48,8,0.00030399347615699856,0.00018818617288843438,0.0007576673376046006,0.00018818617288843438,0.0006222882510918943,0.0037386293408818486,0.003030801388170152,0.00727160452306385,-0.0011748875736031466,0.006770426834279384
19,implicit_gravity_off,1,69,U_R/right_middle_2_joint,hand48,8,0.00029295930489563134,0.00022331339217022787,0.0006706733004857857,0.00022331339217022787,0.0005685414874372156,0.003176950683192185,0.0031069130463872788,0.004026274228823799,0.0010509166045507283,0.003805624153468791
19,implicit_gravity_off,1,70,U_R/right_ring_2_joint,hand48,8,0.00035817530773611363,0.00029139389904543015,0.0007785215933944559,0.00029139389904543015,0.0006707461643804353,0.003923372784733261,0.0037356432113000225,0.004563071854145452,0.0019332817541301628,0.004560802909512385
19,implicit_gravity_off,1,71,U_R/right_thumb_2_joint,hand48,8,0.0010132021231272677,0.0009525236060811404,0.0014617898538827334,-0.0009525236060811404,0.0013963279883113557,0.013873604370852544,0.01133732704521512,0.024625519627770848,-0.0001880290771014547,0.023162468989019913
19,implicit_gravity_off,1,72,U_R/right_thumb_3_joint,hand48,8,0.004861836402387629,0.004684014322910886,0.007077444552596901,-0.004684014322910886,0.0065486276862099495,0.06125942323917128,0.05129045838406133,0.10115428607895535,-0.021032586584201256,0.09550905059931299
19,implicit_gravity_off,1,73,U_R/right_thumb_4_joint,hand48,8,5.4876118810589914e-05,5.457036185987571e-05,6.154398903321368e-05,5.457036185987571e-05,5.984317064330197e-05,0.0012473083038893598,0.0012366993983281762,0.001454297101126281,0.0012366993983281762,0.0014212622802322117
19,implicit_native_tick,both,0,F_L/fr3_joint1,controlled26,16,7.862565970154735e-05,5.129717526839231e-05,0.00018012535362646465,2.4150644117461317e-05,0.00015782518952810187,0.009187362415226384,0.0041411892533855955,0.029397248167119062,0.002572862180644969,0.023087952433076705
19,implicit_native_tick,both,1,F_L/fr3_joint2,controlled26,16,6.541693112176546e-05,3.8856688564861686e-05,0.00013486817429586573,-2.3447834914078203e-05,0.00013154204721343987,0.004480492315658779,0.002634295160605317,0.010201744498742837,0.0015848468261640083,0.009865525366147671
19,implicit_native_tick,both,2,F_L/fr3_joint3,controlled26,16,6.924387265350682e-05,4.3028034703532225e-05,0.0001722419068759251,4.297782871594269e-05,0.00012828537055059597,0.002360288295196557,0.0013300668802829264,0.005537823850676027,-0.001312651048479302,0.00523495946709435
19,implicit_native_tick,both,3,F_L/fr3_joint4,controlled26,16,8.69255632566566e-05,4.963941531788141e-05,0.0002454003883771705,4.963941531788141e-05,0.0002105148009270419,0.01115656612728405,0.005586219274864267,0.03535589796737788,-0.005586219274864267,0.02689058596523477
19,implicit_native_tick,both,4,F_L/fr3_joint5,controlled26,16,5.9985461185371036e-05,2.8919080297507005e-05,0.000178296073606532,2.8718218353596114e-05,0.0001546752762791037,0.0034980079168981937,0.0019148461855391535,0.010593756923114223,0.0005906265701498757,0.0075637910731268495
19,implicit_native_tick,both,5,F_L/fr3_joint6,controlled26,16,2.754115744203011e-05,1.671819001169972e-05,6.887566730329198e-05,-1.671819001169972e-05,5.6559365878228185e-05,0.004788713916212416,0.0020747728674927212,0.017263329153108298,0.0008414038579159524,0.008159435041757507
19,implicit_native_tick,both,6,F_L/fr3_joint7,controlled26,16,9.2158674053485e-05,4.8110620810795646e-05,0.00025789289198674403,1.9377749372787023e-05,0.00023978913754918452,0.0014549076586645388,0.0007292117017418522,0.005391843444665705,0.0004525600796820708,0.0023182397255432424
19,implicit_native_tick,both,7,F_L/left_index_1_joint,hand48,16,0.004361391287995464,0.0022993438052840067,0.013615338207203051,0.0012841463184612364,0.010610268805459143,0.2241758373363844,0.09985616163005964,0.8299112722527121,0.06981896773142406,0.4006939074089774
19,implicit_native_tick,both,8,F_L/left_middle_1_joint,hand48,16,0.004424646669340378,0.0023361523024675677,0.01390768884773555,0.00138133231862805,0.010678888565120465,0.2331499651296762,0.10505539282109205,0.8559518008322353,0.07864491007313903,0.43302980128362284
19,implicit_native_tick,both,9,F_L/left_pinky_1_joint,hand48,16,0.002049067759794561,0.000897219308558868,0.006109249421326665,0.0006967617453338413,0.005533779193014805,0.06554591636222629,0.030890959768731623,0.24689492817023864,0.030890959768731623,0.09946162582259027
19,implicit_native_tick,both,10,F_L/left_ring_1_joint,hand48,16,0.004038845323835749,0.002032910751028766,0.01271534763598893,0.0013116940359574822,0.010004592020359263,0.20334646765776668,0.08863457281141392,0.7632731129614131,0.07414901890551365,0.3601217565601007
19,implicit_native_tick,both,11,F_L/left_thumb_1_joint,hand48,16,7.177430630784922e-05,3.857206303374723e-05,0.00023613864963881182,-2.1537371028628252e-05,0.00016039630193087975,0.012826346709377875,0.00515459610555711,0.04872654261357901,-0.0030306272838852236,0.020331096385943256
19,implicit_native_tick,both,12,F_L/left_index_2_joint,hand48,16,5.030263860985911e-06,2.342398012319946e-06,1.9102141254584426e-05,-1.7281079790106013e-06,7.807023129587087e-06,0.0011658905563752208,0.0005433593327821029,0.004282072298916256,-0.0001945523699451612,0.0018462961134356332
19,implicit_native_tick,both,13,F_L/left_middle_2_joint,hand48,16,5.402957423125239e-05,2.8551466106101556e-05,0.00017392045755083851,1.3718906490812338e-05,0.0001246751158065218,0.0015554915961822002,0.0007394855155242919,0.004836083990722098,0.0005766592292377277,0.004004253940185977
19,implicit_native_tick,both,14,F_L/left_pinky_2_joint,hand48,16,6.93012210763771e-05,3.722298525012666e-05,0.00021272850585840608,1.93683624577644e-05,0.0001696354147051049,0.002571636902367402,0.0012125380659056154,0.009315877975373896,0.0009077264812130896,0.004841575563371767
19,implicit_native_tick,both,15,F_L/left_ring_2_joint,hand48,16,0.00012807521711811004,6.667623455891515e-05,0.00039487512000442593,3.562486299914106e-05,0.0003181940987655382,0.00419383058529407,0.0019090022674614325,0.015426500877659342,0.001625641328917685,0.008042097274513296
19,implicit_native_tick,both,16,F_L/left_thumb_2_joint,hand48,16,0.00024114638639604713,0.0001613828747100009,0.0005014672637912998,0.00014716075143759175,0.0004919332759873371,0.01477081189546914,0.009074302304286809,0.03613314206233266,0.007927263789584464,0.02950165613097553
19,implicit_native_tick,both,17,F_L/left_thumb_3_joint,hand48,16,0.001219386761595714,0.0008030924358510549,0.0026772227033196594,0.0007346738870119933,0.002539306349451438,0.0826157796657058,0.05187448264765041,0.17873109707047313,0.046377349061980884,0.17279555648006759
19,implicit_native_tick,both,18,F_L/left_thumb_4_joint,hand48,16,4.197812905374935e-06,1.949145728193623e-06,1.2620359989487517e-05,-1.489235906694704e-06,1.1061288575236333e-05,0.0001559884939860101,8.545023137416773e-05,0.0004889777071782008,-7.813845545700339e-05,0.0002980658542380298
19,implicit_native_tick,both,19,F_R/fr3_joint1,controlled26,16,4.578731266143651e-05,3.6839665150514844e-05,9.975761936842353e-05,3.1415314675473094e-05,8.680798691257374e-05,0.0036337696447851773,0.0023118953281661874,0.009777883065524531,0.00106748792570627,0.007954573318203428
19,implicit_native_tick,both,20,F_R/fr3_joint2,controlled26,16,0.0001825372359569848,0.000159641848319389,0.00038185597476503297,-0.000159641848319389,0.0003080467589306468,0.004141087189211756,0.0037805628324432414,0.007047787605953371,-0.0037805628324432414,0.006418737095374213
19,implicit_native_tick,both,21,F_R/fr3_joint3,controlled26,16,5.099172274289374e-05,2.6182123405896207e-05,0.00016828009486236084,-2.4640009172890998e-05,9.39097486764573e-05,0.006479262490847792,0.0046506332534567395,0.01544340386115068,-0.0046506332534567395,0.014493696291269748
19,implicit_native_tick,both,22,F_R/fr3_joint4,controlled26,16,2.9421896090824137e-05,1.9292122861024052e-05,9.307304134975602e-05,-6.375876861745844e-06,5.211062360524488e-05,0.0065302699434069715,0.0031727752662148194,0.01983041540568874,-0.00035424765797168844,0.014049976926252747
19,implicit_native_tick,both,23,F_R/fr3_joint5,controlled26,16,6.216757811738902e-05,5.174841236783856e-05,0.00013996062139431942,-3.9549678158418144e-05,0.00011568053507640674,0.006128914474571852,0.005459429421094276,0.012569339312036198,-0.005459429421094276,0.010246365402354166
19,implicit_native_tick,both,24,F_R/fr3_joint6,controlled26,16,1.847608612237302e-05,9.638518708193766e-06,5.80672143435379e-05,6.4291940928551394e-06,3.658548503249204e-05,0.0036013420804637607,0.0016728896217730778,0.012839389549899306,0.0011589744722956415,0.0068051776149908125
19,implicit_native_tick,both,25,F_R/fr3_joint7,controlled26,16,2.6474813822012734e-05,2.2492256135681066e-05,5.377599954026202e-05,2.2492256135681066e-05,5.068897646626214e-05,0.0026655970867557385,0.0024165658356909083,0.004710981591514618,0.0024165658356909083,0.0041727080194329524
19,implicit_native_tick,both,26,F_R/right_index_1_joint,hand48,16,0.0019482086171686032,0.0016787494647684063,0.0038490257159158325,-0.0016431144430938734,0.003237230721055563,0.16512688128640243,0.15351418494513563,0.24553144117781844,-0.15351418494513563,0.2437448574984158
19,implicit_native_tick,both,27,F_R/right_middle_1_joint,hand48,16,0.0023020092212978982,0.0019823982319912004,0.004574196439347866,-0.0019320808067494408,0.003914519031482024,0.19183814264412444,0.17820959154891547,0.2834184591708385,-0.17820959154891547,0.280721917548702
19,implicit_native_tick,both,28,F_R/right_pinky_1_joint,hand48,16,0.0017357691486239112,0.0014931320249838287,0.0034293736719341605,-0.0013966812394595688,0.0028498208097486634,0.14838973084220342,0.13673902762903498,0.22335222131346108,-0.13673902762903498,0.22174121619687587
19,implicit_native_tick,both,29,F_R/right_ring_1_joint,hand48,16,0.002010497006858027,0.0017253641953568523,0.004039994097194674,-0.0016429923184041392,0.003411268722609998,0.16983473729495646,0.15697268570025646,0.2542157439023704,-0.15697268570025646,0.25318440722088187
19,implicit_native_tick,both,30,F_R/right_thumb_1_joint,hand48,16,2.2989387821677522e-05,2.0358459572779406e-05,4.276085385581524e-05,2.0358459572779406e-05,3.689607779415287e-05,0.001963697579936883,0.0017578209402107194,0.003450732938918512,0.0017041200734311819,0.0031428766350869294
19,implicit_native_tick,both,31,F_R/right_index_2_joint,hand48,16,7.666465504640081e-06,7.198281753600846e-06,1.2037670429024261e-05,7.198281753600846e-06,1.0802409575299751e-05,0.0005535834268619813,0.0003572299290061171,0.0013808103018734964,0.00030236813281295016,0.0011926218139668408
19,implicit_native_tick,both,32,F_R/right_middle_2_joint,hand48,16,1.0714354922958183e-05,8.267496893806653e-06,2.3736994806358713e-05,-7.347171464278102e-06,1.989622399272903e-05,0.001190870522864286,0.0010113937686486354,0.002162206008895802,-0.0010113937686486354,0.0019496938790221035
19,implicit_native_tick,both,33,F_R/right_pinky_2_joint,hand48,16,8.456072092143805e-06,6.827140698784269e-06,1.7999938788079706e-05,-6.3390916115605225e-06,1.5304727202188062e-05,0.0008564220596456622,0.0007743585241164197,0.0014127967869671891,-0.0007743585241164197,0.0013213018356947942
19,implicit_native_tick,both,34,F_R/right_ring_2_joint,hand48,16,3.029086029647677e-05,2.543495432597541e-05,6.170062799247533e-05,-2.3938913635038542e-05,5.163850777507514e-05,0.0027993143504006267,0.0025718057587027733,0.0045191404995254935,-0.0025718057587027733,0.004329002395563029
19,implicit_native_tick,both,35,F_R/right_thumb_2_joint,hand48,16,0.0002467076767734065,0.0002089393167771952,0.0004946946535763982,0.00018845416251002693,0.0004714837804821997,0.0188927086273846,0.017062025892646777,0.030380760246317928,0.017062025892646777,0.02952024560983505
19,implicit_native_tick,both,36,F_R/right_thumb_3_joint,hand48,16,0.0025792209671978536,0.0021651618049139515,0.00518866367752293,0.001962836395164373,0.004934547102815656,0.19811866093974204,0.17759454714591155,0.32507845565414023,0.1773980777664021,0.30643336220552936
19,implicit_native_tick,both,37,F_R/right_thumb_4_joint,hand48,16,7.972698495397577e-06,6.9935669233939235e-06,1.4965129491922857e-05,-6.767947832605342e-06,1.2990289718191328e-05,0.0006422242020280846,0.0005944462529895402,0.001016042792656797,-0.0005944462529895402,0.0009296858038771807
19,implicit_native_tick,both,38,U_L/shoulder_pan_joint,controlled26,16,0.00018239520320820045,0.0001372931488771989,0.0005160146529159526,-0.0001330545232039182,0.00035658907502944537,0.038136887079807384,0.03245280347845367,0.07832546070571789,-0.03245280347845367,0.07790357792675173
19,implicit_native_tick,both,39,U_L/shoulder_lift_joint,controlled26,16,0.00024338625173385086,0.00023288570367985262,0.0003927594558899017,0.00023288570367985262,0.0003566918409445563,0.04905270173669551,0.04694136386902527,0.07085577582892244,-0.04694136386902527,0.06961941957760079
19,implicit_native_tick,both,40,U_L/elbow_joint,controlled26,16,0.0002907756255563682,0.00027977257574347825,0.00035197078360393874,-0.0002752378022973373,0.0003517109092538995,0.0833037490547437,0.08081532262804471,0.11396414892390339,0.08081532262804471,0.11359688001522428
19,implicit_native_tick,both,41,U_L/wrist_1_joint,controlled26,16,0.0001296473313428471,7.759212981434116e-05,0.00038489555170517775,-7.723958238969875e-05,0.00027020608182237726,0.008508061459414828,0.004932425961069501,0.023073149691667433,-0.0015334805981002519,0.0219368878228278
19,implicit_native_tick,both,42,U_L/wrist_2_joint,controlled26,16,0.00011647510015298634,5.758372556141644e-05,0.00035633203313079065,5.1046189636361206e-05,0.00024039679945353498,0.010940632293463298,0.005698126285025449,0.025565349194470205,0.0037648916716208104,0.02537118161498946
19,implicit_native_tick,both,43,U_L/wrist_3_joint,controlled26,16,0.00011483842580235906,5.3613848867040126e-05,0.00035581910654380877,5.18320077642076e-05,0.00023807030660272233,0.007243757872796479,0.003481415427006013,0.019876331878109138,0.0013156804853256745,0.018844409534935554
19,implicit_native_tick,both,44,U_L/left_index_1_joint,hand48,16,0.006765121083332325,0.006450226630444998,0.009536507576034858,-0.006450226630444998,0.009288386499898101,0.39800390794903295,0.39400732588248066,0.5036586390648383,-0.39400732588248066,0.48199251846486735
19,implicit_native_tick,both,45,U_L/left_little_1_joint,hand48,16,0.005714513233543053,0.005440901764200771,0.008841826878870612,-0.005440901764200771,0.00785228404358021,0.28006184623673497,0.27597044008490823,0.4013351197320172,-0.27597044008490823,0.34761438723045307
19,implicit_native_tick,both,46,U_L/left_middle_1_joint,hand48,16,0.007343754192894089,0.006999607711410554,0.010387658751146042,-0.006999607711410554,0.010072413305173316,0.43189528877859884,0.4273689470463282,0.5516244290531178,-0.4273689470463282,0.5239284327259658
19,implicit_native_tick,both,47,U_L/left_ring_1_joint,hand48,16,0.006891027557348139,0.006566552577839199,0.010138485197098146,-0.006566552577839199,0.009464195893255697,0.38221025840612693,0.377547798446388,0.5157396766744774,-0.377547798446388,0.46456779946358184
19,implicit_native_tick,both,48,U_L/left_thumb_1_joint,hand48,16,6.313771523933761e-05,6.004463869561591e-05,9.235195055379286e-05,6.004463869561591e-05,9.10276387527803e-05,0.009067724666804975,0.006130350087121062,0.021513345703965018,0.006130350087121062,0.021394156723000084
19,implicit_native_tick,both,49,U_L/left_index_2_joint,hand48,16,0.00014555802962890082,8.859597496097948e-05,0.0003205845231807336,-4.387410155269004e-05,0.0002964021588007376,0.00550777030543118,0.003094910944125022,0.014311062404007811,0.0028423955856998733,0.011494923203847776
19,implicit_native_tick,both,50,U_L/left_little_2_joint,hand48,16,2.6094878077752335e-05,2.3044534560740133e-05,5.297584469191041e-05,-2.0737007262727584e-05,4.0051085521752156e-05,0.0011545860473661496,0.0011055079139867985,0.0017518260273867285,-0.0011055079139867985,0.0016814971419129372
19,implicit_native_tick,both,51,U_L/left_middle_2_joint,hand48,16,0.00013949853478112186,0.00010065249861232559,0.0002902702121737599,-8.717792523222929e-05,0.0002765473992528307,0.0037767520461056323,0.003281529644501253,0.008532095608981837,-0.0003715567539269339,0.006497330776818881
19,implicit_native_tick,both,52,U_L/left_ring_2_joint,hand48,16,0.00010963838763561513,9.573618541010732e-05,0.00019569392267118624,-9.573618541010732e-05,0.00018344859872927374,0.003438813314804272,0.003063058850466165,0.005083686092387537,-0.0029482656202386515,0.005078296662155023
19,implicit_native_tick,both,53,U_L/left_thumb_2_joint,hand48,16,0.000895386298084703,0.000838316215364334,0.0013924274629723496,0.000838316215364334,0.0013765090770332406,0.05935257203435119,0.05773994696825745,0.09434973853542065,0.05773994696825745,0.09213367699631186
19,implicit_native_tick,both,54,U_L/left_thumb_3_joint,hand48,16,0.004578530804160289,0.004298704868539757,0.007076189084879614,0.004298704868539757,0.006882506982635032,0.2929320531740405,0.28654051432267447,0.4525214439997881,0.28654051432267447,0.43763701078588224
19,implicit_native_tick,both,55,U_L/left_thumb_4_joint,hand48,16,7.009981980500438e-06,6.735460356599096e-06,1.0738446881583541e-05,-6.735460356599096e-06,9.476328402636264e-06,0.0004487071632778816,0.00044295826136402696,0.0006032132742738568,-0.00044295826136402696,0.0005715840853835539
19,implicit_native_tick,both,56,U_R/shoulder_pan_joint,controlled26,16,0.00015811823667858963,0.00010445439260504952,0.00048583232798993237,-6.188262210450601e-05,0.00030940587681060894,0.03162694675708907,0.02582604894971186,0.07422862718873086,-0.02582604894971186,0.061630447535517385
19,implicit_native_tick,both,57,U_R/shoulder_lift_joint,controlled26,16,0.00012296288978961257,9.514592803255839e-05,0.0002869400866609695,-5.112982880800532e-05,0.00023539209393064198,0.02920359370929313,0.028730586285371434,0.04051667973052954,-0.028730586285371434,0.03777113243750393
19,implicit_native_tick,both,58,U_R/elbow_joint,controlled26,16,0.0002680986656191719,0.00025927176986537126,0.00037893863698612584,-0.00025927176986537126,0.0003661795545158997,0.07200074098964818,0.07054938478225421,0.08925179964756245,0.07054938478225421,0.08612078002317444
19,implicit_native_tick,both,59,U_R/wrist_1_joint,controlled26,16,0.0007881821065468391,0.00029529424758545364,0.002888913711045049,0.0002762774494725617,0.0016602520325779135,0.09791552805034279,0.04477413000465014,0.30528243536016253,0.02512413777847231,0.25621241460079214
19,implicit_native_tick,both,60,U_R/wrist_2_joint,controlled26,16,0.0005028175845144817,0.0001979017809137229,0.0018352251445916679,0.0001302786465763317,0.0010491660510003609,0.07035156906303341,0.028569783779834608,0.2231854313347968,0.022651345988135098,0.18122188419322247
19,implicit_native_tick,both,61,U_R/wrist_3_joint,controlled26,16,3.670362378962462e-05,2.0322559559582398e-05,0.00010127383563762749,-1.8744861274788693e-05,8.621004567288537e-05,0.005934870223986446,0.0022712473948291443,0.021220357353861536,-0.002158603667065048,0.013143987045274343
19,implicit_native_tick,both,62,U_R/right_index_1_joint,hand48,16,0.0059453616609817525,0.005518547001303077,0.007975799258144775,0.005518547001303077,0.00795279731575968,0.2502196779012463,0.24669537953030607,0.3246337820415542,0.24669537953030607,0.2881426050312
19,implicit_native_tick,both,63,U_R/right_little_1_joint,hand48,16,0.00535735892765331,0.005065061753903054,0.007631212465606517,0.005065061753903054,0.007135613925317549,0.16944260148553614,0.16334689414034975,0.27667311393425753,0.16334689414034975,0.21459513281105966
19,implicit_native_tick,both,64,U_R/right_middle_1_joint,hand48,16,0.006957720800029826,0.006513646079555528,0.00947288311327784,0.006513646079555528,0.009356152512250785,0.30533601394991033,0.3011985446949462,0.4110414021578842,0.3011985446949462,0.36132120941897927
19,implicit_native_tick,both,65,U_R/right_ring_1_joint,hand48,16,0.006535637777982486,0.006151784524841074,0.009136895374887932,0.006151784524841074,0.008777306865347336,0.26126649721637724,0.25661674766101794,0.3799947689744543,0.25661674766101794,0.317715598408573
19,implicit_native_tick,both,66,U_R/right_thumb_1_joint,hand48,16,3.972961761892929e-05,3.639273258658135e-05,6.565106446815294e-05,-2.1753282883427844e-05,5.501116598484457e-05,0.009353099306741223,0.008247826740378755,0.019242226270214415,-0.0020571120041375634,0.015715114366160403
19,implicit_native_tick,both,67,U_R/right_index_2_joint,hand48,16,0.000245416821604217,0.0001231631743609119,0.0006604724531452388,0.00010465012129449829,0.0006178898017567894,0.004811276187261121,0.0037861250393587,0.009392744788648582,-0.0037861250393587,0.008845492937918356
19,implicit_native_tick,both,68,U_R/right_little_2_joint,hand48,16,0.00029818572436311346,0.0001653869313280069,0.000772046141941693,0.00016139612202201777,0.0007427576458537109,0.0045589297438349925,0.0028031381822412175,0.008885331466499436,-0.0027678251066401843,0.008829196576807561
19,implicit_native_tick,both,69,U_R/right_middle_2_joint,hand48,16,0.00025970240466424444,0.00016542574039042244,0.0006351040178197084,0.00016542574039042244,0.0006297109635792861,0.003381583621841915,0.0022974142964995083,0.006730731526258784,-0.0017746046697728428,0.006284220086409502
19,implicit_native_tick,both,70,U_R/right_ring_2_joint,hand48,16,0.00031565735877944447,0.00022522375932498015,0.000741351035923786,0.00022522375932498015,0.0007287027766696066,0.003358807042332715,0.0031309902283591998,0.006136504345740666,-0.0002725647976466768,0.00535287798316549
19,implicit_native_tick,both,71,U_R/right_thumb_2_joint,hand48,16,0.0006261789264171634,0.000532656785923024,0.0012039728027526675,-0.000532656785923024,0.0010640371984914493,0.022625887340893835,0.01775491060150937,0.04873491197626695,0.015075815669652605,0.04245559841668502
19,implicit_native_tick,both,72,U_R/right_thumb_3_joint,hand48,16,0.003918077169942676,0.0035966700176811514,0.007045571017971375,-0.0035966700176811514,0.005912323748755985,0.07709864358597782,0.06385125547883166,0.17112342570117334,-0.0314571826485258,0.12974554365869828
19,implicit_native_tick,both,73,U_R/right_thumb_4_joint,hand48,16,5.107141445650156e-05,4.831938285287333e-05,7.084985296808982e-05,4.831938285287333e-05,6.721673497973348e-05,0.0020672057028156316,0.0020317577455218425,0.0030472930381909694,0.0020317577455218425,0.002749742074251207
19,implicit_native_tick,0,0,F_L/fr3_joint1,controlled26,8,7.492354015993147e-05,4.815658431812919e-05,0.00015039180149531428,1.0558633944300622e-05,0.00014029747896738412,0.010481045078977872,0.004512839350873062,0.029397248167119062,0.003356780381081694,0.02006189948575861
19,implicit_native_tick,0,1,F_L/fr3_joint2,controlled26,8,6.457861092200675e-05,3.839416403439433e-05,0.0001304333381859646,-2.286788686994834e-05,0.0001248968727218691,0.005179632692939356,0.00306569644446944,0.010201744498742837,0.0019231027607035898,0.010044842236865094
19,implicit_native_tick,0,2,F_L/fr3_joint3,controlled26,8,5.4470061294343724e-05,3.4794762744899677e-05,0.00010417741692947402,3.476325157350524e-05,0.00010064648692547084,0.0020391439487567825,0.000992655836106185,0.005537823850676027,-0.0009578241724989361,0.004118072125005661
19,implicit_native_tick,0,3,F_L/fr3_joint4,controlled26,8,9.334142387315753e-05,5.134351636126855e-05,0.0002454003883771705,5.134351636126855e-05,0.0001855583860626674,0.013053032087097018,0.006657785766232115,0.03535589796737788,-0.006657785766232115,0.025585434836522578
19,implicit_native_tick,0,4,F_L/fr3_joint5,controlled26,8,5.238472021393122e-05,2.2623407337274415e-05,0.00014680167716996095,2.2321746164122303e-05,0.00010039626761255686,0.0047954697436548635,0.0029878152984065946,0.010593756923114223,0.00033937606762803876,0.00917977285978678
19,implicit_native_tick,0,5,F_L/fr3_joint6,controlled26,8,2.2551198357871024e-05,1.3453827894693848e-05,5.245393206987359e-05,-1.3453827894693848e-05,4.563775268888736e-05,0.0065859860624917915,0.0034561063180311275,0.017263329153108298,0.00098936829887759,0.013014845234477922
19,implicit_native_tick,0,6,F_L/fr3_joint7,controlled26,8,8.641517484895967e-05,4.361439276578949e-05,0.00023375455273666468,1.9632036536876285e-05,0.00017312746638413747,0.0019905093558543435,0.0011027820753267887,0.005391843444665705,0.000684447075959773,0.003862275861966547
19,implicit_native_tick,0,7,F_L/left_index_1_joint,hand48,8,0.003585135066981805,0.001953674614472732,0.00960857900487784,0.001027580342581498,0.006931387200442214,0.30315455747711934,0.1558526101975406,0.8299112722527121,0.09804720977540132,0.5872489753205304
19,implicit_native_tick,0,8,F_L/left_middle_1_joint,hand48,8,0.003589409734164984,0.0019722752062672176,0.00960262180424877,0.0010865686675018485,0.006978934429344023,0.31237151320617723,0.1597511210043453,0.8559518008322353,0.10765250675148613,0.6113827656314496
19,implicit_native_tick,0,9,F_L/left_pinky_1_joint,hand48,8,0.0019164138059949898,0.0008760657776124212,0.005341955783577518,0.0005899956991283588,0.00372909113962531,0.08977861243572198,0.04556851712198097,0.24689492817023864,0.04556851712198097,0.17658376457681604
19,implicit_native_tick,0,10,F_L/left_ring_1_joint,hand48,8,0.0033539616899737335,0.0017641752701567561,0.009101006815149373,0.0010347188778625869,0.006498561089126784,0.27508015817683035,0.1311141309257732,0.7632731129614131,0.10214302311397266,0.538354004953176
19,implicit_native_tick,0,11,F_L/left_thumb_1_joint,hand48,8,5.146897274631216e-05,2.9811562165154085e-05,0.0001351488526949024,-1.5259616535380147e-05,9.983715054826878e-05,0.017718193251969074,0.008543934584308072,0.04872654261357901,-0.0046787548357932265,0.035054758791937896
19,implicit_native_tick,0,12,F_L/left_index_2_joint,hand48,8,7.026176478259257e-06,3.777337848672596e-06,1.9102141254584426e-05,-2.5487577820539065e-06,1.383108612958566e-05,0.0016306336585770775,0.0009377907500158199,0.004282072298916256,-0.0004612033344347851,0.003145376745691964
19,implicit_native_tick,0,13,F_L/left_middle_2_joint,hand48,8,4.075984030007333e-05,2.2387814540695758e-05,0.00010826000189174956,9.776780592768777e-06,7.988627254364717e-05,0.0017300632586193412,0.0007988657277302884,0.004836083990722098,0.0005775161372037735,0.00330559788715347
19,implicit_native_tick,0,14,F_L/left_pinky_2_joint,hand48,8,5.826460182369571e-05,3.218136203123837e-05,0.00015527105098733784,1.555943481076471e-05,0.00011304285807140277,0.0034264327131623374,0.0018119819572088944,0.009315877975373896,0.001231872028563774,0.006768152353014081
19,implicit_native_tick,0,15,F_L/left_ring_2_joint,hand48,8,0.00010867992989595479,5.8082225918795055e-05,0.00029263375835257566,2.8262364485279884e-05,0.0002111667930928199,0.0055585450434117506,0.0026861711726441904,0.015426500877659342,0.0021194492955566952,0.01087825793656089
19,implicit_native_tick,0,16,F_L/left_thumb_2_joint,hand48,8,0.00018953964581235503,0.00012382450581755085,0.0003767595025712528,0.00011421446878436166,0.0003652808937129912,0.019010920720779242,0.013079753661570399,0.03613314206233266,0.011993636101358987,0.03303844862769933
19,implicit_native_tick,0,17,F_L/left_thumb_3_joint,hand48,8,0.0009428613430678446,0.0006018846172867708,0.0019216244403484073,0.0005538505553079019,0.0018322585270982266,0.10577752388673375,0.07321213283064205,0.17873109707047313,0.0680992480959151,0.17596117812828388
19,implicit_native_tick,0,18,F_L/left_thumb_4_joint,hand48,8,3.790398302185558e-06,1.6713175970146238e-06,1.0541598103819272e-05,-1.4968085616223065e-06,7.502031468823578e-06,0.00021540039166917095,0.00014453210129500283,0.0004889777071782008,-0.00014248524510977138,0.00039988550913945417
19,implicit_native_tick,0,19,F_R/fr3_joint1,controlled26,8,3.258491142212668e-05,2.751835160455518e-05,6.599645299321111e-05,2.0940473355407496e-05,5.743223238493521e-05,0.004996216591721532,0.0035530661293151737,0.009777883065524531,0.0011085953629340409,0.008927005183441349
19,implicit_native_tick,0,20,F_R/fr3_joint2,controlled26,8,0.00011625648598947726,0.0001064864123586362,0.00019981390050149983,-0.0001064864123586362,0.00017868806900387388,0.003358345549364224,0.003093008057857031,0.005274423608596257,-0.003093008057857031,0.0049690001441116466
19,implicit_native_tick,0,21,F_R/fr3_joint3,controlled26,8,3.2667938858166704e-05,1.8393641811664807e-05,6.911963328115611e-05,-1.5730419910320315e-05,6.603272025241802e-05,0.006822234964396129,0.005077457770526197,0.01544340386115068,-0.005077457770526197,0.013178295885579592
19,implicit_native_tick,0,22,F_R/fr3_joint4,controlled26,8,1.854677574941414e-05,1.4003870845588628e-05,3.653614026888352e-05,-4.4497471732435345e-06,3.5115246150274614e-05,0.009141680972639796,0.005436181243216537,0.01983041540568874,-0.00047857739179435173,0.017132877448618605
19,implicit_native_tick,0,23,F_R/fr3_joint5,controlled26,8,4.578435998291795e-05,4.090446245665069e-05,7.355564176492191e-05,-1.6506994037809863e-05,6.988969306405135e-05,0.006910573414436251,0.006257060847657298,0.012569339312036198,-0.006257060847657298,0.010945627845092499
19,implicit_native_tick,0,24,F_R/fr3_joint6,controlled26,8,1.2697990883978968e-05,7.704613822434592e-06,2.942490859547675e-05,2.9148552038171793e-06,2.4672292373639764e-05,0.005076289267593254,0.0030086379395928555,0.012839389549899306,0.002432948918054209,0.010023423980275338
19,implicit_native_tick,0,25,F_R/fr3_joint7,controlled26,8,1.7067857580596916e-05,1.5073224275630182e-05,2.7015408674335717e-05,1.5073224275630182e-05,2.628113006269972e-05,0.0028886375402885876,0.0026334711064183954,0.004710981591514618,0.0026334711064183954,0.004414746530879359
19,implicit_native_tick,0,26,F_R/right_index_1_joint,hand48,8,0.0011948405029637429,0.001058864321215991,0.0020806496689780296,-0.0009875942778669253,0.0019393964004045762,0.16208582721983536,0.15194838038467395,0.23340128704208402,-0.15194838038467395,0.22293985945605968
19,implicit_native_tick,0,27,F_R/right_middle_1_joint,hand48,8,0.0014276589951272888,0.0012729947160337075,0.002444619014477345,-0.0011723598655501884,0.0023027253859653537,0.1867231866996867,0.17389176367573472,0.27856216628593033,-0.17389176367573472,0.25945283035101513
19,implicit_native_tick,0,28,F_R/right_pinky_1_joint,hand48,8,0.0010907856408083711,0.0010025552611719387,0.001877150842535591,-0.0008096536901234189,0.0017358326890445424,0.14536703331336287,0.13443576238084573,0.20804694605096893,-0.13443576238084573,0.20322133261311964
19,implicit_native_tick,0,29,F_R/right_ring_1_joint,hand48,8,0.0012554382218192342,0.0011341203910354685,0.0021771729848590188,-0.0009693766371300424,0.0020342865975050534,0.16443752163004235,0.15219809947206414,0.24515808575749054,-0.15219809947206414,0.2287062200222445
19,implicit_native_tick,0,30,F_R/right_thumb_1_joint,hand48,8,1.4292704031850413e-05,1.3198721278033683e-05,2.2941457373581997e-05,1.3198721278033683e-05,2.1485452228958005e-05,0.0017096689782955486,0.0015076769934173366,0.0030402578671430685,0.0014002752598582613,0.002810524168913443
19,implicit_native_tick,0,31,F_R/right_index_2_joint,hand48,8,7.598701764523878e-06,7.205762012999287e-06,1.0390655957391581e-05,7.205762012999287e-06,1.0156433592627828e-05,0.000778077662665337,0.0006650727037323359,0.0013808103018734964,0.0005883740127499936,0.0012929890075170569
19,implicit_native_tick,0,32,F_R/right_middle_2_joint,hand48,8,3.956633238370277e-06,3.3730325103131092e-06,6.383472438822868e-06,-1.5323816512560068e-06,6.169924642041718e-06,0.000843334805476251,0.0006599518785117355,0.0014787707642185581,-0.0006599518785117355,0.0014435363890910324
19,implicit_native_tick,0,33,F_R/right_pinky_2_joint,hand48,8,4.10015357739024e-06,3.5250237262595546e-06,6.952055608522301e-06,-2.548925551812062e-06,6.573480732896541e-06,0.000746658206220229,0.0006626350908461214,0.0011742472764685148,-0.0006626350908461214,0.0011449682888938647
19,implicit_native_tick,0,34,F_R/right_ring_2_joint,hand48,8,1.6187036120978007e-05,1.4830476806705628e-05,2.7785762393220392e-05,-1.1838395424831893e-05,2.5816947642813556e-05,0.0025052606426004915,0.0023031358028583865,0.003778334433709695,-0.0023031358028583865,0.00372345418628926
19,implicit_native_tick,0,35,F_R/right_thumb_2_joint,hand48,8,0.00016682325354959367,0.00015304595247782066,0.0002489360481531047,0.00011564633174248207,0.00024567242917697613,0.01874927640586164,0.016493526804227755,0.030380760246317928,0.016493526804227755,0.02940530275794665
19,implicit_native_tick,0,36,F_R/right_thumb_3_joint,hand48,8,0.0017668361348422256,0.0015987220982907526,0.0026603737637604374,0.0012154560850335134,0.0026306915181761852,0.20031107954570193,0.17370677121013367,0.32507845565414023,0.17331383245111476,0.31529906428915755
19,implicit_native_tick,0,37,F_R/right_thumb_4_joint,hand48,8,5.391308315385772e-06,4.9067326215457285e-06,9.03923245729188e-06,-4.455494439968566e-06,8.48917727683529e-06,0.0006842813572149371,0.0006437525804666221,0.001016042792656797,-0.0006437525804666221,0.0009594810366118697
19,implicit_native_tick,0,38,U_L/shoulder_pan_joint,controlled26,8,5.8685425941784405e-05,5.6839295730137795e-05,7.977898137045969e-05,-4.8362044383576386e-05,7.754971499123187e-05,0.042828809044245034,0.03452011211558899,0.07832546070571789,-0.03452011211558899,0.07812858207553368
19,implicit_native_tick,0,39,U_L/shoulder_lift_joint,controlled26,8,0.0002212094956011311,0.00021756267755590475,0.00027598517493121477,0.00021756267755590475,0.0002709132217196153,0.045029469740461174,0.04201870689742177,0.07085577582892244,-0.04201870689742177,0.07027880957830566
19,implicit_native_tick,0,40,U_L/elbow_joint,controlled26,8,0.0002770003546165658,0.000275258153552449,0.00035162428447055305,-0.000275258153552449,0.0003246731575914263,0.07660354320655086,0.07287583546936588,0.11396414892390339,0.07287583546936588,0.1137927567665198
19,implicit_native_tick,0,41,U_L/wrist_1_joint,controlled26,8,8.77813678478226e-05,5.636096384181721e-05,0.00020966483547191217,-5.565586899253239e-05,0.0001791265326183566,0.011448255069247845,0.00674874677425527,0.023073149691667433,-0.006183066344084234,0.022542894152875605
19,implicit_native_tick,0,42,U_L/wrist_2_joint,controlled26,8,7.838329423883458e-05,4.173053780287539e-05,0.0001934245212549257,3.600835391970314e-05,0.0001627368466088352,0.015220946141394085,0.009350609385509006,0.025565349194470205,0.009300607818974484,0.02547473765737919
19,implicit_native_tick,0,43,U_L/wrist_3_joint,controlled26,8,7.486767462800317e-05,3.651756861089428e-05,0.0001873664049525381,3.571419136005893e-05,0.00015630220950324508,0.01011798947071093,0.006027619236019811,0.019876331878109138,0.003566572588643563,0.019394768117961463
19,implicit_native_tick,0,44,U_L/left_index_1_joint,hand48,8,0.004615738974952823,0.0045671080043548145,0.005528804736870813,-0.0045671080043548145,0.005467741532205283,0.43315545346695467,0.43043167100610985,0.5036586390648383,-0.43043167100610985,0.49354778278485184
19,implicit_native_tick,0,45,U_L/left_little_1_joint,hand48,8,0.003976033489504204,0.003907321541120282,0.005210309963384466,-0.003907321541120282,0.00500645621928561,0.30859122596852756,0.305368110477509,0.4013351197320172,-0.305368110477509,0.3762654445646206
19,implicit_native_tick,0,46,U_L/left_middle_1_joint,hand48,8,0.004988906281035049,0.004941115460206269,0.005921971953107327,-0.004941115460206269,0.005844223826177844,0.46971667400976846,0.4665216433961668,0.5516244290531178,-0.4665216433961668,0.5386996307671135
19,implicit_native_tick,0,47,U_L/left_ring_1_joint,hand48,8,0.004717384900369008,0.004662286527935074,0.005607303452024037,-0.004662286527935074,0.005588178129240543,0.41800182436413613,0.414537413644242,0.5157396766744774,-0.414537413644242,0.4918594673093928
19,implicit_native_tick,0,48,U_L/left_thumb_1_joint,hand48,8,4.571502734464181e-05,4.4435958058773595e-05,6.187759117481928e-05,4.4435958058773595e-05,6.186406096080344e-05,0.012520157354910376,0.00975992527461245,0.021513345703965018,0.00975992527461245,0.021457724179514717
19,implicit_native_tick,0,49,U_L/left_index_2_joint,hand48,8,0.0001632138055555139,0.00010009949385453298,0.0003205845231807336,-5.213197960916849e-05,0.00030929941980340213,0.006294360735333757,0.0037359728847929114,0.014311062404007811,0.003612682579551424,0.012929952145192004
19,implicit_native_tick,0,50,U_L/left_little_2_joint,hand48,8,1.784486118274067e-05,1.609677671472222e-05,3.428304286508255e-05,-1.1481722118697121e-05,2.8200894505848998e-05,0.0010456093289586356,0.0009944209248061787,0.0016398606716833135,-0.0009944209248061787,0.0015516457021839604
19,implicit_native_tick,0,51,U_L/left_middle_2_joint,hand48,8,0.0001440940181863163,9.683503518398244e-05,0.0002902702121737599,-7.70670010436774e-05,0.0002824509736901029,0.004063629472034112,0.0032911442782400835,0.008532095608981837,0.00022858096224717466,0.007487244019376711
19,implicit_native_tick,0,52,U_L/left_ring_2_joint,hand48,8,9.193175337946244e-05,7.369080618695352e-05,0.00016995320758078636,-7.369080618695352e-05,0.00016796310756006378,0.0033430146201965387,0.002984951711197112,0.005076500185410852,-0.002773491807461157,0.004741622222088595
19,implicit_native_tick,0,53,U_L/left_thumb_2_joint,hand48,8,0.0005836315664335177,0.0005672444030879933,0.0007534242623626619,0.0005672444030879933,0.0007462288397919802,0.06689038151368373,0.0648776665754825,0.09434973853542065,0.0648776665754825,0.09331557648383655
19,implicit_native_tick,0,54,U_L/left_thumb_3_joint,hand48,8,0.002986622794397448,0.002914309088709469,0.0037633424938452176,0.002914309088709469,0.003762695417689252,0.32453652778178754,0.3158540648011763,0.4525214439997881,0.3158540648011763,0.44557537516663204
19,implicit_native_tick,0,55,U_L/left_thumb_4_joint,hand48,8,5.190761947975227e-06,5.111729938483273e-06,6.364825610838398e-06,-5.111729938483273e-06,6.28650638220124e-06,0.0004940932947697356,0.0004902152857611293,0.0006032132742738568,-0.0004902152857611293,0.0005884529861250487
19,implicit_native_tick,0,56,U_R/shoulder_pan_joint,controlled26,8,7.341910391781135e-05,5.308977661816483e-05,0.00017831104790944075,-5.151069802644681e-06,0.00013826964867165163,0.037014055826399876,0.02928601090461957,0.07422862718873086,-0.02928601090461957,0.06834947668389789
19,implicit_native_tick,0,57,U_R/shoulder_lift_joint,controlled26,8,8.007892706264265e-05,6.213220034356759e-05,0.00014498279254482327,-1.302072184672376e-05,0.0001395614601637174,0.026794451465331083,0.02613838853986118,0.04051667973052954,-0.02613838853986118,0.03669674000483006
19,implicit_native_tick,0,58,U_R/elbow_joint,controlled26,8,0.00022819052698062043,0.0002215060414204606,0.00028018495234416463,-0.0002215060414204606,0.0002746645229716571,0.06156038053987017,0.06046180265163838,0.08069624732456825,0.06046180265163838,0.07482338053660524
19,implicit_native_tick,0,59,U_R/wrist_1_joint,controlled26,8,0.0004432281514686481,0.00018415461770959762,0.001250698139755535,0.00017249710343480995,0.0008292743108257998,0.0860871895216723,0.04143656825826665,0.23985574101433538,0.018527366995317193,0.16810608709771288
19,implicit_native_tick,0,60,U_R/wrist_2_joint,controlled26,8,0.000281015117749142,0.0001210982284339801,0.0007871463531365919,7.645634039821214e-05,0.000548448649671984,0.06021153313234179,0.026624281211719048,0.16723403514603102,0.015184227574788708,0.11824512733504475
19,implicit_native_tick,0,61,U_R/wrist_3_joint,controlled26,8,2.395722975428682e-05,1.4691561069812842e-05,4.8282650504383184e-05,-1.1536164500225432e-05,4.73195582246344e-05,0.008364910511787003,0.004102140335347056,0.021220357353861536,-0.004102140335347056,0.017451384543187506
19,implicit_native_tick,0,62,U_R/right_index_1_joint,hand48,8,0.0037847895951679702,0.0036240782074727345,0.004150700249947931,0.0036240782074727345,0.0041378354695592616,0.2651347660973128,0.25947418948644263,0.3246337820415542,0.25947418948644263,0.3076045661033889
19,implicit_native_tick,0,63,U_R/right_little_1_joint,hand48,8,0.003486954140399989,0.003430730553740144,0.004187027271529198,0.003430730553740144,0.004018643931383461,0.19232798638051973,0.18898099593325496,0.27667311393425753,0.18898099593325496,0.24770338941009848
19,implicit_native_tick,0,64,U_R/right_middle_1_joint,hand48,8,0.004466162532913549,0.004335876635487403,0.0048298807200004845,0.004335876635487403,0.004823090030599183,0.32668150596737977,0.3216860032655189,0.4110414021578842,0.3216860032655189,0.3878386455463952
19,implicit_native_tick,0,65,U_R/right_ring_1_joint,hand48,8,0.004221325396490004,0.004130290139802471,0.0048129653984450085,0.004130290139802471,0.004703068385693946,0.28546810519604476,0.2816158819517488,0.3799947689744543,0.2816158819517488,0.3509311560437096
19,implicit_native_tick,0,66,U_R/right_thumb_1_joint,hand48,8,3.0435197727095194e-05,2.614801537310918e-05,6.565106446815294e-05,-9.735249256070944e-06,5.388642063594016e-05,0.01122799048870582,0.010238560255877487,0.019242226270214415,0.0016654838526704346,0.017596240714989206
19,implicit_native_tick,0,67,U_R/right_index_2_joint,hand48,8,0.0002582928493041906,0.00012891495266115563,0.0006604724531452388,0.00011372946910299594,0.0005378439264133837,0.0049809746835590704,0.004052570748341791,0.009392744788648582,-0.004052570748341791,0.008652307815900007
19,implicit_native_tick,0,68,U_R/right_little_2_joint,hand48,8,0.0003067940791754518,0.00016249189319560153,0.000772046141941693,0.000159440133685948,0.000639049552157824,0.004650519177042521,0.0028769484295220384,0.008885331466499436,-0.002826633966896597,0.008509661338251696
19,implicit_native_tick,0,69,U_R/right_middle_2_joint,hand48,8,0.0002577597037041716,0.00015072651858889698,0.0006351040178197084,0.00015072651858889698,0.00053350355287478,0.0033432473534686117,0.002156775249239055,0.006135382939793075,-0.0019107206029509117,0.005867636541084543
19,implicit_native_tick,0,70,U_R/right_ring_2_joint,hand48,8,0.00030230651340751503,0.0001965368898533531,0.0007244866902515468,0.0001965368898533531,0.0006170768070584245,0.0032765456942894966,0.00310523310982229,0.005091669195640431,-0.00015329099426255428,0.004876322834342531
19,implicit_native_tick,0,71,U_R/right_thumb_2_joint,hand48,8,0.0004264084024247609,0.0003703745608608956,0.0007908184725089196,-0.0003703745608608956,0.0006884776472374258,0.024311522892713662,0.018828556905540625,0.04873491197626695,0.014667313931937386,0.04300642429491093
19,implicit_native_tick,0,72,U_R/right_thumb_3_joint,hand48,8,0.0027130338464033924,0.00254090126304728,0.0046832929403482215,-0.00254090126304728,0.00410763610036679,0.09062106535027654,0.07702803793455634,0.17112342570117334,-0.043790146181614364,0.15181374741468495
19,implicit_native_tick,0,73,U_R/right_thumb_4_joint,hand48,8,3.3316712574037845e-05,3.2819880312197174e-05,3.885424064666715e-05,3.2819880312197174e-05,3.805017190753948e-05,0.0022963404198977533,0.0022612960172861754,0.0030472930381909694,0.0022612960172861754,0.002908435921685747
19,implicit_native_tick,1,0,F_L/fr3_joint1,controlled26,8,8.216113349333851e-05,5.4437766218655426e-05,0.00018012535362646465,3.774265429062201e-05,0.00016155910416867643,0.007678733642330776,0.0037695391558981296,0.020984853855062584,0.0017889439802082443,0.01523667646778823
19,implicit_native_tick,1,1,F_L/fr3_joint2,controlled26,8,6.624464330165634e-05,3.931921309532904e-05,0.00013486817429586573,-2.4027782958208066e-05,0.00012914624676371166,0.0036497983434141284,0.0022028938767411936,0.007126026368211469,0.0012465908916244265,0.006967086586175309
19,implicit_native_tick,1,2,F_L/fr3_joint3,controlled26,8,8.137837687433055e-05,5.1261306662164774e-05,0.0001722419068759251,5.119240585838014e-05,0.00015172885659077147,0.002642690604125337,0.0016674779244596678,0.0051340046725671246,-0.0016674779244596678,0.004978068136213061
19,implicit_native_tick,1,3,F_L/fr3_joint4,controlled26,8,7.99967854623269e-05,4.793531427449427e-05,0.00019888627177699902,4.793531427449427e-05,0.0001586743651453392,0.008863198567003863,0.00451465278349642,0.024068815297853728,-0.00451465278349642,0.017418143400149272
19,implicit_native_tick,1,4,F_L/fr3_joint5,controlled26,8,6.672594844100349e-05,3.5214753257739595e-05,0.000178296073606532,3.5114690543069926e-05,0.0001350052873095197,0.0012147381244760674,0.0008418770726717133,0.0025137004626845094,0.0008418770726717133,0.0022043687155831986
19,implicit_native_tick,1,5,F_L/fr3_joint6,controlled26,8,3.1756482159038585e-05,1.998255212870559e-05,6.887566730329198e-05,-1.998255212870559e-05,6.064579266127355e-05,0.0015774503248333308,0.0006934394169543146,0.004399506427066548,0.0006934394169543146,0.003092694557961529
19,implicit_native_tick,1,6,F_L/fr3_joint7,controlled26,8,9.756464504325689e-05,5.26068488558018e-05,0.00025789289198674403,1.912346220869776e-05,0.0001952772753679665,0.0005209463453540938,0.0003556413281569158,0.0012937051525024215,0.00022067308340436846,0.0010109381161416517
19,implicit_native_tick,1,7,F_L/left_index_1_joint,hand48,8,0.0050189913812939396,0.0026450129960952813,0.013615338207203051,0.0015407122943409748,0.009723713007254138,0.09277352193266196,0.04385971306257868,0.2576214524610659,0.04159072568744679,0.1827634118394496
19,implicit_native_tick,1,8,F_L/left_middle_1_joint,hand48,8,0.005125537440824275,0.0027000293986679177,0.01390768884773555,0.0016760959697542516,0.010035381348047639,0.1055549630155849,0.050359664637838815,0.2920558014340853,0.04963731339479195,0.2083491963185523
19,implicit_native_tick,1,9,F_L/left_pinky_1_joint,hand48,8,0.0021736410680355664,0.0009183728395053149,0.006109249421326665,0.0008035277915393237,0.004140624214530471,0.02307238723332191,0.016213402415482275,0.05031719170670748,0.016213402415482275,0.04471759199789853
19,implicit_native_tick,1,10,F_L/left_ring_1_joint,hand48,8,0.004623362854235901,0.0023016462319007756,0.01271534763598893,0.0015886691940523775,0.009040550600588275,0.0838479480678704,0.04615501469705465,0.2257379710929966,0.04615501469705465,0.16571809655252315
19,implicit_native_tick,1,11,F_L/left_thumb_1_joint,hand48,8,8.748741015932126e-05,4.733256390234038e-05,0.00023613864963881182,-2.7815125521876358e-05,0.0001702637460569845,0.0038853529703509397,0.0017652576268061477,0.010865947643398008,-0.0013824997319772205,0.007475164307211384
19,implicit_native_tick,1,12,F_L/left_index_2_joint,hand48,8,1.1135318220141366e-06,9.074581759672962e-07,2.3362335172527615e-06,-9.074581759672962e-07,2.0407804299127357e-06,0.0002442037067805865,0.00014892791554838575,0.0006269829515837199,7.209859454446261e-05,0.0004723356285261631
19,implicit_native_tick,1,13,F_L/left_middle_2_joint,hand48,8,6.462990949965305e-05,3.4715117671507353e-05,0.00017392045755083851,1.76610323888559e-05,0.00012543765930331512,0.0013586719003358847,0.0006801053033182954,0.0037269772566739363,0.0005758023212716819,0.0027077896448449174
19,implicit_native_tick,1,14,F_L/left_pinky_2_joint,hand48,8,7.880707239632736e-05,4.226460846901495e-05,0.00021272850585840608,2.317729010476409e-05,0.0001516761451496584,0.0012190945727902328,0.0006130941746023362,0.0033501414260377234,0.0005835809338624053,0.0024244821183236906
19,implicit_native_tick,1,15,F_L/left_ring_2_joint,hand48,8,0.00014489718878402162,7.527024319903524e-05,0.00039487512000442593,4.298736151300223e-05,0.00028034157409457405,0.002068576069826451,0.001131833362278675,0.005580629406797947,0.001131833362278675,0.0040988513202543765
19,implicit_native_tick,1,16,F_L/left_thumb_2_joint,hand48,8,0.0002835099328225915,0.00019894124360245093,0.0005014672637912998,0.00018010703409082184,0.0004970180694827839,0.008656711930687759,0.00506885094700322,0.022841208831414144,0.00386089147780994,0.017444560985881367
19,implicit_native_tick,1,17,F_L/left_thumb_3_joint,hand48,8,0.0014438907979684842,0.0010043002544153391,0.0026772227033196594,0.0009154972187160847,0.002612861738181156,0.04961702872942279,0.030536832464658777,0.12540011608499305,0.024655450028046675,0.09917554666466147
19,implicit_native_tick,1,18,F_L/left_thumb_4_joint,hand48,8,4.569042250609371e-06,2.226973859372622e-06,1.2620359989487517e-05,-1.4816632517671013e-06,8.818776052867123e-06,4.7618187500310875e-05,2.636836145333264e-05,0.0001285924265860226,-1.3791665804235408e-05,9.414075365713631e-05
19,implicit_native_tick,1,19,F_R/fr3_joint1,controlled26,8,5.595694370785852e-05,4.616097869647451e-05,9.975761936842353e-05,4.189015599553869e-05,9.371445755569361e-05,0.0012026568219283755,0.001070724527017201,0.0018838844664684148,0.0010263804884784993,0.0018294004952144878
19,implicit_native_tick,1,20,F_R/fr3_joint2,controlled26,8,0.00023048669047693484,0.00021279728428014177,0.00038185597476503297,-0.00021279728428014177,0.00034741167404231935,0.004797782965951353,0.004468117607029452,0.007047787605953371,-0.004468117607029452,0.00675423070101643
19,implicit_native_tick,1,21,F_R/fr3_joint3,controlled26,8,6.428932529849241e-05,3.397060500012761e-05,0.00016828009486236084,-3.354959843546168e-05,0.00012770473974043066,0.00611709039831726,0.0042238087363872835,0.014177127101309438,-0.0042238087363872835,0.012279279633499554
19,implicit_native_tick,1,22,F_R/fr3_joint4,controlled26,8,3.72466515066717e-05,2.4580374876459476e-05,9.307304134975602e-05,-8.302006550248153e-06,7.395724640231746e-05,0.0013109233623688644,0.0009093692892131024,0.002717805460256309,-0.00022991792414902516,0.002400529534406079
19,implicit_native_tick,1,23,F_R/fr3_joint5,controlled26,8,7.505603186232214e-05,6.259236227902643e-05,0.00013996062139431942,-6.259236227902643e-05,0.00012862991444596015,0.005231745440760631,0.004661797994531254,0.009472040765793489,-0.004661797994531254,0.008660702886185067
19,implicit_native_tick,1,24,F_R/fr3_joint6,controlled26,8,2.283621125127977e-05,1.157242359395294e-05,5.80672143435379e-05,9.9435329818931e-06,4.75105553855215e-05,0.00041305790484583914,0.0003371413039533,0.0008885653219614965,-0.00011499997346292584,0.0007545585383893306
19,implicit_native_tick,1,25,F_R/fr3_joint7,controlled26,8,3.332446205760767e-05,2.991128799573195e-05,5.377599954026202e-05,2.991128799573195e-05,5.233538877239541e-05,0.0024221042130091876,0.002199660564963421,0.003993283495405731,0.002199660564963421,0.00371669183093005
19,implicit_native_tick,1,26,F_R/right_index_1_joint,hand48,8,0.0024826175308527397,0.0022986346083208216,0.0038490257159158325,-0.0022986346083208216,0.0035635213849810397,0.16811293365237834,0.15507998950559732,0.24553144117781844,-0.15507998950559732,0.24469770212743053
19,implicit_native_tick,1,27,F_R/right_middle_1_joint,hand48,8,0.0029257960803024613,0.002691801747948693,0.004574196439347866,-0.002691801747948693,0.004266346982343806,0.19682021617458104,0.18252741942209616,0.2834184591708385,-0.18252741942209616,0.2821600730805081
19,implicit_native_tick,1,28,F_R/right_pinky_1_joint,hand48,8,0.002199085209907844,0.0019837087887957187,0.0034293736719341605,-0.0019837087887957187,0.003158915669580928,0.15135207320851204,0.13904229287722425,0.22335222131346108,-0.13904229287722425,0.22260041892572133
19,implicit_native_tick,1,29,F_R/right_ring_1_joint,hand48,8,0.0025510921779437006,0.002316607999678236,0.004039994097194674,-0.002316607999678236,0.0037465889223884915,0.17506563758848592,0.1617472719284488,0.2542157439023704,-0.1617472719284488,0.2537344534510091
19,implicit_native_tick,1,30,F_R/right_thumb_1_joint,hand48,8,2.9201755363144128e-05,2.751819786752513e-05,4.276085385581524e-05,2.751819786752513e-05,4.00239583603728e-05,0.0021884351385302236,0.0020079648870041026,0.003450732938918512,0.0020079648870041026,0.0032953012147995454
19,implicit_native_tick,1,31,F_R/right_index_2_joint,hand48,8,7.733635507411393e-06,7.190801494202405e-06,1.2037670429024261e-05,7.190801494202405e-06,1.133200779759487e-05,8.662777761062239e-05,4.938715427989817e-05,0.00023742947244336215,1.6362252875906843e-05,0.00016389842563349104
19,implicit_native_tick,1,32,F_R/right_middle_2_joint,hand48,8,1.4626683022724598e-05,1.3161961277300196e-05,2.3736994806358713e-05,-1.3161961277300196e-05,2.1944635093331524e-05,0.0014577831149819407,0.0013628356587855354,0.002162206008895802,-0.0013628356587855354,0.002063033681621409
19,implicit_native_tick,1,33,F_R/right_pinky_2_joint,hand48,8,1.1233835101908904e-05,1.0129257671308983e-05,1.7999938788079706e-05,-1.0129257671308983e-05,1.674217338133027e-05,0.0009536346321204083,0.0008860819573867182,0.0014127967869671891,-0.0008860819573867182,0.0013700991430400714
19,implicit_native_tick,1,34,F_R/right_ring_2_joint,hand48,8,3.966172331883095e-05,3.603943184524519e-05,6.170062799247533e-05,-3.603943184524519e-05,5.7004971891021904e-05,0.003065288041498668,0.00284047571454716,0.0045191404995254935,-0.00284047571454716,0.004430409384343009
19,implicit_native_tick,1,35,F_R/right_thumb_2_joint,hand48,8,0.000306430020776345,0.0002648326810765697,0.0004946946535763982,0.0002612619932775718,0.00048386291279910556,0.01903506009486456,0.017630524981065803,0.029233407397674094,0.017630524981065803,0.028110247215871298
19,implicit_native_tick,1,36,F_R/right_thumb_3_joint,hand48,8,0.0031910894170928284,0.0027316015115371505,0.00518866367752293,0.0027102167052952325,0.005070075942659535,0.19590170758915912,0.18148232308168938,0.3002183310559924,0.18148232308168938,0.28953177801013724
19,implicit_native_tick,1,37,F_R/right_thumb_4_joint,hand48,8,9.902607598278437e-06,9.080401225242118e-06,1.4965129491922857e-05,-9.080401225242118e-06,1.4043537597514808e-05,0.0005972125882039859,0.0005451399255124584,0.0009009001409506419,-0.0005451399255124584,0.0008942775750649494
19,implicit_native_tick,1,38,U_L/shoulder_pan_joint,controlled26,8,0.00025118129127933237,0.00021774700202426,0.0005160146529159526,-0.00021774700202426,0.00044161604990224914,0.0327801377075746,0.03038549484131835,0.052536337136825706,-0.03038549484131835,0.05170518517782875
19,implicit_native_tick,1,39,U_L/shoulder_lift_joint,controlled26,8,0.00026370455840201177,0.0002482087298038005,0.0003927594558899017,0.0002482087298038005,0.0003759279022487405,0.052770085751600894,0.05186402084062876,0.06895475222718311,-0.05186402084062876,0.06878686752682826
19,implicit_native_tick,1,40,U_L/elbow_joint,controlled26,8,0.0003039271826896886,0.0002842869979345075,0.00035197078360393874,-0.0002752174510422256,0.0003518422712339153,0.08950377858701565,0.08875480978672354,0.10994484313153188,0.08875480978672354,0.10909854695507493
19,implicit_native_tick,1,41,U_L/wrist_1_joint,controlled26,8,0.00016096984968437175,9.88232957868651e-05,0.00038489555170517775,-9.88232957868651e-05,0.0003313737990932041,0.0037029279582245405,0.0031161051478837314,0.007563268979678683,0.0031161051478837314,0.006732977199277126
19,implicit_native_tick,1,42,U_L/wrist_2_joint,controlled26,8,0.0001448756608114858,7.34369133199575e-05,0.00035633203313079065,6.608402535301927e-05,0.0003022289240814046,0.0027780692076196617,0.002045643184541892,0.006380586794104637,-0.0017708244757328635,0.005487926219555029
19,implicit_native_tick,1,43,U_L/wrist_3_joint,controlled26,8,0.0001441199478813509,7.071012912318597e-05,0.00035581910654380877,6.794982416835627e-05,0.0003008696665713017,0.0016032296497959055,0.0009352116179922142,0.004104825433276782,-0.0009352116179922142,0.00326330582613964
19,implicit_native_tick,1,44,U_L/left_index_1_joint,hand48,8,0.00838025538151413,0.008333345256535181,0.009536507576034858,-0.008333345256535181,0.009420717740504372,0.3594309038149634,0.35758298075885153,0.4208359681779287,-0.35758298075885153,0.41472317797551794
19,implicit_native_tick,1,45,U_L/left_little_1_joint,hand48,8,0.007035799931991982,0.00697448198728126,0.008841826878870612,-0.00697448198728126,0.008380040222401757,0.2482755136744224,0.24657276969230751,0.29314921794204896,-0.24657276969230751,0.2905736437764696
19,implicit_native_tick,1,46,U_L/left_middle_1_joint,hand48,8,0.00910891131861256,0.009058099962614839,0.010387658751146042,-0.009058099962614839,0.010240544209692103,0.39042710855612917,0.3882162506964897,0.4616261527341248,-0.3882162506964897,0.4536794090808152
19,implicit_native_tick,1,47,U_L/left_ring_1_joint,hand48,8,0.008527531957960252,0.008470818627743324,0.010138485197098146,-0.008470818627743324,0.009823816855305003,0.3427007996635121,0.34055818324853415,0.4076754028695067,-0.34055818324853415,0.40076968578180994
19,implicit_native_tick,1,48,U_L/left_thumb_1_joint,hand48,8,7.669992468161895e-05,7.565331933245822e-05,9.235195055379286e-05,7.565331933245822e-05,9.1733938379987e-05,0.002773611557924142,0.0025007748996296727,0.004423263394344198,0.0025007748996296727,0.0040623563743594935
19,implicit_native_tick,1,49,U_L/left_index_2_joint,hand48,8,0.00012544135544142863,7.709245606742597e-05,0.0002564889118805841,-3.561622349621159e-05,0.00023473882495326777,0.004588255704324644,0.002453849003457133,0.010556210137127764,0.0020721085918483234,0.009453275627835125
19,implicit_native_tick,1,50,U_L/left_little_2_joint,hand48,8,3.2302418688919164e-05,2.9992292406758048e-05,5.297584469191041e-05,-2.9992292406758048e-05,4.694429041250322e-05,0.0012541287863452658,0.0012165949031674186,0.0017518260273867285,-0.0012165949031674186,0.0017190058808322925
19,implicit_native_tick,1,51,U_L/left_middle_2_joint,hand48,8,0.00013474641492478113,0.00010446996204066875,0.0002719731282791876,-9.728884942078117e-05,0.00025598913689091823,0.00346621227704564,0.0032719150107624224,0.005819075832764562,-0.0009716944701010429,0.005253453437547357
19,implicit_native_tick,1,52,U_L/left_ring_2_joint,hand48,8,0.00012485873941079379,0.00011778156463326112,0.00019569392267118624,-0.00011778156463326112,0.0001899794381649604,0.0035320146201994235,0.0031411659897352196,0.005083686092387537,-0.0031230394330161466,0.004871267068780822
19,implicit_native_tick,1,53,U_L/left_thumb_2_joint,hand48,8,0.001123747053503597,0.0011093880276406747,0.0013924274629723496,0.0011093880276406747,0.001384998882867432,0.050706335650878294,0.05060222736103241,0.057014660532770475,0.05060222736103241,0.055571098499575165
19,implicit_native_tick,1,54,U_L/left_thumb_3_joint,hand48,8,0.005745082500127818,0.005683100648370045,0.007076189084879614,0.005683100648370045,0.0069858041038321425,0.25747702361348446,0.25722696384417276,0.2773536876160699,0.25722696384417276,0.2759502911036706
19,implicit_native_tick,1,55,U_L/left_thumb_4_joint,hand48,8,8.44604553227924e-06,8.35919077471492e-06,1.0738446881583541e-05,-8.35919077471492e-06,1.0149458258074812e-05,0.0003981809297509793,0.00039570123696692464,0.0004633275817365511,-0.00039570123696692464,0.0004560709205472745
19,implicit_native_tick,1,56,U_R/shoulder_pan_joint,controlled26,8,0.00021121644992897355,0.0001558190085919342,0.00048583232798993237,-0.00011861417440636735,0.00040349998410624797,0.025109504049894076,0.02236608699480415,0.047152258378759415,-0.02236608699480415,0.04204367384743037
19,implicit_native_tick,1,57,U_R/shoulder_lift_joint,controlled26,8,0.00015436032512054635,0.0001281596557215492,0.0002869400866609695,-8.923893576928688e-05,0.00026288435672014996,0.03142860387842496,0.03132278403088169,0.03685595000649539,-0.03132278403088169,0.03565689098955723
19,implicit_native_tick,1,58,U_R/elbow_joint,controlled26,8,0.00030279179713107784,0.0002970374983102819,0.00037893863698612584,-0.0002970374983102819,0.0003729843985000203,0.08110815590249344,0.08063696691287003,0.08925179964756245,0.08063696691287003,0.08779065715618138
19,implicit_native_tick,1,59,U_R/wrist_1_joint,controlled26,8,0.0010227467291108344,0.00040643387746130966,0.002888913711045049,0.0003800577955103135,0.0019147204269106752,0.10846150039075896,0.048111691751033615,0.30528243536016253,0.031720908561627424,0.20335037104577405
19,implicit_native_tick,1,60,U_R/wrist_2_joint,controlled26,8,0.0006532086574674219,0.0002747053333934657,0.0018352251445916679,0.00018410095275445126,0.0012638641713019973,0.07920390026453514,0.03051528634795016,0.2231854313347968,0.030118464401481488,0.1518211544836134
19,implicit_native_tick,1,61,U_R/wrist_3_joint,controlled26,8,4.6047401024171933e-05,2.5953558049351955e-05,0.00010127383563762749,-2.5953558049351955e-05,9.424406698741449e-05,0.0006882160132670221,0.00044035445431123214,0.001785707935739287,-0.0002150669987830395,0.0013741764641632466
19,implicit_native_tick,1,62,U_R/right_index_1_joint,hand48,8,0.00750799695525056,0.007413015795133419,0.007975799258144775,0.007413015795133419,0.007965065018365063,0.23435727047508065,0.23391656957416945,0.24919461848970229,0.23391656957416945,0.24804071939866326
19,implicit_native_tick,1,63,U_R/right_little_1_joint,hand48,8,0.0067263467188482485,0.006699392954065964,0.007631212465606517,0.006699392954065964,0.007399933146804998,0.14293892419906848,0.13771279234744455,0.18119206334063376,0.13771279234744455,0.1727315875438597
19,implicit_native_tick,1,64,U_R/right_middle_1_joint,hand48,8,0.008767733440971764,0.008691415523623652,0.00947288311327784,0.008691415523623652,0.009418408832798547,0.2823815795843002,0.2807110861243736,0.31275563528739914,0.2807110861243736,0.30899281320864413
19,implicit_native_tick,1,65,U_R/right_ring_1_joint,hand48,8,0.00822250170124228,0.008173278909879676,0.009136895374887932,0.008173278909879676,0.008969087403768988,0.23458117156159497,0.23161761337028705,0.27446542969221965,0.23161761337028705,0.2671502335983221
19,implicit_native_tick,1,66,U_R/right_thumb_1_joint,hand48,8,4.722905643356949e-05,4.663744980005352e-05,5.146453315707511e-05,-3.3771316510784744e-05,5.139053196899779e-05,0.006992364612136438,0.006257093224880019,0.0085616984739282,-0.005779707860945562,0.008502786023614636
19,implicit_native_tick,1,67,U_R/right_index_2_joint,hand48,8,0.00023182673842970491,0.0001174113960606682,0.0006036955846273062,9.557077348600063e-05,0.000479283712753528,0.004635369273526699,0.0035196793303756083,0.008663075654341613,-0.0035196793303756083,0.008363919625274947
19,implicit_native_tick,1,68,U_R/right_little_2_joint,hand48,8,0.0002893213531884503,0.00016828196946041228,0.0007329948138243836,0.00016335211035808754,0.0005975345430555236,0.0044654621488045936,0.0027293279349603966,0.00881048494691027,-0.0027090162463837717,0.00830401228150139
19,implicit_native_tick,1,69,U_R/right_middle_2_joint,hand48,8,0.00026163068077563,0.0001801249621919479,0.0006279132788324787,0.0001801249621919479,0.0005255534180052551,0.0034194901252297964,0.0024380533437599623,0.006730731526258784,-0.0016384887365947735,0.006194693622186752
19,implicit_native_tick,1,70,U_R/right_ring_2_joint,hand48,8,0.00032846599253898704,0.0002539106287966072,0.000741351035923786,0.0002539106287966072,0.000633413765463481,0.003439101308260727,0.0031567473468961087,0.006136504345740666,-0.00039183860103079917,0.005444003488210894
19,implicit_native_tick,1,71,U_R/right_thumb_2_joint,hand48,8,0.0007761288360314065,0.0006949390109851523,0.0012039728027526675,-0.0006949390109851523,0.0011386695207640989,0.02080412003817271,0.016681264297478113,0.04036249389682438,0.015484317407367823,0.03519920177659457
19,implicit_native_tick,1,72,U_R/right_thumb_3_joint,hand48,8,0.004831366759781505,0.004652438772315023,0.007045571017971375,-0.004652438772315023,0.006516722292337526,0.06063187445870518,0.050674473023107,0.09923457914474654,-0.01912421911543724,0.09359312343608261
19,implicit_native_tick,1,73,U_R/right_thumb_4_joint,hand48,8,6.408256714922133e-05,6.381888539354948e-05,7.084985296808982e-05,6.381888539354948e-05,6.915439790685686e-05,0.0018092814903852717,0.0018022194737575105,0.0020168074958715207,0.0018022194737575105,0.0019837349795239147
19,implicit_initial_mass,both,0,F_L/fr3_joint1,controlled26,16,7.83081042621514e-05,5.110370407263726e-05,0.00017889545742597046,2.395702179703793e-05,0.00015752060995782163,0.00919267056570102,0.004154703193327803,0.029398975250214184,0.0025572096191091077,0.023089317425471104
19,implicit_initial_mass,both,1,F_L/fr3_joint2,controlled26,16,6.517971353510234e-05,3.872303439110547e-05,0.00013407043679514175,-2.3336628364359346e-05,0.00013108256472837976,0.0044976136136395325,0.0026445874742374257,0.010238060642718844,0.0015930718930567576,0.009894915959547496
19,implicit_initial_mass,both,2,F_L/fr3_joint3,controlled26,16,6.885957156107379e-05,4.2815116525124486e-05,0.00017096592306953262,4.276282701240475e-05,0.00012717930649047693,0.002378711243586072,0.0013408487697413995,0.005538486700836336,-0.0013300592020689833,0.005294338073050494
19,implicit_initial_mass,both,3,F_L/fr3_joint4,controlled26,16,8.699952765978322e-05,4.972921161144894e-05,0.00024541617444917563,4.972921161144894e-05,0.0002105281605513376,0.01115339348365488,0.0055790246111914014,0.03535854691798494,-0.0055790246111914014,0.026892960157266832
19,implicit_initial_mass,both,4,F_L/fr3_joint5,controlled26,16,6.001017028636813e-05,2.8956700799054325e-05,0.00017829558291060366,2.876304984078537e-05,0.00015467520305256777,0.0035009630370121925,0.0019171100405364668,0.010594496477154654,0.000592797980892135,0.007576021702786983
19,implicit_initial_mass,both,5,F_L/fr3_joint6,controlled26,16,2.7523640206775262e-05,1.670920878277249e-05,6.879749864285856e-05,-1.670920878277249e-05,5.654190606441123e-05,0.004787819176094824,0.002074572621413851,0.01726427139385984,0.000843624782825651,0.008155638661707014
19,implicit_initial_mass,both,6,F_L/fr3_joint7,controlled26,16,9.216655728278075e-05,4.812294526648775e-05,0.00025789286311228565,1.936616488704135e-05,0.00023978913216776698,0.0014549264875917903,0.0007292270887402643,0.005391817883391511,0.0004526525433234243,0.0023182302955218935
19,implicit_initial_mass,both,7,F_L/left_index_1_joint,hand48,16,0.00436135245855048,0.0022992575693658868,0.013615337859492926,0.0012842436957515337,0.010610269429579863,0.2241740811050832,0.09985434256754969,0.8299102292502375,0.06982941441298593,0.4006934447088336
19,implicit_initial_mass,both,8,F_L/left_middle_1_joint,hand48,16,0.0044246084950360825,0.002336055616489186,0.013907688511686264,0.0013814448116305153,0.010678889266642625,0.23314862653964682,0.1050532991960124,0.8559506901920212,0.07865663333078941,0.43302930484648705
19,implicit_initial_mass,both,9,F_L/left_pinky_1_joint,hand48,16,0.0020490630566780336,0.0008972091568984287,0.006109249309728462,0.0006967969617357661,0.005533779586922,0.06554795314483398,0.030894827298314706,0.24689435511942995,0.030894827298314706,0.09947010720769994
19,implicit_initial_mass,both,10,F_L/left_ring_1_joint,hand48,16,0.004038818946934618,0.0020328203533880717,0.012715347380796285,0.0013117897244575294,0.010004592691221548,0.2033463785953863,0.08863551243879976,0.7632721081804104,0.07415908048521937,0.3601213060750245
19,implicit_initial_mass,both,11,F_L/left_thumb_1_joint,hand48,16,7.179778149732694e-05,3.861704945435675e-05,0.00023613894045004802,-2.148290457858193e-05,0.0001603949843579297,0.01282836046282502,0.005158095617241469,0.048727986237715196,-0.00302661658229533,0.020331817138358133
19,implicit_initial_mass,both,12,F_L/left_index_2_joint,hand48,16,5.028717260080604e-06,2.3246577882211905e-06,1.910181068306982e-05,-1.6860235489100928e-06,7.776895282175789e-06,0.001166813549239479,0.0005436277704571015,0.004282417733077531,-0.00019140570328480581,0.0018466463242938222
19,implicit_initial_mass,both,13,F_L/left_middle_2_joint,hand48,16,5.4010266796366656e-05,2.8521843360143108e-05,0.0001739203484622115,1.3768702799478276e-05,0.00012467538670670603,0.0015549368066160151,0.0007372245204324815,0.004835690023957595,0.0005804143552690733,0.004004074067530981
19,implicit_initial_mass,both,14,F_L/left_pinky_2_joint,hand48,16,6.929692973865616e-05,3.721482376890491e-05,0.00021272848964613844,1.9377913477897166e-05,0.00016963553569726217,0.002571453447586413,0.0012122210491591328,0.00931573401011538,0.0009084609549311648,0.00484150810147022
19,implicit_initial_mass,both,15,F_L/left_ring_2_joint,hand48,16,0.00012806158723702773,6.665033145491833e-05,0.0003948750464291828,3.566426658691566e-05,0.0003181943509454419,0.004193697883149989,0.0019090066959646596,0.015426161214938575,0.0016286457279349412,0.008041940797940118
19,implicit_initial_mass,both,16,F_L/left_thumb_2_joint,hand48,16,0.0002411420985939901,0.00016138114407257022,0.0005014965857633516,0.00014715789735069394,0.0004919051314039788,0.014770381548165814,0.009074205644363866,0.03613311977725521,0.007927237389548803,0.029497573238712608
19,implicit_initial_mass,both,17,F_L/left_thumb_3_joint,hand48,16,0.0012193994179714588,0.0008031000020516819,0.002677293754302257,0.0007346773255217402,0.0025393227287578493,0.08261664412225532,0.051875152869736166,0.178736523882161,0.046378206990149204,0.17279654934534636
19,implicit_initial_mass,both,18,F_L/left_thumb_4_joint,hand48,16,4.198392988265908e-06,1.9518933363745286e-06,1.2620324269824179e-05,-1.485220871440783e-06,1.1061229509175263e-05,0.00015579902604364102,8.545850180636971e-05,0.0004889753385082169,-7.781592095390798e-05,0.00029643783993002785
19,implicit_initial_mass,both,19,F_R/fr3_joint1,controlled26,16,4.6205855020956376e-05,3.7324104434563465e-05,9.978233523866287e-05,3.173671416902002e-05,8.747646943146892e-05,0.0036352326705662687,0.0023392081045711622,0.009778701021040476,0.0010945969650421647,0.007933990613914992
19,implicit_initial_mass,both,20,F_R/fr3_joint2,controlled26,16,0.0001825719482395662,0.00015966364334892014,0.0003819496786650056,-0.00015966364334892014,0.00030823668261958925,0.004140455032362776,0.0037804779281402873,0.007045220463192475,-0.0037804779281402873,0.0064139261861829965
19,implicit_initial_mass,both,21,F_R/fr3_joint3,controlled26,16,5.1048173713956255e-05,2.6085098147568542e-05,0.00016858292171018086,-2.450991470519248e-05,9.415333568291162e-05,0.0064784571213413016,0.004640457693636089,0.015471912977146035,-0.004640457693636089,0.014508937696323375
19,implicit_initial_mass,both,22,F_R/fr3_joint4,controlled26,16,2.9304805645665743e-05,1.9275275674371373e-05,9.247838918879925e-05,-6.3161144943368885e-06,5.206027743656638e-05,0.006526362210434761,0.003165082075799102,0.019831032243899486,-0.00034648782467932887,0.014057231491330854
19,implicit_initial_mass,both,23,F_R/fr3_joint5,controlled26,16,6.217095244113564e-05,5.17544052032054e-05,0.00013995248135001415,-3.959092713222423e-05,0.0001156791238535182,0.006130744058558352,0.005461335794149346,0.01256943125641519,-0.005461335794149346,0.010246341336914547
19,implicit_initial_mass,both,24,F_R/fr3_joint6,controlled26,16,1.854081202527119e-05,9.665909607770029e-06,5.834043208041706e-05,6.444493610480162e-06,3.679104254894483e-05,0.0036016847566759974,0.001673575673882671,0.012839855913817231,0.0011588600936733183,0.006797371316194318
19,implicit_initial_mass,both,25,F_R/fr3_joint7,controlled26,16,2.6462791793822438e-05,2.247053425412371e-05,5.3776049115272784e-05,2.247053425412371e-05,5.0684140095791363e-05,0.0026654354778343483,0.002416247690262603,0.004711469268951579,0.002416247690262603,0.004173209679564853
19,implicit_initial_mass,both,26,F_R/right_index_1_joint,hand48,16,0.0019481664302677354,0.0016787040051843578,0.003848955339506882,-0.001643082369507923,0.0032371183973181478,0.1651261989126104,0.153513279024267,0.24553115142851545,-0.153513279024267,0.24374468306980146
19,implicit_initial_mass,both,27,F_R/right_middle_1_joint,hand48,16,0.0023019583043657867,0.001982346310436315,0.004574121834353906,-0.0019320490463185756,0.003914397885515841,0.19183703616661069,0.17820892666875804,0.2834158977240383,-0.17820892666875804,0.28072118332203305
19,implicit_initial_mass,both,28,F_R/right_pinky_1_joint,hand48,16,0.0017357521604216886,0.0014931180814627392,0.0034293368343428082,-0.0013966850382137134,0.0028497656814986463,0.14839104337647654,0.1367407404823115,0.2233544251892719,-0.1367407404823115,0.2217416973694435
19,implicit_initial_mass,both,29,F_R/right_ring_1_joint,hand48,16,0.002010482169546321,0.0017253535657628088,0.004039947728705542,-0.001643007713587651,0.003411198818993197,0.16983660759923366,0.1569753100054005,0.25422014003608673,-0.1569753100054005,0.2531854032919715
19,implicit_initial_mass,both,30,F_R/right_thumb_1_joint,hand48,16,2.295737475575232e-05,2.032681594462283e-05,4.27714449890218e-05,2.032681594462283e-05,3.674740966726209e-05,0.0019617824720932816,0.0017557253557758203,0.0034508478650419816,0.0017017843613360032,0.0031434989990760795
19,implicit_initial_mass,both,31,F_R/right_index_2_joint,hand48,16,7.650593589228787e-06,7.184875545548312e-06,1.20364876394774e-05,7.184875545548312e-06,1.080439984236202e-05,0.000553646588474966,0.0003572109030180264,0.0013813037404325195,0.00030153996697619267,0.0011931816690057416
19,implicit_initial_mass,both,32,F_R/right_middle_2_joint,hand48,16,1.0711182744166758e-05,8.25885322462e-06,2.3723715421600233e-05,-7.355319427842372e-06,1.9876973236084006e-05,0.001191576740995973,0.0010117188882533311,0.0021628348728689453,-0.0010117188882533311,0.0019498196737794573
19,implicit_initial_mass,both,33,F_R/right_pinky_2_joint,hand48,16,8.460917019199954e-06,6.834272950458076e-06,1.7998648984787757e-05,-6.351581626935776e-06,1.5304293113551498e-05,0.0008574578302115379,0.0007751639030766831,0.0014143138876941692,-0.0007751639030766831,0.0013216628212042157
19,implicit_initial_mass,both,34,F_R/right_ring_2_joint,hand48,16,3.030360154691282e-05,2.5449995773492613e-05,6.16999019268788e-05,-2.3963101969308974e-05,5.164031410771763e-05,0.0028010972560597092,0.0025734292723369728,0.004522589279324645,-0.0025734292723369728,0.004329832739794657
19,implicit_initial_mass,both,35,F_R/right_thumb_2_joint,hand48,16,0.00024665230276593205,0.00020887867798594388,0.0004946908168601757,0.00018839385739692063,0.000471418302937213,0.018888920901952808,0.017057520821686774,0.030380259173290784,0.017057520821686774,0.029519966401117415
19,implicit_initial_mass,both,36,F_R/right_thumb_3_joint,hand48,16,0.0025791699232050355,0.002165103982754125,0.005188664340340758,0.0019627786373034224,0.004934492268257118,0.19811709171703132,0.17759280200436547,0.32507841616263056,0.17739633585514436,0.3064333577333518
19,implicit_initial_mass,both,37,F_R/right_thumb_4_joint,hand48,16,7.981917863629101e-06,7.004043824400397e-06,1.4964982913562297e-05,-6.7782533800658795e-06,1.299013349810585e-05,0.0006429396026067913,0.0005952910383454472,0.0010160627669059431,-0.0005952910383454472,0.0009296915442710172
19,implicit_initial_mass,both,38,U_L/shoulder_pan_joint,controlled26,16,0.0001803960669868598,0.00013709655651109043,0.0005091277740998379,-0.0001318595961204705,0.00034588946161429046,0.03790294283863278,0.032367015451302494,0.07769514634381874,-0.032367015451302494,0.07702169463122852
19,implicit_initial_mass,both,39,U_L/shoulder_lift_joint,controlled26,16,0.00024313928047308767,0.00023260690252951965,0.00039287536515431043,0.00023260690252951965,0.0003562043928848624,0.049067798275977,0.046971602406266015,0.0707642347214637,-0.046971602406266015,0.06946741595729357
19,implicit_initial_mass,both,40,U_L/elbow_joint,controlled26,16,0.00029094343776524365,0.0002799306310526106,0.0003554726597867486,-0.00027570789547606833,0.00035289200066118687,0.08323698019553873,0.08077819913103094,0.11374435594504684,0.08077819913103094,0.11318990259790664
19,implicit_initial_mass,both,41,U_L/wrist_1_joint,controlled26,16,0.00012992744860305187,7.769720067968278e-05,0.00038566909732962174,-7.734472111642354e-05,0.00027084747021000055,0.008520568277297847,0.004938627538159127,0.02310478948276859,-0.0015375571314218761,0.02198247271598431
19,implicit_initial_mass,both,42,U_L/wrist_2_joint,controlled26,16,0.00011650180111316925,5.7577368116012995e-05,0.00035664714145688947,5.1061824809461864e-05,0.0002403283594805128,0.010931357099274324,0.0056932796412699285,0.02556635419207929,0.0037636730983466185,0.025332296211783775
19,implicit_initial_mass,both,43,U_L/wrist_3_joint,controlled26,16,0.00011490761992475723,5.3653903413386494e-05,0.0003560358355234605,5.185252666706219e-05,0.00023821746243446462,0.00724243967869862,0.0034819429994219627,0.019872887893679747,0.0013139993287755248,0.01883921002234505
19,implicit_initial_mass,both,44,U_L/left_index_1_joint,hand48,16,0.00676523273124837,0.006450328654073532,0.009536512224974203,-0.006450328654073532,0.009288526453870384,0.39801907374429973,0.3940229279672307,0.5036584489962191,-0.3940229279672307,0.4819976780882431
19,implicit_initial_mass,both,45,U_L/left_little_1_joint,hand48,16,0.00571456645953637,0.005440947705126698,0.008841830710743445,-0.005440947705126698,0.007852341449687841,0.280070971279149,0.27597974386148705,0.4013349174743351,-0.27597974386148705,0.3476160637390515
19,implicit_initial_mass,both,46,U_L/left_middle_1_joint,hand48,16,0.007343899327181798,0.006999741592400971,0.010387663898117731,-0.006999741592400971,0.010072622398502032,0.43191331446279524,0.4273871906386439,0.5516241944054993,-0.4273871906386439,0.5239427818397016
19,implicit_initial_mass,both,47,U_L/left_ring_1_joint,hand48,16,0.006891127606975344,0.0065666435462846855,0.010138489946027895,-0.0065666435462846855,0.009464327844893022,0.3822243205685792,0.37756202472452227,0.5157394416356306,-0.37756202472452227,0.4645807183207452
19,implicit_initial_mass,both,48,U_L/left_thumb_1_joint,hand48,16,6.269958025569475e-05,5.967848985627064e-05,9.06154964673278e-05,5.967848985627064e-05,9.017767632493734e-05,0.009015407508109204,0.006108221919696641,0.02129355338629981,0.006108221919696641,0.021240568563911846
19,implicit_initial_mass,both,49,U_L/left_index_2_joint,hand48,16,0.00014561600437636298,8.860362498513269e-05,0.00032074473843346496,-4.393133698028448e-05,0.0002964578862359041,0.005502957033814087,0.0030911497904637093,0.014308581041260437,0.0028380380233489584,0.011485810028463014
19,implicit_initial_mass,both,50,U_L/left_little_2_joint,hand48,16,2.61020427132427e-05,2.305296333586851e-05,5.29767592060415e-05,-2.076994940621371e-05,4.0060463498418214e-05,0.0011574067957486381,0.0011078287754582345,0.001755272018583756,-0.0011078287754582345,0.001684537186890941
19,implicit_initial_mass,both,51,U_L/left_middle_2_joint,hand48,16,0.00013958562088338126,0.00010072043755649743,0.00029047259083619936,-8.724617513298626e-05,0.0002768019087177574,0.0037734167194472183,0.003280554924509253,0.008527936893983857,-0.0003767380570025569,0.006486963326157473
19,implicit_initial_mass,both,52,U_L/left_ring_2_joint,hand48,16,0.0001097128287305802,9.579008880779456e-05,0.00019594234889290518,-9.579008880779456e-05,0.00018359418615635642,0.003440335814971496,0.003065361468157933,0.005083661306352125,-0.0029522729550409375,0.00507823811352864
19,implicit_initial_mass,both,53,U_L/left_thumb_2_joint,hand48,16,0.0008952299977006098,0.0008382377089495613,0.0013907371877443092,0.0008382377089495613,0.0013753189861911933,0.059335830494064976,0.057741162898802385,0.09413902965330677,0.057741162898802385,0.09192522681303752
19,implicit_initial_mass,both,54,U_L/left_thumb_3_joint,hand48,16,0.004578503119648799,0.004298694785652876,0.007075795011892511,0.004298694785652876,0.006882251501494928,0.2929341790986083,0.28654532818377054,0.45248792430990137,0.28654532818377054,0.43760870448713834
19,implicit_initial_mass,both,55,U_L/left_thumb_4_joint,hand48,16,6.999664706203467e-06,6.7231801108413175e-06,1.073809588215957e-05,-6.7231801108413175e-06,9.464229575054106e-06,0.0004476102417322849,0.0004419090838659728,0.0006019301157989337,-0.0004419090838659728,0.0005693803797350799
19,implicit_initial_mass,both,56,U_R/shoulder_pan_joint,controlled26,16,0.0001571751559798904,0.00010371199612853321,0.000483094419134078,-6.103718620269205e-05,0.00030666280703989246,0.03153813020273639,0.02576256272042642,0.0739833292260389,-0.02576256272042642,0.0613906143607361
19,implicit_initial_mass,both,57,U_R/shoulder_lift_joint,controlled26,16,0.00012221256733398365,9.449750566392634e-05,0.0002869954868751634,-5.135284468227308e-05,0.00023475541614192963,0.029223195682599217,0.028745496457338288,0.04052404205845966,-0.028745496457338288,0.03779937663921372
19,implicit_initial_mass,both,58,U_R/elbow_joint,controlled26,16,0.00026720178445850445,0.0002583538570630761,0.0003779299482951082,-0.0002583538570630761,0.0003659994510614717,0.07206867161959747,0.07061989715936545,0.08929138345636903,0.07061989715936545,0.08619644000255784
19,implicit_initial_mass,both,59,U_R/wrist_1_joint,controlled26,16,0.0007878237089941279,0.0002951478821220377,0.0028877750533986557,0.00027603476681303807,0.0016592142758504735,0.09790073071441537,0.044774236138356946,0.30528209452327953,0.025110369563230924,0.25613449062212157
19,implicit_initial_mass,both,60,U_R/wrist_2_joint,controlled26,16,0.0005029716395998064,0.00019793138503898522,0.001835756458669735,0.00013037386298131448,0.0010496506362009939,0.07036643660522976,0.02857411526370063,0.22320997136195164,0.022660948609174305,0.18128384857657484
19,implicit_initial_mass,both,61,U_R/wrist_3_joint,controlled26,16,3.6745764622130485e-05,2.034153879437728e-05,0.00010137598489112776,-1.8763874536698033e-05,8.630274310172936e-05,0.005935581115759957,0.0022719030839755175,0.02122112693535657,-0.0021587423493718764,0.013147717921465686
19,implicit_initial_mass,both,62,U_R/right_index_1_joint,hand48,16,0.0059451802400852785,0.0055183768504195605,0.00797600985572458,0.0055183768504195605,0.007952915439281127,0.25021420156740243,0.24668903143741427,0.32464180959301053,0.24668903143741427,0.2881576640846675
19,implicit_initial_mass,both,63,U_R/right_little_1_joint,hand48,16,0.005357322134930554,0.005065031948489581,0.007631310972653654,0.005065031948489581,0.007135717185330265,0.16944912706377505,0.16334897073360372,0.276706625433224,0.16334897073360372,0.21460981513589594
19,implicit_initial_mass,both,64,U_R/right_middle_1_joint,hand48,16,0.006957627196287141,0.006513560849849544,0.009473094197108171,0.006513560849849544,0.00935632922517769,0.3053392031204984,0.30119821215727915,0.4110911241558825,0.30119821215727915,0.3613426088346445
19,implicit_initial_mass,both,65,U_R/right_ring_1_joint,hand48,16,0.006535595267452108,0.0061517495451927804,0.009137131772824138,0.0061517495451927804,0.008777488803472313,0.2612735218710892,0.2566192900719697,0.38004758823301366,0.2566192900719697,0.3177379397625646
19,implicit_initial_mass,both,66,U_R/right_thumb_1_joint,hand48,16,3.961862180777683e-05,3.635564325920118e-05,6.438315333739952e-05,-2.2073450568243363e-05,5.449458010493846e-05,0.009326620841009079,0.008234639862682063,0.019090687351257456,-0.00208041139216169,0.015677768048395983
19,implicit_initial_mass,both,67,U_R/right_index_2_joint,hand48,16,0.0002454288193629147,0.00012319678002007534,0.0006604731766336469,0.0001046191952161872,0.0006178910570123694,0.004815304044399543,0.0037882876228128954,0.00939148325879448,-0.0037882876228128954,0.008845229536774085
19,implicit_initial_mass,both,68,U_R/right_little_2_joint,hand48,16,0.00029819862658682356,0.00016542747070475133,0.0007720466765120393,0.00016140442395759947,0.0007427585336078728,0.004559748048963438,0.002803364153391397,0.00887738913301761,-0.002767397763544139,0.008827877404647789
19,implicit_initial_mass,both,69,U_R/right_middle_2_joint,hand48,16,0.0002597282889906096,0.000165426406717789,0.0006351049635252015,0.000165426406717789,0.0006297125682600442,0.00338562705706361,0.0023033061396786603,0.006730943338434828,-0.0017748535482990857,0.0062726503001372495
19,implicit_initial_mass,both,70,U_R/right_ring_2_joint,hand48,16,0.00031568295298287275,0.00022523699952493306,0.0007413525914117258,0.00022523699952493306,0.0007287037792279537,0.0033624719512223102,0.0031354329806855936,0.0061371567302110595,-0.00027190598603262563,0.005353021151384602
19,implicit_initial_mass,both,71,U_R/right_thumb_2_joint,hand48,16,0.0006258228589921029,0.0005323728161148351,0.0012032884052869952,-0.0005323728161148351,0.0010628374730081123,0.022642960731201065,0.01776687700244453,0.04873482153480565,0.015096829696002624,0.042455439790663435
19,implicit_initial_mass,both,72,U_R/right_thumb_3_joint,hand48,16,0.0039180129556455,0.003596610109359461,0.0070455894785492745,-0.003596610109359461,0.005912061167567442,0.07710187420424523,0.06385320282188615,0.17114406312760977,-0.03145552967441678,0.12974692280146863
19,implicit_initial_mass,both,73,U_R/right_thumb_4_joint,hand48,16,5.107689211693104e-05,4.832425303459391e-05,7.082781898311297e-05,4.832425303459391e-05,6.726309047206183e-05,0.002067610916790756,0.002032308023458702,0.003043711544776043,0.002032308023458702,0.0027515261309950766
19,implicit_initial_mass,0,0,F_L/fr3_joint1,controlled26,8,7.477659736209397e-05,4.804130997276487e-05,0.00015039566080177202,1.0442394772321867e-05,0.0001401185178396477,0.010484124656070784,0.004523753295037559,0.029398975250214184,0.00334341961665372,0.02008368822256408
19,implicit_initial_mass,0,1,F_L/fr3_joint2,controlled26,8,6.443768374830324e-05,3.831420360908555e-05,0.00013008660737279243,-2.2800802691375077e-05,0.0001245869910324826,0.00519501578510581,0.0030744963201454825,0.010238060642718844,0.0019301524401568234,0.010077926457238881
19,implicit_initial_mass,0,2,F_L/fr3_joint3,controlled26,8,5.4268820052955815e-05,3.466566311949304e-05,0.00010359682730221031,3.4632868194217625e-05,0.00010027075616417801,0.0020450514404077302,0.0009946448524906376,0.005538486700836336,-0.0009730657171458052,0.004141703139864913
19,implicit_initial_mass,0,3,F_L/fr3_joint4,controlled26,8,9.339241959740259e-05,5.141332533925569e-05,0.00024541617444917563,5.141332533925569e-05,0.00018567358688990058,0.013049252399021999,0.0066490792087607635,0.03535854691798494,-0.0066490792087607635,0.02557285589951195
19,implicit_initial_mass,0,4,F_L/fr3_joint5,controlled26,8,5.23911838265744e-05,2.264067449081475e-05,0.00014680174309988914,2.2353311316336555e-05,0.00010046340487073196,0.004798892076139128,0.0029904293490027635,0.010594496477154654,0.00034180522971409967,0.009185874915783073
19,implicit_initial_mass,0,5,F_L/fr3_joint6,controlled26,8,2.2541905943070314e-05,1.34476247856119e-05,5.245670853826212e-05,-1.34476247856119e-05,4.562119310040912e-05,0.006584499814016886,0.0034536024721984766,0.01726427139385984,0.0009917067950220764,0.013013576118855182
19,implicit_initial_mass,0,6,F_L/fr3_joint7,controlled26,8,8.642007204171251e-05,4.362339458147124e-05,0.00023375455518626076,1.9623621851538875e-05,0.00017313990793105239,0.0019905521437205667,0.0011029175683867104,0.005391817883391511,0.0006844342103277071,0.0038623484509583625
19,implicit_initial_mass,0,7,F_L/left_index_1_joint,hand48,8,0.003585104613946813,0.001953613724588613,0.009608579952942176,0.0010276545071851908,0.006931259003875208,0.3031517308872006,0.15584661849284487,0.8299102292502375,0.09805939976363662,0.587254089878006
19,implicit_initial_mass,0,8,F_L/left_middle_1_joint,hand48,8,0.003589378683847463,0.001972206904689645,0.009602622851628079,0.0010866541265464203,0.006978974146891954,0.31236901107948173,0.15974427056386595,0.8559506901920212,0.10766619245715851,0.6113884743018526
19,implicit_initial_mass,0,9,F_L/left_pinky_1_joint,hand48,8,0.001916406447240631,0.0008760326105523662,0.005341956345986512,0.0005900239265500106,0.0037290698160549747,0.08978035797990869,0.045573270365080895,0.24689435511942995,0.045573270365080895,0.17659142612730075
19,implicit_initial_mass,0,10,F_L/left_ring_1_joint,hand48,8,0.003353937462308765,0.0017641068099433065,0.009101007794696636,0.0010347924173898012,0.006498592693834679,0.2750789593992774,0.13110777475473462,0.7632721081804104,0.10215491084757383,0.5383586771378408
19,implicit_initial_mass,0,11,F_L/left_thumb_1_joint,hand48,8,5.148931486145672e-05,2.9845655986225975e-05,0.00013514699899389027,-1.5218699091849516e-05,9.983244284420956e-05,0.017720960832342245,0.00854829333411155,0.048727986237715196,-0.0046739789751011505,0.035066029126392145
19,implicit_initial_mass,0,12,F_L/left_index_2_joint,hand48,8,7.031588014601558e-06,3.7943871211039426e-06,1.910181068306982e-05,-2.517118642481747e-06,1.3816850162652597e-05,0.0016321086432327526,0.0009399005410580061,0.004282417733077531,-0.0004574289423814822,0.003145724408978465
19,implicit_initial_mass,0,13,F_L/left_middle_2_joint,hand48,8,4.074395631847652e-05,2.2366280882694933e-05,0.00010826039945487087,9.814353621025174e-06,7.983455589291653e-05,0.0017291839067716446,0.0007962473295312864,0.004835690023957595,0.0005820398830889706,0.003299067610094299
19,implicit_initial_mass,0,14,F_L/left_pinky_2_joint,hand48,8,5.826085805515602e-05,3.217493719407348e-05,0.0001552712177143034,1.5567067876755616e-05,0.00011302922859281604,0.0034261391909018103,0.0018112113445193005,0.00931573401011538,0.0012328300742328758,0.006768293556410376
19,implicit_initial_mass,0,15,F_L/left_ring_2_joint,hand48,8,0.00010866817345813997,5.8062917805679765e-05,0.0002926341191175283,2.829249864206955e-05,0.00021114204840294397,0.005558081355952782,0.0026838577806486998,0.015426161214938575,0.0021231358445892635,0.010879494601890666
19,implicit_initial_mass,0,16,F_L/left_thumb_2_joint,hand48,8,0.00018953308612545402,0.00012382155644626632,0.0003767715254856391,0.00011421055711592024,0.00036527331766557125,0.019010234285633625,0.013079302212233135,0.03613311977725521,0.011993218287375106,0.033036531392601994
19,implicit_initial_mass,0,17,F_L/left_thumb_3_joint,hand48,8,0.0009428691056494287,0.0006018893077686435,0.0019216600020624391,0.0005538523469506961,0.0018322793870818163,0.10577861103702345,0.07321273579921148,0.178736523882161,0.06810003102813258,0.17596453576498083
19,implicit_initial_mass,0,18,F_L/left_thumb_4_joint,hand48,8,3.7902890557000123e-06,1.6729725932466966e-06,1.0541531255625625e-05,-1.4942507575270436e-06,7.50130661199277e-06,0.0002150942903728707,0.00014424092552761658,0.0004889753385082169,-0.00014218729464768323,0.0003991245058383952
19,implicit_initial_mass,0,19,F_R/fr3_joint1,controlled26,8,3.2799874622926684e-05,2.781064680756895e-05,6.601219394841706e-05,2.1106393492620334e-05,5.756614903549283e-05,0.004989879882365713,0.003571609827431995,0.009778701021040476,0.0011269345721718763,0.008917836164381914
19,implicit_initial_mass,0,20,F_R/fr3_joint2,controlled26,8,0.00011628586280030736,0.00010650282396396094,0.00019987144866595585,-0.00010650282396396094,0.00017875918309484537,0.003358583656238281,0.0030928445050454074,0.005288407164575126,-0.0030928445050454074,0.004977561265397809
19,implicit_initial_mass,0,21,F_R/fr3_joint3,controlled26,8,3.272435665171007e-05,1.834868948710766e-05,6.934347367382188e-05,-1.5657563687571097e-05,6.617257762886464e-05,0.006825422090119097,0.005069897839428022,0.015471912977146035,-0.005069897839428022,0.01319264506115055
19,implicit_initial_mass,0,22,F_R/fr3_joint4,controlled26,8,1.848254426487683e-05,1.397833453632702e-05,3.62806182425679e-05,-4.437955124100834e-06,3.494694430832834e-05,0.009137405970789469,0.005433621069536256,0.019831032243899486,-0.0004758630085613842,0.017136591892700788
19,implicit_initial_mass,0,23,F_R/fr3_joint5,controlled26,8,4.577341727370722e-05,4.087185555150252e-05,7.355423370658531e-05,-1.654489940954018e-05,6.988842332640853e-05,0.006913907031338112,0.0062608360357127866,0.01256943125641519,-0.0062608360357127866,0.010945590170749711
19,implicit_initial_mass,0,24,F_R/fr3_joint6,controlled26,8,1.2743801416685755e-05,7.727969723370087e-06,2.9607912705120754e-05,2.9229786182582984e-06,2.479037462896904e-05,0.005076783592230452,0.0030102622191543905,0.012839855913817231,0.0024324692456848254,0.010020029768259867
19,implicit_initial_mass,0,25,F_R/fr3_joint7,controlled26,8,1.7061038318019183e-05,1.5058324414368718e-05,2.7011987422831396e-05,1.5058324414368718e-05,2.627891947968308e-05,0.0028884384584139155,0.0026331052826881612,0.004711469268951579,0.0026331052826881612,0.004415063709742127
19,implicit_initial_mass,0,26,F_R/right_index_1_joint,hand48,8,0.0011948066654171147,0.0010588263993215642,0.002080610770855945,-0.0009875831279686949,0.0019393464868814295,0.16208666232277627,0.15194938231935745,0.23339719721358237,-0.15194938231935745,0.22294355319220724
19,implicit_initial_mass,0,27,F_R/right_middle_1_joint,hand48,8,0.0014276179266677362,0.0012729476210449862,0.0024445776306329103,-0.0011723530928095076,0.0023026718492923687,0.18672385386645723,0.1738937708923862,0.2785579335470429,-0.1738937708923862,0.2594477136224808
19,implicit_initial_mass,0,28,F_R/right_pinky_1_joint,hand48,8,0.0010907607219402613,0.0010025336017952073,0.001877130343112085,-0.0008096675152971557,0.0017358074584674294,0.1453698207681859,0.13443958174857296,0.20804521562911743,-0.13443958174857296,0.2032202115406768
19,implicit_initial_mass,0,29,F_R/right_ring_1_joint,hand48,8,0.001255412194662405,0.001134095114491581,0.002177147163237303,-0.0009694034101412653,0.002034254714122297,0.16444133364049912,0.15220376775161026,0.2451556032437502,-0.15220376775161026,0.22870461805781278
19,implicit_initial_mass,0,30,F_R/right_thumb_1_joint,hand48,8,1.4271366561791164e-05,1.3176229166945996e-05,2.2946583452261582e-05,1.3176229166945996e-05,2.1486120084310623e-05,0.0017080380117642188,0.001505573152253345,0.003041049377087445,0.0013976911633737108,0.002810762022277881
19,implicit_initial_mass,0,31,F_R/right_index_2_joint,hand48,8,7.58545487145225e-06,7.193486146582148e-06,1.0393703909990226e-05,7.193486146582148e-06,1.013383160615687e-05,0.0007781620481291197,0.0006649925154174811,0.0013813037404325195,0.0005869552851517752,0.0012935134404333563
19,implicit_initial_mass,0,32,F_R/right_middle_2_joint,hand48,8,3.938037805374097e-06,3.3499394851681935e-06,6.376102526906013e-06,-1.5428718916129375e-06,6.142237573705106e-06,0.0008460074520815556,0.0006611751723919805,0.001478784147262488,-0.0006611751723919805,0.0014463986742536729
19,implicit_initial_mass,0,33,F_R/right_pinky_2_joint,hand48,8,4.09632902280667e-06,3.525718376180473e-06,6.951336028862554e-06,-2.5603357291358736e-06,6.572983274660131e-06,0.0007486077871855746,0.0006639921772778666,0.001180089400819616,-0.0006639921772778666,0.0011487677184196835
19,implicit_initial_mass,0,34,F_R/right_ring_2_joint,hand48,8,1.618671514919223e-05,1.4833537288590909e-05,2.7785405754959802e-05,-1.185974968022363e-05,2.5817256264853285e-05,0.0025082096693504388,0.0023056923164394443,0.0037783502082824475,-0.0023056923164394443,0.0037273060476757367
19,implicit_initial_mass,0,35,F_R/right_thumb_2_joint,hand48,8,0.00016678666084858626,0.0001530040065502369,0.00024888664083227985,0.00011560462004870948,0.00024563930968531935,0.018744824412576907,0.01648874958802171,0.030380259173290784,0.01648874958802171,0.029402922790542487
19,implicit_initial_mass,0,36,F_R/right_thumb_3_joint,hand48,8,0.0017668031040465476,0.0015986825355130112,0.002660332983007864,0.0012154165666450906,0.002630665089690804,0.20030922897216288,0.17370494971331113,0.32507841616263056,0.17331201741486896,0.3152979773141963
19,implicit_initial_mass,0,37,F_R/right_thumb_4_joint,hand48,8,5.397765993674766e-06,4.9138347700400375e-06,9.039222474138686e-06,-4.462253881371003e-06,8.492917971739122e-06,0.000685031424800068,0.0006445795834548868,0.0010160627669059431,-0.0006445795834548868,0.0009599519758815044
19,implicit_initial_mass,0,38,U_L/shoulder_pan_joint,controlled26,8,5.9069039520677393e-05,5.782123341502299e-05,7.466703429415134e-05,-4.734731263378311e-05,7.44062886692598e-05,0.04249780253228533,0.03439508304853885,0.07769514634381874,-0.03439508304853885,0.0773808688779433
19,implicit_initial_mass,0,39,U_L/shoulder_lift_joint,controlled26,8,0.0002212846448842155,0.00021751133266900702,0.0002778766109141628,0.00021751133266900702,0.00027216632289230877,0.04500051511711964,0.04202502291916009,0.0707642347214637,-0.04202502291916009,0.0701377516463267
19,implicit_initial_mass,0,40,U_L/elbow_joint,controlled26,8,0.00027746414126352193,0.0002756058465483435,0.0003554726597867486,-0.0002756058465483435,0.00032711768501055835,0.07650856992809084,0.0728323036783913,0.11374435594504684,0.0728323036783913,0.11348561104971475
19,implicit_initial_mass,0,41,U_L/wrist_1_joint,controlled26,8,8.800430136946707e-05,5.644510344188225e-05,0.0002102362218141529,-5.574014431536378e-05,0.00017961931530034999,0.01146822597987662,0.006762726159253158,0.02310478948276859,-0.006189643179908848,0.022581041658269258
19,implicit_initial_mass,0,42,U_L/wrist_2_joint,controlled26,8,7.834763079870589e-05,4.172500255106293e-05,0.00019349780790722804,3.600273989690095e-05,0.00016266138980056683,0.015208452620610378,0.009342546448185524,0.02556635419207929,0.009296487421270927,0.02545712713460805
19,implicit_initial_mass,0,43,U_L/wrist_3_joint,controlled26,8,7.490980559600074e-05,3.654210104708788e-05,0.0001874721160053383,3.572563238174453e-05,0.00015639004927525674,0.010115874014483049,0.006027525994964208,0.019872887893679747,0.003564358661430767,0.01939050488705689
19,implicit_initial_mass,0,44,U_L/left_index_1_joint,hand48,8,0.004615814369675776,0.00456717878772032,0.005528751664966941,-0.00456717878772032,0.005467853836737897,0.4331715765803305,0.43044799488950314,0.5036584489962191,-0.43044799488950314,0.49355008923916366
19,implicit_initial_mass,0,45,U_L/left_little_1_joint,hand48,8,0.003976090375882853,0.003907366207365169,0.005210312173150544,-0.003907366207365169,0.005006467926055528,0.3086028123054849,0.30538014852069917,0.4013349174743351,-0.30538014852069917,0.37626611906453605
19,implicit_initial_mass,0,46,U_L/left_middle_1_joint,hand48,8,0.004989017200506524,0.0049412171810799595,0.005922011657777754,-0.0049412171810799595,0.005844452952023246,0.46973734554844576,0.46654236517384495,0.5516241944054993,-0.46654236517384495,0.5387062018747937
19,implicit_initial_mass,0,47,U_L/left_ring_1_joint,hand48,8,0.004717470505561113,0.0046623612598669425,0.005607306177457111,-0.0046623612598669425,0.005588190972572254,0.41801864883765866,0.4145544063653367,0.5157394416356306,-0.4145544063653367,0.4918653707553507
19,implicit_initial_mass,0,48,U_L/left_thumb_1_joint,hand48,8,4.522819252022449e-05,4.407729134821292e-05,6.073740327222632e-05,4.407729134821292e-05,6.049364597667528e-05,0.012445436062989137,0.009717296754473458,0.02129355338629981,0.009717296754473458,0.021268827135852094
19,implicit_initial_mass,0,49,U_L/left_index_2_joint,hand48,8,0.0001632570765181292,0.00010010435038729747,0.00032074473843346496,-5.217240143024805e-05,0.0003094108740746032,0.006289422477334354,0.0037312232883244655,0.014308581041260437,0.003607947161682925,0.012921655220108078
19,implicit_initial_mass,0,50,U_L/left_little_2_joint,hand48,8,1.7831108540100646e-05,1.607481121353345e-05,3.428357138343663e-05,-1.1508783354223853e-05,2.820292013031577e-05,0.001049916257754195,0.0009976456604185748,0.0016449140367524556,-0.0009976456604185748,0.001561394538567786
19,implicit_initial_mass,0,51,U_L/left_middle_2_joint,hand48,8,0.00014415663202688395,9.688449328060407e-05,0.00029047259083619936,-7.711668529638248e-05,0.00028259449613035056,0.004059369286659261,0.003289941988508875,0.008527936893983857,0.00022268167157513553,0.007476054192312769
19,implicit_initial_mass,0,52,U_L/left_ring_2_joint,hand48,8,9.199357979624981e-05,7.373229110625365e-05,0.0001701531815975349,-7.373229110625365e-05,0.00016810884977876971,0.0033445033777480884,0.0029885560415270403,0.005076430382587479,-0.002778472770372341,0.0047420782648628515
19,implicit_initial_mass,0,53,U_L/left_thumb_2_joint,hand48,8,0.0005833273777724881,0.0005670758750429628,0.0007516819840318531,0.0005670758750429628,0.0007444788879944608,0.06684466143129472,0.06485798415449592,0.09413902965330677,0.06485798415449592,0.09310592166118112
19,implicit_initial_mass,0,54,U_L/left_thumb_3_joint,hand48,8,0.002986580044488446,0.0029142905953364797,0.0037629954555993966,0.0029142905953364797,0.0037623645362285735,0.32453517252061925,0.315856949395123,0.45248792430990137,0.315856949395123,0.44554428839261195
19,implicit_initial_mass,0,55,U_L/left_thumb_4_joint,hand48,8,5.188084698658943e-06,5.105031583078207e-06,6.364653720558611e-06,-5.105031583078207e-06,6.2981315783181e-06,0.0004931474421237693,0.0004894364857767828,0.0006019301157989337,-0.0004894364857767828,0.0005867402389691353
19,implicit_initial_mass,0,56,U_R/shoulder_pan_joint,controlled26,8,7.310171754552257e-05,5.2495032385885265e-05,0.00017832798832695396,-4.4774582868278845e-06,0.0001376087248801449,0.036898412585158656,0.02920300090621704,0.0739833292260389,-0.02920300090621704,0.06810672895556424
19,implicit_initial_mass,0,57,U_R/shoulder_lift_joint,controlled26,8,7.95349472595642e-05,6.174388574864409e-05,0.00014292466052534536,-1.3202127766565042e-05,0.0001382381584200676,0.026820303140216863,0.026158815486872725,0.04052404205845966,-0.026158815486872725,0.03678696135873165
19,implicit_initial_mass,0,58,U_R/elbow_joint,controlled26,8,0.0002275456876098053,0.0002208151226126831,0.0002796647901779359,-0.0002208151226126831,0.0002740415109994121,0.0616423912770193,0.06054623646583737,0.08072049990583992,0.06054623646583737,0.07487440995840948
19,implicit_initial_mass,0,59,U_R/wrist_1_joint,controlled26,8,0.0004428755108147885,0.0001840280652273263,0.0012496940166677462,0.00017228816040104622,0.0008287369775908265,0.08605318914422129,0.04143282212744599,0.23975195598840227,0.01850516686965458,0.1680495770314972
19,implicit_initial_mass,0,60,U_R/wrist_2_joint,controlled26,8,0.000281163816369133,0.00012112747046166827,0.0007876153620447468,7.654391091149737e-05,0.0005486320321328893,0.06023449713201685,0.026628900240622703,0.16730847431478257,0.01519821833807294,0.11827551139686629
19,implicit_initial_mass,0,61,U_R/wrist_3_joint,controlled26,8,2.3995103900097442e-05,1.4709092106546251e-05,4.836338482583358e-05,-1.155376359118776e-05,4.73981420301417e-05,0.0083658946527327,0.004103170692743935,0.02122112693535657,-0.004103170692743935,0.017453536062207484
19,implicit_initial_mass,0,62,U_R/right_index_1_joint,hand48,8,0.0037846563020855115,0.0036239513813191328,0.00415081212911568,0.0036239513813191328,0.004137935291458962,0.26512665492375864,0.2594656767094976,0.32464180959301053,0.2594656767094976,0.3076158750224504
19,implicit_initial_mass,0,63,U_R/right_little_1_joint,hand48,8,0.003486961793145024,0.0034307353025450713,0.004187223362113711,0.0034307353025450713,0.004018653580446212,0.1923371398577726,0.188987728617126,0.276706625433224,0.188987728617126,0.24772811396113753
19,implicit_initial_mass,0,64,U_R/right_middle_1_joint,hand48,8,0.004466124770708234,0.004335839047729117,0.004830048906450904,0.004335839047729117,0.004823305934140827,0.32668750927264056,0.32168940723283745,0.4110911241558825,0.32168940723283745,0.3878751503393047
19,implicit_initial_mass,0,65,U_R/right_ring_1_joint,hand48,8,0.004221336866360416,0.004130297998607126,0.004813303361018602,0.004130297998607126,0.00470331828730522,0.2854795283630146,0.28162429868143213,0.38004758823301366,0.28162429868143213,0.3509697522801374
19,implicit_initial_mass,0,66,U_R/right_thumb_1_joint,hand48,8,3.020347817519441e-05,2.60866873947746e-05,6.438315333739952e-05,-9.990899060424718e-06,5.3361955986153107e-05,0.011179537892626138,0.010206042771021545,0.019090687351257456,0.0016347259674276376,0.017497991676588765
19,implicit_initial_mass,0,67,U_R/right_index_2_joint,hand48,8,0.0002582993680788374,0.00012894231294876407,0.0006604731766336469,0.00011370482722993652,0.0005378479492402748,0.004985774576837492,0.004055460745664702,0.00939148325879448,-0.004055460745664702,0.008651470530178514
19,implicit_initial_mass,0,68,U_R/right_little_2_joint,hand48,8,0.00030680588037366985,0.00016251973072344342,0.0007720466765120393,0.00015945220007589772,0.0006390726514070638,0.004649729513359936,0.0028760112390354073,0.00887738913301761,-0.002825028998728008,0.008504495316238257
19,implicit_initial_mass,0,69,U_R/right_middle_2_joint,hand48,8,0.0002577835360171056,0.0001507340954222591,0.0006351049635252015,0.0001507340954222591,0.0005335489354198102,0.0033450388263535536,0.0021612243992194195,0.006119885954038057,-0.0019096935138195271,0.005857547728472866
19,implicit_initial_mass,0,70,U_R/right_ring_2_joint,hand48,8,0.0003023314984368688,0.00019655587115389398,0.0007244875085000296,0.00019655587115389398,0.000617121847618502,0.003277981000227486,0.0031079960092018303,0.005091642625109116,-0.00015080618107639289,0.0048708729471901285
19,implicit_initial_mass,0,71,U_R/right_thumb_2_joint,hand48,8,0.00042614484382344573,0.0003701587197366997,0.0007904186925510315,-0.0003701587197366997,0.0006878742891235701,0.024331781688235486,0.018840037590924813,0.04873482153480565,0.014693117917027447,0.04304743627057705
19,implicit_initial_mass,0,72,U_R/right_thumb_3_joint,hand48,8,0.00271301555859413,0.0025408707550724358,0.004683409780762093,-0.0025408707550724358,0.004107670729582896,0.09062481197896688,0.07703006543771773,0.17114406312760977,-0.043790333329498415,0.1518253976420772
19,implicit_initial_mass,0,73,U_R/right_thumb_4_joint,hand48,8,3.3318219105129515e-05,3.282165678215529e-05,3.8823343734388505e-05,3.282165678215529e-05,3.8040100536140815e-05,0.002296535610897737,0.0022615861802117694,0.003043711544776043,0.0022615861802117694,0.0029073583516782586
19,implicit_initial_mass,1,0,F_L/fr3_joint1,controlled26,8,8.168707898567086e-05,5.416609817250964e-05,0.00017889545742597046,3.7471648821753994e-05,0.00016052437103210301,0.0076872306102380265,0.0037856530916180473,0.020986098150556746,0.0017709996215644948,0.01526587973071769
19,implicit_initial_mass,1,1,F_L/fr3_joint2,controlled26,8,6.591339034058e-05,3.913186517312539e-05,0.00013407043679514175,-2.3872454037343616e-05,0.00012842717793319912,0.003669995562353281,0.0022146786283293693,0.007173832186482293,0.0012559913459566916,0.0070110876199451725
19,implicit_initial_mass,1,2,F_L/fr3_joint3,controlled26,8,8.085899060221556e-05,5.096456993075593e-05,0.00017096592306953262,5.089278583059187e-05,0.00015053216866597327,0.0026710108511220727,0.0016870526869921612,0.00521295519712188,-0.0016870526869921612,0.005029604217870447
19,implicit_initial_mass,1,3,F_L/fr3_joint4,controlled26,8,8.009801238353833e-05,4.8045097883642196e-05,0.0001988988225853916,4.8045097883642196e-05,0.0001588544302371319,0.00886077785688643,0.004508970013622038,0.024071097903694126,-0.004508970013622038,0.01740961091288386
19,implicit_initial_mass,1,4,F_L/fr3_joint5,controlled26,8,6.676529736957585e-05,3.52727271072939e-05,0.00017829558291060366,3.517278836523419e-05,0.00013512440109142426,0.001218244316473653,0.00084379073207017,0.0025247338815063136,0.00084379073207017,0.002212914452237348
19,implicit_initial_mass,1,5,F_L/fr3_joint6,controlled26,8,3.173269633860008e-05,1.9970792779933078e-05,6.879749864285856e-05,-1.9970792779933078e-05,6.0595610295366406e-05,0.0015782227742540786,0.0006955427706292257,0.00439995772670599,0.0006955427706292257,0.0030966773277892956
19,implicit_initial_mass,1,6,F_L/fr3_joint7,controlled26,8,9.75752002868835e-05,5.2622495951504256e-05,0.00025789286311228565,1.910870792254382e-05,0.00019529915537916934,0.000520888022248376,0.0003555366090938186,0.0012937010995653544,0.00022087087631914175,0.0010109949711791645
19,implicit_initial_mass,1,7,F_L/left_index_1_joint,hand48,8,0.0050189456504793825,0.0026449014141431606,0.013615337859492926,0.0015408328843178765,0.009723758779926307,0.09277427088752102,0.0438620666422545,0.25762118319503235,0.04159942906233524,0.18276633909939388
19,implicit_initial_mass,1,8,F_L/left_middle_1_joint,hand48,8,0.005125493277005871,0.0026999043282887273,0.013907688511686264,0.0016762354967146103,0.010035434605431291,0.10555645424072387,0.050362327828158866,0.292055509731309,0.04964707420442031,0.20835243028345102
19,implicit_initial_mass,1,9,F_L/left_pinky_1_joint,hand48,8,0.0021736386888027166,0.0009183857032444911,0.006109249309728462,0.0008035699969215215,0.004140631634821486,0.023077167156177247,0.016216384231548524,0.050328691237123274,0.016216384231548524,0.0447277760184265
19,implicit_initial_mass,1,10,F_L/left_ring_1_joint,hand48,8,0.004623334345594958,0.002301533896832837,0.012715347380796285,0.0015887870315252576,0.009040592205965379,0.08385144883379804,0.04616325012286491,0.22573770537322924,0.04616325012286491,0.16572768116575315
19,implicit_initial_mass,1,11,F_L/left_thumb_1_joint,hand48,8,8.751396066327689e-05,4.738844292248752e-05,0.00023613894045004802,-2.7747110065314343e-05,0.00017025651676368648,0.003886027728534166,0.001767897900371388,0.010866427438572444,-0.0013792541894895101,0.007475001307528244
19,implicit_initial_mass,1,12,F_L/left_index_2_joint,hand48,8,1.0643141249541177e-06,8.549284553384384e-07,2.336343119996309e-06,-8.549284553384384e-07,1.9732223021567958e-06,0.0002431647467512595,0.0001473549998561967,0.0006268904602387854,7.461753581187056e-05,0.0004731199952796965
19,implicit_initial_mass,1,13,F_L/left_middle_2_joint,hand48,8,6.4607645540969e-05,3.467740583759128e-05,0.0001739203484622115,1.772305197793138e-05,0.00012535556534718973,0.0013585212407983816,0.0006782017113336763,0.00372686874872211,0.0005787888274491759,0.0027086982773365043
19,implicit_initial_mass,1,14,F_L/left_pinky_2_joint,hand48,8,7.880229286693034e-05,4.225471034373634e-05,0.00021272848964613844,2.3188759079038716e-05,0.00015167865171015473,0.0012191455658676642,0.0006132307537989646,0.0033500994652551665,0.0005840918356294535,0.0024245787561574627
19,implicit_initial_mass,1,15,F_L/left_ring_2_joint,hand48,8,0.00014488191166810757,7.523774510415689e-05,0.0003948750464291828,4.303603453176177e-05,0.00028029599314175114,0.0020692838159333004,0.0011341556112806188,0.0055805339922739665,0.0011341556112806188,0.004099523706004592
19,implicit_initial_mass,1,16,F_L/left_thumb_2_joint,hand48,8,0.0002835070240618185,0.00019894073169887411,0.0005014965857633516,0.00018010523758546764,0.0004970205737289777,0.008656750808595223,0.005069109076494594,0.022841045410862675,0.0038612564917225047,0.017444333379136562
19,implicit_initial_mass,1,17,F_L/left_thumb_3_joint,hand48,8,0.001443907105983661,0.0010043106963347204,0.002677293754302257,0.0009155023040927843,0.0026129072757148666,0.049617589815758575,0.030537569940260852,0.1254000875950542,0.02465638295216582,0.09917582934533958
19,implicit_initial_mass,1,18,F_L/left_thumb_4_joint,hand48,8,4.570198709255581e-06,2.2308140795023607e-06,1.2620324269824179e-05,-1.4761909853545224e-06,8.81760167287387e-06,4.7761064490706726e-05,2.6676078085122854e-05,0.00012860418402907254,-1.3444547260132739e-05,9.426231560458656e-05
19,implicit_initial_mass,1,19,F_R/fr3_joint1,controlled26,8,5.6516637383655166e-05,4.683756206155798e-05,9.978233523866287e-05,4.2367034845419704e-05,9.403959786197234e-05,0.0012373083277286508,0.0011068063817103286,0.0019462630155822856,0.0010622593579124528,0.001864227964631894
19,implicit_initial_mass,1,20,F_R/fr3_joint2,controlled26,8,0.00023052685457614213,0.00021282446273387934,0.0003819496786650056,-0.00021282446273387934,0.00034755028051047793,0.00479652494771846,0.004468111351235167,0.007045220463192475,-0.004468111351235167,0.0067506164672547185
19,implicit_initial_mass,1,21,F_R/fr3_joint3,controlled26,8,6.43502024922392e-05,3.382150680802942e-05,0.00016858292171018086,-3.3362265722813866e-05,0.00012789226456232366,0.0061118267840171905,0.004211017547844156,0.014187945936049155,-0.004211017547844156,0.012275057194511652
19,implicit_initial_mass,1,22,F_R/fr3_joint4,controlled26,8,3.7093649393896986e-05,2.4572216812415726e-05,9.247838918879925e-05,-8.194273864572943e-06,7.361660370442389e-05,0.0013017755292533146,0.0008965430820619482,0.0027177217650586998,-0.00021711264079727325,0.0023997530587747708
19,implicit_initial_mass,1,23,F_R/fr3_joint5,controlled26,8,7.506829507830175e-05,6.263695485490828e-05,0.00013995248135001415,-6.263695485490828e-05,0.000128624914518316,0.005231628330176992,0.004661835552585907,0.009471978030414333,-0.004661835552585907,0.008660354696050533
19,implicit_initial_mass,1,24,F_R/fr3_joint6,controlled26,8,2.2915473954622012e-05,1.1603849492169971e-05,5.834043208041706e-05,9.966008602702026e-06,4.767064996415991e-05,0.00041295826738806617,0.0003368891286109521,0.0008885602810910533,-0.00011474905833818881,0.00075457716578924
19,implicit_initial_mass,1,25,F_R/fr3_joint7,controlled26,8,3.3308852735533736e-05,2.98827440938787e-05,5.3776049115272784e-05,2.98827440938787e-05,5.233315823951478e-05,0.0024219859299656316,0.0021993900978370447,0.003993789816435944,0.0021993900978370447,0.0037170198464125236
19,implicit_initial_mass,1,26,F_R/right_index_1_joint,hand48,8,0.0024825676047832207,0.0022985816110471513,0.003848955339506882,-0.0022985816110471513,0.003563431433152139,0.16811078796947043,0.15507717572917656,0.24553115142851545,-0.15507717572917656,0.24469746619444893
19,implicit_initial_mass,1,27,F_R/right_middle_1_joint,hand48,8,0.002925735997237982,0.0026917449998276437,0.004574121834353906,-0.0026917449998276437,0.004266250658229475,0.1968174262803904,0.18252408244512985,0.2834158977240383,-0.18252408244512985,0.2821583643364359
19,implicit_initial_mass,1,28,F_R/right_pinky_1_joint,hand48,8,0.0021990707519971885,0.001983702561130271,0.0034293368343428082,-0.001983702561130271,0.003158870296348866,0.15135196965531766,0.13904189921605006,0.2233544251892719,-0.13904189921605006,0.22260181887335198
19,implicit_initial_mass,1,29,F_R/right_ring_1_joint,hand48,8,0.0025510815999533,0.0023166120170340365,0.004039947728705542,-0.0023166120170340365,0.003746531570839781,0.17506568582154014,0.16174685225919078,0.25422014003608673,-0.16174685225919078,0.2537372628888329
19,implicit_initial_mass,1,30,F_R/right_thumb_1_joint,hand48,8,2.9161793631584066e-05,2.7477402722299663e-05,4.27714449890218e-05,2.7477402722299663e-05,3.996022850553393e-05,0.0021862724180653674,0.0020058775592982957,0.0034508478650419816,0.0020058775592982957,0.003292053795741674
19,implicit_initial_mass,1,31,F_R/right_index_2_joint,hand48,8,7.71518236519776e-06,7.176264944514475e-06,1.20364876394774e-05,7.176264944514475e-06,1.1298409025883512e-05,8.667708296562825e-05,4.942929061857182e-05,0.00023747196961245972,1.6124648800610042e-05,0.00016489596059522915
19,implicit_initial_mass,1,32,F_R/right_middle_2_joint,hand48,8,1.4627054720664573e-05,1.3167766964071806e-05,2.3723715421600233e-05,-1.3167766964071806e-05,2.1928569068359324e-05,0.001457388640818791,0.0013622626041146818,0.0021628348728689453,-0.0013622626041146818,0.0020634277799605172
19,implicit_initial_mass,1,33,F_R/right_pinky_2_joint,hand48,8,1.1242522944094291e-05,1.0142827524735679e-05,1.7998648984787757e-05,-1.0142827524735679e-05,1.674128291154417e-05,0.0009539676316035437,0.0008863356288754999,0.0014143138876941692,-0.0008863356288754999,0.001371076723332191
19,implicit_initial_mass,1,34,F_R/right_ring_2_joint,hand48,8,3.9681315327330384e-05,3.606645425839432e-05,6.16999019268788e-05,-3.606645425839432e-05,5.7005427611270246e-05,0.003066133710454817,0.0028411662282345016,0.004522589279324645,-0.0028411662282345016,0.004432636227543984
19,implicit_initial_mass,1,35,F_R/right_thumb_2_joint,hand48,8,0.000306360778629466,0.00026475334942165085,0.0004946908168601757,0.0002611830947451318,0.0004838303103627931,0.019031926424356523,0.017626292055351836,0.02923320214372629,0.017626292055351836,0.0281101078627025
19,implicit_initial_mass,1,36,F_R/right_thumb_3_joint,hand48,8,0.0031910251921698175,0.0027315254299952385,0.005188664340340758,0.002710140707961754,0.005070050706701726,0.19590042585305126,0.18148065429541982,0.3002183382569255,0.18148065429541982,0.28953178192293416
19,implicit_initial_mass,1,37,F_R/right_thumb_4_joint,hand48,8,9.913937050484585e-06,9.094252878760756e-06,1.4964982913562297e-05,-9.094252878760756e-06,1.404338651968262e-05,0.0005978918064639675,0.0005460024932360077,0.0009009011367260419,-0.0005460024932360077,0.0008947202168984606
19,implicit_initial_mass,1,38,U_L/shoulder_pan_joint,controlled26,8,0.0002481860804693927,0.00021637187960715787,0.0005091277740998379,-0.00021637187960715787,0.00043294989493991565,0.032668072051840025,0.03033894785406612,0.05204941648340908,-0.03033894785406612,0.05130809703473639
19,implicit_initial_mass,1,39,U_L/shoulder_lift_joint,controlled26,8,0.00026318534411400686,0.0002477024723900323,0.00039287536515431043,0.0002477024723900323,0.0003757622447619013,0.05282282929281458,0.05191818189337194,0.06903514303590352,-0.05191818189337194,0.06884610071375734
19,implicit_initial_mass,1,40,U_L/elbow_joint,controlled26,8,0.00030382530880460366,0.0002842554155568777,0.0003520317809526663,-0.00027580994440379314,0.00035183107113505584,0.08946076498501143,0.08872409458367057,0.10966773869128532,0.08872409458367057,0.10887832530924574
19,implicit_initial_mass,1,41,U_L/wrist_1_joint,controlled26,8,0.0001612994939281255,9.89492979174833e-05,0.00038566909732962174,-9.89492979174833e-05,0.0003320856713404651,0.0036986430499132677,0.003114528917065096,0.0075561076053928256,0.003114528917065096,0.006721182465581123
19,implicit_initial_mass,1,42,U_L/wrist_2_joint,controlled26,8,0.00014493787660047514,7.342973368096306e-05,0.00035664714145688947,6.612090972202278e-05,0.0003023650432012469,0.002773464431060848,0.0020440128343543343,0.006368750184109262,-0.0017691412245776897,0.005477103633086881
19,implicit_initial_mass,1,43,U_L/wrist_3_joint,controlled26,8,0.00014420833283522246,7.07657057796851e-05,0.0003560358355234605,6.797942095237985e-05,0.00030105392808192904,0.0016046675426028107,0.0009363600038797181,0.00410861455621081,-0.0009363600038797181,0.003266214758977383
19,implicit_initial_mass,1,44,U_L/left_index_1_joint,hand48,8,0.00838039411487331,0.008333478520426745,0.009536512224974203,-0.008333478520426745,0.00942078553179242,0.35944506029635664,0.3575978610449583,0.4208358970178805,-0.3575978610449583,0.4147256638285671
19,implicit_initial_mass,1,45,U_L/left_little_1_joint,hand48,8,0.007035854245486319,0.006974529202888227,0.008841830710743445,-0.006974529202888227,0.008380069055584163,0.24828169917180248,0.24657933920227484,0.2931491474215196,-0.24657933920227484,0.2905748395597382
19,implicit_initial_mass,1,46,U_L/left_middle_1_joint,hand48,8,0.009109084587850341,0.009058266003721983,0.010387663898117731,-0.009058266003721983,0.010240644531630405,0.3904421194205037,0.3882320161034428,0.46162606672569817,-0.3882320161034428,0.4536820983569443
19,implicit_initial_mass,1,47,U_L/left_ring_1_joint,hand48,8,0.008527646300146158,0.008470925832702429,0.010138489946027895,-0.008470925832702429,0.009823880965498287,0.342711645107315,0.34056964308370774,0.4076753186354561,-0.34056964308370774,0.4007716424461525
19,implicit_initial_mass,1,48,U_L/left_thumb_1_joint,hand48,8,7.626850811333683e-05,7.527968836432836e-05,9.06154964673278e-05,7.527968836432836e-05,9.041118040087893e-05,0.0027688023180778135,0.002499147084919823,0.0044234640841515245,0.002499147084919823,0.004060483690383133
19,implicit_initial_mass,1,49,U_L/left_index_2_joint,hand48,8,0.00012551959380044072,7.710289958296791e-05,0.000256712147507554,-3.569027253032091e-05,0.00023492408521087052,0.004583474351800092,0.002451076292602953,0.01054488635753054,0.0020681288850149912,0.009443281041191997
19,implicit_initial_mass,1,50,U_L/left_little_2_joint,hand48,8,3.232158467400759e-05,3.003111545820357e-05,5.29767592060415e-05,-3.003111545820357e-05,4.694915454248396e-05,0.0012557296020217434,0.001218011890497894,0.001755272018583756,-0.001218011890497894,0.0017222624304604423
19,implicit_initial_mass,1,51,U_L/left_middle_2_joint,hand48,8,0.00013485976626653206,0.0001045563818323908,0.0002722450146782768,-9.737566496959005e-05,0.00025621366250756436,0.003463938289250416,0.0032711678605096325,0.005806638803548678,-0.0009761577855802496,0.005245359867114128
19,implicit_initial_mass,1,52,U_L/left_ring_2_joint,hand48,8,0.0001249439508435773,0.00011784788650933548,0.00019594234889290518,-0.00011784788650933548,0.0001901798729491824,0.0035335701769998577,0.0031421668947888256,0.005083661306352125,-0.003126073139709534,0.0048718029283642975
19,implicit_initial_mass,1,53,U_L/left_thumb_2_joint,hand48,8,0.0011236559384024724,0.0011093995428561598,0.0013907371877443092,0.0011093995428561598,0.0013835420270195218,0.05072743635328324,0.050624341643108854,0.05701466696975379,0.050624341643108854,0.055574580989949524
19,implicit_initial_mass,1,54,U_L/left_thumb_3_joint,hand48,8,0.005745060597690069,0.005683098975969272,0.007075795011892511,0.005683098975969272,0.006985474707040305,0.2574835691172603,0.2572337069724181,0.2773555681274574,0.2572337069724181,0.27595151436006876
19,implicit_initial_mass,1,55,U_L/left_thumb_4_joint,hand48,8,8.430562801977213e-06,8.341328638604428e-06,1.073809588215957e-05,-8.341328638604428e-06,1.0143624938843687e-05,0.0003968821705922963,0.0003943816819551628,0.00046332671545500374,-0.0003943816819551628,0.00045586381682731605
19,implicit_initial_mass,1,56,U_R/shoulder_pan_joint,controlled26,8,0.00020991474032687745,0.00015492895987118116,0.000483094419134078,-0.00011759691411855622,0.000400759666823458,0.025056226014005225,0.022322124534635807,0.0470384772539324,-0.022322124534635807,0.041932866881562864
19,implicit_initial_mass,1,57,U_R/shoulder_lift_joint,controlled26,8,0.00015344710943235562,0.0001272511255792086,0.0002869954868751634,-8.950356159798112e-05,0.0002626167871996543,0.03144299081311834,0.03133217742780385,0.03689115483279841,-0.03133217742780385,0.0357891827035946
19,implicit_initial_mass,1,58,U_R/elbow_joint,controlled26,8,0.00030168948819241125,0.00029589259151346914,0.0003779299482951082,-0.00029589259151346914,0.00037236238291941113,0.08116651067822,0.0806935578528935,0.08929138345636903,0.0806935578528935,0.08784707651125714
19,implicit_initial_mass,1,59,U_R/wrist_1_joint,controlled26,8,0.0010223471400786863,0.0004062676990167491,0.0028877750533986557,0.0003797813732250299,0.0019141346408175315,0.10846176647529682,0.048115650149267906,0.30528209452327953,0.031715572256807274,0.20334833972548896
19,implicit_initial_mass,1,60,U_R/wrist_2_joint,controlled26,8,0.000653381855309879,0.00027473529961630216,0.001835756458669735,0.0001842038150511316,0.0012640863287662887,0.07921285347902,0.030519330286778557,0.22320997136195164,0.030123678880275662,0.15184066478577468
19,implicit_initial_mass,1,61,U_R/wrist_3_joint,controlled26,8,4.609487416355056e-05,2.5973985482208306e-05,0.00010137598489112776,-2.5973985482208306e-05,9.43418053894085e-05,0.0006885150854635327,0.0004406354752070999,0.0017857987313457256,-0.00021431400599981765,0.0013749109606823243
19,implicit_initial_mass,1,62,U_R/right_index_1_joint,hand48,8,0.007507776824685542,0.007412802319519988,0.00797600985572458,0.007412802319519988,0.007965232461384301,0.23435475284483473,0.23391238616533097,0.24919460930917853,0.23391238616533097,0.24804106445938212
19,implicit_initial_mass,1,63,U_R/right_little_1_joint,hand48,8,0.00672628414267347,0.006699328594434091,0.007631310972653654,0.006699328594434091,0.007400033871902739,0.1429420790274242,0.1377102128500814,0.18119203468698164,0.1377102128500814,0.17273418433155974
19,implicit_initial_mass,1,64,U_R/right_middle_1_joint,hand48,8,0.008767604116147994,0.008691282651969971,0.009473094197108171,0.008691282651969971,0.009418603876873948,0.28238153128305027,0.28070701708172097,0.31275561258041384,0.28070701708172097,0.30899671668161927
19,implicit_initial_mass,1,65,U_R/right_ring_1_joint,hand48,8,0.008222428233836475,0.008173201091778434,0.009137131772824138,0.008173201091778434,0.00896929838712662,0.23458291785097185,0.23161428146250723,0.2744653995297441,0.23161428146250723,0.26715407566064436
19,implicit_initial_mass,1,66,U_R/right_thumb_1_joint,hand48,8,4.719131587501937e-05,4.6624599123627763e-05,5.119838902745144e-05,-3.415600207606201e-05,5.106253672682026e-05,0.006999260327436474,0.006263236954342579,0.008574777236273548,-0.005795548751751018,0.008516335676353846
19,implicit_initial_mass,1,67,U_R/right_index_2_joint,hand48,8,0.00023184487744572162,0.0001174512470913866,0.0006036970171386102,9.553356320243789e-05,0.00047928783955293716,0.004638572835364572,0.0035211144999610904,0.008663144962767287,-0.0035211144999610904,0.008363965283315455
19,implicit_initial_mass,1,68,U_R/right_little_2_joint,hand48,8,0.000289335434339925,0.00016833521068605924,0.0007329958193064839,0.00016335664783930122,0.0005975549133434869,0.0044679547885628085,0.0027307170677473855,0.00881137349519118,-0.00270976652836027,0.00830459251159812
19,implicit_initial_mass,1,69,U_R/right_middle_2_joint,hand48,8,0.00026165858816881374,0.00018011871801331888,0.0006279151031716584,0.00018011871801331888,0.0005255982506203573,0.0034257344306337645,0.002445387880137901,0.006730943338434828,-0.0016400135827786448,0.006194834117173336
19,implicit_initial_mass,1,70,U_R/right_ring_2_joint,hand48,8,0.0003284921896497554,0.00025391812789597214,0.0007413525914117258,0.00025391812789597214,0.0006334565770700756,0.003444891262095387,0.003162869952169357,0.0061371567302110595,-0.0003930057909888585,0.005444430940563686
19,implicit_initial_mass,1,71,U_R/right_thumb_2_joint,hand48,8,0.0007756990871187034,0.0006945869124929706,0.0012032884052869952,-0.0006945869124929706,0.0011377446368901832,0.020817582501949528,0.01669371641396425,0.04036231254261603,0.015500541474977803,0.03521519191221543
19,implicit_initial_mass,1,72,U_R/right_thumb_3_joint,hand48,8,0.004831272877828176,0.004652349463646486,0.0070455894785492745,-0.004652349463646486,0.006516609600091086,0.06063449072426858,0.050676340206054576,0.09923408274901488,-0.019120726019335142,0.09359276963357802
19,implicit_initial_mass,1,73,U_R/right_thumb_4_joint,hand48,8,6.409051483887305e-05,6.382684928703253e-05,7.082781898311297e-05,6.382684928703253e-05,6.91642790112891e-05,0.0018099596664962398,0.0018030298667056337,0.0020168033840284112,0.0018030298667056337,0.001983753794612412
19,implicit_initial_bias,both,0,F_L/fr3_joint1,controlled26,16,7.791827270464018e-05,5.0141314845916773e-05,0.00017811205633519456,2.2994632570317447e-05,0.00015732475968512766,0.009196639159535282,0.004207043042378045,0.029398975250214184,0.0024739176827969023,0.023089317425471104
19,implicit_initial_bias,both,1,F_L/fr3_joint2,controlled26,16,6.573079230773958e-05,3.8659379469882516e-05,0.00013598675938242266,-2.4013350404680778e-05,0.0001320592370214202,0.004453010373392171,0.0026549384936471153,0.010158442794621692,0.001531327495542359,0.009828778102484633
19,implicit_initial_bias,both,2,F_L/fr3_joint3,controlled26,16,7.072718326305998e-05,4.538652789722042e-05,0.00017671731936119706,4.538652789722042e-05,0.00013230107924883105,0.002286760456720393,0.0013233825356886537,0.005538486700836336,-0.0011030556912063273,0.0049828603164557336
19,implicit_initial_bias,both,3,F_L/fr3_joint4,controlled26,16,8.686696177049113e-05,4.961348900625606e-05,0.00024541617444917563,4.961348900625606e-05,0.0002105281605513376,0.011160143267289754,0.005589948758909348,0.03535854691798494,-0.005589948758909348,0.026892960157266832
19,implicit_initial_bias,both,4,F_L/fr3_joint5,controlled26,16,5.9910176416470896e-05,2.8636557237615712e-05,0.00017829558291060366,2.8254973864105803e-05,0.00015467520305256777,0.0034849126674531485,0.0018792368927393736,0.010594496477154654,0.0005511697480868435,0.0075381824717314075
19,implicit_initial_bias,both,5,F_L/fr3_joint6,controlled26,16,2.7720868005550573e-05,1.7051686798164045e-05,6.943974306983236e-05,-1.7051686798164045e-05,5.670246717115468e-05,0.004791343618940219,0.0020764492777184235,0.01726427139385984,0.0008145319869317248,0.008178879214144086
19,implicit_initial_bias,both,6,F_L/fr3_joint7,controlled26,16,9.216450026491808e-05,4.8126337409193365e-05,0.00025789286311228565,1.937695578016485e-05,0.00023978913216776698,0.0014549073129187969,0.0007295277525173824,0.005391817883391511,0.0004534772799010684,0.0023182302955218935
19,implicit_initial_bias,both,7,F_L/left_index_1_joint,hand48,16,0.004361420925283276,0.0022991947112501847,0.013615337859492926,0.0012832675487529227,0.010610269429579863,0.22417464424781475,0.09981681116107016,0.8299102292502375,0.06975158480630501,0.4006934447088336
19,implicit_initial_bias,both,8,F_L/left_middle_1_joint,hand48,16,0.00442465914734846,0.002335978743162914,0.013907688511686264,0.0013803002682185143,0.010678889266642625,0.2331467232361806,0.10500899874260501,0.8559506901920212,0.07856540277039455,0.43302930484648705
19,implicit_initial_bias,both,9,F_L/left_pinky_1_joint,hand48,16,0.002049066650132005,0.0008968670511249064,0.006109249309728462,0.0006962007932152731,0.005533779586922,0.06553518803592945,0.03084733281946235,0.24689435511942995,0.03084733281946235,0.09942618471626197
19,implicit_initial_bias,both,10,F_L/left_ring_1_joint,hand48,16,0.00403884876573865,0.0020326551155983898,0.012715347380796285,0.0013107243136531149,0.010004592691221548,0.20334092765993805,0.08858002780228215,0.7632721081804104,0.07407420651459401,0.3601213060750245
19,implicit_initial_bias,both,11,F_L/left_thumb_1_joint,hand48,16,7.176881647672154e-05,3.874593932629185e-05,0.00023613894045004802,-2.191914568693519e-05,0.0001603949843579297,0.012825326990619933,0.005169196067145493,0.048727986237715196,-0.003062745280626146,0.020331817138358133
19,implicit_initial_bias,both,12,F_L/left_index_2_joint,hand48,16,5.06165990206646e-06,2.5313556852486763e-06,1.910181068306982e-05,-1.9581936885788853e-06,7.939905411029347e-06,0.0011656737599245084,0.0005474663316611036,0.004282417733077531,-0.00021311233748013124,0.0018623725948406903
19,implicit_initial_bias,both,13,F_L/left_middle_2_joint,hand48,16,5.405127617286896e-05,2.855453567757963e-05,0.0001739203484622115,1.3440017441923753e-05,0.00012467538670670603,0.0015547814896000119,0.0007299336649787874,0.004835690023957595,0.0005542122592617824,0.004004074067530981
19,implicit_initial_bias,both,14,F_L/left_pinky_2_joint,hand48,16,6.930418164971309e-05,3.721235240874976e-05,0.00021272848964613844,1.9306287054315398e-05,0.00016963553569726217,0.002571311547744301,0.00120957853968762,0.00931573401011538,0.0009027467428494439,0.00484150810147022
19,implicit_initial_bias,both,15,F_L/left_ring_2_joint,hand48,16,0.00012808808863053813,6.662497678888886e-05,0.0003948750464291828,3.5393395196593215e-05,0.0003181943509454419,0.0041921385053097825,0.0018953389799253348,0.015426161214938575,0.001607069119942395,0.008041940797940118
19,implicit_initial_bias,both,16,F_L/left_thumb_2_joint,hand48,16,0.00024222367945791242,0.00016129502381407495,0.0005041786022168745,0.0001489590043707036,0.0004946602801388679,0.014818935743583993,0.009053441421498002,0.03613311977725521,0.008070430820508324,0.02962648987516686
19,implicit_initial_bias,both,17,F_L/left_thumb_3_joint,hand48,16,0.0012196108177376561,0.0008031430309540892,0.0026777654243918397,0.0007350373015681949,0.002539859612196476,0.08262758259217774,0.05187020791900465,0.1787652735912534,0.046406840517809106,0.1728297381687197
19,implicit_initial_bias,both,18,F_L/left_thumb_4_joint,hand48,16,4.20175340642118e-06,2.0024729950876216e-06,1.2620324269824179e-05,-1.3313893494548354e-06,1.1061229509175263e-05,0.00015285129346029067,8.64422059970853e-05,0.0004889753385082169,-6.55787644964803e-05,0.00028717175127197813
19,implicit_initial_bias,both,19,F_R/fr3_joint1,controlled26,16,4.7397439853687104e-05,3.834398318533494e-05,9.978233523866287e-05,3.413972232488294e-05,8.934467914123445e-05,0.003756879178975909,0.0025539862630497966,0.009778701021040476,0.0013093751235207995,0.008109028016349206
19,implicit_initial_bias,both,20,F_R/fr3_joint2,controlled26,16,0.0001821556028144679,0.00015918752864589603,0.0003819496786650056,-0.00015918752864589603,0.00030750527669143324,0.004105827131560692,0.0037384907332380186,0.007045220463192475,-0.0037384907332380186,0.0063964701389616525
19,implicit_initial_bias,both,21,F_R/fr3_joint3,controlled26,16,5.0677167871973093e-05,2.5830129043155625e-05,0.00016719286023270108,-2.409732031362355e-05,9.327189504337863e-05,0.006444069038998176,0.004607118209120324,0.015386481516655948,-0.004607118209120324,0.01442654288917369
19,implicit_initial_bias,both,22,F_R/fr3_joint4,controlled26,16,2.8962163329424517e-05,2.000757732660563e-05,8.988217455496716e-05,-4.561214760723242e-06,4.899016209064522e-05,0.006488547036697653,0.003097171884128648,0.019831032243899486,-0.00019456379078921777,0.013939001614877381
19,implicit_initial_bias,both,23,F_R/fr3_joint5,controlled26,16,6.151637646203041e-05,5.1116249756906484e-05,0.00013904061140579405,-3.87724848136331e-05,0.00011459067578142856,0.0060821530356966035,0.005394751571535816,0.01256943125641519,-0.005394751571535816,0.010246341336914547
19,implicit_initial_bias,both,24,F_R/fr3_joint6,controlled26,16,1.797806703933495e-05,9.981811425002762e-06,5.6676503870090045e-05,5.500688340071003e-06,3.569486484356066e-05,0.003592251440760552,0.0017229657197257871,0.012839855913817231,0.0010840947791596728,0.006726746447605352
19,implicit_initial_bias,both,25,F_R/fr3_joint7,controlled26,16,2.64643452113666e-05,2.2471169704246785e-05,5.3776049115272784e-05,2.2471169704246785e-05,5.0689161345374156e-05,0.0026654232268952206,0.0024162632867253224,0.0047109803669145855,0.0024162632867253224,0.004172764053154379
19,implicit_initial_bias,both,26,F_R/right_index_1_joint,hand48,16,0.0019480152122954915,0.0016785637948578732,0.003848720865009536,-0.001642910636150562,0.003236900150352162,0.165114091717525,0.1534989610923274,0.24551583998068494,-0.1534989610923274,0.24374085520784383
19,implicit_initial_bias,both,27,F_R/right_middle_1_joint,hand48,16,0.002301820825005048,0.0019822198113574416,0.004573873841364956,-0.0019318857707483431,0.003914190015722366,0.19182600071637174,0.1781956186233785,0.28340425916776013,-0.1781956186233785,0.28071827368296354
19,implicit_initial_bias,both,28,F_R/right_pinky_1_joint,hand48,16,0.0017355598165328208,0.0014929169516214973,0.00342901419183983,-0.0013964447541841077,0.002849446520226128,0.14837487578929628,0.13672139553969628,0.22333258032120312,-0.13672139553969628,0.2217362361524263
19,implicit_initial_bias,both,29,F_R/right_ring_1_joint,hand48,16,0.00201018176102938,0.0017250488437131227,0.004039500901071386,-0.001642644593065558,0.003410733646844768,0.16981214728070945,0.1569460510901466,0.25418602371803667,-0.1569460510901466,0.25317687421245894
19,implicit_initial_bias,both,30,F_R/right_thumb_1_joint,hand48,16,2.3205965987055956e-05,2.0599831395482458e-05,4.2947897163615745e-05,2.0599831395482458e-05,3.720312199462922e-05,0.0019792200215058902,0.0017749189521813562,0.0034508478650419816,0.0017244095038194346,0.0031496647446077677
19,implicit_initial_bias,both,31,F_R/right_index_2_joint,hand48,16,7.756791734472543e-06,7.307740969898519e-06,1.20364876394774e-05,7.307740969898519e-06,1.0841361008906078e-05,0.0005579470339039737,0.0003565302635805026,0.0013872177636407514,0.00031151837170313875,0.0012007957385765477
19,implicit_initial_bias,both,32,F_R/right_middle_2_joint,hand48,16,1.0642645278050591e-05,8.198658127680017e-06,2.3620749232552973e-05,-7.265920667940545e-06,1.976879707307408e-05,0.001185473060233978,0.0010044910451902562,0.002154638107728212,-0.0010044910451902562,0.001947770482494274
19,implicit_initial_bias,both,33,F_R/right_pinky_2_joint,hand48,16,8.386464699638418e-06,6.75566169147223e-06,1.7894535117968235e-05,-6.2600340321053785e-06,1.5187129823252682e-05,0.0008510332413635365,0.0007678117773509104,0.0014052645089163195,-0.0007678117773509104,0.0013194004765097534
19,implicit_initial_bias,both,34,F_R/right_ring_2_joint,hand48,16,3.0170151187052394e-05,2.530850625123964e-05,6.152885347035508e-05,-2.379861864064501e-05,5.1436943075546665e-05,0.002789770444096589,0.0025602145521652726,0.004505755127047004,-0.0025602145521652726,0.004325624201725247
19,implicit_initial_bias,both,35,F_R/right_thumb_2_joint,hand48,16,0.0002475360637761219,0.00020982479882851934,0.0004954060844688454,0.0001893399782394961,0.000472532810549528,0.018952963049328506,0.01713252194569491,0.03042416460504497,0.01713252194569491,0.02956239034508675
19,implicit_initial_bias,both,36,F_R/right_thumb_3_joint,hand48,16,0.0025793267106642786,0.0021652715890252195,0.005188779232492953,0.001962946243574517,0.004934695411846908,0.19812850109395214,0.17760613723310165,0.3250854274898601,0.17740967108388056,0.306440192777063
19,implicit_initial_bias,both,37,F_R/right_thumb_4_joint,hand48,16,7.922751866942737e-06,6.939594058558499e-06,1.4915636431717116e-05,-6.7071767929829246e-06,1.2977796877644554e-05,0.0006381895720027789,0.0005896302580248073,0.0010130586658240914,-0.0005896302580248073,0.0009289405190005543
19,implicit_initial_bias,both,38,U_L/shoulder_pan_joint,controlled26,16,0.0001800050902626398,0.00013423015664126847,0.0005161761627254791,-0.000129560675650231,0.00035133103233520036,0.037921155960020346,0.03216885281919391,0.07828007736939324,-0.03216885281919391,0.07757652889940925
19,implicit_initial_bias,both,39,U_L/shoulder_lift_joint,controlled26,16,0.0002543833908825864,0.00024518989830385474,0.00039287536515431043,0.00024518989830385474,0.0003644174734724892,0.047978246568211126,0.04587899116921479,0.0699144632051551,-0.04587899116921479,0.06851993171034701
19,implicit_initial_bias,both,40,U_L/elbow_joint,controlled26,16,0.0002958928120550547,0.000284487448086998,0.00035710164759139573,-0.0002805946831088285,0.000356426273135535,0.08287250433782781,0.08038058220928374,0.11362976295415983,0.08038058220928374,0.11301463958317083
19,implicit_initial_bias,both,41,U_L/wrist_1_joint,controlled26,16,0.00013063355239277134,7.839406922835468e-05,0.00038778302895980943,-7.804158966509545e-05,0.0002720263352393726,0.008532451853732335,0.0049034124276364785,0.023153881506676327,-0.001593163695853048,0.02208027542748158
19,implicit_initial_bias,both,42,U_L/wrist_2_joint,controlled26,16,0.0001169442831474743,5.776176750788009e-05,0.0003578822694345618,5.133558548081618e-05,0.00024126385568012942,0.01095225526721382,0.005697078485970622,0.02556635419207929,0.0037845662127226733,0.025392564384485193
19,implicit_initial_bias,both,43,U_L/wrist_3_joint,controlled26,16,0.00011496681285650419,5.364717509567796e-05,0.00035619280338883286,5.192734998146764e-05,0.00023835792853821314,0.00724564490245013,0.003478978670506053,0.01988298833763852,0.001319704145034476,0.018850602724423918
19,implicit_initial_bias,both,44,U_L/left_index_1_joint,hand48,16,0.0067647814403314025,0.006449900605938595,0.009536512224974203,-0.006449900605938595,0.009287204399813311,0.3979879624973676,0.39399094556427394,0.5036584489962191,-0.39399094556427394,0.48192266530338224
19,implicit_initial_bias,both,45,U_L/left_little_1_joint,hand48,16,0.005714520874955021,0.005440913799056485,0.008841830710743445,-0.005440913799056485,0.007851788577326782,0.2800702618753835,0.2759791896641518,0.4013349174743351,-0.2759791896641518,0.34763706471677436
19,implicit_initial_bias,both,46,U_L/left_middle_1_joint,hand48,16,0.007343383241664267,0.006999249217185221,0.010387663898117731,-0.006999249217185221,0.010071104592766186,0.4318776845550538,0.42735076845875397,0.5516241944054993,-0.42735076845875397,0.5238512237056839
19,implicit_initial_bias,both,47,U_L/left_ring_1_joint,hand48,16,0.006890817874758469,0.006566349755800573,0.010138489946027895,-0.006566349755800573,0.009463213661170363,0.3822040084398153,0.37754125423381535,0.5157394416356306,-0.37754125423381535,0.4645108658781394
19,implicit_initial_bias,both,48,U_L/left_thumb_1_joint,hand48,16,6.30237779797195e-05,5.9902591560589274e-05,9.264776564066324e-05,5.9902591560589274e-05,9.141136141124773e-05,0.009070607601642884,0.006117385537812035,0.021539016746917203,0.006117385537812035,0.021431226689553936
19,implicit_initial_bias,both,49,U_L/left_index_2_joint,hand48,16,0.00014545899738311073,8.853738148905613e-05,0.0003204620112702977,-4.381574435243559e-05,0.0002962068758679999,0.005517104837043793,0.0031010496378838922,0.014337434767747402,0.0028466287149297945,0.011516687706819068
19,implicit_initial_bias,both,50,U_L/left_little_2_joint,hand48,16,2.6137828231862363e-05,2.308702919175034e-05,5.29767592060415e-05,-2.077177278185429e-05,4.015194300110991e-05,0.0011568510704736009,0.0011085274804860136,0.0017476739548261478,-0.0011085274804860136,0.0016820505336362576
19,implicit_initial_bias,both,51,U_L/left_middle_2_joint,hand48,16,0.00013935739661241985,0.00010056358108529763,0.0002901072618487627,-8.708931866178646e-05,0.0002762974502215111,0.003786692971410721,0.0032866911361641112,0.008565629628438,-0.0003650536583122627,0.00652546348799014
19,implicit_initial_bias,both,52,U_L/left_ring_2_joint,hand48,16,0.00010958372580613375,9.571055856024031e-05,0.00019555860645976975,-9.571055856024031e-05,0.00018317807685208978,0.0034413391737236477,0.003066200627807397,0.005083661306352125,-0.0029467083846217625,0.00507823811352864
19,implicit_initial_bias,both,53,U_L/left_thumb_2_joint,hand48,16,0.0008945982019060195,0.0008376187588436195,0.00139056045536598,0.0008376187588436195,0.0013739300743746893,0.05929671964567964,0.057691639763985496,0.09420689663175803,0.057691639763985496,0.09195433036311043
19,implicit_initial_bias,both,54,U_L/left_thumb_3_joint,hand48,16,0.004577798054531654,0.004298047839360638,0.007074765414992981,0.004298047839360638,0.006880849293321948,0.29288347323660374,0.2864943170045193,0.4524374386704283,0.2864943170045193,0.43754030988862436
19,implicit_initial_bias,both,55,U_L/left_thumb_4_joint,hand48,16,7.102069645225893e-06,6.827965584180369e-06,1.073809588215957e-05,-6.827965584180369e-06,9.563326578573839e-06,0.00045556004781559386,0.00045011072514558115,0.0006042009672628347,-0.00045011072514558115,0.0005748475425636547
19,implicit_initial_bias,both,56,U_R/shoulder_pan_joint,controlled26,16,0.00015993666707337026,0.00010658693274537279,0.0004896889411187821,-6.424803966964543e-05,0.00031273409250598405,0.03177272865494649,0.02601261840101328,0.07444242510778631,-0.02601261840101328,0.06182016117303193
19,implicit_initial_bias,both,57,U_R/shoulder_lift_joint,controlled26,16,0.00012578049474573476,9.94154720480589e-05,0.0002869954868751634,-5.8111628984280905e-05,0.00024223648853549662,0.029833350638179754,0.029347040394395965,0.04092845927438991,-0.029347040394395965,0.03845759311770114
19,implicit_initial_bias,both,58,U_R/elbow_joint,controlled26,16,0.00027496299450287904,0.00026634715792329955,0.00038438110044647367,-0.00026634715792329955,0.00036761223909931307,0.07138762382837524,0.06995050539933406,0.08829513973805173,0.06995050539933406,0.08539827955898052
19,implicit_initial_bias,both,59,U_R/wrist_1_joint,controlled26,16,0.0007887806921663805,0.00029604819367384794,0.0028910421186232327,0.00027738498696355807,0.0016615006787290554,0.09795862169837581,0.044732627895682386,0.30543900677514946,0.02521887623534952,0.2563500821283191
19,implicit_initial_bias,both,60,U_R/wrist_2_joint,controlled26,16,0.0005026029698411473,0.0001975561541215365,0.001834509585123989,0.000130491525227594,0.0010487286609468516,0.07034238857696531,0.028555784427741406,0.22315798555578797,0.022670878764861298,0.18119761837156906
19,implicit_initial_bias,both,61,U_R/wrist_3_joint,controlled26,16,3.675788393524381e-05,2.035678284939557e-05,0.00010140157305649211,-1.8779118591716326e-05,8.635150012059611e-05,0.005935373227375185,0.0022720010573468183,0.02122112693535657,-0.002160248299908181,0.013146525589782352
19,implicit_initial_bias,both,62,U_R/right_index_1_joint,hand48,16,0.005945976378974805,0.005519108202167887,0.007975941907850267,0.005519108202167887,0.007952461200044104,0.2502714835179299,0.24674656166479475,0.32473286222212844,0.24674656166479475,0.2881770172466223
19,implicit_initial_bias,both,63,U_R/right_little_1_joint,hand48,16,0.005357656790574082,0.005065335963775711,0.007631863832047545,0.005065335963775711,0.007135569621638541,0.16946702072228156,0.16337461448311347,0.27672227438076324,0.16337461448311347,0.21459651606109806
19,implicit_initial_bias,both,64,U_R/right_middle_1_joint,hand48,16,0.006958504343212837,0.006514365659612602,0.009474603041908003,0.006514365659612602,0.009356281901595122,0.3053995902885859,0.3012634178426451,0.4111588835836986,0.3012634178426451,0.3613339041435936
19,implicit_initial_bias,both,65,U_R/right_ring_1_joint,hand48,16,0.006536209747411768,0.006152310495096242,0.009138127236526586,0.006152310495096242,0.008777365955045913,0.2613131433682554,0.2566657732161292,0.3800815529525343,0.2566657732161292,0.3177239594060901
19,implicit_initial_bias,both,66,U_R/right_thumb_1_joint,hand48,16,4.083506786450428e-05,3.7486618060668386e-05,6.604620315286969e-05,-2.2669807776008744e-05,5.597795768473579e-05,0.009404340010590921,0.008319626428817783,0.019290261312071587,-0.002126187445743126,0.015727661538599516
19,implicit_initial_bias,both,67,U_R/right_index_2_joint,hand48,16,0.00024545555917377,0.00012305724759600727,0.0006604731766336469,0.00010485276118293342,0.0006178910570123694,0.0047957516899345375,0.003769996330779004,0.00936140456886231,-0.003769996330779004,0.0088151210401866
19,implicit_initial_bias,both,68,U_R/right_little_2_joint,hand48,16,0.0002982109659043821,0.00016541374223970166,0.0007720466765120393,0.00016147771592687002,0.0007427585336078728,0.004553574046925239,0.002801193564567179,0.0088738376537276,-0.002761219273784643,0.008817993549692258
19,implicit_initial_bias,both,69,U_R/right_middle_2_joint,hand48,16,0.0002598169075831917,0.000165676603142977,0.0006351049635252015,0.000165676603142977,0.0006297125682600442,0.003366464287830903,0.002296577669079384,0.006696050728875114,-0.0017545787297603376,0.006248621232172882
19,implicit_initial_bias,both,70,U_R/right_ring_2_joint,hand48,16,0.00031575593517116433,0.00022540012519261122,0.0007413525914117258,0.00022540012519261122,0.0007287037792279537,0.003353965227228544,0.0031303460556944417,0.00611253671311134,-0.00025838105671060666,0.005346866147109672
19,implicit_initial_bias,both,71,U_R/right_thumb_2_joint,hand48,16,0.000625360184680529,0.0005318262493890242,0.0012033495470168964,-0.0005318262493890242,0.0010626505817863466,0.02266514958409076,0.017793501592756226,0.04873482153480565,0.015143622498406712,0.042455439790663435
19,implicit_initial_bias,both,72,U_R/right_thumb_3_joint,hand48,16,0.003918345716049697,0.00359688153645177,0.007046217250085085,-0.00359688153645177,0.005912999946844084,0.07711183000484252,0.06386022231509303,0.17117111765978982,-0.03147726439433479,0.12978459502550171
19,implicit_initial_bias,both,73,U_R/right_thumb_4_joint,hand48,16,5.101308334429104e-05,4.826584909964696e-05,7.070350970208444e-05,4.826584909964696e-05,6.707085034828551e-05,0.0020629826436572023,0.0020276571900715106,0.00303818541413397,0.0020276571900715106,0.0027406554907614556
19,implicit_initial_bias,0,0,F_L/fr3_joint1,controlled26,8,7.462718793409716e-05,4.750467492990046e-05,0.00015039566080177202,9.905759729457453e-06,0.0001400279689122194,0.0104848135888429,0.00455707495282744,0.029398975250214184,0.003279020835558393,0.02009455452850798
19,implicit_initial_bias,0,1,F_L/fr3_joint2,controlled26,8,6.471660379268774e-05,3.8284076499778275e-05,0.00013075006290108604,-2.312521464306605e-05,0.00012519802647030786,0.005161521427082648,0.0030781117178828752,0.010158442794621692,0.0018912214487156178,0.010004599271624398
19,implicit_initial_bias,0,2,F_L/fr3_joint3,controlled26,8,5.5165950203984944e-05,3.609702945181481e-05,0.0001058874980661706,3.609702945181481e-05,0.0001017596921607522,0.002020486949853027,0.001012525021955046,0.005538486700836336,-0.0007973593379768173,0.004045491119295272
19,implicit_initial_bias,0,3,F_L/fr3_joint4,controlled26,8,9.332422296854009e-05,5.136394197469141e-05,0.00024541617444917563,5.136394197469141e-05,0.0001854619201413942,0.013055298445927696,0.00665500544956676,0.03535854691798494,-0.00665500544956676,0.02559825692536715
19,implicit_initial_bias,0,4,F_L/fr3_joint5,controlled26,8,5.2362905627642774e-05,2.250219011873389e-05,0.00014680174309988914,2.2030935490968684e-05,0.00010031625819164606,0.00478246587029938,0.0029526128783671085,0.010594496477154654,0.00030311858320020146,0.009168216607957138
19,implicit_initial_bias,0,5,F_L/fr3_joint6,controlled26,8,2.2624790019374273e-05,1.3647720280063336e-05,5.245670853826212e-05,-1.3647720280063336e-05,4.572210190345592e-05,0.006590428695337483,0.003464239618929608,0.01726427139385984,0.0009676943751879678,0.013024421709992481
19,implicit_initial_bias,0,6,F_L/fr3_joint7,controlled26,8,8.641855713676994e-05,4.3625168004324255e-05,0.00023375455518626076,1.9631458577917815e-05,0.0001731354750490354,0.0019904912575293837,0.0011031303876359593,0.005391817883391511,0.0006853746551011811,0.003862611654350899
19,implicit_initial_bias,0,7,F_L/left_index_1_joint,hand48,8,0.0035851608145809947,0.0019535746019715243,0.009608579952942176,0.0010269993214129108,0.006931593494831445,0.3031552233588817,0.15582251844221143,0.8299102292502375,0.09798077432594518,0.5872212499653995
19,implicit_initial_bias,0,8,F_L/left_middle_1_joint,hand48,8,0.003589427709137931,0.0019721587543596545,0.009602622851628079,0.0010858854882419642,0.0069786541097418605,0.31237053391496933,0.159715566966673,0.8559506901920212,0.10757395217101273,0.6113500683076016
19,implicit_initial_bias,0,9,F_L/left_pinky_1_joint,hand48,8,0.0019164298488496202,0.0008758954714845977,0.005341956345986512,0.0005896231324935778,0.003729241584661221,0.08977055049549099,0.0455251731544202,0.24689435511942995,0.0455251731544202,0.17656774337464454
19,implicit_initial_bias,0,10,F_L/left_ring_1_joint,hand48,8,0.0033539791643968117,0.0017638803005711676,0.009101007794696636,0.0010340761053754186,0.006498297130235171,0.275077518611151,0.13108059254278934,0.7632721081804104,0.10206894996741307,0.5383232080871377
19,implicit_initial_bias,0,11,F_L/left_thumb_1_joint,hand48,8,5.146405196069291e-05,2.9918435631994325e-05,0.00013514699899389027,-1.548906042216948e-05,9.993041323585537e-05,0.01771656664227327,0.008557027240959978,0.048727986237715196,-0.004706423632525676,0.035046531097870606
19,implicit_initial_bias,0,12,F_L/left_index_2_joint,hand48,8,7.03301212061824e-06,3.846020149661511e-06,1.910181068306982e-05,-2.699696156321929e-06,1.3892921556117592e-05,0.0016301433639056959,0.0009460967523336455,0.004282417733077531,-0.0004793391204488302,0.00315306333523367
19,implicit_initial_bias,0,13,F_L/left_middle_2_joint,hand48,8,4.077761162547578e-05,2.2396035941289055e-05,0.00010826039945487087,9.59366703797912e-06,7.99516586083258e-05,0.001730357675200154,0.0007892775472217045,0.004835690023957595,0.0005555564337859469,0.0033131204980586396
19,implicit_initial_bias,0,14,F_L/left_pinky_2_joint,hand48,8,5.8267122071000575e-05,3.2174273258940046e-05,0.0001552712177143034,1.551904808814574e-05,0.00011305660445356033,0.003426228161123012,0.001809729051253681,0.00931573401011538,0.0012270674690954705,0.0067660745374594645
19,implicit_initial_bias,0,15,F_L/left_ring_2_joint,hand48,8,0.00010869192251278337,5.803069426568285e-05,0.0002926341191175283,2.8110351610230976e-05,0.00021122870887204856,0.00555764851417124,0.0026778170463938717,0.015426161214938575,0.0021012773264279926,0.01087053573129669
19,implicit_initial_bias,0,16,F_L/left_thumb_2_joint,hand48,8,0.00019029821527698102,0.00012399537246755854,0.00037813840946842453,0.00011542630943556925,0.00036666311467578106,0.019076650209809268,0.01305857369339443,0.03613311977725521,0.012139114401577842,0.03309669248961398
19,implicit_initial_bias,0,17,F_L/left_thumb_3_joint,hand48,8,0.0009430168588751698,0.0006019186882580633,0.0019218995733883137,0.0005540950926716266,0.001832536220939363,0.10579314420270515,0.07320779912050351,0.1787652735912534,0.06812916167987029,0.17599535706073766
19,implicit_initial_bias,0,18,F_L/left_thumb_4_joint,hand48,8,3.7863886393138586e-06,1.7160383796559209e-06,1.0541531255625625e-05,-1.3905321630744427e-06,7.459763155810008e-06,0.00021028508397243412,0.0001421503295355932,0.0004889753385082169,-0.00012974056544426982,0.0003948003311313054
19,implicit_initial_bias,0,19,F_R/fr3_joint1,controlled26,8,3.3147597051861956e-05,2.8029962070769132e-05,6.601219394841706e-05,2.2332917015061016e-05,5.784660621468428e-05,0.005091632567685168,0.0037187985376654032,0.009778701021040476,0.0012741232824052845,0.008999520285517882
19,implicit_initial_bias,0,20,F_R/fr3_joint2,controlled26,8,0.00011608268540865108,0.00010625035314812403,0.00019987144866595585,-0.00010625035314812403,0.0001786348735917098,0.0033337723486796763,0.0030625467952291475,0.005257045397994833,-0.0030625467952291475,0.0049571761171206185
19,implicit_initial_bias,0,21,F_R/fr3_joint3,controlled26,8,3.2543129318754134e-05,1.815083347864177e-05,6.863157331360448e-05,-1.538801075331997e-05,6.570984239472332e-05,0.006789988114056296,0.005037550193407384,0.015386481516655948,-0.005037550193407384,0.013125069046478468
19,implicit_initial_bias,0,22,F_R/fr3_joint4,controlled26,8,1.8518468339487405e-05,1.43974831245397e-05,3.535949126920457e-05,-3.4601216057084105e-06,3.434821177564218e-05,0.009094560008852426,0.005430017733261423,0.019831032243899486,-0.0003585182925663617,0.017081417950355834
19,implicit_initial_bias,0,23,F_R/fr3_joint5,controlled26,8,4.551281391650053e-05,4.070523731294906e-05,7.31329948442383e-05,-1.6017707426402295e-05,6.961461806588298e-05,0.006865751203058043,0.006197570467110752,0.01256943125641519,-0.006197570467110752,0.010927897430821065
19,implicit_initial_bias,0,24,F_R/fr3_joint6,controlled26,8,1.2416553264327164e-05,7.946637304800941e-06,2.8700985168050863e-05,2.2814068091903117e-06,2.420087172987361e-05,0.005059469596253152,0.003036503378569912,0.012839855913817231,0.002355477548928245,0.009987071496251682
19,implicit_initial_bias,0,25,F_R/fr3_joint7,controlled26,8,1.7062720989197547e-05,1.5059335383982297e-05,2.7016182023498203e-05,1.5059335383982297e-05,2.6281645970116507e-05,0.002888492410387274,0.0026332266039002135,0.0047109803669145855,0.0026332266039002135,0.004414745923418082
19,implicit_initial_bias,0,26,F_R/right_index_1_joint,hand48,8,0.0011947407842629405,0.0010587846013222976,0.002080521856531764,-0.0009874782839076751,0.0019392650266390238,0.1620756656875722,0.151936800528763,0.23338652706787583,-0.151936800528763,0.22292784685426725
19,implicit_initial_bias,0,27,F_R/right_middle_1_joint,hand48,8,0.0014275607764493022,0.0012729164147715286,0.0024444804472027737,-0.0011722483335533315,0.002302587641690756,0.1867134825688795,0.17388119927878015,0.27854627106892504,-0.17388119927878015,0.2594376083060732
19,implicit_initial_bias,0,28,F_R/right_pinky_1_joint,hand48,8,0.0010906780991847278,0.0010024537449263467,0.0018769872191073261,-0.0008095093500515675,0.0017356673333437682,0.14535394351198277,0.13442060115987894,0.20802804006152326,-0.13442060115987894,0.20320904742174056
19,implicit_initial_bias,0,29,F_R/right_ring_1_joint,hand48,8,0.0012552717707515072,0.001133973299473831,0.0021769510416600746,-0.0009691647981787017,0.002034057358814109,0.16441752482178246,0.15217513317071946,0.24513206771306245,-0.15217513317071946,0.22868931996286576
19,implicit_initial_bias,0,30,F_R/right_thumb_1_joint,hand48,8,1.4417900042254502e-05,1.334518944403739e-05,2.3015088995610722e-05,1.334518944403739e-05,2.158309127105913e-05,0.0017227154397519066,0.0015189861043903828,0.003049270371129696,0.0014179672076665394,0.0028223990301685367
19,implicit_initial_bias,0,31,F_R/right_index_2_joint,hand48,8,7.656179621002755e-06,7.272916902102862e-06,1.0442985465382304e-05,7.272916902102862e-06,1.0213409808614363e-05,0.0007843941853675166,0.000670518104872891,0.0013872177636407514,0.0005964873570972946,0.0013002208186107895
19,implicit_initial_bias,0,32,F_R/right_middle_2_joint,hand48,8,3.93378220876686e-06,3.350008523776357e-06,6.3331452847953384e-06,-1.4845336042974139e-06,6.15806410419889e-06,0.0008398959001922238,0.0006541742978789694,0.001478784147262488,-0.0006541742978789694,0.001441835909531587
19,implicit_initial_bias,0,33,F_R/right_pinky_2_joint,hand48,8,4.067974635598564e-06,3.4910263855530282e-06,6.903711093991793e-06,-2.4997710668193257e-06,6.522733327035678e-06,0.0007420283183880885,0.0006567241270778822,0.0011682357058711912,-0.0006567241270778822,0.0011410628167032074
19,implicit_initial_bias,0,34,F_R/right_ring_2_joint,hand48,8,1.6127178924204706e-05,1.4770794770463738e-05,2.7707657742098712e-05,-1.1751019549274475e-05,2.573260533690266e-05,0.0024968389065613337,0.0022926441787998846,0.0037783502082824475,-0.0022926441787998846,0.0037196915664225627
19,implicit_initial_bias,0,35,F_R/right_thumb_2_joint,hand48,8,0.0001673329044736191,0.00015364627950266788,0.00024953143613417467,0.00011624689300114045,0.00024618647901853314,0.018815618312758593,0.016565825425346896,0.03042416460504497,0.016565825425346896,0.02945854380716171
19,implicit_initial_bias,0,36,F_R/right_thumb_3_joint,hand48,8,0.001766899964972678,0.001598795503133083,0.002660454219968675,0.0012155295342651624,0.0026307643426017623,0.20032175528121712,0.17371850636998593,0.3250854274898601,0.17332557407154373,0.31530762683293573
19,implicit_initial_bias,0,37,F_R/right_thumb_4_joint,hand48,8,5.361515244630085e-06,4.8792778031894746e-06,9.014189299827446e-06,-4.4144432720383264e-06,8.458720522269703e-06,0.0006800321457629946,0.0006388420808350851,0.0010130586658240914,-0.0006388420808350851,0.0009558481177906924
19,implicit_initial_bias,0,38,U_L/shoulder_pan_joint,controlled26,8,5.721431225904812e-05,5.539101210222386e-05,7.95412645300253e-05,-4.60520501201489e-05,7.678207713104345e-05,0.042629538429684304,0.034239645329403545,0.07828007736939324,-0.034239645329403545,0.07795175475006737
19,implicit_initial_bias,0,39,U_L/shoulder_lift_joint,controlled26,8,0.00022775542485889034,0.000224467865340916,0.0002855362645117765,0.000224467865340916,0.0002771450977307577,0.04421775430886263,0.04119020560585232,0.0699144632051551,-0.04119020560585232,0.06926368184091132
19,implicit_initial_bias,0,40,U_L/elbow_joint,controlled26,8,0.00028054596985315584,0.00027875273819594204,0.00035710164759139573,-0.00027875273819594204,0.0003290061081576034,0.07619161784089283,0.0724546615750007,0.11362976295415983,0.0724546615750007,0.11334270538103162
19,implicit_initial_bias,0,41,U_L/wrist_1_joint,controlled26,8,8.84387686015846e-05,5.6912101536410464e-05,0.0002111865138623159,-5.6207142409892e-05,0.0001803801844739938,0.011506147692305865,0.00674746705404085,0.023153881506676327,-0.0062456851929382036,0.022652865336385445
19,implicit_initial_bias,0,42,U_L/wrist_2_joint,controlled26,8,7.869279380443932e-05,4.192431924954221e-05,0.00019424689472558043,3.620205659538023e-05,0.0001633826630846435,0.015242642660072787,0.00936801140576297,0.02556635419207929,0.009320406381846977,0.025485252281868712
19,implicit_initial_bias,0,43,U_L/wrist_3_joint,controlled26,8,7.495427621595695e-05,3.65507375340024e-05,0.00018757064085406228,3.578020254274561e-05,0.00015648354887662914,0.010120998811092699,0.006026458288387202,0.01988298833763852,0.0035709073426938567,0.019401208384805038
19,implicit_initial_bias,0,44,U_L/left_index_1_joint,hand48,8,0.004615472304043785,0.004566855710178123,0.005527918222918621,-0.004566855710178123,0.0054669716383410625,0.4331331019883131,0.4304092240336054,0.5036584489962191,-0.4304092240336054,0.4935150832728952
19,implicit_initial_bias,0,45,U_L/left_little_1_joint,hand48,8,0.003976006091338168,0.003907307631477532,0.005210312173150544,-0.003907307631477532,0.005006319818123664,0.3085960474227246,0.30537311913300713,0.4013349174743351,-0.30537311913300713,0.3762759195208067
19,implicit_initial_bias,0,46,U_L/left_middle_1_joint,hand48,8,0.004988617049735089,0.0049408394426985035,0.005920994385870057,-0.0049408394426985035,0.005843377740035278,0.469692303174085,0.4664970347548535,0.5516241944054993,-0.4664970347548535,0.5386634747455854
19,implicit_initial_bias,0,47,U_L/left_ring_1_joint,hand48,8,0.004717206539623698,0.004662119839896837,0.005607306177457111,-0.004662119839896837,0.005587919335050275,0.4179900821732386,0.4145254348100619,0.5157394416356306,-0.4145254348100619,0.49183277294880134
19,implicit_initial_bias,0,48,U_L/left_thumb_1_joint,hand48,8,4.5693684780647406e-05,4.437277389733596e-05,6.217392675889055e-05,4.437277389733596e-05,6.214329240742112e-05,0.012529283213375007,0.009752756078740503,0.021539016746917203,0.009752756078740503,0.021488714720147677
19,implicit_initial_bias,0,49,U_L/left_index_2_joint,hand48,8,0.00016313528502877076,0.00010006157186061293,0.0003204620112702977,-5.208438864043666e-05,0.00030914294808255874,0.006304973725696031,0.003741785245580123,0.014337434767747402,0.0036185091189385827,0.012952285158178454
19,implicit_initial_bias,0,50,U_L/left_little_2_joint,hand48,8,1.787076498615628e-05,1.6131298307303296e-05,3.428357138343663e-05,-1.1500785487511198e-05,2.82243147697439e-05,0.0010469136827578316,0.0009966858780216413,0.0016326291359466203,-0.0009966858780216413,0.0015468751616086172
19,implicit_initial_bias,0,51,U_L/left_middle_2_joint,hand48,8,0.00014398600277813826,9.676551252677489e-05,0.0002901072618487627,-7.69977045425533e-05,0.00028224709954384475,0.004075345230693854,0.0032960472185677,0.008565629628438,0.0002369599331652132,0.007515898900957476
19,implicit_initial_bias,0,52,U_L/left_ring_2_joint,hand48,8,9.187739892896807e-05,7.366596974175445e-05,0.00016986774546282057,-7.366596974175445e-05,0.00016784434977349313,0.003345051218389859,0.002987365988846128,0.005076430382587479,-0.002770513888277309,0.00474486064058835
19,implicit_initial_bias,0,53,U_L/left_thumb_2_joint,hand48,8,0.0005829757175100949,0.0005666633273959361,0.0007518168320317237,0.0005666633273959361,0.0007447644766303805,0.06681074145661331,0.06480847645654464,0.09420689663175803,0.06480847645654464,0.09315569903972248
19,implicit_initial_bias,0,54,U_L/left_thumb_3_joint,hand48,8,0.002986119767389534,0.0029138468550654033,0.003762574758765666,0.0029138468550654033,0.0037618741962288553,0.3244817825159242,0.31580369843255546,0.4524374386704283,0.31580369843255546,0.4454854452389198
19,implicit_initial_bias,0,55,U_L/left_thumb_4_joint,hand48,8,5.256065157087458e-06,5.177913976193646e-06,6.364653720558611e-06,-5.177913976193646e-06,6.336601833580035e-06,0.000501630871824459,0.0004981827228005304,0.0006042009672628347,-0.0004981827228005304,0.0005905027024032173
19,implicit_initial_bias,0,56,U_R/shoulder_pan_joint,controlled26,8,7.419286973474788e-05,5.439626683551024e-05,0.00017832798832695396,-6.7317372480779625e-06,0.0001389477009740791,0.03715398442399597,0.029473525202536002,0.07444242510778631,-0.029473525202536002,0.06855203527156759
19,implicit_initial_bias,0,57,U_R/shoulder_lift_joint,controlled26,8,8.014540378292544e-05,6.293808181179195e-05,0.00014140073812196619,-1.669436511542166e-05,0.0001372476088578711,0.02722681841009261,0.026577900732138077,0.04092845927438991,-0.026577900732138077,0.03711383985030698
19,implicit_initial_bias,0,58,U_R/elbow_joint,controlled26,8,0.0002321273528099979,0.00022564564126043019,0.00028235438386414735,-0.00022564564126043019,0.0002774414525130497,0.061054418598272805,0.05996655104069029,0.07999985897438368,0.05996655104069029,0.07420778075035526
19,implicit_initial_bias,0,59,U_R/wrist_1_joint,controlled26,8,0.00044358393876444774,0.0001846193061917356,0.001251653532097663,0.00017318022850465464,0.0008295895046253937,0.08612155496675501,0.041384557487311756,0.23998710724604233,0.01861221932419882,0.16815188436793974
19,implicit_initial_bias,0,60,U_R/wrist_2_joint,controlled26,8,0.00028087942621332374,0.00012085422298802051,0.0007868016862211391,7.661373942924321e-05,0.0005481870500020577,0.0602021147937287,0.026596109232137052,0.16721082931016273,0.015206598095403633,0.11822211140517133
19,implicit_initial_bias,0,61,U_R/wrist_3_joint,controlled26,8,2.3992598861516766e-05,1.4714482044930755e-05,4.8350137225483536e-05,-1.1559153529572264e-05,4.7390040111316976e-05,0.008365663361620881,0.004103817511209498,0.02122112693535657,-0.004103817511209498,0.017452979640755262
19,implicit_initial_bias,0,62,U_R/right_index_1_joint,hand48,8,0.0037851851253949517,0.0036244552860462634,0.004150774241794289,0.0036244552860462634,0.00413799448751361,0.2651898806242297,0.2595261476955928,0.32473286222212844,0.2595261476955928,0.30767346790022554
19,implicit_initial_bias,0,63,U_R/right_little_1_joint,hand48,8,0.0034871510126377164,0.003430915954387999,0.004187353764793553,0.003430915954387999,0.004019045699455134,0.1923561286766036,0.18900940770544075,0.27672227438076324,0.18900940770544075,0.24773025383158612
19,implicit_initial_bias,0,64,U_R/right_middle_1_joint,hand48,8,0.0044666739882332955,0.004336361949302927,0.004830050361427876,0.004336361949302927,0.004823504503635054,0.326750010881441,0.3217521579317226,0.4111588835836986,0.3217521579317226,0.38790722651164955
19,implicit_initial_bias,0,65,U_R/right_ring_1_joint,hand48,8,0.004221700862611709,0.0041306452103334855,0.004813586389026368,0.0041306452103334855,0.004703414869697795,0.28551924753757385,0.281665965755278,0.3800815529525343,0.281665965755278,0.35098134263086034
19,implicit_initial_bias,0,66,U_R/right_thumb_1_joint,hand48,8,3.1047523482458325e-05,2.6932260555216636e-05,6.604620315286969e-05,-1.0420709766999214e-05,5.4442924830033754e-05,0.011269566338499386,0.01030751676947977,0.019290261312071587,0.0015831466194634327,0.017627714751117952
19,implicit_initial_bias,0,67,U_R/right_index_2_joint,hand48,8,0.0002583256227230719,0.0001288426851191113,0.0006604731766336469,0.00011386711649039039,0.0005379356752433963,0.004964405174303587,0.004035985255390729,0.00936140456886231,-0.004035985255390729,0.008631919381722603
19,implicit_initial_bias,0,68,U_R/right_little_2_joint,hand48,8,0.0003068108011247247,0.00016251063213224524,0.0007720466765120393,0.00015949581330410197,0.0006390830094739874,0.0046450698774710645,0.002874922308203679,0.0088738376537276,-0.002819795201992014,0.00850218685469975
19,implicit_initial_bias,0,69,U_R/right_middle_2_joint,hand48,8,0.00025782627016072697,0.00015089658814686907,0.0006351049635252015,0.00015089658814686907,0.0005336084560439018,0.0033271641740382834,0.0021560734688780784,0.006099478066605471,-0.0018901936068700439,0.0058442826016416845
19,implicit_initial_bias,0,70,U_R/right_ring_2_joint,hand48,8,0.00030236223755297027,0.00019665671601717082,0.0007244875085000296,0.00019665671601717082,0.0006171489340520206,0.003272868296939511,0.00310473356636454,0.005091642625109116,-0.00013870431340850392,0.004867622445147668
19,implicit_initial_bias,0,71,U_R/right_thumb_2_joint,hand48,8,0.0004259490019892333,0.00036984543512994655,0.0007905436402384364,-0.00036984543512994655,0.0006880187858499286,0.024346902028058764,0.018852323360031308,0.04873482153480565,0.014730713573664053,0.043039842279271746
19,implicit_initial_bias,0,72,U_R/right_thumb_3_joint,hand48,8,0.002713218816136123,0.0025410513784148957,0.004683635226178734,-0.0025410513784148957,0.004107985685415246,0.09063994541414414,0.07703788207394995,0.17117111765978982,-0.04381200899761978,0.151857407097122
19,implicit_initial_bias,0,73,U_R/right_thumb_4_joint,hand48,8,3.327651950283412e-05,3.278235970149545e-05,3.877729448775041e-05,3.278235970149545e-05,3.797326791690238e-05,0.002291503420687683,0.0022568703418991923,0.00303818541413397,0.0022568703418991923,0.0028993381165601296
19,implicit_initial_bias,1,0,F_L/fr3_joint1,controlled26,8,8.107587349883006e-05,5.277795476193309e-05,0.00017811205633519456,3.608350541117744e-05,0.00015957783860671146,0.007695779860976461,0.0038570111319286495,0.020986098150556746,0.0016688145300354112,0.01528791758675278
19,implicit_initial_bias,1,1,F_L/fr3_joint2,controlled26,8,6.672956847115577e-05,3.9034682439986756e-05,0.00013598675938242266,-2.4901486166295506e-05,0.00013020120556470614,0.003607949463177564,0.0022317652694113545,0.007023482125394415,0.0011714335423691003,0.006871522974110961
19,implicit_initial_bias,1,2,F_L/fr3_joint3,controlled26,8,8.343492579696105e-05,5.467602634262603e-05,0.00017671731936119706,5.467602634262603e-05,0.0001559897406420929,0.0025251097517362945,0.0016342400494222616,0.0047976515216621995,-0.0014087520444358373,0.0047596568288216555
19,implicit_initial_bias,1,3,F_L/fr3_joint4,controlled26,8,7.988947053141703e-05,4.7863036037820716e-05,0.0001988988225853916,4.7863036037820716e-05,0.00015837328543093492,0.008868865653544625,0.0045248920682519345,0.024071097903694126,-0.0045248920682519345,0.017441949573349044
19,implicit_initial_bias,1,4,F_L/fr3_joint5,controlled26,8,6.660769167848342e-05,3.4770924356497535e-05,0.00017829558291060366,3.447901223724292e-05,0.0001348188162361818,0.0011904842707790933,0.0008058609071116392,0.002470410048174748,0.0007992209129734857,0.002158819295026273
19,implicit_initial_bias,1,5,F_L/fr3_joint6,controlled26,8,3.201580738543911e-05,2.0455653316264755e-05,6.943974306983236e-05,-2.0455653316264755e-05,6.1013069172899376e-05,0.0015748641088013278,0.0006886589365072389,0.00439995772670599,0.0006613695986754824,0.0030818115235886553
19,implicit_initial_bias,1,6,F_L/fr3_joint7,controlled26,8,9.757265600855086e-05,5.2627506814062475e-05,0.00025789286311228565,1.9122452982411886e-05,0.00019529248449449136,0.0005210135622690447,0.0003559251173988056,0.0012937010995653544,0.0002215799047009557,0.0010112625640601022
19,implicit_initial_bias,1,7,F_L/left_index_1_joint,hand48,8,0.005019024497707756,0.002644814820528845,0.013615337859492926,0.0015395357760929346,0.009723229142533107,0.0927655798100522,0.04381110387992887,0.25762118319503235,0.041522395286664855,0.18273561998245458
19,implicit_initial_bias,1,8,F_L/left_middle_1_joint,hand48,8,0.00512554639636611,0.0026997987319661732,0.013907688511686264,0.0016747150481950645,0.010034815010404086,0.10554353913534162,0.05030243051853705,0.292055509731309,0.04955685336977637,0.2083164819002622
19,implicit_initial_bias,1,9,F_L/left_pinky_1_joint,hand48,8,0.00217362483142897,0.000917838630765215,0.006109249309728462,0.0008027784539369684,0.004140316585672939,0.023042786410192764,0.016169492484504507,0.05027012791520598,0.016169492484504507,0.04466925022865856
19,implicit_initial_bias,1,10,F_L/left_ring_1_joint,hand48,8,0.004623356191102876,0.002301429930625612,0.012715347380796285,0.0015873725219308112,0.009040018452779443,0.08382973504634401,0.046079463061774954,0.22573770537322924,0.046079463061774954,0.1656895515344195
19,implicit_initial_bias,1,11,F_L/left_thumb_1_joint,hand48,8,8.748129738821763e-05,4.757344302058937e-05,0.00023613894045004802,-2.83492309517009e-05,0.00017048157807775162,0.003886037987788905,0.0017813648933310096,0.010866427438572444,-0.001419066928726616,0.0074902528282789855
19,implicit_initial_bias,1,12,F_L/left_index_2_joint,hand48,8,1.3332450786002495e-06,1.2166912208358416e-06,2.336343119996309e-06,-1.2166912208358416e-06,2.1536043151137994e-06,0.0002454042425617435,0.00014883591098856173,0.0006268904602387854,5.3114445488567686e-05,0.00047383471445978904
19,implicit_initial_bias,1,13,F_L/left_middle_2_joint,hand48,8,6.465498667506913e-05,3.4713035413870205e-05,0.0001739203484622115,1.7286367845868386e-05,0.00012557370985134743,0.001356669921787014,0.0006705897827358703,0.00372686874872211,0.0005528680847376178,0.0026983307346353513
19,implicit_initial_bias,1,14,F_L/left_pinky_2_joint,hand48,8,7.881041602374634e-05,4.2250431558559474e-05,0.00021272848964613844,2.3093526020485054e-05,0.00015167510720164615,0.0012182966547824093,0.0006094280281215582,0.0033500994652551665,0.000578426016603417,0.0024223478992608776
19,implicit_initial_bias,1,15,F_L/left_ring_2_joint,hand48,8,0.00014491094809752737,7.521925931209487e-05,0.0003948750464291828,4.2676438782955455e-05,0.0002804672356961727,0.0020641205120661144,0.0011128609134567974,0.0055805339922739665,0.0011128609134567974,0.00409102728695854
19,implicit_initial_bias,1,16,F_L/left_thumb_2_joint,hand48,8,0.0002848354104437417,0.00019859467516059135,0.0005041786022168745,0.00018249169930583797,0.0004997367185804715,0.008676585153015363,0.0050483091496015715,0.022841045410862675,0.004001747239438807,0.017500917050719905
19,implicit_initial_bias,1,17,F_L/left_thumb_3_joint,hand48,8,0.0014441676832565656,0.0010043673736501151,0.0026777654243918397,0.0009159795104647633,0.00261340937870067,0.049623033459875655,0.030532616717505776,0.1254000875950542,0.024684519355747912,0.09918715839032294
19,implicit_initial_bias,1,18,F_L/left_thumb_4_joint,hand48,8,4.579598721374934e-06,2.2889076105193223e-06,1.2620324269824179e-05,-1.272246535835228e-06,8.876058446186102e-06,5.007214079379994e-05,3.073408245857738e-05,0.00012860418402907254,-1.4169635486907508e-06,9.910774247166919e-05
19,implicit_initial_bias,1,19,F_R/fr3_joint1,controlled26,8,5.826037606345471e-05,4.865800429990075e-05,9.978233523866287e-05,4.594652763470486e-05,9.491142905986293e-05,0.001517748373918792,0.0013891739884341905,0.002149027932597237,0.0013446269646363146,0.002139849575029166
19,implicit_initial_bias,1,20,F_R/fr3_joint2,controlled26,8,0.00022996986198569697,0.00021212470414366802,0.0003819496786650056,-0.00021212470414366802,0.00034720895774400514,0.0047541134605411555,0.00441443467124689,0.007045220463192475,-0.00441443467124689,0.006742470311884757
19,implicit_initial_bias,1,21,F_R/fr3_joint3,controlled26,8,6.385370326920067e-05,3.350942460766948e-05,0.00016719286023270108,-3.280662987392713e-05,0.0001269887246019618,0.006078495946344292,0.004176686224833265,0.014106563346679604,-0.004176686224833265,0.012214221997833011
19,implicit_initial_bias,1,22,F_R/fr3_joint4,controlled26,8,3.6533274419355394e-05,2.561767152867156e-05,8.988217455496716e-05,-5.662307915738074e-06,7.075662358866361e-05,0.001221254903882865,0.000764326034995873,0.0027177217650586998,-3.0609289012073406e-05,0.0023142285007305536
19,implicit_initial_bias,1,23,F_R/fr3_joint5,controlled26,8,7.414251759576614e-05,6.152726220086391e-05,0.00013904061140579405,-6.152726220086391e-05,0.0001276306414477568,0.005181373516450425,0.004591932675960878,0.009471978030414333,-0.004591932675960878,0.008639747366318737
19,implicit_initial_bias,1,24,F_R/fr3_joint6,controlled26,8,2.218673013257631e-05,1.2016985545204584e-05,5.6676503870090045e-05,8.719969870951694e-06,4.603468874364579e-05,0.00045859375473559133,0.0004094280608816627,0.0008885602810910533,-0.0001872879906088994,0.0007688453969030142
19,implicit_initial_bias,1,25,F_R/fr3_joint7,controlled26,8,3.3310459128891655e-05,2.9883004024511273e-05,5.3776049115272784e-05,2.9883004024511273e-05,5.233550148932009e-05,0.002421894620349981,0.0021992999695504313,0.00399335861523431,0.0021992999695504313,0.0037167395656314615
19,implicit_initial_bias,1,26,F_R/right_index_1_joint,hand48,8,0.002482361978658244,0.0022983429883934488,0.003848720865009536,-0.0022983429883934488,0.003563204531502761,0.1680976060487979,0.1550611216558918,0.24551583998068494,-0.1550611216558918,0.2446875137533591
19,implicit_initial_bias,1,27,F_R/right_middle_1_joint,hand48,8,0.0029255475471093115,0.0026915232079433547,0.004573873841364956,-0.0026915232079433547,0.004266021389398414,0.19680575329160382,0.1825100379679768,0.28340425916776013,-0.1825100379679768,0.28215079927485504
19,implicit_initial_bias,1,28,F_R/right_pinky_1_joint,hand48,8,0.002198808094738071,0.001983380158316648,0.00342901419183983,-0.001983380158316648,0.003158549278420102,0.15133551677148863,0.13902218991951362,0.22333258032120312,-0.13902218991951362,0.22258761970910726
19,implicit_initial_bias,1,29,F_R/right_ring_1_joint,hand48,8,0.0025506772054308896,0.0023161243879524143,0.004039500901071386,-0.0023161243879524143,0.003746076182432297,0.17504059032021477,0.1617169690095737,0.25418602371803667,-0.1617169690095737,0.2537150872821004
19,implicit_initial_bias,1,30,F_R/right_thumb_1_joint,hand48,8,2.948148356437229e-05,2.7854473346927526e-05,4.2947897163615745e-05,2.7854473346927526e-05,4.026700208475536e-05,0.0022060995672679756,0.00203085179997233,0.0034508478650419816,0.00203085179997233,0.0033037861330811567
19,implicit_initial_bias,1,31,F_R/right_index_2_joint,hand48,8,7.856115429072134e-06,7.3425650376941765e-06,1.20364876394774e-05,7.3425650376941765e-06,1.1384281264809059e-05,8.564780934801653e-05,4.2542422288114186e-05,0.00023747196961245972,2.654938630898283e-05,0.00016797012291967363
19,implicit_initial_bias,1,32,F_R/right_middle_2_joint,hand48,8,1.4527806254311573e-05,1.3047307731583677e-05,2.3620749232552973e-05,-1.3047307731583677e-05,2.1823171558129486e-05,0.001450954041285016,0.001354807792501543,0.002154638107728212,-0.001354807792501543,0.002058099882619041
19,implicit_initial_bias,1,33,F_R/right_pinky_2_joint,hand48,8,1.1140788243238866e-05,1.0020296997391431e-05,1.7894535117968235e-05,-1.0020296997391431e-05,1.663107931376764e-05,0.0009475806723026806,0.0008788994276239387,0.0014052645089163195,-0.0008788994276239387,0.0013651946271265886
19,implicit_initial_bias,1,34,F_R/right_ring_2_joint,hand48,8,3.9501773950620064e-05,3.5846217732015545e-05,6.152885347035508e-05,-3.5846217732015545e-05,5.681929528611115e-05,0.0030547395529228615,0.0028277849255306606,0.004505755127047004,-0.0028277849255306606,0.004421694028563517
19,implicit_initial_bias,1,35,F_R/right_thumb_2_joint,hand48,8,0.0003074864303021764,0.0002660033181543708,0.0004954060844688454,0.00026243306347785173,0.0004847318899731639,0.019089319637090443,0.01769921846604293,0.029275132258434013,0.01769921846604293,0.02813736243726252
19,implicit_initial_bias,1,36,F_R/right_thumb_3_joint,hand48,8,0.0031912250115703157,0.002731747674917356,0.005188779232492953,0.0027103629528838716,0.005070206782858132,0.1959106945843553,0.18149376809621737,0.30022511453946404,0.18149376809621737,0.2895361865065842
19,implicit_initial_bias,1,37,F_R/right_thumb_4_joint,hand48,8,9.838401728527275e-06,8.999910313927523e-06,1.4915636431717116e-05,-8.999910313927523e-06,1.4011311306483252e-05,0.0005934038594036589,0.0005404184352145295,0.0009009011367260419,-0.0005404184352145295,0.0008921241407422824
19,implicit_initial_bias,1,38,U_L/shoulder_pan_joint,controlled26,8,0.00024805279178764816,0.0002130693011803131,0.0005161761627254791,-0.0002130693011803131,0.00043924843521001553,0.03253844790337182,0.03009806030898428,0.05209335378763269,-0.03009806030898428,0.0514279745875854
19,implicit_initial_bias,1,39,U_L/shoulder_lift_joint,controlled26,8,0.0002784767235536784,0.00026591193126679347,0.00039287536515431043,0.00026591193126679347,0.0003795950157027938,0.051464691696358054,0.05056777673257726,0.06743158306199676,-0.05056777673257726,0.06717105502194441
19,implicit_initial_bias,1,40,U_L/elbow_joint,controlled26,8,0.0003104819982717967,0.00029022215797805395,0.00035620114831691474,-0.000282436628021715,0.0003547418697394278,0.0890535867960068,0.08830650284356675,0.10921014772823492,0.08830650284356675,0.10851012417403995
19,implicit_initial_bias,1,41,U_L/wrist_1_joint,controlled26,8,0.00016219998221253057,9.98760369202989e-05,0.00038778302895980943,-9.98760369202989e-05,0.0003337632385569388,0.003635111353915467,0.003059357801232107,0.007416465269875605,0.003059357801232107,0.006611174300117458
19,implicit_initial_bias,1,42,U_L/wrist_2_joint,controlled26,8,0.00014546262380764783,7.359921576621797e-05,0.0003578822694345618,6.646911436625214e-05,0.0003034603430158266,0.002750570052508202,0.002026145566178274,0.0063104229119566035,-0.0017512739564016291,0.005432218654086862
19,implicit_initial_bias,1,43,U_L/wrist_3_joint,controlled26,8,0.0001442795640196731,7.074361265735352e-05,0.00035619280338883286,6.807449742018967e-05,0.00030120319512521026,0.001601287972434461,0.0009314990526249043,0.00410160111367136,-0.0009314990526249043,0.003259522398238429
19,implicit_initial_bias,1,44,U_L/left_index_1_joint,hand48,8,0.008379853893804424,0.008332945501699067,0.009536512224974203,-0.008332945501699067,0.009420168573232454,0.35942252648880224,0.3575726670949426,0.4208358970178805,-0.3575726670949426,0.41473385657113687
19,implicit_initial_bias,1,45,U_L/left_little_1_joint,hand48,8,0.007035827827785099,0.0069745199666354386,0.008841830710743445,-0.0069745199666354386,0.008379811048482335,0.248288506961082,0.24658526019529642,0.2931491474215196,-0.24658526019529642,0.29058485802717937
19,implicit_initial_bias,1,46,U_L/left_middle_1_joint,hand48,8,0.009108471595114274,0.009057658991671939,0.010387663898117731,-0.009057658991671939,0.01023993622228701,0.3904174806182384,0.38820450216265445,0.46162606672569817,-0.38820450216265445,0.4536911423402316
19,implicit_initial_bias,1,47,U_L/left_ring_1_joint,hand48,8,0.008527291740565292,0.00847057967170431,0.010138489946027895,-0.00847057967170431,0.00982336101309438,0.3427011808262908,0.34055707365756877,0.4076753186354561,-0.34055707365756877,0.40078151399755385
19,implicit_initial_bias,1,48,U_L/left_thumb_1_joint,hand48,8,7.652503089081888e-05,7.543240922384259e-05,9.264776564066324e-05,7.543240922384259e-05,9.207077700026933e-05,0.0027511646052176836,0.002482014996883566,0.0044234640841515245,0.002482014996883566,0.004043873072547398
19,implicit_initial_bias,1,49,U_L/left_index_2_joint,hand48,8,0.0001253136808891246,7.701319111749934e-05,0.00025628398744233227,-3.5547100064434525e-05,0.00023446960388740705,0.004596106818182836,0.0024603140301876613,0.010576438686509624,0.0020747483109210063,0.009469898481251684
19,implicit_initial_bias,1,50,U_L/left_little_2_joint,hand48,8,3.235750126580007e-05,3.0042760076197383e-05,5.29767592060415e-05,-3.0042760076197383e-05,4.6991844977073416e-05,0.0012572114139500431,0.0012203690829503864,0.0017476739548261478,-0.0012203690829503864,0.0017170496916041988
19,implicit_initial_bias,1,51,U_L/left_middle_2_joint,hand48,8,0.00013456968077972292,0.00010436164964382037,0.00027169417967909393,-9.718093278101962e-05,0.000255632614398988,0.0034741399756088656,0.003277335053760524,0.005845408107840854,-0.0009670672497897389,0.0052705599149040425
19,implicit_initial_bias,1,52,U_L/left_ring_2_joint,hand48,8,0.0001248027623458514,0.00011775514737872618,0.00019555860645976975,-0.00011775514737872618,0.00018978102597618575,0.003535005369664725,0.003145035266768665,0.005083661306352125,-0.0031229028809662157,0.004874787903049196
19,implicit_initial_bias,1,53,U_L/left_thumb_2_joint,hand48,8,0.001122831776581228,0.0011085741902913029,0.00139056045536598,0.0011085741902913029,0.0013827996109033777,0.050680634837127196,0.050574803071426346,0.05701466696975379,0.050574803071426346,0.05554340449067913
19,implicit_initial_bias,1,54,U_L/left_thumb_3_joint,hand48,8,0.005744176075900969,0.005682248823655872,0.007074765414992981,0.005682248823655872,0.006984271224879832,0.257435488240377,0.2571849355764833,0.2772824971967234,0.2571849355764833,0.27590401825509164
19,implicit_initial_bias,1,55,U_L/left_thumb_4_joint,hand48,8,8.558771264365538e-06,8.478017192167092e-06,1.073809588215957e-05,-8.478017192167092e-06,1.0189870207152895e-05,0.00040427265893716537,0.0004020387274906319,0.00046332671545500374,-0.0004020387274906319,0.0004561495030124517
19,implicit_initial_bias,1,56,U_R/shoulder_pan_joint,controlled26,8,0.0002136700564646317,0.00015877759865523533,0.0004896889411187821,-0.0001217643420912129,0.0004071100117661429,0.025270417760361243,0.022551711599490563,0.047370755665314235,-0.022551711599490563,0.042249632441550444
19,implicit_initial_bias,1,57,U_R/shoulder_lift_joint,controlled26,8,0.0001588023298614836,0.00013589286228432584,0.0002869954868751634,-9.952889285314015e-05,0.0002661079543166522,0.03222976853570318,0.03211618005665385,0.03763397106547155,-0.03211618005665385,0.03644045913614575
19,implicit_initial_bias,1,58,U_R/elbow_joint,controlled26,8,0.0003119714550554319,0.0003070486745861689,0.00038438110044647367,-0.0003070486745861689,0.0003765556318177987,0.08040362952846156,0.07993445975797783,0.08829513973805173,0.07993445975797783,0.08694327165448516
19,implicit_initial_bias,1,59,U_R/wrist_1_joint,controlled26,8,0.0010235151439715816,0.00040747708115596026,0.0028910421186232327,0.0003815897454224615,0.001915419647131998,0.108512031131111,0.048080698304053,0.30543900677514946,0.031825533146500225,0.2035004260633192
19,implicit_initial_bias,1,60,U_R/wrist_2_joint,controlled26,8,0.0006529366267229588,0.00027425808525505246,0.001834509585123989,0.00018436931102594478,0.0012633398856014102,0.07919475131464378,0.03051545962334576,0.22315798555578797,0.03013515943431896,0.1518092600089536
19,implicit_initial_bias,1,61,U_R/wrist_3_joint,controlled26,8,4.6115499158786666e-05,2.599908365386039e-05,0.00010140157305649211,-2.599908365386039e-05,9.43782056864073e-05,0.0006877406608004599,0.00044018460348413824,0.0017857987313457256,-0.0002166790886068632,0.001372599792052612
19,implicit_initial_bias,1,62,U_R/right_index_1_joint,hand48,8,0.00750877112217049,0.00741376111828951,0.007975941907850267,0.00741376111828951,0.007964984244207392,0.2344055420399393,0.23396697563399668,0.24919460930917853,0.23396697563399668,0.24807464036188312
19,implicit_initial_bias,1,63,U_R/right_little_1_joint,hand48,8,0.006726719139835473,0.006699755973163422,0.007631863832047545,0.006699755973163422,0.007400259867190009,0.14295895209997286,0.13773982126078615,0.18119203468698164,0.13773982126078615,0.17272621203859093
19,implicit_initial_bias,1,64,U_R/right_middle_1_joint,hand48,8,0.00876871648942215,0.008692369369922277,0.009474603041908003,0.008692369369922277,0.009419386509761991,0.28243981639607835,0.28077467775356757,0.31275561258041384,0.28077467775356757,0.3089849092385377
19,implicit_initial_bias,1,65,U_R/right_ring_1_joint,hand48,8,0.008223218199156872,0.008173975779858999,0.009138127236526586,0.008173975779858999,0.008969771971835605,0.23462284006373804,0.23166558067698037,0.2744653995297441,0.23166558067698037,0.2671437455412238
19,implicit_initial_bias,1,66,U_R/right_thumb_1_joint,hand48,8,4.869349875089629e-05,4.8040975566120137e-05,5.262187586202449e-05,-3.491890578501827e-05,5.257511700385853e-05,0.0070625842728964305,0.006331736088155799,0.008701009551911026,-0.005835521510949685,0.008629505885918659
19,implicit_initial_bias,1,67,U_R/right_index_2_joint,hand48,8,0.00023187224004471364,0.00011727181007290324,0.0006036970171386102,9.583840587547646e-05,0.00047946340746931443,0.004620946851930643,0.0035040074061672795,0.008633026530628028,-0.0035040074061672795,0.008344388302424937
19,implicit_initial_bias,1,68,U_R/right_little_2_joint,hand48,8,0.0002893556508597227,0.00016831685234715808,0.0007329958193064839,0.00016345961854963807,0.0005976002543976627,0.004460201680986315,0.0027274648209306782,0.008799378848347144,-0.002702643345577272,0.008296795991149497
19,implicit_initial_bias,1,69,U_R/right_middle_2_joint,hand48,8,0.00026179240888000066,0.0001804566181390849,0.0006279151031716584,0.0001804566181390849,0.0005257595372848612,0.00340531087589339,0.0024370818692806898,0.006696050728875114,-0.0016189638526506306,0.006172153920959522
19,implicit_initial_bias,1,70,U_R/right_ring_2_joint,hand48,8,0.00032860416688410124,0.0002541435343680516,0.0007413525914117258,0.0002541435343680516,0.0006335554690144676,0.0034331470405161357,0.003155958545024343,0.00611253671311134,-0.0003780578000127093,0.005428427929448868
19,implicit_initial_bias,1,71,U_R/right_thumb_2_joint,hand48,8,0.0007750601066186461,0.0006938070636481018,0.0012033495470168964,-0.0006938070636481018,0.0011376900299093064,0.02084817433192957,0.016734679825481144,0.04036231254261603,0.01555653142314937,0.035234108249051856
19,implicit_initial_bias,1,72,U_R/right_thumb_3_joint,hand48,8,0.00483169845465701,0.004652711694488644,0.007046217250085085,-0.004652711694488644,0.0065173825085726176,0.060637191134751904,0.0506825625562361,0.09926590171978725,-0.019142519791049795,0.093620590687443
19,implicit_initial_bias,1,73,U_R/right_thumb_4_joint,hand48,8,6.401048815905615e-05,6.374933849779846e-05,7.070350970208444e-05,6.374933849779846e-05,6.900826867031161e-05,0.0018057704308793985,0.001798444038243829,0.0020168033840284112,0.001798444038243829,0.001983912116964253
19,explicit_saturated_diagnostic,both,0,F_L/fr3_joint1,controlled26,16,0.004891609189584215,0.003395028598365551,0.010019680828356442,0.0019009849875548743,0.00938958957961274,0.5705793348658793,0.3958712403527092,1.138072200626122,0.24023562226210685,1.0803884283757308
19,explicit_saturated_diagnostic,both,1,F_L/fr3_joint2,controlled26,16,0.003979542962837037,0.0028516411016291654,0.008806054099803173,-0.0018477617331672247,0.007337894093084607,0.51116876415998,0.36776105966622863,1.0831981197908775,-0.22266742069137324,0.9439685273316245
19,explicit_saturated_diagnostic,both,2,F_L/fr3_joint3,controlled26,16,0.008413037459377269,0.005632862295387092,0.018567775922137653,-0.00329296446262084,0.016731174238707736,1.0339310233138879,0.694503323793213,2.293252428026795,-0.420760949474788,2.0327237622712113
19,explicit_saturated_diagnostic,both,3,F_L/fr3_joint4,controlled26,16,0.003973484597034304,0.0028508095039349313,0.007718458126160677,0.0010900260111001703,0.00717533166448725,0.5333953199881036,0.3878079820491136,1.140955058172879,0.08103716658927856,0.9804781688911695
19,explicit_saturated_diagnostic,both,4,F_L/fr3_joint5,controlled26,16,0.14468971064359198,0.10157741207317847,0.2646163567978297,0.07390543634417715,0.2624714199501963,18.07679403527978,12.906269537712976,31.94392779188211,9.067258556238084,31.59033664013443
19,explicit_saturated_diagnostic,both,5,F_L/fr3_joint6,controlled26,16,0.04600515585128409,0.03227579648910987,0.10646166107351629,-0.01877189334514738,0.09697964244389168,5.964756327512288,4.272866901346356,13.153920374515929,-2.423377793038215,11.783050651610523
19,explicit_saturated_diagnostic,both,6,F_L/fr3_joint7,controlled26,16,0.534566664419998,0.39129859287350366,1.207356269419681,-0.24510984279907924,0.9323071968521466,72.0639918796691,52.97909112288729,150.4629320795895,-31.5635987527944,122.10264930450552
19,explicit_saturated_diagnostic,both,7,F_L/left_index_1_joint,hand48,16,38.098294615259924,26.150970705668108,60.82907918801315,-10.292644822217163,60.659035360537345,4601.52497988052,3157.6143827572514,7304.596262235754,-1250.2574780237635,7288.82679364529
19,explicit_saturated_diagnostic,both,8,F_L/left_middle_1_joint,hand48,16,36.62160976629978,25.392229175528307,56.73528081046529,-15.51163922706897,56.69775111676685,4423.961324629873,3066.5467441813407,6814.407824244136,-1878.7817889468292,6813.717543991018
19,explicit_saturated_diagnostic,both,9,F_L/left_pinky_1_joint,hand48,16,41.35033135532476,29.256600811393092,61.47464266609831,-21.492580451617833,61.38011014611778,4984.431655754867,3526.187384862851,7386.320621959535,-2586.9255117657467,7371.618593540275
19,explicit_saturated_diagnostic,both,10,F_L/left_ring_1_joint,hand48,16,40.43580802285088,28.738943682052515,58.89082071568542,-21.140337522319918,58.76853126377047,4882.3898982917935,3469.9082722611547,7077.114352111284,-2552.9677048566373,7076.663001567307
19,explicit_saturated_diagnostic,both,11,F_L/left_thumb_1_joint,hand48,16,0.7470466396252126,0.4449889618126149,1.799497903360524,0.05635117234147807,1.603025315210962,104.74643872597676,60.27835820136491,260.0992565604506,9.396179436123184,227.63365084833015
19,explicit_saturated_diagnostic,both,12,F_L/left_index_2_joint,hand48,16,99.08556945909251,67.66405850072857,156.78789527422586,26.740887393936415,156.5058565534619,11955.464876299156,8162.4939043241575,18826.22797902764,3244.357213430311,18802.85868865328
19,explicit_saturated_diagnostic,both,13,F_L/left_middle_2_joint,hand48,16,90.126784849768,62.809578830119946,138.23249085490318,37.3968287901048,138.07783714591875,10874.867322778382,7577.819864246767,16599.29423793232,4524.713815870384,16591.951362851178
19,explicit_saturated_diagnostic,both,14,F_L/left_pinky_2_joint,hand48,16,132.4817987150528,93.58646988249922,194.13592328700707,69.12725177526447,194.0762072166848,15925.837221776786,11249.66790113858,23314.66669416951,8308.226641985428,23301.642813561077
19,explicit_saturated_diagnostic,both,15,F_L/left_ring_2_joint,hand48,16,104.03799820402455,73.82155536280504,150.29017857690792,54.474539944731106,150.26684042385315,12538.02364579172,8896.46289245953,18057.259651024342,6570.446187585736,18045.89020682207
19,explicit_saturated_diagnostic,both,16,F_L/left_thumb_2_joint,hand48,16,16.85886436082845,11.57088848967188,26.926917431729763,-1.6150231959055386,26.7837550051055,2034.2954354401077,1395.7047845231639,3240.556408444601,-187.36110591676112,3225.4796451004995
19,explicit_saturated_diagnostic,both,17,F_L/left_thumb_3_joint,hand48,16,185.23911084368143,124.4147724590834,286.64067160251903,15.2588351614487,286.27724466334575,22320.638201651862,14990.066737755875,34430.13773690771,1782.4706202605887,34419.878359086375
19,explicit_saturated_diagnostic,both,18,F_L/left_thumb_4_joint,hand48,16,284.1563727910016,194.97136797918876,431.78271752791943,-19.93572321598936,431.06667152633213,34208.91313167755,23470.20488126359,51854.37607914661,-2334.806690820312,51808.462194028805
19,explicit_saturated_diagnostic,both,19,F_R/fr3_joint1,controlled26,16,0.013793434658533745,0.0096772400206966,0.0318665811440193,0.005276735142501057,0.028343546697772615,1.908683041366007,1.2889407846304546,4.439393369880542,0.6570600566797438,3.978223225165153
19,explicit_saturated_diagnostic,both,20,F_R/fr3_joint2,controlled26,16,0.02453649137342043,0.015957226121600734,0.06323518758188484,0.014364797688541361,0.05571611495135842,3.1217396395742054,2.009794755336459,8.29038430289632,1.828383705011737,7.049392223657033
19,explicit_saturated_diagnostic,both,21,F_R/fr3_joint3,controlled26,16,0.1008856161626892,0.06667628847727483,0.24275892262600585,0.06194437038742118,0.2241722358944654,12.691251916620123,8.285953392068922,31.634606569081356,7.714909592133488,28.350753840767357
19,explicit_saturated_diagnostic,both,22,F_R/fr3_joint4,controlled26,16,0.037997217466606004,0.027699511636601767,0.0908834060861341,-0.01734911420772342,0.08051697504880584,5.387667475654677,3.7852010483312735,13.062272214751161,-2.165488134235127,11.392904725018035
19,explicit_saturated_diagnostic,both,23,F_R/fr3_joint5,controlled26,16,0.12694442222236388,0.09106523154658158,0.22166658771842673,-0.07826568243302451,0.19847381429902222,15.413729697776967,11.487533379051213,27.249093087089033,-9.954974304014044,24.114028288994078
19,explicit_saturated_diagnostic,both,24,F_R/fr3_joint6,controlled26,16,0.023307643534156354,0.013004010401305971,0.0769370451656366,-0.012972144204726727,0.04962707564465185,2.61126278648118,1.3308347184178013,9.26388025306563,-1.3251679775956795,5.069494836203834
19,explicit_saturated_diagnostic,both,25,F_R/fr3_joint7,controlled26,16,0.48233786903041986,0.3594110308089836,0.7673493390210866,-0.21915706754868583,0.7564002252431965,68.8118855823518,56.65440861763142,102.4473600307641,-28.311875048130265,94.95088504188692
19,explicit_saturated_diagnostic,both,26,F_R/right_index_1_joint,hand48,16,29.332250160896773,20.542445103647967,44.48718375487396,20.03979305166851,44.473365699331694,3564.620118791992,2494.775771895292,5422.814111349871,2434.435908466823,5376.142419558901
19,explicit_saturated_diagnostic,both,27,F_R/right_middle_1_joint,hand48,16,38.709933736939156,27.742721183830284,55.69268793763229,26.991069892939308,55.36588761943248,4708.892206966675,3374.3771019428527,6723.759889531715,3284.142133193181,6693.526469088231
19,explicit_saturated_diagnostic,both,28,F_R/right_pinky_1_joint,hand48,16,47.737995065092036,34.161425803882,68.15922517849867,24.96640295743898,67.97830834817029,5798.119970658057,4148.63864482877,8249.626971453845,3036.629285883695,8234.65288362639
19,explicit_saturated_diagnostic,both,29,F_R/right_ring_1_joint,hand48,16,33.13133485877595,23.72174977952473,47.342138411839066,17.26258651216149,47.2863668272867,4026.3010237141116,2882.4154489973025,5744.122156428368,2105.4205078868913,5723.308274063512
19,explicit_saturated_diagnostic,both,30,F_R/right_thumb_1_joint,hand48,16,1.2007583321714879,0.9419106813458569,2.1864115250183827,-0.49431986417693285,2.0013003064526504,176.96372060433913,131.64173205214283,392.7846820971296,-61.6282233344878,331.86089176773055
19,explicit_saturated_diagnostic,both,31,F_R/right_index_2_joint,hand48,16,77.48420226186843,54.42394366518762,117.39212711054158,-53.31003233823375,116.37301845183552,9396.078849260684,6597.971691068851,14160.669407927357,-6464.29726114372,14053.277605646408
19,explicit_saturated_diagnostic,both,32,F_R/right_middle_2_joint,hand48,16,95.85142120962833,68.57724682561968,137.87851226471452,-66.95515444022723,137.4754510069395,11639.632136614631,8326.927984925609,16583.906858580354,-8132.2695883467495,16576.395794057808
19,explicit_saturated_diagnostic,both,33,F_R/right_pinky_2_joint,hand48,16,143.51280764357242,102.34010060574852,204.73709021202262,-75.08428968873469,204.3997830146527,17369.22057699992,12385.471078386934,24671.964356266104,-9105.956469539644,24647.1864615672
19,explicit_saturated_diagnostic,both,34,F_R/right_ring_2_joint,hand48,16,86.2530266069371,61.60384739609684,123.38578804895313,-44.955654046692295,123.20531037094523,10455.686011917696,7467.169801980872,14876.666253428144,-5467.484371766636,14845.062283292893
19,explicit_saturated_diagnostic,both,35,F_R/right_thumb_2_joint,hand48,16,27.15611029733276,19.704494152007086,40.689335884961075,18.661819782346655,39.57179888770374,3346.0923830879406,2427.195618562423,4891.315206107265,2302.0723048062528,4801.854232659032
19,explicit_saturated_diagnostic,both,36,F_R/right_thumb_3_joint,hand48,16,448.0256450566138,323.0212338412656,659.5219714738251,-310.25421171854623,647.2269976746661,54838.08869462008,39530.16326914522,79160.4080688007,-37998.031874066146,78360.03536600077
19,explicit_saturated_diagnostic,both,37,F_R/right_thumb_4_joint,hand48,16,734.2562347509976,527.7866100758156,1073.8728806948914,510.22963214032524,1057.239777547385,89592.03965727257,64390.387560200965,128880.95806904607,62283.46582198927,127823.2158048648
19,explicit_saturated_diagnostic,both,38,U_L/shoulder_pan_joint,controlled26,16,0.008443796185942064,0.006573845128484773,0.012397287287698955,-0.0035798432624638277,0.0120175977482051,1.1245582689045854,0.8499209145655346,1.954579451524555,-0.5356464826527342,1.9372341651308318
19,explicit_saturated_diagnostic,both,39,U_L/shoulder_lift_joint,controlled26,16,0.0034662023467505825,0.0026529109239069038,0.006996631262563113,0.0014905861418099131,0.0054556937812930695,0.406541501126873,0.30577699341470155,0.8929921322358747,0.11670683382113001,0.6635672833578545
19,explicit_saturated_diagnostic,both,40,U_L/elbow_joint,controlled26,16,0.003986327998176446,0.002945972724803722,0.011393761195166663,-0.0010065978817776627,0.007034788274194903,0.5348469132646985,0.4159468361759784,1.571067236448267,0.03623802758204825,0.8127608678281553
19,explicit_saturated_diagnostic,both,41,U_L/wrist_1_joint,controlled26,16,0.012359814877136145,0.009495333633051162,0.024678244217550827,0.00019394378177950422,0.024648770669529307,1.546851131378943,1.2110958806536702,2.960412798759921,-0.3850829309758558,2.9549542154872586
19,explicit_saturated_diagnostic,both,42,U_L/wrist_2_joint,controlled26,16,0.07737674555426488,0.059173431848756175,0.11878552689083133,-0.04536322977592938,0.11862886018226382,9.48587024334725,7.177893554774656,14.865322859316391,-5.199788412381516,14.847619501702601
19,explicit_saturated_diagnostic,both,43,U_L/wrist_3_joint,controlled26,16,0.013270553377576415,0.007745874843547218,0.031027891808560693,-0.006137715313395742,0.030934923435522066,1.64301281140535,0.9602487475962467,3.715463487916078,-0.3696832874708053,3.7133333659156733
19,explicit_saturated_diagnostic,both,44,U_L/left_index_1_joint,hand48,16,50.32771769482457,36.66736969159781,75.33836457743242,25.044689761844708,72.17594029956022,6226.602492941393,4533.420717397838,9054.340634474975,3137.074789696345,8864.69598559369
19,explicit_saturated_diagnostic,both,45,U_L/left_little_1_joint,hand48,16,60.630084109608234,43.7241616714,88.97480921935941,30.886978844806308,86.55870193686738,7422.463656108381,5351.156250768835,10695.402393459672,3808.518448372378,10546.840786025361
19,explicit_saturated_diagnostic,both,46,U_L/left_middle_1_joint,hand48,16,46.96949381230565,34.32329040837509,70.71942700811918,23.2102427808347,67.48171003691242,5829.295639004783,4256.294804123396,8501.807066601206,2920.895831373263,8305.28009087564
19,explicit_saturated_diagnostic,both,47,U_L/left_ring_1_joint,hand48,16,50.60010919084893,36.798105136965376,75.47330911775308,25.292284457849107,72.5369195786157,6248.38193454102,4541.277034224113,9073.58310451422,3158.595662878688,8894.104923345549
19,explicit_saturated_diagnostic,both,48,U_L/left_thumb_1_joint,hand48,16,1.0550727242379547,0.750825403677139,1.8593156997507734,0.25484906282256053,1.7502550398324603,129.6503919145079,92.47835704644228,229.45621912908194,29.81733435240207,213.8080345431953
19,explicit_saturated_diagnostic,both,49,U_L/left_index_2_joint,hand48,16,136.75598630419267,99.18477362199758,203.22851079352841,-68.71226510771248,195.88243517677077,16840.0443277398,12207.680522539426,24402.401559083668,-8549.070238553471,23947.5681911655
19,explicit_saturated_diagnostic,both,50,U_L/left_little_2_joint,hand48,16,194.53090698105964,139.71167884944816,283.5747233615932,-99.90866970818809,277.36159949654575,23714.59369433888,17028.654001232717,34049.55984927538,-12249.697910697532,33660.00557129563
19,explicit_saturated_diagnostic,both,51,U_L/left_middle_2_joint,hand48,16,120.16526112096601,87.41052248045106,179.60030929917906,-59.966929271055065,172.42264422269955,14842.552234136656,10790.329261372586,21569.15435066153,-7494.923327112769,21122.971176014646
19,explicit_saturated_diagnostic,both,52,U_L/left_ring_2_joint,hand48,16,137.5913549790421,99.61262748108916,203.739155906455,-69.4205810721403,196.97726624989693,16911.72442955293,12238.575890754228,24467.10849683397,-8613.199967948834,24045.8954071954
19,explicit_saturated_diagnostic,both,53,U_L/left_thumb_2_joint,hand48,16,10.525442111738387,7.557337077172049,15.884966241124529,6.205908188743484,15.83014965473524,1315.3299652335263,941.9319223455749,1987.4162310127717,779.519819572121,1980.8484085581526
19,explicit_saturated_diagnostic,both,54,U_L/left_thumb_3_joint,hand48,16,147.9110830838706,103.98051688728863,222.86302111372345,-90.45708353967665,222.61706709696588,18246.775390352897,12808.815117079435,27506.428838296608,-11185.81821214013,27477.286855748942
19,explicit_saturated_diagnostic,both,55,U_L/left_thumb_4_joint,hand48,16,421.7265866021133,292.2185167724308,635.5391471549091,263.29842360501664,635.5220291968691,51498.659986531,35658.479048356174,77629.38617857356,32187.84711490907,77595.66203204596
19,explicit_saturated_diagnostic,both,56,U_R/shoulder_pan_joint,controlled26,16,0.004816885759671935,0.003996755802622667,0.0074244267068204195,0.0035481573633154156,0.00692348854251007,0.5362136560179489,0.4346501850770734,0.9008470085278851,0.37448373794258105,0.8937163955244896
19,explicit_saturated_diagnostic,both,57,U_R/shoulder_lift_joint,controlled26,16,0.004292286524637806,0.0032290745533658516,0.01041467180934319,0.002660499816104056,0.006798852249504828,0.5437275677845362,0.40216478224596636,1.3408756349567634,0.32080221178683016,0.8819710989799248
19,explicit_saturated_diagnostic,both,58,U_R/elbow_joint,controlled26,16,0.002838938430891109,0.0021285863988724507,0.008707803177282702,-0.0010068859039958356,0.00451543792193998,0.38691575853573523,0.3172991973648888,1.0678511224786358,-0.09838934801309276,0.6733471745853039
19,explicit_saturated_diagnostic,both,59,U_R/wrist_1_joint,controlled26,16,0.054870634574109414,0.04052038983695566,0.11494644194296466,0.03846228739223595,0.08658246540185699,6.501568439791824,4.741010926209967,14.187273604853775,4.486136827380463,10.76208965991135
19,explicit_saturated_diagnostic,both,60,U_R/wrist_2_joint,controlled26,16,0.07946898961486051,0.06031709519125422,0.12525299848525506,-0.0498455402901094,0.12512983910582087,10.321845260616195,7.861063687398502,15.447956027110386,-6.598414252183741,15.43683391869606
19,explicit_saturated_diagnostic,both,61,U_R/wrist_3_joint,controlled26,16,0.009585449239031752,0.004776362351752328,0.0297075885081739,0.0029916428652981275,0.01894810030801386,1.3362415597227217,0.6793964767964134,3.5423174779023596,0.02595756212296292,3.220358049552935
19,explicit_saturated_diagnostic,both,62,U_R/right_index_1_joint,hand48,16,51.195350634839144,37.001955647015606,75.2484692321374,-35.36985312999607,73.11936009836971,6281.73209432868,4538.365033371998,9040.860413520542,-4342.680322808908,8932.382628914094
19,explicit_saturated_diagnostic,both,63,U_R/right_little_1_joint,hand48,16,58.91255024215428,41.9089687259966,86.87484703651242,-40.6704521629555,86.8377911793337,7179.330247666817,5103.607294405529,10594.678822388129,-4955.202078699165,10591.5905402745
19,explicit_saturated_diagnostic,both,64,U_R/right_middle_1_joint,hand48,16,47.148747864296396,34.23775281784451,69.95503409289796,-32.399872890148295,67.3442294108853,5813.335264675287,4218.99356019434,8402.927691559133,-3998.637778785609,8266.74473171952
19,explicit_saturated_diagnostic,both,65,U_R/right_ring_1_joint,hand48,16,50.99398697926841,36.85675848282527,74.99283977648072,-35.230282663544195,72.63487284576605,6257.108821938671,4520.600151416037,9004.73330482164,-4325.629276993454,8885.835362519372
19,explicit_saturated_diagnostic,both,66,U_R/right_thumb_1_joint,hand48,16,1.1740666270594295,0.8426361145125671,2.014861029199417,-0.7916482270826752,2.0070096439639027,145.83294189695084,104.18263882937154,256.3686009099704,-98.06101390432185,252.97303459964158
19,explicit_saturated_diagnostic,both,67,U_R/right_index_2_joint,hand48,16,137.46002958211167,99.00665304149368,201.27074985475105,95.33359948186934,195.92532615829782,16806.30445915429,12101.673825237624,24164.47458214244,11660.872066134543,23865.304385003376
19,explicit_saturated_diagnostic,both,68,U_R/right_little_2_joint,hand48,16,186.37816264593778,132.1735646736021,274.6935678065026,129.08270625295418,274.60409890014864,22639.319295829268,16046.930533786548,33374.673467058165,15675.990726536502,33368.975290970106
19,explicit_saturated_diagnostic,both,69,U_R/right_middle_2_joint,hand48,16,119.2286325490754,86.24845191778554,176.12247007599308,82.28867879321184,169.94741210772355,14642.309736758976,10587.831546673497,21143.317094590166,10112.61976554483,20791.96511970161
19,explicit_saturated_diagnostic,both,70,U_R/right_ring_2_joint,hand48,16,136.9577322018756,98.63370450581331,200.58422764146567,94.99687562580475,194.8667362967734,16742.95472867216,12054.744693807766,24076.05333627537,11618.284032275591,23747.979894085933
19,explicit_saturated_diagnostic,both,71,U_R/right_thumb_2_joint,hand48,16,12.005311090348746,8.541094700267063,17.983184319713796,-6.11022612871553,17.725318069912365,1457.2040634343373,1036.3661499543082,2164.715518101349,-743.765769624934,2150.2942544104744
19,explicit_saturated_diagnostic,both,72,U_R/right_thumb_3_joint,hand48,16,161.58662355101038,114.94170201636746,234.92878406015055,84.00863738660443,234.22417080258828,19531.890945487357,13891.576116075965,28256.57856747609,10171.69678405668,28212.6627144541
19,explicit_saturated_diagnostic,both,73,U_R/right_thumb_4_joint,hand48,16,436.9596976725219,310.3203436450455,628.7055163880318,-228.93380928140812,627.3263361868889,52685.94633542302,37414.44917570361,75553.45104058487,-27634.454425240747,75436.34791107848
19,explicit_saturated_diagnostic,0,0,F_L/fr3_joint1,controlled26,8,0.00048382729110766964,0.000286516915712038,0.0012357610376419748,-0.0001966500988202051,0.0009285374433624769,0.044689300210204515,0.028972315926421292,0.10085007993281764,-0.021508673698182545,0.08664620390380413
19,explicit_saturated_diagnostic,0,1,F_L/fr3_joint2,controlled26,8,0.0006203204269002017,0.0003823856158212402,0.0012660450348247476,6.58743571150533e-05,0.0012168362283479506,0.08522790421627721,0.05322601488035126,0.16261767042250724,0.012571597274724448,0.1620193885779324
19,explicit_saturated_diagnostic,0,2,F_L/fr3_joint3,controlled26,8,0.0006807118748890201,0.0003534135062129018,0.0018300230157177744,0.0003534135062129018,0.0013763473916576167,0.07636634250537486,0.03814325713317629,0.20563175326042782,0.037282141053369466,0.15535880549677525
19,explicit_saturated_diagnostic,0,3,F_L/fr3_joint4,controlled26,8,0.0014426527891358138,0.0007398864151458295,0.00325184977437587,0.0006884614817696533,0.0029752419879944367,0.16799810104392665,0.09402657561940304,0.3762750555391945,0.06979975751635091,0.3422393830518138
19,explicit_saturated_diagnostic,0,4,F_L/fr3_joint5,controlled26,8,0.018132608012179023,0.0119814804308358,0.03460851521484143,-0.003329351627125443,0.033711182265610935,2.1675210365800712,1.4331230119539171,4.124976542973394,-0.4018788762105687,4.025269955661844
19,explicit_saturated_diagnostic,0,5,F_L/fr3_joint6,controlled26,8,0.010223733648999192,0.006692301460744399,0.018540096179134213,0.0028782582518905864,0.017578683087175893,1.2217268784623574,0.7998239538866008,2.224123740345786,0.34801029273959555,2.107821361733761
19,explicit_saturated_diagnostic,0,6,F_L/fr3_joint7,controlled26,8,0.1951509378158461,0.10032475590952541,0.4856354752926051,0.03580768641527746,0.4059869562321403,23.424039576443455,12.043446755326949,58.28197715370706,4.295423758994418,48.730517344775116
19,explicit_saturated_diagnostic,0,7,F_L/left_index_1_joint,hand48,8,0.6635074624301073,0.3229539715848716,1.830030254675227,0.25112442844601024,1.3008645581588048,79.58996144215037,38.75836292357988,219.5239325898681,30.110872784958048,156.04929295801296
19,explicit_saturated_diagnostic,0,8,F_L/left_middle_1_joint,hand48,8,0.6755173007329885,0.3335433167426646,1.864494449513525,0.2881334964042908,1.334392907186439,81.04395267566628,40.07816409881533,223.65269721995742,34.554665145744615,160.06737261600244
19,explicit_saturated_diagnostic,0,9,F_L/left_pinky_1_joint,hand48,8,0.34881553742181703,0.2537017712427857,0.6888969439076627,0.12825099904709647,0.6234140946139456,41.966864110275466,30.518739445503655,82.78200006152873,15.365503082023125,75.02283094886641
19,explicit_saturated_diagnostic,0,10,F_L/left_ring_1_joint,hand48,8,0.5730037295841417,0.3513662721863059,1.5012488963775075,0.26673187270472243,1.1096041148592715,68.77588024627472,42.225837269928746,180.07786382920972,31.987079942328744,133.1472746925645
19,explicit_saturated_diagnostic,0,11,F_L/left_thumb_1_joint,hand48,8,0.2415871626596565,0.11549977089883234,0.6298759961304297,-0.04391707628136815,0.5018424533253034,28.986359328878898,13.855552392585356,75.58566412650472,-5.273107626194148,60.21051363733552
19,explicit_saturated_diagnostic,0,12,F_L/left_index_2_joint,hand48,8,1.49010014802663,0.7085199298401474,4.132389219635406,-0.5886848661957201,2.9375578408415803,178.81939055161692,85.02627716839493,495.9070919761437,-70.6451651064988,352.52141887492667
19,explicit_saturated_diagnostic,0,13,F_L/left_middle_2_joint,hand48,8,1.4498336604881832,0.6727907165674624,4.020037549099028,-0.6152309249525506,2.8774926134842955,173.9875069915997,80.73737223147599,482.42548726253494,-73.83125995053712,345.31408481821745
19,explicit_saturated_diagnostic,0,14,F_L/left_pinky_2_joint,hand48,8,0.4031424563294036,0.3140349615144803,0.6891817151378338,-0.2104097131489957,0.6659261128984054,48.377164516309705,37.68400871328411,82.70648469749477,-25.250810877698775,79.91427064214996
19,explicit_saturated_diagnostic,0,15,F_L/left_ring_2_joint,hand48,8,1.197843161924899,0.6253616197250282,3.2972740540264884,-0.5539921658664767,2.342686879433778,143.7468637049413,75.0427454882094,395.6911831193991,-66.48299127254599,281.13536233217013
19,explicit_saturated_diagnostic,0,16,F_L/left_thumb_2_joint,hand48,8,0.21735185254589007,0.13725556376218415,0.5124571034437635,-0.10753419050158747,0.44401429455917374,26.08986297008496,16.47969934276807,61.504415480953355,-12.906331641751432,53.29474860674889
19,explicit_saturated_diagnostic,0,17,F_L/left_thumb_3_joint,hand48,8,1.742017631881734,0.9995226799439896,4.27653248318481,0.8108724025280197,3.594831365376368,209.03115736730666,119.92286028892647,513.1710239147694,97.31021573738468,431.3571531018122
19,explicit_saturated_diagnostic,0,18,F_L/left_thumb_4_joint,hand48,8,2.0887661708291483,1.2116992678891436,5.147351831627218,-0.9595579434565584,4.308149274637254,250.66200508981112,145.40963588585373,617.706930216511,-115.15152214718916,516.9986809698316
19,explicit_saturated_diagnostic,0,19,F_R/fr3_joint1,controlled26,8,0.0033636871192157278,0.0021557610433958763,0.006938175767789323,-0.0004212171014485455,0.006300755915979871,0.39630455714563495,0.2556824869446081,0.8149139155445361,-0.05195400805847408,0.7416415498616226
19,explicit_saturated_diagnostic,0,20,F_R/fr3_joint2,controlled26,8,0.002504306404078489,0.001592428433059373,0.005791831300188122,-0.001592428433059373,0.004983565040738845,0.2935559419244091,0.18141105032472207,0.688327568458149,-0.18141105032472207,0.586828893771342
19,explicit_saturated_diagnostic,0,21,F_R/fr3_joint3,controlled26,8,0.008146226607208675,0.004731918089853654,0.020869882776286097,-0.004731918089853654,0.016774118296478527,0.9820316001758123,0.5710437999354347,2.5147376235857526,-0.5710437999354347,2.0221408238535012
19,explicit_saturated_diagnostic,0,22,F_R/fr3_joint4,controlled26,8,0.011990954707484775,0.007738831562764115,0.025378460101079692,0.0013942165374941917,0.022798477625143632,1.4297409168421946,0.9228217476531684,3.021809430949682,0.16736938991574785,2.7180762649528103
19,explicit_saturated_diagnostic,0,23,F_R/fr3_joint5,controlled26,8,0.033741780146141626,0.016249243009955477,0.09115791700312248,0.00934985521715867,0.06891178896194511,4.042862160470807,1.9473660116028886,10.919248223052866,1.1177521384714528,8.25897076736837
19,explicit_saturated_diagnostic,0,24,F_R/fr3_joint6,controlled26,8,0.007011796288588961,0.003913423734283827,0.01704455275310357,-0.0038496913411253386,0.0145602566143145,0.8408126956242394,0.47123322405625306,2.044833378984724,-0.4598997424120095,1.7457858116087794
19,explicit_saturated_diagnostic,0,25,F_R/fr3_joint7,controlled26,8,0.36618564678217846,0.225379295649951,0.7673493390210866,0.03354196089467934,0.6750666218418993,43.94489783916932,27.047204782027016,92.08472973097109,4.026022349284245,81.01207097276428
19,explicit_saturated_diagnostic,0,26,F_R/right_index_1_joint,hand48,8,0.5837989805484144,0.512321486090692,0.9196105457938945,-0.4929826178682193,0.8749404972322863,70.07026169724878,61.48601163515541,110.3413937198391,-59.19371522178301,104.98026675048611
19,explicit_saturated_diagnostic,0,27,F_R/right_middle_1_joint,hand48,8,0.8301449133441495,0.7516512908909747,1.3307496606243334,-0.7516512908909747,1.2858135768452477,99.63229909660245,90.23496874967137,159.68154401223424,-90.23496874967137,154.28691741192506
19,explicit_saturated_diagnostic,0,28,F_R/right_pinky_1_joint,hand48,8,0.8639334485155024,0.8182434770651662,1.2136936920731343,-0.6759529822794486,1.2059642122141117,103.69789959929845,98.20521006431545,145.75719069434484,-81.1548781709903,144.78574661664615
19,explicit_saturated_diagnostic,0,29,F_R/right_ring_1_joint,hand48,8,0.64866698988114,0.5947575238193278,0.9803218725745734,-0.5640646986194695,0.9356552204647104,77.85978170525289,71.38063304098917,117.62721793509735,-67.72634215840662,112.26614532180962
19,explicit_saturated_diagnostic,0,30,F_R/right_thumb_1_joint,hand48,8,0.5111009768879649,0.3101216268091006,1.0866580021397954,0.03845712627415174,0.9481430005831539,61.33438939274763,37.215990676124356,130.40453776488422,4.6148562349033,113.7817196906463
19,explicit_saturated_diagnostic,0,31,F_R/right_index_2_joint,hand48,8,1.2539772847919284,1.1139113269538818,2.097911728810884,1.1139113269538818,1.9947536018364418,150.48321689544593,133.6744299251322,251.759611845799,133.6744299251322,239.3801457524578
19,explicit_saturated_diagnostic,0,32,F_R/right_middle_2_joint,hand48,8,1.8253834419911954,1.6220923853924605,2.927566920684634,1.6220923853924605,2.828647102614414,219.05464965498123,194.65839657886005,351.3223250487047,194.65839657886005,339.45148842384884
19,explicit_saturated_diagnostic,0,33,F_R/right_pinky_2_joint,hand48,8,1.8893946905730195,1.7360609131977425,2.9779929916202694,1.5912883678242535,2.788485036345758,226.73628176985906,208.3355409720101,357.3736251226378,190.9618858890159,334.6317638263917
19,explicit_saturated_diagnostic,0,34,F_R/right_ring_2_joint,hand48,8,1.3876578836876343,1.2401600624106317,2.2047839139524137,1.2097796241601801,2.104764979787673,166.52527364956325,148.8249000030333,264.5850871063185,145.17847960827885,252.58234248505158
19,explicit_saturated_diagnostic,0,35,F_R/right_thumb_2_joint,hand48,8,1.1938316981524535,1.0426743696604321,1.9400307374821286,-1.0426743696604321,1.8163059888608697,143.26583820019303,125.1233137561699,232.81528073999138,-125.1233137561699,217.96768365704622
19,explicit_saturated_diagnostic,0,36,F_R/right_thumb_3_joint,hand48,8,14.598715263259505,12.767022122719391,23.556680044741206,12.767022122719391,22.056193972659834,1751.9138227568549,1532.1313950790668,2826.89256353332,1532.1313950790668,2646.827383396748
19,explicit_saturated_diagnostic,0,37,F_R/right_thumb_4_joint,hand48,8,20.08017671905885,17.556977935490238,32.38717557349524,-17.556977935490238,30.324504519413384,2409.717626381905,2106.9217382116917,3886.616491788796,-2106.9217382116917,3639.0860689026194
19,explicit_saturated_diagnostic,0,38,U_L/shoulder_pan_joint,controlled26,8,0.0023526550629924137,0.0014443409550585762,0.004665357965239814,0.0014443409550585762,0.004643763479184404,0.24345356703324852,0.14461466946464954,0.49113060663038033,0.14461466946464954,0.4839576121471209
19,explicit_saturated_diagnostic,0,39,U_L/shoulder_lift_joint,controlled26,8,0.0006847707747594277,0.0005810967416171042,0.0012050038636273186,5.604993063901276e-06,0.0011828835876416032,0.0923820734668404,0.08743748526525458,0.11452452649283112,-0.06745480086291988,0.11359664757174762
19,explicit_saturated_diagnostic,0,40,U_L/elbow_joint,controlled26,8,0.002881891975506671,0.0020253887073766463,0.00558179730053765,-0.0009950793201161934,0.0055771676174429016,0.30034807805277874,0.25075081986507053,0.5275540624271959,-0.013507966760566703,0.5223171921856647
19,explicit_saturated_diagnostic,0,41,U_L/wrist_1_joint,controlled26,8,0.012402928528931554,0.006879004061967953,0.024678244217550827,0.006879004061967953,0.024664489895140786,1.4870228483447014,0.8260129496778144,2.960412798759921,0.8260129496778144,2.9578654598993452
19,explicit_saturated_diagnostic,0,42,U_L/wrist_2_joint,controlled26,8,0.012646101017006065,0.010540977882525615,0.021401125273428967,-0.004070181404973283,0.020489385892758748,1.5091241348848772,1.2596087165656875,2.539924612184041,-0.48346532043545637,2.4360088304459273
19,explicit_saturated_diagnostic,0,43,U_L/wrist_3_joint,controlled26,8,0.016137335083917535,0.009376688326245053,0.031027891808560693,-0.0061603692659421005,0.030984506567809333,1.934656043287549,1.1236275306667085,3.715463487916078,-0.7399967715826469,3.7144694309825557
19,explicit_saturated_diagnostic,0,44,U_L/left_index_1_joint,hand48,8,2.373473228665136,2.219426486161158,2.970478275591992,-2.1913422289869544,2.9189208412284486,284.7219730702867,266.2527458253263,356.375479457648,-262.85395095891613,350.1890736722314
19,explicit_saturated_diagnostic,0,45,U_L/left_little_1_joint,hand48,8,1.8516605917000766,1.7342276281777833,2.387823791285426,-1.6964357201697446,2.3355673815428024,222.0717624713298,208.00809934291377,286.42476642556335,-203.4169070850837,280.1545553214108
19,explicit_saturated_diagnostic,0,46,U_L/left_middle_1_joint,hand48,8,2.4478950976456826,2.2890095701381212,3.0903105690521184,-2.2572289329128656,3.031145581759849,293.6436856040472,274.59429918348394,370.74364528781183,-270.75187966648014,363.644560266654
19,explicit_saturated_diagnostic,0,47,U_L/left_ring_1_joint,hand48,8,2.233049231235956,2.0889061540849267,2.8551745436815517,-2.0544079247093503,2.7917688778484093,267.848522381451,250.57310536972025,342.51449713928014,-246.3938611925748,334.9067765949948
19,explicit_saturated_diagnostic,0,48,U_L/left_thumb_1_joint,hand48,8,0.046581251859615376,0.0395464841755599,0.07948226786780793,0.012788951266137598,0.07865676955923108,5.597556163127808,4.751010537075313,9.552342024999353,1.5391633515713923,9.453224287123751
19,explicit_saturated_diagnostic,0,49,U_L/left_index_2_joint,hand48,8,5.449552739718773,5.083531960866697,6.771553998246468,5.054357369321417,6.654281921683228,653.9844221019877,610.0631631108012,812.6193132097062,606.5570150901891,798.5460954373083
19,explicit_saturated_diagnostic,0,50,U_L/left_little_2_joint,hand48,8,4.695020717930432,4.376199910771841,6.019193964507667,4.336137531350003,5.887337794290497,563.4250949732236,525.1645172332128,722.3331916486196,520.3577015183091,706.5098107478677
19,explicit_saturated_diagnostic,0,51,U_L/left_middle_2_joint,hand48,8,5.372219329457413,5.010484369497414,6.741855574299401,4.976624724499791,6.612968776107439,644.702853704219,601.294948105965,809.056727760072,597.2283327482846,793.5896770302071
19,explicit_saturated_diagnostic,0,52,U_L/left_ring_2_joint,hand48,8,5.086886873631724,4.742806674423853,6.467037804432076,4.706497166860114,6.323339886751799,610.457136935755,569.1663995329044,776.0779154301006,564.8083218693897,758.8334554282284
19,explicit_saturated_diagnostic,0,53,U_L/left_thumb_2_joint,hand48,8,0.6224608160124417,0.5835937606769532,0.7188908738813377,-0.5798080208239853,0.7040132200500878,74.7047277597783,70.04272965642016,86.26937383375645,-69.58293953162953,84.48840051380475
19,explicit_saturated_diagnostic,0,54,U_L/left_thumb_3_joint,hand48,8,5.895959993992648,5.510562383123874,6.947133318070146,5.507771709637626,6.738722545031522,707.4997424172435,661.2455684541371,833.6706335128866,660.9251716070562,808.6443027425199
19,explicit_saturated_diagnostic,0,55,U_L/left_thumb_4_joint,hand48,8,10.537992009848342,9.84717880441319,12.426673768542111,-9.845811830569346,12.050519141418754,1264.609535476886,1181.7086827388687,1491.2602242646433,-1181.5445582637703,1446.119954649952
19,explicit_saturated_diagnostic,0,56,U_R/shoulder_pan_joint,controlled26,8,0.0017589485106716206,0.0014406036725141957,0.003261487319345724,0.0005434067938996923,0.0031242450117294983,0.18073451690619483,0.15687863357475818,0.3248495706860718,0.036545739305773414,0.3122367701996822
19,explicit_saturated_diagnostic,0,57,U_R/shoulder_lift_joint,controlled26,8,0.0007326527244801138,0.0007220905627323138,0.0008775433515806341,-0.0004150589117912773,0.000862457086188595,0.09620543037752059,0.088341582358719,0.117151127237141,-0.07438355855955336,0.11700103299188261
19,explicit_saturated_diagnostic,0,58,U_R/elbow_joint,controlled26,8,0.0012989819159297997,0.0011445721261872377,0.002396306196571496,0.0010988288635659926,0.0021697865095555153,0.229011417447163,0.21890984935179605,0.34017609496192436,0.21890984935179605,0.3184827358770036
19,explicit_saturated_diagnostic,0,59,U_R/wrist_1_joint,controlled26,8,0.008582764142227155,0.006313531354704471,0.01889809444013224,0.002197326465265048,0.016901836083513897,1.05203983176235,0.7712676816850454,2.357644722514767,0.26151948402603903,2.0764217782383056
19,explicit_saturated_diagnostic,0,60,U_R/wrist_2_joint,controlled26,8,0.014450428635046452,0.01047155490114482,0.028153727113325644,0.01047155490114482,0.027349329309621372,1.747128534107835,1.2626494352147624,3.4513732470593723,1.2626494352147624,3.3242418703984886
19,explicit_saturated_diagnostic,0,61,U_R/wrist_3_joint,controlled26,8,0.011789470808406758,0.005671539956573324,0.0297075885081739,0.0055406733857427115,0.02460937523169461,1.4068673863860628,0.6764815607565041,3.5423174779023596,0.6621907389837143,2.9368364630070127
19,explicit_saturated_diagnostic,0,62,U_R/right_index_1_joint,hand48,8,1.7347031373428605,1.6321025170195327,1.9864345468933493,1.6321025170195327,1.9490203183392598,207.98118423715982,195.68471056309056,238.16695792934266,195.68471056309056,233.6744815608751
19,explicit_saturated_diagnostic,0,63,U_R/right_little_1_joint,hand48,8,1.3224221174544726,1.2385165630410984,1.5079835742669372,1.2385165630410984,1.4904484034730867,158.4677207912417,148.40521570636267,180.7218579058578,148.40521570636267,178.61846851128092
19,explicit_saturated_diagnostic,0,64,U_R/right_middle_1_joint,hand48,8,1.9569223921483352,1.8378799276962074,2.168501300327296,1.8378799276962074,2.1673878569948144,234.62594711214714,220.35578140873028,259.9914645023265,220.35578140873028,259.8508251717574
19,explicit_saturated_diagnostic,0,65,U_R/right_ring_1_joint,hand48,8,1.7337749139432228,1.6264758192810744,1.918512591708924,1.6264758192810744,1.9070129527593287,207.83522814319417,194.97087442258245,229.98623065995716,194.97087442258245,228.60676086529168
19,explicit_saturated_diagnostic,0,66,U_R/right_thumb_1_joint,hand48,8,0.06809258862218229,0.05098788742989199,0.12146825592187283,0.05098788742989199,0.11748878491470716,8.179860289267864,6.12162492504968,14.594453480961143,6.12162492504968,14.114687503056285
19,explicit_saturated_diagnostic,0,67,U_R/right_index_2_joint,hand48,8,3.917654411042886,3.6730535596243445,4.501301755801319,-3.6730535596243445,4.415046971794303,470.14488111027646,440.80175910308026,540.1799525602701,-440.80175910308026,529.8286546766451
19,explicit_saturated_diagnostic,0,68,U_R/right_little_2_joint,hand48,8,3.3038438740017266,3.0908584206479195,3.765351247723651,-3.0908584206479195,3.7182816798438183,396.48692626929125,370.939807250047,451.863140746685,-370.939807250047,446.2145905058641
19,explicit_saturated_diagnostic,0,69,U_R/right_middle_2_joint,hand48,8,4.226314491537721,3.9597731245737107,4.693731413909442,-3.9597731245737107,4.691969808531675,507.18847653639466,475.2117811286672,563.2765754214882,-475.2117811286672,563.064702224244
19,explicit_saturated_diagnostic,0,70,U_R/right_ring_2_joint,hand48,8,3.88382510841437,3.6368288800085544,4.296385648059111,-3.6368288800085544,4.279799887713129,466.0905940719058,436.4606615321751,515.5938403472468,-436.4606615321751,513.6040589555515
19,explicit_saturated_diagnostic,0,71,U_R/right_thumb_2_joint,hand48,8,0.2276878069480088,0.18984681336032216,0.40211615258758454,0.1760942498142998,0.3681598632179639,27.375153676367486,22.830611928366316,48.34138502626146,21.191269205044893,44.25372589971757
19,explicit_saturated_diagnostic,0,72,U_R/right_thumb_3_joint,hand48,8,1.9547298297059283,1.633837526214746,3.3117258053040617,-1.5000957182736538,3.139541390863821,234.35631574002932,195.8564615831786,397.0321059643996,-179.75756058636938,376.4323696558316
19,explicit_saturated_diagnostic,0,73,U_R/right_thumb_4_joint,hand48,8,3.479080605055815,2.9085206984245042,5.859463883922742,2.6881689318423465,5.568080672591822,417.50499424237574,349.03524240158197,703.1621773463711,322.5914983779196,668.1947060189561
19,explicit_saturated_diagnostic,1,0,F_L/fr3_joint1,controlled26,8,0.006900839954645297,0.006503540281019064,0.010019680828356442,0.003998620073929954,0.00972563824560938,0.8056825809204892,0.7627701647789972,1.138072200626122,0.5019799182223963,1.1111531069092726
19,explicit_saturated_diagnostic,1,1,F_L/fr3_joint2,controlled26,8,0.00559363271533821,0.005320896587437091,0.008806054099803173,-0.0037613978234495027,0.008120912763334508,0.7178601641326697,0.6822961044521061,1.0831981197908775,-0.457906438657471,1.0182243099765593
19,explicit_saturated_diagnostic,1,2,F_L/fr3_joint3,controlled26,8,0.01187834289491406,0.010912311084561283,0.018567775922137653,-0.0069393424314545815,0.017710695136537023,1.4602037199220383,1.3508633904532497,2.293252428026795,-0.8788040400029454,2.1716723840075223
19,explicit_saturated_diagnostic,1,3,F_L/fr3_joint4,controlled26,8,0.005431013958344831,0.004961732592724033,0.007718458126160677,0.0014915905404306873,0.0074649991107130775,0.7353895381469997,0.6815893884788241,1.140955058172879,0.09227457566220626,1.0660658431747478
19,explicit_saturated_diagnostic,1,4,F_L/fr3_joint5,controlled26,8,0.2038171564391217,0.19117334371552114,0.2646163567978297,0.15114022431547974,0.2636153862689341,25.472393247275292,24.379416063472036,31.94392779188211,18.536395988686735,31.77891858773319
19,explicit_saturated_diagnostic,1,5,F_L/fr3_joint6,controlled26,8,0.06425281316857806,0.05785929151747535,0.10646166107351629,-0.04042204494218535,0.10203671904635814,8.3464974407016,7.745909848806111,13.153920374515929,-5.194765878816025,12.514181170493405
19,explicit_saturated_diagnostic,1,6,F_L/fr3_joint7,controlled26,8,0.730369186704807,0.6822724298374818,1.207356269419681,-0.5260273720134359,1.0790000355548315,99.18544359525363,93.91473549044764,150.4629320795895,-67.42262126458323,137.22813345121696
19,explicit_saturated_diagnostic,1,7,F_L/left_index_1_joint,hand48,8,53.87503933204677,51.978987439751336,60.82907918801315,-20.836414072880338,60.74972540185777,6507.052306456932,6276.470402590922,7304.596262235754,-2530.6258288324852,7297.237176893537
19,explicit_saturated_diagnostic,1,8,F_L/left_middle_1_joint,hand48,8,51.7863715674954,50.450915034313944,56.73528081046529,-31.311411950542233,56.71776695340602,6255.901172603073,6093.015324263866,6814.407824244136,-3792.118243039403,6814.085693459348
19,explicit_saturated_diagnostic,1,9,F_L/left_pinky_1_joint,hand48,8,58.47715908037224,58.259499851543396,61.47464266609831,-43.11341190228276,61.430527490107394,7048.9259213088035,7021.856030280198,7386.320621959535,-5189.216526613516,7379.45967536388
19,explicit_saturated_diagnostic,1,10,F_L/left_ring_1_joint,hand48,8,57.181997233811146,57.12652109191872,58.89082071568542,-42.54740691734456,58.83375230479178,6904.399475419991,6897.5907072523805,7077.114352111284,-5137.9224896556025,7076.903721857428
19,explicit_saturated_diagnostic,1,11,F_L/left_thumb_1_joint,hand48,8,1.0284906447745168,0.7744781527263975,1.799497903360524,0.15661942096432427,1.7078106955573948,145.27017527492256,106.70116401014447,260.0992565604506,24.06546649844052,244.94864056146105
19,explicit_saturated_diagnostic,1,12,F_L/left_index_2_joint,hand48,8,140.12023319854327,134.61959707161702,156.78789527422586,54.07045965406856,156.656277204536,16906.634923674443,16239.96153147992,18826.22797902764,6559.35959196712,18815.32231018627
19,explicit_saturated_diagnostic,1,13,F_L/left_middle_2_joint,hand48,8,127.45027531186294,124.94636694367242,138.23249085490318,75.40888850516214,138.16031912404378,15378.400662080467,15074.902356262059,16599.29423793232,9123.258891691305,16595.867562894455
19,explicit_saturated_diagnostic,1,14,F_L/left_pinky_2_joint,hand48,8,187.35712278349988,186.85890480348397,194.13592328700707,138.46491326367791,194.10805578752334,22522.483035380785,22461.651793563877,23314.66669416951,16641.704094848552,23308.58888321891
19,explicit_saturated_diagnostic,1,15,F_L/left_ring_2_joint,hand48,8,147.12707199003404,147.01774910588506,150.29017857690792,109.50307205532869,150.2792874388157,17730.860405632873,17717.883039430853,18057.259651024342,13207.375366444016,18051.953910396613
19,explicit_saturated_diagnostic,1,16,F_L/left_thumb_2_joint,hand48,8,23.84104387911356,23.00452141558158,26.926917431729763,-3.1225122013094895,26.860108299305107,2876.8098922860922,2774.9298697035597,3240.556408444601,-361.81588019177076,3233.520585550687
19,explicit_saturated_diagnostic,1,17,F_L/left_thumb_3_joint,hand48,8,261.96187078826114,247.8300222382228,286.64067160251903,29.706797920369368,286.4710723642382,31565.457155462373,29860.210615222823,34430.13773690771,3467.631024783793,34425.35002725775
19,explicit_saturated_diagnostic,1,18,F_L/left_thumb_4_joint,hand48,8,401.85236773143566,388.7310366904884,431.78271752791943,-38.91188848852215,431.4485627271787,48378.05952971373,46795.00012664133,51854.37607914661,-4554.461859493436,51832.94959942497
19,explicit_saturated_diagnostic,1,19,F_R/fr3_joint1,controlled26,8,0.01921466336739996,0.017198718997997325,0.0318665811440193,0.01097468738645066,0.03022249840243751,2.6700345695855665,2.322199082316301,4.439393369880542,1.3660741214179617,4.224180635680026
19,explicit_saturated_diagnostic,1,20,F_R/fr3_joint2,controlled26,8,0.034609352309316076,0.030322023810142096,0.06323518758188484,0.030322023810142096,0.059726287020972504,4.405035943501329,3.8381784603481965,8.29038430289632,3.8381784603481965,7.711254665917985
19,explicit_saturated_diagnostic,1,21,F_R/fr3_joint3,controlled26,8,0.14244105478798913,0.128620658864696,0.24275892262600585,0.128620658864696,0.2340851354846203,17.921254541981263,16.000862984202406,31.634606569081356,16.000862984202406,30.10214196253482
19,explicit_saturated_diagnostic,1,22,F_R/fr3_joint4,controlled26,8,0.05238123782054167,0.04766019171043942,0.0908834060861341,-0.03609244495294103,0.08604573826871424,7.483967034077697,6.647580349009378,13.062272214751161,-4.498345658386001,12.2832340528757
19,explicit_saturated_diagnostic,1,23,F_R/fr3_joint5,controlled26,8,0.17632715315375858,0.16588122008320771,0.22166658771842673,-0.16588122008320771,0.21084329345603794,21.42011652497942,21.02770074649954,27.249093087089033,-21.02770074649954,25.78606284797805
19,explicit_saturated_diagnostic,1,24,F_R/fr3_joint6,controlled26,8,0.032207564438155374,0.022094597068328115,0.0769370451656366,-0.022094597068328115,0.06419239272251036,3.595889415846935,2.1904362127793497,9.26388025306563,-2.1904362127793497,7.306500391863455
19,explicit_saturated_diagnostic,1,25,F_R/fr3_joint7,controlled26,8,0.5755064829281513,0.4934427659680163,0.7527505206505665,-0.47185609599205103,0.743026546561627,86.82739860609855,86.2616124532358,102.4473600307641,-60.64977244554478,98.94900503595476
19,explicit_saturated_diagnostic,1,26,F_R/right_index_1_joint,hand48,8,41.477957733634476,40.57256872120524,44.48718375487396,40.57256872120524,44.48073532895424,5040.647115303644,4928.065532155429,5422.814111349871,4928.065532155429,5401.033988514085
19,explicit_saturated_diagnostic,1,27,F_R/right_middle_1_joint,hand48,8,54.73781872946062,54.73379107676959,55.69268793763229,54.73379107676959,55.540181122472376,6658.633871796804,6658.519235136034,6723.759889531715,6658.519235136034,6709.6509599914225
19,explicit_saturated_diagnostic,1,28,F_R/right_pinky_1_joint,hand48,8,67.50619204684885,67.50460813069881,68.15922517849867,50.60875889715741,68.07479732434543,8199.124168708891,8199.072079593225,8249.626971453845,6154.413449938382,8242.639063801033
19,explicit_saturated_diagnostic,1,29,F_R/right_ring_1_joint,hand48,8,46.85029274385512,46.84874203523013,47.342138411839066,35.08923772294245,47.31611167238129,5693.517166173771,5693.450264953615,5744.122156428368,4278.56735793219,5734.4090113247685
19,explicit_saturated_diagnostic,1,30,F_R/right_thumb_1_joint,hand48,8,1.619387827539368,1.573699735882613,2.1864115250183827,-1.0270968546280175,2.1000262896877078,242.6322515620708,226.0674734281613,392.7846820971296,-127.8713029038789,364.35357994340995
19,explicit_saturated_diagnostic,1,31,F_R/right_index_2_joint,hand48,8,109.57203448547216,107.73397600342138,117.39212711054158,-107.73397600342138,116.91654306981209,13287.210026355448,13062.268952212573,14160.669407927357,-13062.268952212573,14110.553233529581
19,explicit_saturated_diagnostic,1,32,F_R/right_middle_2_joint,hand48,8,135.54208892849806,135.53240126584691,137.87851226471452,-135.53240126584691,137.69041701108617,16459.468023356305,16459.197573272362,16583.906858580354,-16459.197573272362,16580.401695136497
19,explicit_saturated_diagnostic,1,33,F_R/right_pinky_2_joint,hand48,8,202.94896428212013,202.9441402982993,204.73709021202262,-151.7598677452936,204.57968018658335,24562.74083980621,24562.606615801862,24671.964356266104,-18402.874824968305,24660.401338739946
19,explicit_saturated_diagnostic,1,34,F_R/right_ring_2_joint,hand48,8,121.97230670653005,121.96753472978304,123.38578804895313,-91.12108771754475,123.30156513254944,14785.635234674859,14785.51470395871,14876.666253428144,-11080.147223141552,14861.917734031693
19,explicit_saturated_diagnostic,1,35,F_R/right_thumb_2_joint,hand48,8,38.38597945654495,38.36631393435374,40.689335884961075,38.36631393435374,40.16781861957432,4729.9200174974485,4729.267923368676,4891.315206107265,4729.267923368676,4849.566751831423
19,explicit_saturated_diagnostic,1,36,F_R/right_thumb_3_joint,hand48,8,633.4357384687512,633.2754455598118,659.5219714738251,-633.2754455598118,653.7843170342176,77532.97841122621,77528.19514321137,79160.4080688007,-77528.19514321137,78786.90080749406
19,explicit_saturated_diagnostic,1,37,F_R/right_thumb_4_joint,hand48,8,1038.2009550392233,1038.0162422161407,1073.8728806948914,1038.0162422161407,1066.1107658927217,126679.36059540919,126673.85338219024,128880.95806904607,126673.85338219024,128387.34501242815
19,explicit_saturated_diagnostic,1,38,U_L/shoulder_pan_joint,controlled26,8,0.011707279881084063,0.01170334930191097,0.012397287287698955,-0.008604027479986232,0.012220098835935155,1.5716211251513972,1.5552271596664196,1.954579451524555,-1.2159076347701179,1.9464849845408174
19,explicit_saturated_diagnostic,1,39,U_L/shoulder_lift_joint,controlled26,8,0.004853885701504915,0.004724725106196703,0.006996631262563113,0.002975567290555925,0.006277527104637092,0.5674658904101195,0.5241165015641485,0.8929921322358747,0.3008684685051799,0.7859272027594651
19,explicit_saturated_diagnostic,1,40,U_L/elbow_joint,controlled26,8,0.004845236883744809,0.003866556742230798,0.011393761195166663,-0.001018116443439132,0.00855296619125055,0.6941998799103567,0.5811428524868862,1.571067236448267,0.08598402192466321,1.2171909310922142
19,explicit_saturated_diagnostic,1,41,U_L/wrist_1_joint,controlled26,8,0.012316550308441393,0.01211166320413437,0.015117027691511353,-0.006491116498408944,0.014811950272588748,1.6044500284513206,1.596178811629526,1.875711823426111,-1.596178811629526,1.8362058743749725
19,explicit_saturated_diagnostic,1,42,U_L/wrist_2_joint,controlled26,8,0.10869405519257516,0.10780588581498673,0.11878552689083133,-0.08665627814688548,0.11871241576016649,13.329891705964817,13.096178392983623,14.865322859316391,-9.916111504327576,14.857061292429956
19,explicit_saturated_diagnostic,1,43,U_L/wrist_3_joint,controlled26,8,0.009581314642760347,0.006115061360849383,0.017530961730794825,-0.006115061360849383,0.017520590159266502,1.2868909009916838,0.7968699645257848,2.8526233091856974,0.0006301966410361959,2.4162914108800533
19,explicit_saturated_diagnostic,1,44,U_L/left_index_1_joint,hand48,8,71.134555327019,71.11531289703447,75.33836457743242,52.28072175267637,73.86256658109205,8801.141437805605,8800.58868897035,9054.340634474975,6537.003530351606,8965.839798330375
19,explicit_saturated_diagnostic,1,45,U_L/left_little_1_joint,hand48,8,85.7238913683314,85.7140957146222,88.97480921935941,63.47039340978236,87.8472924875298,10494.599448516958,10494.304402194757,10695.402393459672,7820.453803829839,10626.07364332366
19,explicit_saturated_diagnostic,1,46,U_L/left_middle_1_joint,hand48,8,66.37977483811888,66.35757124661207,70.71942700811918,48.67771449458227,69.20849242155602,8238.63754996815,8237.995309063306,8501.807066601206,6112.543542413006,8410.094477929275
19,explicit_saturated_diagnostic,1,47,U_L/left_ring_1_joint,hand48,8,71.52451042392772,71.50730411984584,75.47330911775308,52.63897684040757,74.10299399948896,8832.486103518942,8831.980963078506,9073.58310451422,6563.585186949951,8989.82661996884
19,explicit_saturated_diagnostic,1,48,U_L/left_thumb_1_joint,hand48,8,1.4913708773598169,1.462104323178718,1.8593156997507734,0.4969091743789835,1.8084207251222273,183.26787937926173,180.20570355580927,229.45621912908194,58.09550535323275,222.1537329890015
19,explicit_saturated_diagnostic,1,49,U_L/left_index_2_joint,hand48,8,193.3253784556029,193.28601528312848,203.22851079352841,-142.47888758474636,199.80034217237485,23806.438001014154,23805.297881968047,24402.401559083668,-17704.69749219713,24190.145987388525
19,explicit_saturated_diagnostic,1,50,U_L/left_little_2_joint,hand48,8,275.06818122459305,275.04715778812454,283.5747233615932,-204.15347694772618,280.67526555790437,33532.766965126946,33532.14348523221,34049.55984927538,-25019.753522913372,33867.76785288483
19,explicit_saturated_diagnostic,1,51,U_L/left_middle_2_joint,hand48,8,169.8544059482005,169.81056059140468,179.60030929917906,-124.91048326660992,176.25073226348863,20980.635640432247,20979.363574639203,21569.15435066153,-15587.074986973821,21360.935535826316
19,explicit_saturated_diagnostic,1,52,U_L/left_ring_2_joint,hand48,8,194.51705712320557,194.48244828775447,203.739155906455,-143.5476593111407,200.58360740006123,23908.998064457635,23907.98538197555,24467.10849683397,-17791.20825776706,24270.542388335973
19,explicit_saturated_diagnostic,1,53,U_L/left_thumb_2_joint,hand48,8,14.872202453827773,14.531080393667143,15.884966241124529,12.991624398310954,15.859385167476194,1858.6567834145164,1813.8211150347297,1987.4162310127717,1628.6225786758716,1984.3512472006162
19,explicit_saturated_diagnostic,1,54,U_L/left_thumb_3_joint,hand48,8,209.0947504215173,202.4504713914534,222.86302111372345,-186.42193878899093,222.74824257256992,25795.13652622245,24956.384665704732,27506.428838296608,-23032.561595887313,27492.82924644103
19,explicit_saturated_diagnostic,1,55,U_L/left_thumb_4_joint,hand48,8,596.3183532464349,574.5898547404485,635.5391471549091,536.4426590406026,635.5311587744905,72819.12333679553,70135.24941397348,77629.38617857356,65557.2387880819,77613.64824352735
19,explicit_saturated_diagnostic,1,56,U_R/shoulder_pan_joint,controlled26,8,0.006581099982545975,0.006552907932731139,0.0074244267068204195,0.006552907932731139,0.00719065556347559,0.7364680605423122,0.7124217365793887,0.9008470085278851,0.7124217365793887,0.8975193891263005
19,explicit_saturated_diagnostic,1,57,U_R/shoulder_lift_joint,controlled26,8,0.006025833320337234,0.005736058543999389,0.01041467180934319,0.005736058543999389,0.008727289348085285,0.7629048768382929,0.7159879821332136,1.3408756349567634,0.7159879821332136,1.1267201848342383
19,explicit_saturated_diagnostic,1,58,U_R/elbow_joint,controlled26,8,0.003798919426740753,0.0031126006715576637,0.008707803177282702,-0.0031126006715576637,0.006751366058122762,0.49695208932593093,0.4156885453779816,1.0678511224786358,-0.4156885453779816,0.8837492801284139
19,explicit_saturated_diagnostic,1,59,U_R/wrist_1_joint,controlled26,8,0.07712268950710811,0.07472724831920685,0.11494644194296466,0.07472724831920685,0.10170991955711439,9.13422117900479,8.710754170734887,14.187273604853775,8.710754170734887,12.588854430547308
19,explicit_saturated_diagnostic,1,60,U_R/wrist_2_joint,controlled26,8,0.11145324460542656,0.11016263548136362,0.12525299848525506,-0.11016263548136362,0.12519552410818577,14.492360782616345,14.459477939582243,15.447956027110386,-14.459477939582243,15.442765709850367
19,explicit_saturated_diagnostic,1,61,U_R/wrist_3_joint,controlled26,8,0.006691042690480586,0.003881184746931332,0.015361604241293847,0.0004426123448535435,0.013784342012682147,1.2616684069055835,0.6823113928363226,3.113038240103127,-0.6102756147377884,2.625999452598337
19,explicit_saturated_diagnostic,1,62,U_R/right_index_1_joint,hand48,8,72.38037481440354,72.37180877701167,75.2484692321374,-72.37180877701167,74.25488496971248,8881.27581132583,8881.045356180906,9040.860413520542,-8881.045356180906,8990.237447370866
19,explicit_saturated_diagnostic,1,63,U_R/right_little_1_joint,hand48,8,83.30443176573485,82.57942088895211,86.87484703651242,-82.57942088895211,86.85755430316236,10151.869462891778,10058.809373104694,10594.678822388129,-10058.809373104694,10593.237624068435
19,explicit_saturated_diagnostic,1,64,U_R/right_middle_1_joint,hand48,8,66.64967595639979,66.63762570799281,69.95503409289796,-66.63762570799281,68.73665857462538,8217.948920745144,8217.631338979949,8402.927691559133,-8217.631338979949,8339.37564363398
19,explicit_saturated_diagnostic,1,65,U_R/right_ring_1_joint,hand48,8,72.09554383338387,72.08704114636947,74.99283977648072,-72.08704114636947,73.89245520881387,8846.44709118345,8846.22942840949,9004.73330482164,-8846.22942840949,8949.247598413915
19,explicit_saturated_diagnostic,1,66,U_R/right_thumb_1_joint,hand48,8,1.6589841135237375,1.6342843415952424,2.014861029199417,-1.6342843415952424,2.0111970494228433,206.07664537808972,202.2436527336934,256.3686009099704,-202.2436527336934,254.7840032984836
19,explicit_saturated_diagnostic,1,67,U_R/right_index_2_joint,hand48,8,194.3583583212867,194.34025252336303,201.27074985475105,194.34025252336303,198.7762187964062,23763.053316826616,23762.545891372167,24164.47458214244,23762.545891372167,24024.861823477542
19,explicit_saturated_diagnostic,1,68,U_R/right_little_2_joint,hand48,8,263.55781839704076,261.25627092655634,274.6935678065026,261.25627092655634,274.65181565020407,32014.3773088641,31722.921260323048,33374.673467058165,31722.921260323048,33372.01431821707
19,explicit_saturated_diagnostic,1,69,U_R/right_middle_2_joint,hand48,8,168.561774744049,168.5371307109974,176.12247007599308,168.5371307109974,173.2407763574673,20701.140758509955,20700.451312218327,21143.317094590166,20700.451312218327,20979.35283964217
19,explicit_saturated_diagnostic,1,70,U_R/right_ring_2_joint,hand48,8,193.64853916900222,193.63058013161805,200.58422764146567,193.63058013161805,197.9160650139426,23673.525839022135,23673.028726083357,24076.05333627537,23673.028726083357,23922.952396586967
19,explicit_saturated_diagnostic,1,71,U_R/right_thumb_2_joint,hand48,8,16.976546969707016,16.892342587173808,17.983184319713796,-12.396546507245358,17.862846736473127,2060.6159190737812,2049.9016879802502,2164.715518101349,-1508.7228084549129,2157.9855950456076
19,explicit_saturated_diagnostic,1,72,U_R/right_thumb_3_joint,hand48,8,228.5096340475052,228.24956650652015,234.92878406015055,169.51737049148252,234.5999645399548,27621.27087825784,27587.29577056875,28256.57856747609,20523.151128699727,28236.084502732494
19,explicit_saturated_diagnostic,1,73,U_R/right_thumb_4_joint,hand48,8,617.9445369758251,617.7321665916666,628.7055163880318,-460.5557874946586,628.0618989608317,74508.01012037518,74479.86310900564,75553.45104058487,-55591.500348859416,75498.80291348188
