campaign,env_yaml,seed,duration_s,initial_jitter_rad,actuator_delay_steps,hold_steps,env_id,method,initial_q_sha256,command_sha256,initial_violation,violation
pilot_initial_delay,duo_env_a31_bounded_guard.yaml,12,10.0,0.3,0,90,0,system0,8cd67aca8edeebd9b32864e3b9f050b6ac96407604520819fce64aa0d6d12348,a9c6b32ff0a3ac1f20800f1cb6e73d0b66f3c1c570c8631ce7657cd55da7af97,False,False
latency_candidate_pilot,duo_env_a31_latency_guard.yaml,12,10.0,0.3,0,90,0,system0,8cd67aca8edeebd9b32864e3b9f050b6ac96407604520819fce64aa0d6d12348,a9c6b32ff0a3ac1f20800f1cb6e73d0b66f3c1c570c8631ce7657cd55da7af97,False,False
stored_verified_pilot,duo_env_a31_stored_guard.yaml,12,10.0,0.3,0,90,0,system0,8cd67aca8edeebd9b32864e3b9f050b6ac96407604520819fce64aa0d6d12348,a9c6b32ff0a3ac1f20800f1cb6e73d0b66f3c1c570c8631ce7657cd55da7af97,False,False
pending_final_pilot,duo_env_a31_pending_guard.yaml,12,10.0,0.3,0,90,0,system0,8cd67aca8edeebd9b32864e3b9f050b6ac96407604520819fce64aa0d6d12348,a9c6b32ff0a3ac1f20800f1cb6e73d0b66f3c1c570c8631ce7657cd55da7af97,False,False
pilot_initial_delay,duo_env_a31_bounded_guard.yaml,12,10.0,0.3,0,90,1,system0,5dc63fd3f9be5340b419ad4ab408d3c781642707231df54a42f25bca13d8b4a5,668afa5f3ada2f498c04e7bbf62fdc008f7ebd404798b869e73d5c313a338271,False,False
latency_candidate_pilot,duo_env_a31_latency_guard.yaml,12,10.0,0.3,0,90,1,system0,5dc63fd3f9be5340b419ad4ab408d3c781642707231df54a42f25bca13d8b4a5,668afa5f3ada2f498c04e7bbf62fdc008f7ebd404798b869e73d5c313a338271,False,False
stored_verified_pilot,duo_env_a31_stored_guard.yaml,12,10.0,0.3,0,90,1,system0,5dc63fd3f9be5340b419ad4ab408d3c781642707231df54a42f25bca13d8b4a5,668afa5f3ada2f498c04e7bbf62fdc008f7ebd404798b869e73d5c313a338271,False,False
pending_final_pilot,duo_env_a31_pending_guard.yaml,12,10.0,0.3,0,90,1,system0,5dc63fd3f9be5340b419ad4ab408d3c781642707231df54a42f25bca13d8b4a5,668afa5f3ada2f498c04e7bbf62fdc008f7ebd404798b869e73d5c313a338271,False,False
pilot_initial_delay,duo_env_a31_bounded_guard.yaml,12,10.0,0.3,0,90,2,system0,d75ab313afc3289d03bc00e8c06db7f1640653e9efca40d86e7c925f21df4f33,c222d274b106569e6ce5a31175403656330499aacea124f38b6ee420d174a818,False,False
latency_candidate_pilot,duo_env_a31_latency_guard.yaml,12,10.0,0.3,0,90,2,system0,d75ab313afc3289d03bc00e8c06db7f1640653e9efca40d86e7c925f21df4f33,c222d274b106569e6ce5a31175403656330499aacea124f38b6ee420d174a818,False,False
stored_verified_pilot,duo_env_a31_stored_guard.yaml,12,10.0,0.3,0,90,2,system0,d75ab313afc3289d03bc00e8c06db7f1640653e9efca40d86e7c925f21df4f33,c222d274b106569e6ce5a31175403656330499aacea124f38b6ee420d174a818,False,False
pending_final_pilot,duo_env_a31_pending_guard.yaml,12,10.0,0.3,0,90,2,system0,d75ab313afc3289d03bc00e8c06db7f1640653e9efca40d86e7c925f21df4f33,c222d274b106569e6ce5a31175403656330499aacea124f38b6ee420d174a818,False,False
pilot_initial_delay,duo_env_a31_bounded_guard.yaml,12,10.0,0.3,0,90,3,system0,b034b2f2c120c07d979408bf22a56da974e76c99e39296ddd74a2e13b7075e8b,89074ccdad30f6452e726e220ca534dfad1995555b73d06f968afe64d92346d5,False,False
latency_candidate_pilot,duo_env_a31_latency_guard.yaml,12,10.0,0.3,0,90,3,system0,b034b2f2c120c07d979408bf22a56da974e76c99e39296ddd74a2e13b7075e8b,89074ccdad30f6452e726e220ca534dfad1995555b73d06f968afe64d92346d5,False,False
stored_verified_pilot,duo_env_a31_stored_guard.yaml,12,10.0,0.3,0,90,3,system0,b034b2f2c120c07d979408bf22a56da974e76c99e39296ddd74a2e13b7075e8b,89074ccdad30f6452e726e220ca534dfad1995555b73d06f968afe64d92346d5,False,False
pending_final_pilot,duo_env_a31_pending_guard.yaml,12,10.0,0.3,0,90,3,system0,b034b2f2c120c07d979408bf22a56da974e76c99e39296ddd74a2e13b7075e8b,89074ccdad30f6452e726e220ca534dfad1995555b73d06f968afe64d92346d5,False,False
pilot_initial_delay,duo_env_a31_bounded_guard.yaml,12,10.0,0.3,0,90,4,system0,a3eb5f27c3d07cba1a887c78444fbd4ca762245b4bca31bba9604dc6d9f8e7cb,1c8d93d44727c366af751aa3d93aff880e1573bf0973a5e690a7094bcfc22110,False,False
latency_candidate_pilot,duo_env_a31_latency_guard.yaml,12,10.0,0.3,0,90,4,system0,a3eb5f27c3d07cba1a887c78444fbd4ca762245b4bca31bba9604dc6d9f8e7cb,1c8d93d44727c366af751aa3d93aff880e1573bf0973a5e690a7094bcfc22110,False,False
stored_verified_pilot,duo_env_a31_stored_guard.yaml,12,10.0,0.3,0,90,4,system0,a3eb5f27c3d07cba1a887c78444fbd4ca762245b4bca31bba9604dc6d9f8e7cb,1c8d93d44727c366af751aa3d93aff880e1573bf0973a5e690a7094bcfc22110,False,False
pending_final_pilot,duo_env_a31_pending_guard.yaml,12,10.0,0.3,0,90,4,system0,a3eb5f27c3d07cba1a887c78444fbd4ca762245b4bca31bba9604dc6d9f8e7cb,1c8d93d44727c366af751aa3d93aff880e1573bf0973a5e690a7094bcfc22110,False,False
pilot_initial_delay,duo_env_a31_bounded_guard.yaml,12,10.0,0.3,0,90,5,system0,d5a3f7503c4c38a6b5c316648238542c4441956048304d92fdf83369060ec42b,c48f6899830c4a084dd620867ace109369ed961ef59b3c0f77fb239ee945d843,False,False
latency_candidate_pilot,duo_env_a31_latency_guard.yaml,12,10.0,0.3,0,90,5,system0,d5a3f7503c4c38a6b5c316648238542c4441956048304d92fdf83369060ec42b,c48f6899830c4a084dd620867ace109369ed961ef59b3c0f77fb239ee945d843,False,False
stored_verified_pilot,duo_env_a31_stored_guard.yaml,12,10.0,0.3,0,90,5,system0,d5a3f7503c4c38a6b5c316648238542c4441956048304d92fdf83369060ec42b,c48f6899830c4a084dd620867ace109369ed961ef59b3c0f77fb239ee945d843,False,False
pending_final_pilot,duo_env_a31_pending_guard.yaml,12,10.0,0.3,0,90,5,system0,d5a3f7503c4c38a6b5c316648238542c4441956048304d92fdf83369060ec42b,c48f6899830c4a084dd620867ace109369ed961ef59b3c0f77fb239ee945d843,False,False
pilot_initial_delay,duo_env_a31_bounded_guard.yaml,12,10.0,0.3,0,90,6,system0,1ecbb71cadbab1d5011bc9b50ae0cb7ed4d4b71d66f895125be6c8ff9e77beb1,6a8c6412f5d06592f5bf3a6659205e4ed641720cee049d6949259097b82d4870,False,False
latency_candidate_pilot,duo_env_a31_latency_guard.yaml,12,10.0,0.3,0,90,6,system0,1ecbb71cadbab1d5011bc9b50ae0cb7ed4d4b71d66f895125be6c8ff9e77beb1,6a8c6412f5d06592f5bf3a6659205e4ed641720cee049d6949259097b82d4870,False,False
stored_verified_pilot,duo_env_a31_stored_guard.yaml,12,10.0,0.3,0,90,6,system0,1ecbb71cadbab1d5011bc9b50ae0cb7ed4d4b71d66f895125be6c8ff9e77beb1,6a8c6412f5d06592f5bf3a6659205e4ed641720cee049d6949259097b82d4870,False,False
pending_final_pilot,duo_env_a31_pending_guard.yaml,12,10.0,0.3,0,90,6,system0,1ecbb71cadbab1d5011bc9b50ae0cb7ed4d4b71d66f895125be6c8ff9e77beb1,6a8c6412f5d06592f5bf3a6659205e4ed641720cee049d6949259097b82d4870,False,False
pilot_initial_delay,duo_env_a31_bounded_guard.yaml,12,10.0,0.3,0,90,7,system0,5c958d77756a154f8f338a380b5baab09ee77bf3cb6e6fdd59b29a4266e6b044,83069b323aa246d38b98d2112e986c54e81c6f4a480044268099c4da81bb2792,False,False
latency_candidate_pilot,duo_env_a31_latency_guard.yaml,12,10.0,0.3,0,90,7,system0,5c958d77756a154f8f338a380b5baab09ee77bf3cb6e6fdd59b29a4266e6b044,83069b323aa246d38b98d2112e986c54e81c6f4a480044268099c4da81bb2792,False,False
stored_verified_pilot,duo_env_a31_stored_guard.yaml,12,10.0,0.3,0,90,7,system0,5c958d77756a154f8f338a380b5baab09ee77bf3cb6e6fdd59b29a4266e6b044,83069b323aa246d38b98d2112e986c54e81c6f4a480044268099c4da81bb2792,False,False
pending_final_pilot,duo_env_a31_pending_guard.yaml,12,10.0,0.3,0,90,7,system0,5c958d77756a154f8f338a380b5baab09ee77bf3cb6e6fdd59b29a4266e6b044,83069b323aa246d38b98d2112e986c54e81c6f4a480044268099c4da81bb2792,False,False
pilot_initial_delay,duo_env_a31_bounded_guard.yaml,12,10.0,0.3,0,90,8,system0,a5979279de9d1c0562c528243c0ea7b422dd362b869f100e6d90ce7e48e6eaaf,1b8d31d10430f07b2b9b42b3dce0f5b76d4b4150757d3b319f2a945cae5f3331,False,False
latency_candidate_pilot,duo_env_a31_latency_guard.yaml,12,10.0,0.3,0,90,8,system0,a5979279de9d1c0562c528243c0ea7b422dd362b869f100e6d90ce7e48e6eaaf,1b8d31d10430f07b2b9b42b3dce0f5b76d4b4150757d3b319f2a945cae5f3331,False,False
stored_verified_pilot,duo_env_a31_stored_guard.yaml,12,10.0,0.3,0,90,8,system0,a5979279de9d1c0562c528243c0ea7b422dd362b869f100e6d90ce7e48e6eaaf,1b8d31d10430f07b2b9b42b3dce0f5b76d4b4150757d3b319f2a945cae5f3331,False,False
pending_final_pilot,duo_env_a31_pending_guard.yaml,12,10.0,0.3,0,90,8,system0,a5979279de9d1c0562c528243c0ea7b422dd362b869f100e6d90ce7e48e6eaaf,1b8d31d10430f07b2b9b42b3dce0f5b76d4b4150757d3b319f2a945cae5f3331,False,False
pilot_initial_delay,duo_env_a31_bounded_guard.yaml,12,10.0,0.3,0,90,9,system0,49c9092f12e1023fc46d85afe1efc7c8973858edbff7f37947be04e5192caa8e,6b49ca4cd1a5a4122713106954a44e1ecef4e207334ff8c4edf572bea310424c,False,False
latency_candidate_pilot,duo_env_a31_latency_guard.yaml,12,10.0,0.3,0,90,9,system0,49c9092f12e1023fc46d85afe1efc7c8973858edbff7f37947be04e5192caa8e,6b49ca4cd1a5a4122713106954a44e1ecef4e207334ff8c4edf572bea310424c,False,False
stored_verified_pilot,duo_env_a31_stored_guard.yaml,12,10.0,0.3,0,90,9,system0,49c9092f12e1023fc46d85afe1efc7c8973858edbff7f37947be04e5192caa8e,6b49ca4cd1a5a4122713106954a44e1ecef4e207334ff8c4edf572bea310424c,False,False
pending_final_pilot,duo_env_a31_pending_guard.yaml,12,10.0,0.3,0,90,9,system0,49c9092f12e1023fc46d85afe1efc7c8973858edbff7f37947be04e5192caa8e,6b49ca4cd1a5a4122713106954a44e1ecef4e207334ff8c4edf572bea310424c,False,False
pilot_initial_delay,duo_env_a31_bounded_guard.yaml,12,10.0,0.3,0,90,10,system0,256e90f2f274d7820b34c7cfe0ace0b680e9bb4b238ecfa56cc56d80d8ad6bd8,c0e0ae0a82347b69e5a425de536a11d8bbbcaa036d85b049680f71894cdbca37,False,False
latency_candidate_pilot,duo_env_a31_latency_guard.yaml,12,10.0,0.3,0,90,10,system0,256e90f2f274d7820b34c7cfe0ace0b680e9bb4b238ecfa56cc56d80d8ad6bd8,c0e0ae0a82347b69e5a425de536a11d8bbbcaa036d85b049680f71894cdbca37,False,False
stored_verified_pilot,duo_env_a31_stored_guard.yaml,12,10.0,0.3,0,90,10,system0,256e90f2f274d7820b34c7cfe0ace0b680e9bb4b238ecfa56cc56d80d8ad6bd8,c0e0ae0a82347b69e5a425de536a11d8bbbcaa036d85b049680f71894cdbca37,False,False
pending_final_pilot,duo_env_a31_pending_guard.yaml,12,10.0,0.3,0,90,10,system0,256e90f2f274d7820b34c7cfe0ace0b680e9bb4b238ecfa56cc56d80d8ad6bd8,c0e0ae0a82347b69e5a425de536a11d8bbbcaa036d85b049680f71894cdbca37,False,False
pilot_initial_delay,duo_env_a31_bounded_guard.yaml,12,10.0,0.3,0,90,11,system0,6c49521941e419385512638b5a7e5945b0b90eaa0fb7000d23b59412e7d6dd4c,60467d2d723360bedddb82ce8546ffd03ebe551eaf04a4fc309b01df4ead7974,False,False
latency_candidate_pilot,duo_env_a31_latency_guard.yaml,12,10.0,0.3,0,90,11,system0,6c49521941e419385512638b5a7e5945b0b90eaa0fb7000d23b59412e7d6dd4c,60467d2d723360bedddb82ce8546ffd03ebe551eaf04a4fc309b01df4ead7974,False,False
stored_verified_pilot,duo_env_a31_stored_guard.yaml,12,10.0,0.3,0,90,11,system0,6c49521941e419385512638b5a7e5945b0b90eaa0fb7000d23b59412e7d6dd4c,60467d2d723360bedddb82ce8546ffd03ebe551eaf04a4fc309b01df4ead7974,False,False
pending_final_pilot,duo_env_a31_pending_guard.yaml,12,10.0,0.3,0,90,11,system0,6c49521941e419385512638b5a7e5945b0b90eaa0fb7000d23b59412e7d6dd4c,60467d2d723360bedddb82ce8546ffd03ebe551eaf04a4fc309b01df4ead7974,False,False
pilot_initial_delay,duo_env_a31_bounded_guard.yaml,12,10.0,0.3,0,90,12,system0,9d308195e77fbd57d38c45f6804a4128c66e80d6c7cf92fdd7b84b5890c913d7,c39738460d2b55f8f04c30e7f5f5bfee45e50e10348b7b05bacba2eaf513a65b,False,False
latency_candidate_pilot,duo_env_a31_latency_guard.yaml,12,10.0,0.3,0,90,12,system0,9d308195e77fbd57d38c45f6804a4128c66e80d6c7cf92fdd7b84b5890c913d7,c39738460d2b55f8f04c30e7f5f5bfee45e50e10348b7b05bacba2eaf513a65b,False,False
stored_verified_pilot,duo_env_a31_stored_guard.yaml,12,10.0,0.3,0,90,12,system0,9d308195e77fbd57d38c45f6804a4128c66e80d6c7cf92fdd7b84b5890c913d7,c39738460d2b55f8f04c30e7f5f5bfee45e50e10348b7b05bacba2eaf513a65b,False,False
pending_final_pilot,duo_env_a31_pending_guard.yaml,12,10.0,0.3,0,90,12,system0,9d308195e77fbd57d38c45f6804a4128c66e80d6c7cf92fdd7b84b5890c913d7,c39738460d2b55f8f04c30e7f5f5bfee45e50e10348b7b05bacba2eaf513a65b,False,False
pilot_initial_delay,duo_env_a31_bounded_guard.yaml,12,10.0,0.3,0,90,13,system0,f79a0b4b49a51d330d07eda0a9090252eeadc84495726c20571be35460686cf8,87831a5258bb5d2e7c3e2cd925bda7268ada532fc597ab000f4eec3e7ba25930,False,False
latency_candidate_pilot,duo_env_a31_latency_guard.yaml,12,10.0,0.3,0,90,13,system0,f79a0b4b49a51d330d07eda0a9090252eeadc84495726c20571be35460686cf8,87831a5258bb5d2e7c3e2cd925bda7268ada532fc597ab000f4eec3e7ba25930,False,False
stored_verified_pilot,duo_env_a31_stored_guard.yaml,12,10.0,0.3,0,90,13,system0,f79a0b4b49a51d330d07eda0a9090252eeadc84495726c20571be35460686cf8,87831a5258bb5d2e7c3e2cd925bda7268ada532fc597ab000f4eec3e7ba25930,False,False
pending_final_pilot,duo_env_a31_pending_guard.yaml,12,10.0,0.3,0,90,13,system0,f79a0b4b49a51d330d07eda0a9090252eeadc84495726c20571be35460686cf8,87831a5258bb5d2e7c3e2cd925bda7268ada532fc597ab000f4eec3e7ba25930,False,False
pilot_initial_delay,duo_env_a31_bounded_guard.yaml,12,10.0,0.3,0,90,14,system0,b7f24721225cc2fe5f2c0e67ec442d1a1dc376e472da3866524206dbbedc2751,70151ccc2751067938603a4d65ce0eaf07cccf22d01394ae08636f59d55aad29,False,False
latency_candidate_pilot,duo_env_a31_latency_guard.yaml,12,10.0,0.3,0,90,14,system0,b7f24721225cc2fe5f2c0e67ec442d1a1dc376e472da3866524206dbbedc2751,70151ccc2751067938603a4d65ce0eaf07cccf22d01394ae08636f59d55aad29,False,False
stored_verified_pilot,duo_env_a31_stored_guard.yaml,12,10.0,0.3,0,90,14,system0,b7f24721225cc2fe5f2c0e67ec442d1a1dc376e472da3866524206dbbedc2751,70151ccc2751067938603a4d65ce0eaf07cccf22d01394ae08636f59d55aad29,False,False
pending_final_pilot,duo_env_a31_pending_guard.yaml,12,10.0,0.3,0,90,14,system0,b7f24721225cc2fe5f2c0e67ec442d1a1dc376e472da3866524206dbbedc2751,70151ccc2751067938603a4d65ce0eaf07cccf22d01394ae08636f59d55aad29,False,False
pilot_initial_delay,duo_env_a31_bounded_guard.yaml,12,10.0,0.3,0,90,15,system0,86c314a45ec82ee12c7e518d8223e70f8bb84cbaa231f66b0956ff7d72897c2d,b09ecaca8ef3d932257b171865bc9d05cc4b09ebafb43b363f0dcfc34ac27add,False,False
latency_candidate_pilot,duo_env_a31_latency_guard.yaml,12,10.0,0.3,0,90,15,system0,86c314a45ec82ee12c7e518d8223e70f8bb84cbaa231f66b0956ff7d72897c2d,b09ecaca8ef3d932257b171865bc9d05cc4b09ebafb43b363f0dcfc34ac27add,False,False
stored_verified_pilot,duo_env_a31_stored_guard.yaml,12,10.0,0.3,0,90,15,system0,86c314a45ec82ee12c7e518d8223e70f8bb84cbaa231f66b0956ff7d72897c2d,b09ecaca8ef3d932257b171865bc9d05cc4b09ebafb43b363f0dcfc34ac27add,False,False
pending_final_pilot,duo_env_a31_pending_guard.yaml,12,10.0,0.3,0,90,15,system0,86c314a45ec82ee12c7e518d8223e70f8bb84cbaa231f66b0956ff7d72897c2d,b09ecaca8ef3d932257b171865bc9d05cc4b09ebafb43b363f0dcfc34ac27add,False,False
pilot_initial_delay,duo_env_a31_bounded_guard.yaml,12,10.0,0.3,0,90,16,system0,63be56312c2c8fdebef9a2e5364f9244be8924ec2028f73cf3a8cb7968cd365e,05177c1a32af8e1e3aa4d847d2abe1914c656b25b4f66da28f6d9f2c515a5dc7,False,False
latency_candidate_pilot,duo_env_a31_latency_guard.yaml,12,10.0,0.3,0,90,16,system0,63be56312c2c8fdebef9a2e5364f9244be8924ec2028f73cf3a8cb7968cd365e,05177c1a32af8e1e3aa4d847d2abe1914c656b25b4f66da28f6d9f2c515a5dc7,False,False
stored_verified_pilot,duo_env_a31_stored_guard.yaml,12,10.0,0.3,0,90,16,system0,63be56312c2c8fdebef9a2e5364f9244be8924ec2028f73cf3a8cb7968cd365e,05177c1a32af8e1e3aa4d847d2abe1914c656b25b4f66da28f6d9f2c515a5dc7,False,False
pending_final_pilot,duo_env_a31_pending_guard.yaml,12,10.0,0.3,0,90,16,system0,63be56312c2c8fdebef9a2e5364f9244be8924ec2028f73cf3a8cb7968cd365e,05177c1a32af8e1e3aa4d847d2abe1914c656b25b4f66da28f6d9f2c515a5dc7,False,False
pilot_initial_delay,duo_env_a31_bounded_guard.yaml,12,10.0,0.3,0,90,17,system0,8d2cad72cdd5ae4923f9bc57628c1881f31c8a4e2414ce46b0a6875ce324d41c,16d0c5562dfb228e73c1d3482f2656b917f172109ffebe80c84b57572d6abe6d,False,False
latency_candidate_pilot,duo_env_a31_latency_guard.yaml,12,10.0,0.3,0,90,17,system0,8d2cad72cdd5ae4923f9bc57628c1881f31c8a4e2414ce46b0a6875ce324d41c,16d0c5562dfb228e73c1d3482f2656b917f172109ffebe80c84b57572d6abe6d,False,False
stored_verified_pilot,duo_env_a31_stored_guard.yaml,12,10.0,0.3,0,90,17,system0,8d2cad72cdd5ae4923f9bc57628c1881f31c8a4e2414ce46b0a6875ce324d41c,16d0c5562dfb228e73c1d3482f2656b917f172109ffebe80c84b57572d6abe6d,False,False
pending_final_pilot,duo_env_a31_pending_guard.yaml,12,10.0,0.3,0,90,17,system0,8d2cad72cdd5ae4923f9bc57628c1881f31c8a4e2414ce46b0a6875ce324d41c,16d0c5562dfb228e73c1d3482f2656b917f172109ffebe80c84b57572d6abe6d,False,False
pilot_initial_delay,duo_env_a31_bounded_guard.yaml,12,10.0,0.3,0,90,18,system0,9e1f4ba9f52fc53192b0c78d5dbfde705af8fc2dd34f0be1ac016586e607c5bf,243ddf32b47f8b499879aed122f78619c1f64e0f363d0e4fdcf9685309d8e125,False,False
latency_candidate_pilot,duo_env_a31_latency_guard.yaml,12,10.0,0.3,0,90,18,system0,9e1f4ba9f52fc53192b0c78d5dbfde705af8fc2dd34f0be1ac016586e607c5bf,243ddf32b47f8b499879aed122f78619c1f64e0f363d0e4fdcf9685309d8e125,False,False
stored_verified_pilot,duo_env_a31_stored_guard.yaml,12,10.0,0.3,0,90,18,system0,9e1f4ba9f52fc53192b0c78d5dbfde705af8fc2dd34f0be1ac016586e607c5bf,243ddf32b47f8b499879aed122f78619c1f64e0f363d0e4fdcf9685309d8e125,False,False
pending_final_pilot,duo_env_a31_pending_guard.yaml,12,10.0,0.3,0,90,18,system0,9e1f4ba9f52fc53192b0c78d5dbfde705af8fc2dd34f0be1ac016586e607c5bf,243ddf32b47f8b499879aed122f78619c1f64e0f363d0e4fdcf9685309d8e125,False,False
pilot_initial_delay,duo_env_a31_bounded_guard.yaml,12,10.0,0.3,0,90,19,system0,7631950aece22aa1595a323ae8cae0da2135efabe867efbeb8a3aaac557046ed,e1390c1f239106dda70da00858c48e760deb2c388803b96fc7f6813adfead455,False,False
latency_candidate_pilot,duo_env_a31_latency_guard.yaml,12,10.0,0.3,0,90,19,system0,7631950aece22aa1595a323ae8cae0da2135efabe867efbeb8a3aaac557046ed,e1390c1f239106dda70da00858c48e760deb2c388803b96fc7f6813adfead455,False,False
stored_verified_pilot,duo_env_a31_stored_guard.yaml,12,10.0,0.3,0,90,19,system0,7631950aece22aa1595a323ae8cae0da2135efabe867efbeb8a3aaac557046ed,e1390c1f239106dda70da00858c48e760deb2c388803b96fc7f6813adfead455,False,False
pending_final_pilot,duo_env_a31_pending_guard.yaml,12,10.0,0.3,0,90,19,system0,7631950aece22aa1595a323ae8cae0da2135efabe867efbeb8a3aaac557046ed,e1390c1f239106dda70da00858c48e760deb2c388803b96fc7f6813adfead455,False,False
pilot_initial_delay,duo_env_a31_bounded_guard.yaml,12,10.0,0.3,0,90,20,system0,5a3a4436d1e25c75de769b1f24c5801d9da962525afbbc7d397d35d5872217b8,59ba95a66dc530a3f9f24f2879d8fe32e1ea52001271cda6a6983419cdd0e5ac,False,False
latency_candidate_pilot,duo_env_a31_latency_guard.yaml,12,10.0,0.3,0,90,20,system0,5a3a4436d1e25c75de769b1f24c5801d9da962525afbbc7d397d35d5872217b8,59ba95a66dc530a3f9f24f2879d8fe32e1ea52001271cda6a6983419cdd0e5ac,False,False
stored_verified_pilot,duo_env_a31_stored_guard.yaml,12,10.0,0.3,0,90,20,system0,5a3a4436d1e25c75de769b1f24c5801d9da962525afbbc7d397d35d5872217b8,59ba95a66dc530a3f9f24f2879d8fe32e1ea52001271cda6a6983419cdd0e5ac,False,False
pending_final_pilot,duo_env_a31_pending_guard.yaml,12,10.0,0.3,0,90,20,system0,5a3a4436d1e25c75de769b1f24c5801d9da962525afbbc7d397d35d5872217b8,59ba95a66dc530a3f9f24f2879d8fe32e1ea52001271cda6a6983419cdd0e5ac,False,False
pilot_initial_delay,duo_env_a31_bounded_guard.yaml,12,10.0,0.3,0,90,21,system0,87662abf84aae3f76759c47d405add7cf5965b7d97017ff85070ed4f9d2de88f,930e9f535480e8a65ef2dd5d37195358b77a023fca9ac1b1023cdfc870ef4b17,False,False
latency_candidate_pilot,duo_env_a31_latency_guard.yaml,12,10.0,0.3,0,90,21,system0,87662abf84aae3f76759c47d405add7cf5965b7d97017ff85070ed4f9d2de88f,930e9f535480e8a65ef2dd5d37195358b77a023fca9ac1b1023cdfc870ef4b17,False,False
stored_verified_pilot,duo_env_a31_stored_guard.yaml,12,10.0,0.3,0,90,21,system0,87662abf84aae3f76759c47d405add7cf5965b7d97017ff85070ed4f9d2de88f,930e9f535480e8a65ef2dd5d37195358b77a023fca9ac1b1023cdfc870ef4b17,False,False
pending_final_pilot,duo_env_a31_pending_guard.yaml,12,10.0,0.3,0,90,21,system0,87662abf84aae3f76759c47d405add7cf5965b7d97017ff85070ed4f9d2de88f,930e9f535480e8a65ef2dd5d37195358b77a023fca9ac1b1023cdfc870ef4b17,False,False
pilot_initial_delay,duo_env_a31_bounded_guard.yaml,12,10.0,0.3,0,90,22,system0,150578895c07515eab0ceb06598f936e5525e36acd873a46537045bb4a5a4f4f,f62e4cf92073f4f2ceb6ef765e431f7f499b30c5c8cc166ace1e68f27e11eaa5,False,False
latency_candidate_pilot,duo_env_a31_latency_guard.yaml,12,10.0,0.3,0,90,22,system0,150578895c07515eab0ceb06598f936e5525e36acd873a46537045bb4a5a4f4f,f62e4cf92073f4f2ceb6ef765e431f7f499b30c5c8cc166ace1e68f27e11eaa5,False,False
stored_verified_pilot,duo_env_a31_stored_guard.yaml,12,10.0,0.3,0,90,22,system0,150578895c07515eab0ceb06598f936e5525e36acd873a46537045bb4a5a4f4f,f62e4cf92073f4f2ceb6ef765e431f7f499b30c5c8cc166ace1e68f27e11eaa5,False,False
pending_final_pilot,duo_env_a31_pending_guard.yaml,12,10.0,0.3,0,90,22,system0,150578895c07515eab0ceb06598f936e5525e36acd873a46537045bb4a5a4f4f,f62e4cf92073f4f2ceb6ef765e431f7f499b30c5c8cc166ace1e68f27e11eaa5,False,False
pilot_initial_delay,duo_env_a31_bounded_guard.yaml,12,10.0,0.3,0,90,23,system0,13404c8f8d901995bb8b951712e6084c80d13bd7befb5482c2438aa350a62901,fc0cee9724de6e732ed90949a6d88d6a814bbb72318d73761a26845b62746835,False,False
latency_candidate_pilot,duo_env_a31_latency_guard.yaml,12,10.0,0.3,0,90,23,system0,13404c8f8d901995bb8b951712e6084c80d13bd7befb5482c2438aa350a62901,fc0cee9724de6e732ed90949a6d88d6a814bbb72318d73761a26845b62746835,False,False
stored_verified_pilot,duo_env_a31_stored_guard.yaml,12,10.0,0.3,0,90,23,system0,13404c8f8d901995bb8b951712e6084c80d13bd7befb5482c2438aa350a62901,fc0cee9724de6e732ed90949a6d88d6a814bbb72318d73761a26845b62746835,False,False
pending_final_pilot,duo_env_a31_pending_guard.yaml,12,10.0,0.3,0,90,23,system0,13404c8f8d901995bb8b951712e6084c80d13bd7befb5482c2438aa350a62901,fc0cee9724de6e732ed90949a6d88d6a814bbb72318d73761a26845b62746835,False,False
pilot_initial_delay,duo_env_a31_bounded_guard.yaml,12,10.0,0.3,0,90,24,system0,02b25a339c2f62778a758fa619e330808e920f12a7f40f6fef8878c7164b56c0,f5067e9521ceded650115bfbd8f45ffb304a5697a102f3da97623d1a592b93a2,False,False
latency_candidate_pilot,duo_env_a31_latency_guard.yaml,12,10.0,0.3,0,90,24,system0,02b25a339c2f62778a758fa619e330808e920f12a7f40f6fef8878c7164b56c0,f5067e9521ceded650115bfbd8f45ffb304a5697a102f3da97623d1a592b93a2,False,False
stored_verified_pilot,duo_env_a31_stored_guard.yaml,12,10.0,0.3,0,90,24,system0,02b25a339c2f62778a758fa619e330808e920f12a7f40f6fef8878c7164b56c0,f5067e9521ceded650115bfbd8f45ffb304a5697a102f3da97623d1a592b93a2,False,False
pending_final_pilot,duo_env_a31_pending_guard.yaml,12,10.0,0.3,0,90,24,system0,02b25a339c2f62778a758fa619e330808e920f12a7f40f6fef8878c7164b56c0,f5067e9521ceded650115bfbd8f45ffb304a5697a102f3da97623d1a592b93a2,False,False
pilot_initial_delay,duo_env_a31_bounded_guard.yaml,12,10.0,0.3,0,90,25,system0,7d65f851d234cdb5554bfb8553248475e0aea446483d53b23328aa421659caa2,2780590c3fc8a649ee16c9178e015b30e0ea238fc702739454773279f6d8ca74,False,False
latency_candidate_pilot,duo_env_a31_latency_guard.yaml,12,10.0,0.3,0,90,25,system0,7d65f851d234cdb5554bfb8553248475e0aea446483d53b23328aa421659caa2,2780590c3fc8a649ee16c9178e015b30e0ea238fc702739454773279f6d8ca74,False,False
stored_verified_pilot,duo_env_a31_stored_guard.yaml,12,10.0,0.3,0,90,25,system0,7d65f851d234cdb5554bfb8553248475e0aea446483d53b23328aa421659caa2,2780590c3fc8a649ee16c9178e015b30e0ea238fc702739454773279f6d8ca74,False,False
pending_final_pilot,duo_env_a31_pending_guard.yaml,12,10.0,0.3,0,90,25,system0,7d65f851d234cdb5554bfb8553248475e0aea446483d53b23328aa421659caa2,2780590c3fc8a649ee16c9178e015b30e0ea238fc702739454773279f6d8ca74,False,False
pilot_initial_delay,duo_env_a31_bounded_guard.yaml,12,10.0,0.3,0,90,26,system0,a5319886a1212ef0b78a0bd46f9d56c7c1ba8d79a50be1ba99408dbab3f00fce,acc55bccf3d9a684bea21f2969a6dfab7caf7d503f6c2dee1da727bed0096c5e,False,False
latency_candidate_pilot,duo_env_a31_latency_guard.yaml,12,10.0,0.3,0,90,26,system0,a5319886a1212ef0b78a0bd46f9d56c7c1ba8d79a50be1ba99408dbab3f00fce,acc55bccf3d9a684bea21f2969a6dfab7caf7d503f6c2dee1da727bed0096c5e,False,False
stored_verified_pilot,duo_env_a31_stored_guard.yaml,12,10.0,0.3,0,90,26,system0,a5319886a1212ef0b78a0bd46f9d56c7c1ba8d79a50be1ba99408dbab3f00fce,acc55bccf3d9a684bea21f2969a6dfab7caf7d503f6c2dee1da727bed0096c5e,False,False
pending_final_pilot,duo_env_a31_pending_guard.yaml,12,10.0,0.3,0,90,26,system0,a5319886a1212ef0b78a0bd46f9d56c7c1ba8d79a50be1ba99408dbab3f00fce,acc55bccf3d9a684bea21f2969a6dfab7caf7d503f6c2dee1da727bed0096c5e,False,False
pilot_initial_delay,duo_env_a31_bounded_guard.yaml,12,10.0,0.3,0,90,27,system0,79eb3a536ff8fd6f89d46416cd82fefe3978327b61aa0dc5d92d65c06c538594,96163426b6e15f18a2d5239fec7a33df931150c40bcf34c02a8bed2270f83d40,False,False
latency_candidate_pilot,duo_env_a31_latency_guard.yaml,12,10.0,0.3,0,90,27,system0,79eb3a536ff8fd6f89d46416cd82fefe3978327b61aa0dc5d92d65c06c538594,96163426b6e15f18a2d5239fec7a33df931150c40bcf34c02a8bed2270f83d40,False,False
stored_verified_pilot,duo_env_a31_stored_guard.yaml,12,10.0,0.3,0,90,27,system0,79eb3a536ff8fd6f89d46416cd82fefe3978327b61aa0dc5d92d65c06c538594,96163426b6e15f18a2d5239fec7a33df931150c40bcf34c02a8bed2270f83d40,False,False
pending_final_pilot,duo_env_a31_pending_guard.yaml,12,10.0,0.3,0,90,27,system0,79eb3a536ff8fd6f89d46416cd82fefe3978327b61aa0dc5d92d65c06c538594,96163426b6e15f18a2d5239fec7a33df931150c40bcf34c02a8bed2270f83d40,False,False
pilot_initial_delay,duo_env_a31_bounded_guard.yaml,12,10.0,0.3,0,90,28,system0,5754c59261a2a4d35086a70e61206c6966f197ad10f27831dc4b6e4ff73be3d4,bc0045f61748a6bd232d829ba059c22ebfc03749a1082bb1d935f37bf1a7e3fa,False,False
latency_candidate_pilot,duo_env_a31_latency_guard.yaml,12,10.0,0.3,0,90,28,system0,5754c59261a2a4d35086a70e61206c6966f197ad10f27831dc4b6e4ff73be3d4,bc0045f61748a6bd232d829ba059c22ebfc03749a1082bb1d935f37bf1a7e3fa,False,False
stored_verified_pilot,duo_env_a31_stored_guard.yaml,12,10.0,0.3,0,90,28,system0,5754c59261a2a4d35086a70e61206c6966f197ad10f27831dc4b6e4ff73be3d4,bc0045f61748a6bd232d829ba059c22ebfc03749a1082bb1d935f37bf1a7e3fa,False,False
pending_final_pilot,duo_env_a31_pending_guard.yaml,12,10.0,0.3,0,90,28,system0,5754c59261a2a4d35086a70e61206c6966f197ad10f27831dc4b6e4ff73be3d4,bc0045f61748a6bd232d829ba059c22ebfc03749a1082bb1d935f37bf1a7e3fa,False,False
pilot_initial_delay,duo_env_a31_bounded_guard.yaml,12,10.0,0.3,0,90,29,system0,619c1f766eb8b2f7c916e8a7381820257541a3ffacdb85774c3221da660c0b19,4fc7c78f59d3b9ddb6344ecd472f4e2b341a116f6fe24af443bec0481889d0c9,False,False
latency_candidate_pilot,duo_env_a31_latency_guard.yaml,12,10.0,0.3,0,90,29,system0,619c1f766eb8b2f7c916e8a7381820257541a3ffacdb85774c3221da660c0b19,4fc7c78f59d3b9ddb6344ecd472f4e2b341a116f6fe24af443bec0481889d0c9,False,False
stored_verified_pilot,duo_env_a31_stored_guard.yaml,12,10.0,0.3,0,90,29,system0,619c1f766eb8b2f7c916e8a7381820257541a3ffacdb85774c3221da660c0b19,4fc7c78f59d3b9ddb6344ecd472f4e2b341a116f6fe24af443bec0481889d0c9,False,False
pending_final_pilot,duo_env_a31_pending_guard.yaml,12,10.0,0.3,0,90,29,system0,619c1f766eb8b2f7c916e8a7381820257541a3ffacdb85774c3221da660c0b19,4fc7c78f59d3b9ddb6344ecd472f4e2b341a116f6fe24af443bec0481889d0c9,False,False
pilot_initial_delay,duo_env_a31_bounded_guard.yaml,12,10.0,0.3,0,90,30,system0,fc8fd051677b3d3996b9d429631918a5399ab0a3ae50065e67349304b7678fe4,a255e8db404d072cce867d1a3cae4bedb7a40173d13d17571b04d1a79685dc9f,False,False
latency_candidate_pilot,duo_env_a31_latency_guard.yaml,12,10.0,0.3,0,90,30,system0,fc8fd051677b3d3996b9d429631918a5399ab0a3ae50065e67349304b7678fe4,a255e8db404d072cce867d1a3cae4bedb7a40173d13d17571b04d1a79685dc9f,False,False
stored_verified_pilot,duo_env_a31_stored_guard.yaml,12,10.0,0.3,0,90,30,system0,fc8fd051677b3d3996b9d429631918a5399ab0a3ae50065e67349304b7678fe4,a255e8db404d072cce867d1a3cae4bedb7a40173d13d17571b04d1a79685dc9f,False,False
pending_final_pilot,duo_env_a31_pending_guard.yaml,12,10.0,0.3,0,90,30,system0,fc8fd051677b3d3996b9d429631918a5399ab0a3ae50065e67349304b7678fe4,a255e8db404d072cce867d1a3cae4bedb7a40173d13d17571b04d1a79685dc9f,False,False
pilot_initial_delay,duo_env_a31_bounded_guard.yaml,12,10.0,0.3,0,90,31,system0,7970cb9bc98d30be6ea941d7fcd2b646cefdc0664d6205e7f349347786c5b946,5955f1ab6d59a344cc246b9880a1381e5a5bd35f81c74a6d7f3bb6b3c3370be5,False,True
latency_candidate_pilot,duo_env_a31_latency_guard.yaml,12,10.0,0.3,0,90,31,system0,7970cb9bc98d30be6ea941d7fcd2b646cefdc0664d6205e7f349347786c5b946,5955f1ab6d59a344cc246b9880a1381e5a5bd35f81c74a6d7f3bb6b3c3370be5,False,True
stored_verified_pilot,duo_env_a31_stored_guard.yaml,12,10.0,0.3,0,90,31,system0,7970cb9bc98d30be6ea941d7fcd2b646cefdc0664d6205e7f349347786c5b946,5955f1ab6d59a344cc246b9880a1381e5a5bd35f81c74a6d7f3bb6b3c3370be5,False,False
pending_final_pilot,duo_env_a31_pending_guard.yaml,12,10.0,0.3,0,90,31,system0,7970cb9bc98d30be6ea941d7fcd2b646cefdc0664d6205e7f349347786c5b946,5955f1ab6d59a344cc246b9880a1381e5a5bd35f81c74a6d7f3bb6b3c3370be5,False,False
pilot_initial_delay,duo_env_a31_bounded_guard.yaml,12,10.0,0.3,6,90,0,system0,8cd67aca8edeebd9b32864e3b9f050b6ac96407604520819fce64aa0d6d12348,a9c6b32ff0a3ac1f20800f1cb6e73d0b66f3c1c570c8631ce7657cd55da7af97,False,True
latency_candidate_pilot,duo_env_a31_latency_guard.yaml,12,10.0,0.3,6,90,0,system0,8cd67aca8edeebd9b32864e3b9f050b6ac96407604520819fce64aa0d6d12348,a9c6b32ff0a3ac1f20800f1cb6e73d0b66f3c1c570c8631ce7657cd55da7af97,False,False
stored_verified_pilot,duo_env_a31_stored_guard.yaml,12,10.0,0.3,6,90,0,system0,8cd67aca8edeebd9b32864e3b9f050b6ac96407604520819fce64aa0d6d12348,a9c6b32ff0a3ac1f20800f1cb6e73d0b66f3c1c570c8631ce7657cd55da7af97,False,False
pending_final_pilot,duo_env_a31_pending_guard.yaml,12,10.0,0.3,6,90,0,system0,8cd67aca8edeebd9b32864e3b9f050b6ac96407604520819fce64aa0d6d12348,a9c6b32ff0a3ac1f20800f1cb6e73d0b66f3c1c570c8631ce7657cd55da7af97,False,False
pilot_initial_delay,duo_env_a31_bounded_guard.yaml,12,10.0,0.3,6,90,1,system0,5dc63fd3f9be5340b419ad4ab408d3c781642707231df54a42f25bca13d8b4a5,668afa5f3ada2f498c04e7bbf62fdc008f7ebd404798b869e73d5c313a338271,False,False
latency_candidate_pilot,duo_env_a31_latency_guard.yaml,12,10.0,0.3,6,90,1,system0,5dc63fd3f9be5340b419ad4ab408d3c781642707231df54a42f25bca13d8b4a5,668afa5f3ada2f498c04e7bbf62fdc008f7ebd404798b869e73d5c313a338271,False,False
stored_verified_pilot,duo_env_a31_stored_guard.yaml,12,10.0,0.3,6,90,1,system0,5dc63fd3f9be5340b419ad4ab408d3c781642707231df54a42f25bca13d8b4a5,668afa5f3ada2f498c04e7bbf62fdc008f7ebd404798b869e73d5c313a338271,False,False
pending_final_pilot,duo_env_a31_pending_guard.yaml,12,10.0,0.3,6,90,1,system0,5dc63fd3f9be5340b419ad4ab408d3c781642707231df54a42f25bca13d8b4a5,668afa5f3ada2f498c04e7bbf62fdc008f7ebd404798b869e73d5c313a338271,False,False
pilot_initial_delay,duo_env_a31_bounded_guard.yaml,12,10.0,0.3,6,90,2,system0,d75ab313afc3289d03bc00e8c06db7f1640653e9efca40d86e7c925f21df4f33,c222d274b106569e6ce5a31175403656330499aacea124f38b6ee420d174a818,False,False
latency_candidate_pilot,duo_env_a31_latency_guard.yaml,12,10.0,0.3,6,90,2,system0,d75ab313afc3289d03bc00e8c06db7f1640653e9efca40d86e7c925f21df4f33,c222d274b106569e6ce5a31175403656330499aacea124f38b6ee420d174a818,False,True
stored_verified_pilot,duo_env_a31_stored_guard.yaml,12,10.0,0.3,6,90,2,system0,d75ab313afc3289d03bc00e8c06db7f1640653e9efca40d86e7c925f21df4f33,c222d274b106569e6ce5a31175403656330499aacea124f38b6ee420d174a818,False,False
pending_final_pilot,duo_env_a31_pending_guard.yaml,12,10.0,0.3,6,90,2,system0,d75ab313afc3289d03bc00e8c06db7f1640653e9efca40d86e7c925f21df4f33,c222d274b106569e6ce5a31175403656330499aacea124f38b6ee420d174a818,False,False
pilot_initial_delay,duo_env_a31_bounded_guard.yaml,12,10.0,0.3,6,90,3,system0,b034b2f2c120c07d979408bf22a56da974e76c99e39296ddd74a2e13b7075e8b,89074ccdad30f6452e726e220ca534dfad1995555b73d06f968afe64d92346d5,False,False
latency_candidate_pilot,duo_env_a31_latency_guard.yaml,12,10.0,0.3,6,90,3,system0,b034b2f2c120c07d979408bf22a56da974e76c99e39296ddd74a2e13b7075e8b,89074ccdad30f6452e726e220ca534dfad1995555b73d06f968afe64d92346d5,False,True
stored_verified_pilot,duo_env_a31_stored_guard.yaml,12,10.0,0.3,6,90,3,system0,b034b2f2c120c07d979408bf22a56da974e76c99e39296ddd74a2e13b7075e8b,89074ccdad30f6452e726e220ca534dfad1995555b73d06f968afe64d92346d5,False,False
pending_final_pilot,duo_env_a31_pending_guard.yaml,12,10.0,0.3,6,90,3,system0,b034b2f2c120c07d979408bf22a56da974e76c99e39296ddd74a2e13b7075e8b,89074ccdad30f6452e726e220ca534dfad1995555b73d06f968afe64d92346d5,False,False
pilot_initial_delay,duo_env_a31_bounded_guard.yaml,12,10.0,0.3,6,90,4,system0,a3eb5f27c3d07cba1a887c78444fbd4ca762245b4bca31bba9604dc6d9f8e7cb,1c8d93d44727c366af751aa3d93aff880e1573bf0973a5e690a7094bcfc22110,False,False
latency_candidate_pilot,duo_env_a31_latency_guard.yaml,12,10.0,0.3,6,90,4,system0,a3eb5f27c3d07cba1a887c78444fbd4ca762245b4bca31bba9604dc6d9f8e7cb,1c8d93d44727c366af751aa3d93aff880e1573bf0973a5e690a7094bcfc22110,False,False
stored_verified_pilot,duo_env_a31_stored_guard.yaml,12,10.0,0.3,6,90,4,system0,a3eb5f27c3d07cba1a887c78444fbd4ca762245b4bca31bba9604dc6d9f8e7cb,1c8d93d44727c366af751aa3d93aff880e1573bf0973a5e690a7094bcfc22110,False,False
pending_final_pilot,duo_env_a31_pending_guard.yaml,12,10.0,0.3,6,90,4,system0,a3eb5f27c3d07cba1a887c78444fbd4ca762245b4bca31bba9604dc6d9f8e7cb,1c8d93d44727c366af751aa3d93aff880e1573bf0973a5e690a7094bcfc22110,False,False
pilot_initial_delay,duo_env_a31_bounded_guard.yaml,12,10.0,0.3,6,90,5,system0,d5a3f7503c4c38a6b5c316648238542c4441956048304d92fdf83369060ec42b,c48f6899830c4a084dd620867ace109369ed961ef59b3c0f77fb239ee945d843,False,False
latency_candidate_pilot,duo_env_a31_latency_guard.yaml,12,10.0,0.3,6,90,5,system0,d5a3f7503c4c38a6b5c316648238542c4441956048304d92fdf83369060ec42b,c48f6899830c4a084dd620867ace109369ed961ef59b3c0f77fb239ee945d843,False,False
stored_verified_pilot,duo_env_a31_stored_guard.yaml,12,10.0,0.3,6,90,5,system0,d5a3f7503c4c38a6b5c316648238542c4441956048304d92fdf83369060ec42b,c48f6899830c4a084dd620867ace109369ed961ef59b3c0f77fb239ee945d843,False,False
pending_final_pilot,duo_env_a31_pending_guard.yaml,12,10.0,0.3,6,90,5,system0,d5a3f7503c4c38a6b5c316648238542c4441956048304d92fdf83369060ec42b,c48f6899830c4a084dd620867ace109369ed961ef59b3c0f77fb239ee945d843,False,False
pilot_initial_delay,duo_env_a31_bounded_guard.yaml,12,10.0,0.3,6,90,6,system0,1ecbb71cadbab1d5011bc9b50ae0cb7ed4d4b71d66f895125be6c8ff9e77beb1,6a8c6412f5d06592f5bf3a6659205e4ed641720cee049d6949259097b82d4870,False,False
latency_candidate_pilot,duo_env_a31_latency_guard.yaml,12,10.0,0.3,6,90,6,system0,1ecbb71cadbab1d5011bc9b50ae0cb7ed4d4b71d66f895125be6c8ff9e77beb1,6a8c6412f5d06592f5bf3a6659205e4ed641720cee049d6949259097b82d4870,False,True
stored_verified_pilot,duo_env_a31_stored_guard.yaml,12,10.0,0.3,6,90,6,system0,1ecbb71cadbab1d5011bc9b50ae0cb7ed4d4b71d66f895125be6c8ff9e77beb1,6a8c6412f5d06592f5bf3a6659205e4ed641720cee049d6949259097b82d4870,False,True
pending_final_pilot,duo_env_a31_pending_guard.yaml,12,10.0,0.3,6,90,6,system0,1ecbb71cadbab1d5011bc9b50ae0cb7ed4d4b71d66f895125be6c8ff9e77beb1,6a8c6412f5d06592f5bf3a6659205e4ed641720cee049d6949259097b82d4870,False,True
pilot_initial_delay,duo_env_a31_bounded_guard.yaml,12,10.0,0.3,6,90,7,system0,5c958d77756a154f8f338a380b5baab09ee77bf3cb6e6fdd59b29a4266e6b044,83069b323aa246d38b98d2112e986c54e81c6f4a480044268099c4da81bb2792,False,False
latency_candidate_pilot,duo_env_a31_latency_guard.yaml,12,10.0,0.3,6,90,7,system0,5c958d77756a154f8f338a380b5baab09ee77bf3cb6e6fdd59b29a4266e6b044,83069b323aa246d38b98d2112e986c54e81c6f4a480044268099c4da81bb2792,False,False
stored_verified_pilot,duo_env_a31_stored_guard.yaml,12,10.0,0.3,6,90,7,system0,5c958d77756a154f8f338a380b5baab09ee77bf3cb6e6fdd59b29a4266e6b044,83069b323aa246d38b98d2112e986c54e81c6f4a480044268099c4da81bb2792,False,False
pending_final_pilot,duo_env_a31_pending_guard.yaml,12,10.0,0.3,6,90,7,system0,5c958d77756a154f8f338a380b5baab09ee77bf3cb6e6fdd59b29a4266e6b044,83069b323aa246d38b98d2112e986c54e81c6f4a480044268099c4da81bb2792,False,False
pilot_initial_delay,duo_env_a31_bounded_guard.yaml,12,10.0,0.3,6,90,8,system0,a5979279de9d1c0562c528243c0ea7b422dd362b869f100e6d90ce7e48e6eaaf,1b8d31d10430f07b2b9b42b3dce0f5b76d4b4150757d3b319f2a945cae5f3331,False,False
latency_candidate_pilot,duo_env_a31_latency_guard.yaml,12,10.0,0.3,6,90,8,system0,a5979279de9d1c0562c528243c0ea7b422dd362b869f100e6d90ce7e48e6eaaf,1b8d31d10430f07b2b9b42b3dce0f5b76d4b4150757d3b319f2a945cae5f3331,False,False
stored_verified_pilot,duo_env_a31_stored_guard.yaml,12,10.0,0.3,6,90,8,system0,a5979279de9d1c0562c528243c0ea7b422dd362b869f100e6d90ce7e48e6eaaf,1b8d31d10430f07b2b9b42b3dce0f5b76d4b4150757d3b319f2a945cae5f3331,False,False
pending_final_pilot,duo_env_a31_pending_guard.yaml,12,10.0,0.3,6,90,8,system0,a5979279de9d1c0562c528243c0ea7b422dd362b869f100e6d90ce7e48e6eaaf,1b8d31d10430f07b2b9b42b3dce0f5b76d4b4150757d3b319f2a945cae5f3331,False,False
pilot_initial_delay,duo_env_a31_bounded_guard.yaml,12,10.0,0.3,6,90,9,system0,49c9092f12e1023fc46d85afe1efc7c8973858edbff7f37947be04e5192caa8e,6b49ca4cd1a5a4122713106954a44e1ecef4e207334ff8c4edf572bea310424c,False,False
latency_candidate_pilot,duo_env_a31_latency_guard.yaml,12,10.0,0.3,6,90,9,system0,49c9092f12e1023fc46d85afe1efc7c8973858edbff7f37947be04e5192caa8e,6b49ca4cd1a5a4122713106954a44e1ecef4e207334ff8c4edf572bea310424c,False,False
stored_verified_pilot,duo_env_a31_stored_guard.yaml,12,10.0,0.3,6,90,9,system0,49c9092f12e1023fc46d85afe1efc7c8973858edbff7f37947be04e5192caa8e,6b49ca4cd1a5a4122713106954a44e1ecef4e207334ff8c4edf572bea310424c,False,False
pending_final_pilot,duo_env_a31_pending_guard.yaml,12,10.0,0.3,6,90,9,system0,49c9092f12e1023fc46d85afe1efc7c8973858edbff7f37947be04e5192caa8e,6b49ca4cd1a5a4122713106954a44e1ecef4e207334ff8c4edf572bea310424c,False,False
pilot_initial_delay,duo_env_a31_bounded_guard.yaml,12,10.0,0.3,6,90,10,system0,256e90f2f274d7820b34c7cfe0ace0b680e9bb4b238ecfa56cc56d80d8ad6bd8,c0e0ae0a82347b69e5a425de536a11d8bbbcaa036d85b049680f71894cdbca37,False,False
latency_candidate_pilot,duo_env_a31_latency_guard.yaml,12,10.0,0.3,6,90,10,system0,256e90f2f274d7820b34c7cfe0ace0b680e9bb4b238ecfa56cc56d80d8ad6bd8,c0e0ae0a82347b69e5a425de536a11d8bbbcaa036d85b049680f71894cdbca37,False,False
stored_verified_pilot,duo_env_a31_stored_guard.yaml,12,10.0,0.3,6,90,10,system0,256e90f2f274d7820b34c7cfe0ace0b680e9bb4b238ecfa56cc56d80d8ad6bd8,c0e0ae0a82347b69e5a425de536a11d8bbbcaa036d85b049680f71894cdbca37,False,False
pending_final_pilot,duo_env_a31_pending_guard.yaml,12,10.0,0.3,6,90,10,system0,256e90f2f274d7820b34c7cfe0ace0b680e9bb4b238ecfa56cc56d80d8ad6bd8,c0e0ae0a82347b69e5a425de536a11d8bbbcaa036d85b049680f71894cdbca37,False,False
pilot_initial_delay,duo_env_a31_bounded_guard.yaml,12,10.0,0.3,6,90,11,system0,6c49521941e419385512638b5a7e5945b0b90eaa0fb7000d23b59412e7d6dd4c,60467d2d723360bedddb82ce8546ffd03ebe551eaf04a4fc309b01df4ead7974,False,True
latency_candidate_pilot,duo_env_a31_latency_guard.yaml,12,10.0,0.3,6,90,11,system0,6c49521941e419385512638b5a7e5945b0b90eaa0fb7000d23b59412e7d6dd4c,60467d2d723360bedddb82ce8546ffd03ebe551eaf04a4fc309b01df4ead7974,False,False
stored_verified_pilot,duo_env_a31_stored_guard.yaml,12,10.0,0.3,6,90,11,system0,6c49521941e419385512638b5a7e5945b0b90eaa0fb7000d23b59412e7d6dd4c,60467d2d723360bedddb82ce8546ffd03ebe551eaf04a4fc309b01df4ead7974,False,False
pending_final_pilot,duo_env_a31_pending_guard.yaml,12,10.0,0.3,6,90,11,system0,6c49521941e419385512638b5a7e5945b0b90eaa0fb7000d23b59412e7d6dd4c,60467d2d723360bedddb82ce8546ffd03ebe551eaf04a4fc309b01df4ead7974,False,False
pilot_initial_delay,duo_env_a31_bounded_guard.yaml,12,10.0,0.3,6,90,12,system0,9d308195e77fbd57d38c45f6804a4128c66e80d6c7cf92fdd7b84b5890c913d7,c39738460d2b55f8f04c30e7f5f5bfee45e50e10348b7b05bacba2eaf513a65b,False,True
latency_candidate_pilot,duo_env_a31_latency_guard.yaml,12,10.0,0.3,6,90,12,system0,9d308195e77fbd57d38c45f6804a4128c66e80d6c7cf92fdd7b84b5890c913d7,c39738460d2b55f8f04c30e7f5f5bfee45e50e10348b7b05bacba2eaf513a65b,False,True
stored_verified_pilot,duo_env_a31_stored_guard.yaml,12,10.0,0.3,6,90,12,system0,9d308195e77fbd57d38c45f6804a4128c66e80d6c7cf92fdd7b84b5890c913d7,c39738460d2b55f8f04c30e7f5f5bfee45e50e10348b7b05bacba2eaf513a65b,False,True
pending_final_pilot,duo_env_a31_pending_guard.yaml,12,10.0,0.3,6,90,12,system0,9d308195e77fbd57d38c45f6804a4128c66e80d6c7cf92fdd7b84b5890c913d7,c39738460d2b55f8f04c30e7f5f5bfee45e50e10348b7b05bacba2eaf513a65b,False,True
pilot_initial_delay,duo_env_a31_bounded_guard.yaml,12,10.0,0.3,6,90,13,system0,f79a0b4b49a51d330d07eda0a9090252eeadc84495726c20571be35460686cf8,87831a5258bb5d2e7c3e2cd925bda7268ada532fc597ab000f4eec3e7ba25930,False,False
latency_candidate_pilot,duo_env_a31_latency_guard.yaml,12,10.0,0.3,6,90,13,system0,f79a0b4b49a51d330d07eda0a9090252eeadc84495726c20571be35460686cf8,87831a5258bb5d2e7c3e2cd925bda7268ada532fc597ab000f4eec3e7ba25930,False,True
stored_verified_pilot,duo_env_a31_stored_guard.yaml,12,10.0,0.3,6,90,13,system0,f79a0b4b49a51d330d07eda0a9090252eeadc84495726c20571be35460686cf8,87831a5258bb5d2e7c3e2cd925bda7268ada532fc597ab000f4eec3e7ba25930,False,True
pending_final_pilot,duo_env_a31_pending_guard.yaml,12,10.0,0.3,6,90,13,system0,f79a0b4b49a51d330d07eda0a9090252eeadc84495726c20571be35460686cf8,87831a5258bb5d2e7c3e2cd925bda7268ada532fc597ab000f4eec3e7ba25930,False,True
pilot_initial_delay,duo_env_a31_bounded_guard.yaml,12,10.0,0.3,6,90,14,system0,b7f24721225cc2fe5f2c0e67ec442d1a1dc376e472da3866524206dbbedc2751,70151ccc2751067938603a4d65ce0eaf07cccf22d01394ae08636f59d55aad29,False,False
latency_candidate_pilot,duo_env_a31_latency_guard.yaml,12,10.0,0.3,6,90,14,system0,b7f24721225cc2fe5f2c0e67ec442d1a1dc376e472da3866524206dbbedc2751,70151ccc2751067938603a4d65ce0eaf07cccf22d01394ae08636f59d55aad29,False,False
stored_verified_pilot,duo_env_a31_stored_guard.yaml,12,10.0,0.3,6,90,14,system0,b7f24721225cc2fe5f2c0e67ec442d1a1dc376e472da3866524206dbbedc2751,70151ccc2751067938603a4d65ce0eaf07cccf22d01394ae08636f59d55aad29,False,False
pending_final_pilot,duo_env_a31_pending_guard.yaml,12,10.0,0.3,6,90,14,system0,b7f24721225cc2fe5f2c0e67ec442d1a1dc376e472da3866524206dbbedc2751,70151ccc2751067938603a4d65ce0eaf07cccf22d01394ae08636f59d55aad29,False,False
pilot_initial_delay,duo_env_a31_bounded_guard.yaml,12,10.0,0.3,6,90,15,system0,86c314a45ec82ee12c7e518d8223e70f8bb84cbaa231f66b0956ff7d72897c2d,b09ecaca8ef3d932257b171865bc9d05cc4b09ebafb43b363f0dcfc34ac27add,False,False
latency_candidate_pilot,duo_env_a31_latency_guard.yaml,12,10.0,0.3,6,90,15,system0,86c314a45ec82ee12c7e518d8223e70f8bb84cbaa231f66b0956ff7d72897c2d,b09ecaca8ef3d932257b171865bc9d05cc4b09ebafb43b363f0dcfc34ac27add,False,True
stored_verified_pilot,duo_env_a31_stored_guard.yaml,12,10.0,0.3,6,90,15,system0,86c314a45ec82ee12c7e518d8223e70f8bb84cbaa231f66b0956ff7d72897c2d,b09ecaca8ef3d932257b171865bc9d05cc4b09ebafb43b363f0dcfc34ac27add,False,True
pending_final_pilot,duo_env_a31_pending_guard.yaml,12,10.0,0.3,6,90,15,system0,86c314a45ec82ee12c7e518d8223e70f8bb84cbaa231f66b0956ff7d72897c2d,b09ecaca8ef3d932257b171865bc9d05cc4b09ebafb43b363f0dcfc34ac27add,False,True
pilot_initial_delay,duo_env_a31_bounded_guard.yaml,12,10.0,0.3,6,90,16,system0,63be56312c2c8fdebef9a2e5364f9244be8924ec2028f73cf3a8cb7968cd365e,05177c1a32af8e1e3aa4d847d2abe1914c656b25b4f66da28f6d9f2c515a5dc7,False,False
latency_candidate_pilot,duo_env_a31_latency_guard.yaml,12,10.0,0.3,6,90,16,system0,63be56312c2c8fdebef9a2e5364f9244be8924ec2028f73cf3a8cb7968cd365e,05177c1a32af8e1e3aa4d847d2abe1914c656b25b4f66da28f6d9f2c515a5dc7,False,False
stored_verified_pilot,duo_env_a31_stored_guard.yaml,12,10.0,0.3,6,90,16,system0,63be56312c2c8fdebef9a2e5364f9244be8924ec2028f73cf3a8cb7968cd365e,05177c1a32af8e1e3aa4d847d2abe1914c656b25b4f66da28f6d9f2c515a5dc7,False,False
pending_final_pilot,duo_env_a31_pending_guard.yaml,12,10.0,0.3,6,90,16,system0,63be56312c2c8fdebef9a2e5364f9244be8924ec2028f73cf3a8cb7968cd365e,05177c1a32af8e1e3aa4d847d2abe1914c656b25b4f66da28f6d9f2c515a5dc7,False,False
pilot_initial_delay,duo_env_a31_bounded_guard.yaml,12,10.0,0.3,6,90,17,system0,8d2cad72cdd5ae4923f9bc57628c1881f31c8a4e2414ce46b0a6875ce324d41c,16d0c5562dfb228e73c1d3482f2656b917f172109ffebe80c84b57572d6abe6d,False,False
latency_candidate_pilot,duo_env_a31_latency_guard.yaml,12,10.0,0.3,6,90,17,system0,8d2cad72cdd5ae4923f9bc57628c1881f31c8a4e2414ce46b0a6875ce324d41c,16d0c5562dfb228e73c1d3482f2656b917f172109ffebe80c84b57572d6abe6d,False,False
stored_verified_pilot,duo_env_a31_stored_guard.yaml,12,10.0,0.3,6,90,17,system0,8d2cad72cdd5ae4923f9bc57628c1881f31c8a4e2414ce46b0a6875ce324d41c,16d0c5562dfb228e73c1d3482f2656b917f172109ffebe80c84b57572d6abe6d,False,False
pending_final_pilot,duo_env_a31_pending_guard.yaml,12,10.0,0.3,6,90,17,system0,8d2cad72cdd5ae4923f9bc57628c1881f31c8a4e2414ce46b0a6875ce324d41c,16d0c5562dfb228e73c1d3482f2656b917f172109ffebe80c84b57572d6abe6d,False,False
pilot_initial_delay,duo_env_a31_bounded_guard.yaml,12,10.0,0.3,6,90,18,system0,9e1f4ba9f52fc53192b0c78d5dbfde705af8fc2dd34f0be1ac016586e607c5bf,243ddf32b47f8b499879aed122f78619c1f64e0f363d0e4fdcf9685309d8e125,False,True
latency_candidate_pilot,duo_env_a31_latency_guard.yaml,12,10.0,0.3,6,90,18,system0,9e1f4ba9f52fc53192b0c78d5dbfde705af8fc2dd34f0be1ac016586e607c5bf,243ddf32b47f8b499879aed122f78619c1f64e0f363d0e4fdcf9685309d8e125,False,False
stored_verified_pilot,duo_env_a31_stored_guard.yaml,12,10.0,0.3,6,90,18,system0,9e1f4ba9f52fc53192b0c78d5dbfde705af8fc2dd34f0be1ac016586e607c5bf,243ddf32b47f8b499879aed122f78619c1f64e0f363d0e4fdcf9685309d8e125,False,False
pending_final_pilot,duo_env_a31_pending_guard.yaml,12,10.0,0.3,6,90,18,system0,9e1f4ba9f52fc53192b0c78d5dbfde705af8fc2dd34f0be1ac016586e607c5bf,243ddf32b47f8b499879aed122f78619c1f64e0f363d0e4fdcf9685309d8e125,False,False
pilot_initial_delay,duo_env_a31_bounded_guard.yaml,12,10.0,0.3,6,90,19,system0,7631950aece22aa1595a323ae8cae0da2135efabe867efbeb8a3aaac557046ed,e1390c1f239106dda70da00858c48e760deb2c388803b96fc7f6813adfead455,False,False
latency_candidate_pilot,duo_env_a31_latency_guard.yaml,12,10.0,0.3,6,90,19,system0,7631950aece22aa1595a323ae8cae0da2135efabe867efbeb8a3aaac557046ed,e1390c1f239106dda70da00858c48e760deb2c388803b96fc7f6813adfead455,False,False
stored_verified_pilot,duo_env_a31_stored_guard.yaml,12,10.0,0.3,6,90,19,system0,7631950aece22aa1595a323ae8cae0da2135efabe867efbeb8a3aaac557046ed,e1390c1f239106dda70da00858c48e760deb2c388803b96fc7f6813adfead455,False,False
pending_final_pilot,duo_env_a31_pending_guard.yaml,12,10.0,0.3,6,90,19,system0,7631950aece22aa1595a323ae8cae0da2135efabe867efbeb8a3aaac557046ed,e1390c1f239106dda70da00858c48e760deb2c388803b96fc7f6813adfead455,False,False
pilot_initial_delay,duo_env_a31_bounded_guard.yaml,12,10.0,0.3,6,90,20,system0,5a3a4436d1e25c75de769b1f24c5801d9da962525afbbc7d397d35d5872217b8,59ba95a66dc530a3f9f24f2879d8fe32e1ea52001271cda6a6983419cdd0e5ac,False,False
latency_candidate_pilot,duo_env_a31_latency_guard.yaml,12,10.0,0.3,6,90,20,system0,5a3a4436d1e25c75de769b1f24c5801d9da962525afbbc7d397d35d5872217b8,59ba95a66dc530a3f9f24f2879d8fe32e1ea52001271cda6a6983419cdd0e5ac,False,False
stored_verified_pilot,duo_env_a31_stored_guard.yaml,12,10.0,0.3,6,90,20,system0,5a3a4436d1e25c75de769b1f24c5801d9da962525afbbc7d397d35d5872217b8,59ba95a66dc530a3f9f24f2879d8fe32e1ea52001271cda6a6983419cdd0e5ac,False,True
pending_final_pilot,duo_env_a31_pending_guard.yaml,12,10.0,0.3,6,90,20,system0,5a3a4436d1e25c75de769b1f24c5801d9da962525afbbc7d397d35d5872217b8,59ba95a66dc530a3f9f24f2879d8fe32e1ea52001271cda6a6983419cdd0e5ac,False,True
pilot_initial_delay,duo_env_a31_bounded_guard.yaml,12,10.0,0.3,6,90,21,system0,87662abf84aae3f76759c47d405add7cf5965b7d97017ff85070ed4f9d2de88f,930e9f535480e8a65ef2dd5d37195358b77a023fca9ac1b1023cdfc870ef4b17,False,False
latency_candidate_pilot,duo_env_a31_latency_guard.yaml,12,10.0,0.3,6,90,21,system0,87662abf84aae3f76759c47d405add7cf5965b7d97017ff85070ed4f9d2de88f,930e9f535480e8a65ef2dd5d37195358b77a023fca9ac1b1023cdfc870ef4b17,False,False
stored_verified_pilot,duo_env_a31_stored_guard.yaml,12,10.0,0.3,6,90,21,system0,87662abf84aae3f76759c47d405add7cf5965b7d97017ff85070ed4f9d2de88f,930e9f535480e8a65ef2dd5d37195358b77a023fca9ac1b1023cdfc870ef4b17,False,False
pending_final_pilot,duo_env_a31_pending_guard.yaml,12,10.0,0.3,6,90,21,system0,87662abf84aae3f76759c47d405add7cf5965b7d97017ff85070ed4f9d2de88f,930e9f535480e8a65ef2dd5d37195358b77a023fca9ac1b1023cdfc870ef4b17,False,False
pilot_initial_delay,duo_env_a31_bounded_guard.yaml,12,10.0,0.3,6,90,22,system0,150578895c07515eab0ceb06598f936e5525e36acd873a46537045bb4a5a4f4f,f62e4cf92073f4f2ceb6ef765e431f7f499b30c5c8cc166ace1e68f27e11eaa5,False,True
latency_candidate_pilot,duo_env_a31_latency_guard.yaml,12,10.0,0.3,6,90,22,system0,150578895c07515eab0ceb06598f936e5525e36acd873a46537045bb4a5a4f4f,f62e4cf92073f4f2ceb6ef765e431f7f499b30c5c8cc166ace1e68f27e11eaa5,False,True
stored_verified_pilot,duo_env_a31_stored_guard.yaml,12,10.0,0.3,6,90,22,system0,150578895c07515eab0ceb06598f936e5525e36acd873a46537045bb4a5a4f4f,f62e4cf92073f4f2ceb6ef765e431f7f499b30c5c8cc166ace1e68f27e11eaa5,False,True
pending_final_pilot,duo_env_a31_pending_guard.yaml,12,10.0,0.3,6,90,22,system0,150578895c07515eab0ceb06598f936e5525e36acd873a46537045bb4a5a4f4f,f62e4cf92073f4f2ceb6ef765e431f7f499b30c5c8cc166ace1e68f27e11eaa5,False,True
pilot_initial_delay,duo_env_a31_bounded_guard.yaml,12,10.0,0.3,6,90,23,system0,13404c8f8d901995bb8b951712e6084c80d13bd7befb5482c2438aa350a62901,fc0cee9724de6e732ed90949a6d88d6a814bbb72318d73761a26845b62746835,False,True
latency_candidate_pilot,duo_env_a31_latency_guard.yaml,12,10.0,0.3,6,90,23,system0,13404c8f8d901995bb8b951712e6084c80d13bd7befb5482c2438aa350a62901,fc0cee9724de6e732ed90949a6d88d6a814bbb72318d73761a26845b62746835,False,False
stored_verified_pilot,duo_env_a31_stored_guard.yaml,12,10.0,0.3,6,90,23,system0,13404c8f8d901995bb8b951712e6084c80d13bd7befb5482c2438aa350a62901,fc0cee9724de6e732ed90949a6d88d6a814bbb72318d73761a26845b62746835,False,False
pending_final_pilot,duo_env_a31_pending_guard.yaml,12,10.0,0.3,6,90,23,system0,13404c8f8d901995bb8b951712e6084c80d13bd7befb5482c2438aa350a62901,fc0cee9724de6e732ed90949a6d88d6a814bbb72318d73761a26845b62746835,False,False
pilot_initial_delay,duo_env_a31_bounded_guard.yaml,12,10.0,0.3,6,90,24,system0,02b25a339c2f62778a758fa619e330808e920f12a7f40f6fef8878c7164b56c0,f5067e9521ceded650115bfbd8f45ffb304a5697a102f3da97623d1a592b93a2,False,False
latency_candidate_pilot,duo_env_a31_latency_guard.yaml,12,10.0,0.3,6,90,24,system0,02b25a339c2f62778a758fa619e330808e920f12a7f40f6fef8878c7164b56c0,f5067e9521ceded650115bfbd8f45ffb304a5697a102f3da97623d1a592b93a2,False,False
stored_verified_pilot,duo_env_a31_stored_guard.yaml,12,10.0,0.3,6,90,24,system0,02b25a339c2f62778a758fa619e330808e920f12a7f40f6fef8878c7164b56c0,f5067e9521ceded650115bfbd8f45ffb304a5697a102f3da97623d1a592b93a2,False,False
pending_final_pilot,duo_env_a31_pending_guard.yaml,12,10.0,0.3,6,90,24,system0,02b25a339c2f62778a758fa619e330808e920f12a7f40f6fef8878c7164b56c0,f5067e9521ceded650115bfbd8f45ffb304a5697a102f3da97623d1a592b93a2,False,False
pilot_initial_delay,duo_env_a31_bounded_guard.yaml,12,10.0,0.3,6,90,25,system0,7d65f851d234cdb5554bfb8553248475e0aea446483d53b23328aa421659caa2,2780590c3fc8a649ee16c9178e015b30e0ea238fc702739454773279f6d8ca74,False,False
latency_candidate_pilot,duo_env_a31_latency_guard.yaml,12,10.0,0.3,6,90,25,system0,7d65f851d234cdb5554bfb8553248475e0aea446483d53b23328aa421659caa2,2780590c3fc8a649ee16c9178e015b30e0ea238fc702739454773279f6d8ca74,False,True
stored_verified_pilot,duo_env_a31_stored_guard.yaml,12,10.0,0.3,6,90,25,system0,7d65f851d234cdb5554bfb8553248475e0aea446483d53b23328aa421659caa2,2780590c3fc8a649ee16c9178e015b30e0ea238fc702739454773279f6d8ca74,False,True
pending_final_pilot,duo_env_a31_pending_guard.yaml,12,10.0,0.3,6,90,25,system0,7d65f851d234cdb5554bfb8553248475e0aea446483d53b23328aa421659caa2,2780590c3fc8a649ee16c9178e015b30e0ea238fc702739454773279f6d8ca74,False,True
pilot_initial_delay,duo_env_a31_bounded_guard.yaml,12,10.0,0.3,6,90,26,system0,a5319886a1212ef0b78a0bd46f9d56c7c1ba8d79a50be1ba99408dbab3f00fce,acc55bccf3d9a684bea21f2969a6dfab7caf7d503f6c2dee1da727bed0096c5e,False,False
latency_candidate_pilot,duo_env_a31_latency_guard.yaml,12,10.0,0.3,6,90,26,system0,a5319886a1212ef0b78a0bd46f9d56c7c1ba8d79a50be1ba99408dbab3f00fce,acc55bccf3d9a684bea21f2969a6dfab7caf7d503f6c2dee1da727bed0096c5e,False,False
stored_verified_pilot,duo_env_a31_stored_guard.yaml,12,10.0,0.3,6,90,26,system0,a5319886a1212ef0b78a0bd46f9d56c7c1ba8d79a50be1ba99408dbab3f00fce,acc55bccf3d9a684bea21f2969a6dfab7caf7d503f6c2dee1da727bed0096c5e,False,False
pending_final_pilot,duo_env_a31_pending_guard.yaml,12,10.0,0.3,6,90,26,system0,a5319886a1212ef0b78a0bd46f9d56c7c1ba8d79a50be1ba99408dbab3f00fce,acc55bccf3d9a684bea21f2969a6dfab7caf7d503f6c2dee1da727bed0096c5e,False,False
pilot_initial_delay,duo_env_a31_bounded_guard.yaml,12,10.0,0.3,6,90,27,system0,79eb3a536ff8fd6f89d46416cd82fefe3978327b61aa0dc5d92d65c06c538594,96163426b6e15f18a2d5239fec7a33df931150c40bcf34c02a8bed2270f83d40,False,True
latency_candidate_pilot,duo_env_a31_latency_guard.yaml,12,10.0,0.3,6,90,27,system0,79eb3a536ff8fd6f89d46416cd82fefe3978327b61aa0dc5d92d65c06c538594,96163426b6e15f18a2d5239fec7a33df931150c40bcf34c02a8bed2270f83d40,False,False
stored_verified_pilot,duo_env_a31_stored_guard.yaml,12,10.0,0.3,6,90,27,system0,79eb3a536ff8fd6f89d46416cd82fefe3978327b61aa0dc5d92d65c06c538594,96163426b6e15f18a2d5239fec7a33df931150c40bcf34c02a8bed2270f83d40,False,False
pending_final_pilot,duo_env_a31_pending_guard.yaml,12,10.0,0.3,6,90,27,system0,79eb3a536ff8fd6f89d46416cd82fefe3978327b61aa0dc5d92d65c06c538594,96163426b6e15f18a2d5239fec7a33df931150c40bcf34c02a8bed2270f83d40,False,False
pilot_initial_delay,duo_env_a31_bounded_guard.yaml,12,10.0,0.3,6,90,28,system0,5754c59261a2a4d35086a70e61206c6966f197ad10f27831dc4b6e4ff73be3d4,bc0045f61748a6bd232d829ba059c22ebfc03749a1082bb1d935f37bf1a7e3fa,False,True
latency_candidate_pilot,duo_env_a31_latency_guard.yaml,12,10.0,0.3,6,90,28,system0,5754c59261a2a4d35086a70e61206c6966f197ad10f27831dc4b6e4ff73be3d4,bc0045f61748a6bd232d829ba059c22ebfc03749a1082bb1d935f37bf1a7e3fa,False,True
stored_verified_pilot,duo_env_a31_stored_guard.yaml,12,10.0,0.3,6,90,28,system0,5754c59261a2a4d35086a70e61206c6966f197ad10f27831dc4b6e4ff73be3d4,bc0045f61748a6bd232d829ba059c22ebfc03749a1082bb1d935f37bf1a7e3fa,False,True
pending_final_pilot,duo_env_a31_pending_guard.yaml,12,10.0,0.3,6,90,28,system0,5754c59261a2a4d35086a70e61206c6966f197ad10f27831dc4b6e4ff73be3d4,bc0045f61748a6bd232d829ba059c22ebfc03749a1082bb1d935f37bf1a7e3fa,False,True
pilot_initial_delay,duo_env_a31_bounded_guard.yaml,12,10.0,0.3,6,90,29,system0,619c1f766eb8b2f7c916e8a7381820257541a3ffacdb85774c3221da660c0b19,4fc7c78f59d3b9ddb6344ecd472f4e2b341a116f6fe24af443bec0481889d0c9,False,True
latency_candidate_pilot,duo_env_a31_latency_guard.yaml,12,10.0,0.3,6,90,29,system0,619c1f766eb8b2f7c916e8a7381820257541a3ffacdb85774c3221da660c0b19,4fc7c78f59d3b9ddb6344ecd472f4e2b341a116f6fe24af443bec0481889d0c9,False,False
stored_verified_pilot,duo_env_a31_stored_guard.yaml,12,10.0,0.3,6,90,29,system0,619c1f766eb8b2f7c916e8a7381820257541a3ffacdb85774c3221da660c0b19,4fc7c78f59d3b9ddb6344ecd472f4e2b341a116f6fe24af443bec0481889d0c9,False,True
pending_final_pilot,duo_env_a31_pending_guard.yaml,12,10.0,0.3,6,90,29,system0,619c1f766eb8b2f7c916e8a7381820257541a3ffacdb85774c3221da660c0b19,4fc7c78f59d3b9ddb6344ecd472f4e2b341a116f6fe24af443bec0481889d0c9,False,True
pilot_initial_delay,duo_env_a31_bounded_guard.yaml,12,10.0,0.3,6,90,30,system0,fc8fd051677b3d3996b9d429631918a5399ab0a3ae50065e67349304b7678fe4,a255e8db404d072cce867d1a3cae4bedb7a40173d13d17571b04d1a79685dc9f,False,True
latency_candidate_pilot,duo_env_a31_latency_guard.yaml,12,10.0,0.3,6,90,30,system0,fc8fd051677b3d3996b9d429631918a5399ab0a3ae50065e67349304b7678fe4,a255e8db404d072cce867d1a3cae4bedb7a40173d13d17571b04d1a79685dc9f,False,True
stored_verified_pilot,duo_env_a31_stored_guard.yaml,12,10.0,0.3,6,90,30,system0,fc8fd051677b3d3996b9d429631918a5399ab0a3ae50065e67349304b7678fe4,a255e8db404d072cce867d1a3cae4bedb7a40173d13d17571b04d1a79685dc9f,False,True
pending_final_pilot,duo_env_a31_pending_guard.yaml,12,10.0,0.3,6,90,30,system0,fc8fd051677b3d3996b9d429631918a5399ab0a3ae50065e67349304b7678fe4,a255e8db404d072cce867d1a3cae4bedb7a40173d13d17571b04d1a79685dc9f,False,True
pilot_initial_delay,duo_env_a31_bounded_guard.yaml,12,10.0,0.3,6,90,31,system0,7970cb9bc98d30be6ea941d7fcd2b646cefdc0664d6205e7f349347786c5b946,5955f1ab6d59a344cc246b9880a1381e5a5bd35f81c74a6d7f3bb6b3c3370be5,False,True
latency_candidate_pilot,duo_env_a31_latency_guard.yaml,12,10.0,0.3,6,90,31,system0,7970cb9bc98d30be6ea941d7fcd2b646cefdc0664d6205e7f349347786c5b946,5955f1ab6d59a344cc246b9880a1381e5a5bd35f81c74a6d7f3bb6b3c3370be5,False,True
stored_verified_pilot,duo_env_a31_stored_guard.yaml,12,10.0,0.3,6,90,31,system0,7970cb9bc98d30be6ea941d7fcd2b646cefdc0664d6205e7f349347786c5b946,5955f1ab6d59a344cc246b9880a1381e5a5bd35f81c74a6d7f3bb6b3c3370be5,False,True
pending_final_pilot,duo_env_a31_pending_guard.yaml,12,10.0,0.3,6,90,31,system0,7970cb9bc98d30be6ea941d7fcd2b646cefdc0664d6205e7f349347786c5b946,5955f1ab6d59a344cc246b9880a1381e5a5bd35f81c74a6d7f3bb6b3c3370be5,False,True
stored_verified_matrix,duo_env_a31_stored_guard.yaml,13,5.0,0.1,0,30,0,raw,19f25a6da186a0577b5f98ed202117d9cdcedfc0a6701d4dd1c1d6a8f56cdcc4,7cd99b952bf5efe998d6f2c25b9745f9d9b89cb259f0e894eea6ba2a49059238,False,False
stored_verified_matrix,duo_env_a31_stored_guard.yaml,13,5.0,0.1,0,30,0,backstop_only,19f25a6da186a0577b5f98ed202117d9cdcedfc0a6701d4dd1c1d6a8f56cdcc4,7cd99b952bf5efe998d6f2c25b9745f9d9b89cb259f0e894eea6ba2a49059238,False,False
stored_verified_matrix,duo_env_a31_stored_guard.yaml,13,5.0,0.1,0,30,0,system0,19f25a6da186a0577b5f98ed202117d9cdcedfc0a6701d4dd1c1d6a8f56cdcc4,7cd99b952bf5efe998d6f2c25b9745f9d9b89cb259f0e894eea6ba2a49059238,False,False
pending_final_matrix,duo_env_a31_pending_guard.yaml,13,5.0,0.1,0,30,0,backstop_only,19f25a6da186a0577b5f98ed202117d9cdcedfc0a6701d4dd1c1d6a8f56cdcc4,7cd99b952bf5efe998d6f2c25b9745f9d9b89cb259f0e894eea6ba2a49059238,False,False
pending_final_matrix,duo_env_a31_pending_guard.yaml,13,5.0,0.1,0,30,0,system0,19f25a6da186a0577b5f98ed202117d9cdcedfc0a6701d4dd1c1d6a8f56cdcc4,7cd99b952bf5efe998d6f2c25b9745f9d9b89cb259f0e894eea6ba2a49059238,False,False
stored_verified_matrix,duo_env_a31_stored_guard.yaml,13,5.0,0.1,0,30,1,raw,d7fd3e4e108485f846e4542223cdd68eab90dd21ebcf8d26fb3063d6db8b7e58,62c8772c3a7bb7c38c2e0be21c9c119afd21ba9a72ef51f4ac63dfc00563e268,False,True
stored_verified_matrix,duo_env_a31_stored_guard.yaml,13,5.0,0.1,0,30,1,backstop_only,d7fd3e4e108485f846e4542223cdd68eab90dd21ebcf8d26fb3063d6db8b7e58,62c8772c3a7bb7c38c2e0be21c9c119afd21ba9a72ef51f4ac63dfc00563e268,False,False
stored_verified_matrix,duo_env_a31_stored_guard.yaml,13,5.0,0.1,0,30,1,system0,d7fd3e4e108485f846e4542223cdd68eab90dd21ebcf8d26fb3063d6db8b7e58,62c8772c3a7bb7c38c2e0be21c9c119afd21ba9a72ef51f4ac63dfc00563e268,False,False
pending_final_matrix,duo_env_a31_pending_guard.yaml,13,5.0,0.1,0,30,1,backstop_only,d7fd3e4e108485f846e4542223cdd68eab90dd21ebcf8d26fb3063d6db8b7e58,62c8772c3a7bb7c38c2e0be21c9c119afd21ba9a72ef51f4ac63dfc00563e268,False,False
pending_final_matrix,duo_env_a31_pending_guard.yaml,13,5.0,0.1,0,30,1,system0,d7fd3e4e108485f846e4542223cdd68eab90dd21ebcf8d26fb3063d6db8b7e58,62c8772c3a7bb7c38c2e0be21c9c119afd21ba9a72ef51f4ac63dfc00563e268,False,False
stored_verified_matrix,duo_env_a31_stored_guard.yaml,13,5.0,0.1,0,30,2,raw,50a0e756084608f73c8866f848b4495202b95e4d4059a9c6b5c461ac0b90cd61,226c4e58bc96d1915abcce0085fba37d1f5b114688dd79b5df279c774c050783,False,True
stored_verified_matrix,duo_env_a31_stored_guard.yaml,13,5.0,0.1,0,30,2,backstop_only,50a0e756084608f73c8866f848b4495202b95e4d4059a9c6b5c461ac0b90cd61,226c4e58bc96d1915abcce0085fba37d1f5b114688dd79b5df279c774c050783,False,False
stored_verified_matrix,duo_env_a31_stored_guard.yaml,13,5.0,0.1,0,30,2,system0,50a0e756084608f73c8866f848b4495202b95e4d4059a9c6b5c461ac0b90cd61,226c4e58bc96d1915abcce0085fba37d1f5b114688dd79b5df279c774c050783,False,False
pending_final_matrix,duo_env_a31_pending_guard.yaml,13,5.0,0.1,0,30,2,backstop_only,50a0e756084608f73c8866f848b4495202b95e4d4059a9c6b5c461ac0b90cd61,226c4e58bc96d1915abcce0085fba37d1f5b114688dd79b5df279c774c050783,False,False
pending_final_matrix,duo_env_a31_pending_guard.yaml,13,5.0,0.1,0,30,2,system0,50a0e756084608f73c8866f848b4495202b95e4d4059a9c6b5c461ac0b90cd61,226c4e58bc96d1915abcce0085fba37d1f5b114688dd79b5df279c774c050783,False,False
stored_verified_matrix,duo_env_a31_stored_guard.yaml,13,5.0,0.1,0,30,3,raw,a31909619b215ed3ade4774cd3300f815b13eeee6c770fa82fa1f4d244012c22,0bcaa060760418aab6ea1c0b5c8725a089bf39cfd6dd56199335b6c2b1bb74e7,False,True
stored_verified_matrix,duo_env_a31_stored_guard.yaml,13,5.0,0.1,0,30,3,backstop_only,a31909619b215ed3ade4774cd3300f815b13eeee6c770fa82fa1f4d244012c22,0bcaa060760418aab6ea1c0b5c8725a089bf39cfd6dd56199335b6c2b1bb74e7,False,False
stored_verified_matrix,duo_env_a31_stored_guard.yaml,13,5.0,0.1,0,30,3,system0,a31909619b215ed3ade4774cd3300f815b13eeee6c770fa82fa1f4d244012c22,0bcaa060760418aab6ea1c0b5c8725a089bf39cfd6dd56199335b6c2b1bb74e7,False,False
pending_final_matrix,duo_env_a31_pending_guard.yaml,13,5.0,0.1,0,30,3,backstop_only,a31909619b215ed3ade4774cd3300f815b13eeee6c770fa82fa1f4d244012c22,0bcaa060760418aab6ea1c0b5c8725a089bf39cfd6dd56199335b6c2b1bb74e7,False,False
pending_final_matrix,duo_env_a31_pending_guard.yaml,13,5.0,0.1,0,30,3,system0,a31909619b215ed3ade4774cd3300f815b13eeee6c770fa82fa1f4d244012c22,0bcaa060760418aab6ea1c0b5c8725a089bf39cfd6dd56199335b6c2b1bb74e7,False,False
stored_verified_matrix,duo_env_a31_stored_guard.yaml,13,5.0,0.1,0,30,4,raw,bbe9c681fb67a0da17980a5f7349b23bb276be866eaf54f7bb002e1fa434d8e3,8c6728e22a857b8929813f55eeeb90e07fa0999ecf90e52a7c60bf5811d8591a,False,True
stored_verified_matrix,duo_env_a31_stored_guard.yaml,13,5.0,0.1,0,30,4,backstop_only,bbe9c681fb67a0da17980a5f7349b23bb276be866eaf54f7bb002e1fa434d8e3,8c6728e22a857b8929813f55eeeb90e07fa0999ecf90e52a7c60bf5811d8591a,False,False
stored_verified_matrix,duo_env_a31_stored_guard.yaml,13,5.0,0.1,0,30,4,system0,bbe9c681fb67a0da17980a5f7349b23bb276be866eaf54f7bb002e1fa434d8e3,8c6728e22a857b8929813f55eeeb90e07fa0999ecf90e52a7c60bf5811d8591a,False,False
pending_final_matrix,duo_env_a31_pending_guard.yaml,13,5.0,0.1,0,30,4,backstop_only,bbe9c681fb67a0da17980a5f7349b23bb276be866eaf54f7bb002e1fa434d8e3,8c6728e22a857b8929813f55eeeb90e07fa0999ecf90e52a7c60bf5811d8591a,False,False
pending_final_matrix,duo_env_a31_pending_guard.yaml,13,5.0,0.1,0,30,4,system0,bbe9c681fb67a0da17980a5f7349b23bb276be866eaf54f7bb002e1fa434d8e3,8c6728e22a857b8929813f55eeeb90e07fa0999ecf90e52a7c60bf5811d8591a,False,False
stored_verified_matrix,duo_env_a31_stored_guard.yaml,13,5.0,0.1,0,30,5,raw,46c72454d4d7a8434740a17ce18f19cb9b08d002cf051044bb732441b6e8a869,9d3093665d7b272a3a3db17aa2f99de349e0cbd6494e0850c5f6878ae2269b0e,False,True
stored_verified_matrix,duo_env_a31_stored_guard.yaml,13,5.0,0.1,0,30,5,backstop_only,46c72454d4d7a8434740a17ce18f19cb9b08d002cf051044bb732441b6e8a869,9d3093665d7b272a3a3db17aa2f99de349e0cbd6494e0850c5f6878ae2269b0e,False,False
stored_verified_matrix,duo_env_a31_stored_guard.yaml,13,5.0,0.1,0,30,5,system0,46c72454d4d7a8434740a17ce18f19cb9b08d002cf051044bb732441b6e8a869,9d3093665d7b272a3a3db17aa2f99de349e0cbd6494e0850c5f6878ae2269b0e,False,False
pending_final_matrix,duo_env_a31_pending_guard.yaml,13,5.0,0.1,0,30,5,backstop_only,46c72454d4d7a8434740a17ce18f19cb9b08d002cf051044bb732441b6e8a869,9d3093665d7b272a3a3db17aa2f99de349e0cbd6494e0850c5f6878ae2269b0e,False,False
pending_final_matrix,duo_env_a31_pending_guard.yaml,13,5.0,0.1,0,30,5,system0,46c72454d4d7a8434740a17ce18f19cb9b08d002cf051044bb732441b6e8a869,9d3093665d7b272a3a3db17aa2f99de349e0cbd6494e0850c5f6878ae2269b0e,False,False
stored_verified_matrix,duo_env_a31_stored_guard.yaml,13,5.0,0.1,0,30,6,raw,f33d78b116d679c458755cfd43bcbcee8408b3498799e8c71e49205c25aaee74,4f372b4b1775ce545219232c516cc75608b8a113868cd43b21ef399f7704f11b,False,True
stored_verified_matrix,duo_env_a31_stored_guard.yaml,13,5.0,0.1,0,30,6,backstop_only,f33d78b116d679c458755cfd43bcbcee8408b3498799e8c71e49205c25aaee74,4f372b4b1775ce545219232c516cc75608b8a113868cd43b21ef399f7704f11b,False,False
stored_verified_matrix,duo_env_a31_stored_guard.yaml,13,5.0,0.1,0,30,6,system0,f33d78b116d679c458755cfd43bcbcee8408b3498799e8c71e49205c25aaee74,4f372b4b1775ce545219232c516cc75608b8a113868cd43b21ef399f7704f11b,False,False
pending_final_matrix,duo_env_a31_pending_guard.yaml,13,5.0,0.1,0,30,6,backstop_only,f33d78b116d679c458755cfd43bcbcee8408b3498799e8c71e49205c25aaee74,4f372b4b1775ce545219232c516cc75608b8a113868cd43b21ef399f7704f11b,False,False
pending_final_matrix,duo_env_a31_pending_guard.yaml,13,5.0,0.1,0,30,6,system0,f33d78b116d679c458755cfd43bcbcee8408b3498799e8c71e49205c25aaee74,4f372b4b1775ce545219232c516cc75608b8a113868cd43b21ef399f7704f11b,False,False
stored_verified_matrix,duo_env_a31_stored_guard.yaml,13,5.0,0.1,0,30,7,raw,833d6e21338cc9e4b33f3a1b0036b212053e5302b8fdcb575b3be71be33e7157,3499ecb36911c9e4622ee7d37326e8613cefa9d2782939df0f1dc34c80dd63a4,False,True
stored_verified_matrix,duo_env_a31_stored_guard.yaml,13,5.0,0.1,0,30,7,backstop_only,833d6e21338cc9e4b33f3a1b0036b212053e5302b8fdcb575b3be71be33e7157,3499ecb36911c9e4622ee7d37326e8613cefa9d2782939df0f1dc34c80dd63a4,False,False
stored_verified_matrix,duo_env_a31_stored_guard.yaml,13,5.0,0.1,0,30,7,system0,833d6e21338cc9e4b33f3a1b0036b212053e5302b8fdcb575b3be71be33e7157,3499ecb36911c9e4622ee7d37326e8613cefa9d2782939df0f1dc34c80dd63a4,False,False
pending_final_matrix,duo_env_a31_pending_guard.yaml,13,5.0,0.1,0,30,7,backstop_only,833d6e21338cc9e4b33f3a1b0036b212053e5302b8fdcb575b3be71be33e7157,3499ecb36911c9e4622ee7d37326e8613cefa9d2782939df0f1dc34c80dd63a4,False,False
pending_final_matrix,duo_env_a31_pending_guard.yaml,13,5.0,0.1,0,30,7,system0,833d6e21338cc9e4b33f3a1b0036b212053e5302b8fdcb575b3be71be33e7157,3499ecb36911c9e4622ee7d37326e8613cefa9d2782939df0f1dc34c80dd63a4,False,False
stored_verified_matrix,duo_env_a31_stored_guard.yaml,13,5.0,0.1,0,30,8,raw,9fb2b7625e1f14135277427a1b41e86609ce5b8d6eeaa20d42cca0d949361d4f,c1f448feec2e3ac4bc2c34141db06a0399554260a3dfcd583b8bccb3a590c0ff,False,True
stored_verified_matrix,duo_env_a31_stored_guard.yaml,13,5.0,0.1,0,30,8,backstop_only,9fb2b7625e1f14135277427a1b41e86609ce5b8d6eeaa20d42cca0d949361d4f,c1f448feec2e3ac4bc2c34141db06a0399554260a3dfcd583b8bccb3a590c0ff,False,False
stored_verified_matrix,duo_env_a31_stored_guard.yaml,13,5.0,0.1,0,30,8,system0,9fb2b7625e1f14135277427a1b41e86609ce5b8d6eeaa20d42cca0d949361d4f,c1f448feec2e3ac4bc2c34141db06a0399554260a3dfcd583b8bccb3a590c0ff,False,False
pending_final_matrix,duo_env_a31_pending_guard.yaml,13,5.0,0.1,0,30,8,backstop_only,9fb2b7625e1f14135277427a1b41e86609ce5b8d6eeaa20d42cca0d949361d4f,c1f448feec2e3ac4bc2c34141db06a0399554260a3dfcd583b8bccb3a590c0ff,False,False
pending_final_matrix,duo_env_a31_pending_guard.yaml,13,5.0,0.1,0,30,8,system0,9fb2b7625e1f14135277427a1b41e86609ce5b8d6eeaa20d42cca0d949361d4f,c1f448feec2e3ac4bc2c34141db06a0399554260a3dfcd583b8bccb3a590c0ff,False,False
stored_verified_matrix,duo_env_a31_stored_guard.yaml,13,5.0,0.1,0,30,9,raw,9c5bbae304869b6d96ab76fbfa523155996d051dd24f4ee243e8ffa3f8f3027d,89a77323e9d0c966921865a4f1962cc8177fd67eaf17151e57524b16fe51401c,False,True
stored_verified_matrix,duo_env_a31_stored_guard.yaml,13,5.0,0.1,0,30,9,backstop_only,9c5bbae304869b6d96ab76fbfa523155996d051dd24f4ee243e8ffa3f8f3027d,89a77323e9d0c966921865a4f1962cc8177fd67eaf17151e57524b16fe51401c,False,False
stored_verified_matrix,duo_env_a31_stored_guard.yaml,13,5.0,0.1,0,30,9,system0,9c5bbae304869b6d96ab76fbfa523155996d051dd24f4ee243e8ffa3f8f3027d,89a77323e9d0c966921865a4f1962cc8177fd67eaf17151e57524b16fe51401c,False,False
pending_final_matrix,duo_env_a31_pending_guard.yaml,13,5.0,0.1,0,30,9,backstop_only,9c5bbae304869b6d96ab76fbfa523155996d051dd24f4ee243e8ffa3f8f3027d,89a77323e9d0c966921865a4f1962cc8177fd67eaf17151e57524b16fe51401c,False,False
pending_final_matrix,duo_env_a31_pending_guard.yaml,13,5.0,0.1,0,30,9,system0,9c5bbae304869b6d96ab76fbfa523155996d051dd24f4ee243e8ffa3f8f3027d,89a77323e9d0c966921865a4f1962cc8177fd67eaf17151e57524b16fe51401c,False,False
stored_verified_matrix,duo_env_a31_stored_guard.yaml,13,5.0,0.1,0,30,10,raw,13603ccd9dd766013e154c261afeb207c3cf4366cac39b1b8e8a15615a7c4961,cfff6d3c246dea9fc373cb3f0d4879a62a6c1894832ce9fc40a80d76d6480965,False,True
stored_verified_matrix,duo_env_a31_stored_guard.yaml,13,5.0,0.1,0,30,10,backstop_only,13603ccd9dd766013e154c261afeb207c3cf4366cac39b1b8e8a15615a7c4961,cfff6d3c246dea9fc373cb3f0d4879a62a6c1894832ce9fc40a80d76d6480965,False,False
stored_verified_matrix,duo_env_a31_stored_guard.yaml,13,5.0,0.1,0,30,10,system0,13603ccd9dd766013e154c261afeb207c3cf4366cac39b1b8e8a15615a7c4961,cfff6d3c246dea9fc373cb3f0d4879a62a6c1894832ce9fc40a80d76d6480965,False,False
pending_final_matrix,duo_env_a31_pending_guard.yaml,13,5.0,0.1,0,30,10,backstop_only,13603ccd9dd766013e154c261afeb207c3cf4366cac39b1b8e8a15615a7c4961,cfff6d3c246dea9fc373cb3f0d4879a62a6c1894832ce9fc40a80d76d6480965,False,False
pending_final_matrix,duo_env_a31_pending_guard.yaml,13,5.0,0.1,0,30,10,system0,13603ccd9dd766013e154c261afeb207c3cf4366cac39b1b8e8a15615a7c4961,cfff6d3c246dea9fc373cb3f0d4879a62a6c1894832ce9fc40a80d76d6480965,False,False
stored_verified_matrix,duo_env_a31_stored_guard.yaml,13,5.0,0.1,0,30,11,raw,8663a9f2908f10be7a651feead76006c1d5c9ab1c1d5f8a6a8f3d8cac0a0bd32,e036f3f3091f0221e66e5517e583a7d7ce46daca2ddda113b39b2ea47ccba85f,False,True
stored_verified_matrix,duo_env_a31_stored_guard.yaml,13,5.0,0.1,0,30,11,backstop_only,8663a9f2908f10be7a651feead76006c1d5c9ab1c1d5f8a6a8f3d8cac0a0bd32,e036f3f3091f0221e66e5517e583a7d7ce46daca2ddda113b39b2ea47ccba85f,False,False
stored_verified_matrix,duo_env_a31_stored_guard.yaml,13,5.0,0.1,0,30,11,system0,8663a9f2908f10be7a651feead76006c1d5c9ab1c1d5f8a6a8f3d8cac0a0bd32,e036f3f3091f0221e66e5517e583a7d7ce46daca2ddda113b39b2ea47ccba85f,False,False
pending_final_matrix,duo_env_a31_pending_guard.yaml,13,5.0,0.1,0,30,11,backstop_only,8663a9f2908f10be7a651feead76006c1d5c9ab1c1d5f8a6a8f3d8cac0a0bd32,e036f3f3091f0221e66e5517e583a7d7ce46daca2ddda113b39b2ea47ccba85f,False,False
pending_final_matrix,duo_env_a31_pending_guard.yaml,13,5.0,0.1,0,30,11,system0,8663a9f2908f10be7a651feead76006c1d5c9ab1c1d5f8a6a8f3d8cac0a0bd32,e036f3f3091f0221e66e5517e583a7d7ce46daca2ddda113b39b2ea47ccba85f,False,False
stored_verified_matrix,duo_env_a31_stored_guard.yaml,13,5.0,0.1,0,30,12,raw,77c8df0002ce6a23ad6f5baa075438eef08a0eb7a21d859551b7ff9df8799973,2a8b76595933228a3018200e2d80b792a8711cc0114d4ac1d2b489a65608264a,False,True
stored_verified_matrix,duo_env_a31_stored_guard.yaml,13,5.0,0.1,0,30,12,backstop_only,77c8df0002ce6a23ad6f5baa075438eef08a0eb7a21d859551b7ff9df8799973,2a8b76595933228a3018200e2d80b792a8711cc0114d4ac1d2b489a65608264a,False,False
stored_verified_matrix,duo_env_a31_stored_guard.yaml,13,5.0,0.1,0,30,12,system0,77c8df0002ce6a23ad6f5baa075438eef08a0eb7a21d859551b7ff9df8799973,2a8b76595933228a3018200e2d80b792a8711cc0114d4ac1d2b489a65608264a,False,False
pending_final_matrix,duo_env_a31_pending_guard.yaml,13,5.0,0.1,0,30,12,backstop_only,77c8df0002ce6a23ad6f5baa075438eef08a0eb7a21d859551b7ff9df8799973,2a8b76595933228a3018200e2d80b792a8711cc0114d4ac1d2b489a65608264a,False,False
pending_final_matrix,duo_env_a31_pending_guard.yaml,13,5.0,0.1,0,30,12,system0,77c8df0002ce6a23ad6f5baa075438eef08a0eb7a21d859551b7ff9df8799973,2a8b76595933228a3018200e2d80b792a8711cc0114d4ac1d2b489a65608264a,False,False
stored_verified_matrix,duo_env_a31_stored_guard.yaml,13,5.0,0.1,0,30,13,raw,e21e4f524f3df6e396ce87c7b421d69f3571db84c2ca226ece198e237018ed21,c15c62d2a6fd4a06cfa020152f9d2471d41440a44c031697936b7a0d0137eb0b,False,True
stored_verified_matrix,duo_env_a31_stored_guard.yaml,13,5.0,0.1,0,30,13,backstop_only,e21e4f524f3df6e396ce87c7b421d69f3571db84c2ca226ece198e237018ed21,c15c62d2a6fd4a06cfa020152f9d2471d41440a44c031697936b7a0d0137eb0b,False,False
stored_verified_matrix,duo_env_a31_stored_guard.yaml,13,5.0,0.1,0,30,13,system0,e21e4f524f3df6e396ce87c7b421d69f3571db84c2ca226ece198e237018ed21,c15c62d2a6fd4a06cfa020152f9d2471d41440a44c031697936b7a0d0137eb0b,False,False
pending_final_matrix,duo_env_a31_pending_guard.yaml,13,5.0,0.1,0,30,13,backstop_only,e21e4f524f3df6e396ce87c7b421d69f3571db84c2ca226ece198e237018ed21,c15c62d2a6fd4a06cfa020152f9d2471d41440a44c031697936b7a0d0137eb0b,False,False
pending_final_matrix,duo_env_a31_pending_guard.yaml,13,5.0,0.1,0,30,13,system0,e21e4f524f3df6e396ce87c7b421d69f3571db84c2ca226ece198e237018ed21,c15c62d2a6fd4a06cfa020152f9d2471d41440a44c031697936b7a0d0137eb0b,False,False
stored_verified_matrix,duo_env_a31_stored_guard.yaml,13,5.0,0.1,0,30,14,raw,d4757cba1ecb9a67b2810e3496c302d79c67e0c0179b6cee726fc915b3ec0e62,c321105ed6f9b1657b2808245cdba18a9010f80963151db09680707704b45b4b,False,True
stored_verified_matrix,duo_env_a31_stored_guard.yaml,13,5.0,0.1,0,30,14,backstop_only,d4757cba1ecb9a67b2810e3496c302d79c67e0c0179b6cee726fc915b3ec0e62,c321105ed6f9b1657b2808245cdba18a9010f80963151db09680707704b45b4b,False,False
stored_verified_matrix,duo_env_a31_stored_guard.yaml,13,5.0,0.1,0,30,14,system0,d4757cba1ecb9a67b2810e3496c302d79c67e0c0179b6cee726fc915b3ec0e62,c321105ed6f9b1657b2808245cdba18a9010f80963151db09680707704b45b4b,False,False
pending_final_matrix,duo_env_a31_pending_guard.yaml,13,5.0,0.1,0,30,14,backstop_only,d4757cba1ecb9a67b2810e3496c302d79c67e0c0179b6cee726fc915b3ec0e62,c321105ed6f9b1657b2808245cdba18a9010f80963151db09680707704b45b4b,False,False
pending_final_matrix,duo_env_a31_pending_guard.yaml,13,5.0,0.1,0,30,14,system0,d4757cba1ecb9a67b2810e3496c302d79c67e0c0179b6cee726fc915b3ec0e62,c321105ed6f9b1657b2808245cdba18a9010f80963151db09680707704b45b4b,False,False
stored_verified_matrix,duo_env_a31_stored_guard.yaml,13,5.0,0.1,0,30,15,raw,6509dc3758b6c3de58779fbdf9f4e1c602f0383056e7c66b5d0984cf0f448fab,82502d1172ae2eb9912399c10384337ac2af331ac673e71ae40e7228ea453baa,False,True
stored_verified_matrix,duo_env_a31_stored_guard.yaml,13,5.0,0.1,0,30,15,backstop_only,6509dc3758b6c3de58779fbdf9f4e1c602f0383056e7c66b5d0984cf0f448fab,82502d1172ae2eb9912399c10384337ac2af331ac673e71ae40e7228ea453baa,False,False
stored_verified_matrix,duo_env_a31_stored_guard.yaml,13,5.0,0.1,0,30,15,system0,6509dc3758b6c3de58779fbdf9f4e1c602f0383056e7c66b5d0984cf0f448fab,82502d1172ae2eb9912399c10384337ac2af331ac673e71ae40e7228ea453baa,False,False
pending_final_matrix,duo_env_a31_pending_guard.yaml,13,5.0,0.1,0,30,15,backstop_only,6509dc3758b6c3de58779fbdf9f4e1c602f0383056e7c66b5d0984cf0f448fab,82502d1172ae2eb9912399c10384337ac2af331ac673e71ae40e7228ea453baa,False,False
pending_final_matrix,duo_env_a31_pending_guard.yaml,13,5.0,0.1,0,30,15,system0,6509dc3758b6c3de58779fbdf9f4e1c602f0383056e7c66b5d0984cf0f448fab,82502d1172ae2eb9912399c10384337ac2af331ac673e71ae40e7228ea453baa,False,False
stored_verified_matrix,duo_env_a31_stored_guard.yaml,13,5.0,0.1,0,30,16,raw,3b86fa44843e6313c7c710876cdf164744d760b9da80f0bd0471613df0bd9234,a481feba862ff845608236aa0d8748b265097a197faec7f8ca1bb65e8f7df06a,False,True
stored_verified_matrix,duo_env_a31_stored_guard.yaml,13,5.0,0.1,0,30,16,backstop_only,3b86fa44843e6313c7c710876cdf164744d760b9da80f0bd0471613df0bd9234,a481feba862ff845608236aa0d8748b265097a197faec7f8ca1bb65e8f7df06a,False,False
stored_verified_matrix,duo_env_a31_stored_guard.yaml,13,5.0,0.1,0,30,16,system0,3b86fa44843e6313c7c710876cdf164744d760b9da80f0bd0471613df0bd9234,a481feba862ff845608236aa0d8748b265097a197faec7f8ca1bb65e8f7df06a,False,False
pending_final_matrix,duo_env_a31_pending_guard.yaml,13,5.0,0.1,0,30,16,backstop_only,3b86fa44843e6313c7c710876cdf164744d760b9da80f0bd0471613df0bd9234,a481feba862ff845608236aa0d8748b265097a197faec7f8ca1bb65e8f7df06a,False,False
pending_final_matrix,duo_env_a31_pending_guard.yaml,13,5.0,0.1,0,30,16,system0,3b86fa44843e6313c7c710876cdf164744d760b9da80f0bd0471613df0bd9234,a481feba862ff845608236aa0d8748b265097a197faec7f8ca1bb65e8f7df06a,False,False
stored_verified_matrix,duo_env_a31_stored_guard.yaml,13,5.0,0.1,0,30,17,raw,cddb7021f9dac21368dc1b4bc9d16556256979a4117aa50530bb4a464ec20d4d,6c89479d91194f1c7c6367f62485ce491457df1a2cf33f2374db067337923a9b,False,True
stored_verified_matrix,duo_env_a31_stored_guard.yaml,13,5.0,0.1,0,30,17,backstop_only,cddb7021f9dac21368dc1b4bc9d16556256979a4117aa50530bb4a464ec20d4d,6c89479d91194f1c7c6367f62485ce491457df1a2cf33f2374db067337923a9b,False,False
stored_verified_matrix,duo_env_a31_stored_guard.yaml,13,5.0,0.1,0,30,17,system0,cddb7021f9dac21368dc1b4bc9d16556256979a4117aa50530bb4a464ec20d4d,6c89479d91194f1c7c6367f62485ce491457df1a2cf33f2374db067337923a9b,False,False
pending_final_matrix,duo_env_a31_pending_guard.yaml,13,5.0,0.1,0,30,17,backstop_only,cddb7021f9dac21368dc1b4bc9d16556256979a4117aa50530bb4a464ec20d4d,6c89479d91194f1c7c6367f62485ce491457df1a2cf33f2374db067337923a9b,False,False
pending_final_matrix,duo_env_a31_pending_guard.yaml,13,5.0,0.1,0,30,17,system0,cddb7021f9dac21368dc1b4bc9d16556256979a4117aa50530bb4a464ec20d4d,6c89479d91194f1c7c6367f62485ce491457df1a2cf33f2374db067337923a9b,False,False
stored_verified_matrix,duo_env_a31_stored_guard.yaml,13,5.0,0.1,0,30,18,raw,5cc05bf982004f8db4b1e37fb017c6088daecfcd60e2a53396debe1e532cf05f,d2b11d87a70bee9711c97fa8718afe92a33269473f1d6fc3dd41093e7eb3329d,False,True
stored_verified_matrix,duo_env_a31_stored_guard.yaml,13,5.0,0.1,0,30,18,backstop_only,5cc05bf982004f8db4b1e37fb017c6088daecfcd60e2a53396debe1e532cf05f,d2b11d87a70bee9711c97fa8718afe92a33269473f1d6fc3dd41093e7eb3329d,False,False
stored_verified_matrix,duo_env_a31_stored_guard.yaml,13,5.0,0.1,0,30,18,system0,5cc05bf982004f8db4b1e37fb017c6088daecfcd60e2a53396debe1e532cf05f,d2b11d87a70bee9711c97fa8718afe92a33269473f1d6fc3dd41093e7eb3329d,False,False
pending_final_matrix,duo_env_a31_pending_guard.yaml,13,5.0,0.1,0,30,18,backstop_only,5cc05bf982004f8db4b1e37fb017c6088daecfcd60e2a53396debe1e532cf05f,d2b11d87a70bee9711c97fa8718afe92a33269473f1d6fc3dd41093e7eb3329d,False,False
pending_final_matrix,duo_env_a31_pending_guard.yaml,13,5.0,0.1,0,30,18,system0,5cc05bf982004f8db4b1e37fb017c6088daecfcd60e2a53396debe1e532cf05f,d2b11d87a70bee9711c97fa8718afe92a33269473f1d6fc3dd41093e7eb3329d,False,False
stored_verified_matrix,duo_env_a31_stored_guard.yaml,13,5.0,0.1,0,30,19,raw,98b652fbf5c25ba09d1b571924ac2a0a073bb025bf818b294f6f47ea88147a58,25964dab4c7c9f9d097d7413c9872fbbb1f4b09b4642d6632b6674b9f06def9b,False,True
stored_verified_matrix,duo_env_a31_stored_guard.yaml,13,5.0,0.1,0,30,19,backstop_only,98b652fbf5c25ba09d1b571924ac2a0a073bb025bf818b294f6f47ea88147a58,25964dab4c7c9f9d097d7413c9872fbbb1f4b09b4642d6632b6674b9f06def9b,False,False
stored_verified_matrix,duo_env_a31_stored_guard.yaml,13,5.0,0.1,0,30,19,system0,98b652fbf5c25ba09d1b571924ac2a0a073bb025bf818b294f6f47ea88147a58,25964dab4c7c9f9d097d7413c9872fbbb1f4b09b4642d6632b6674b9f06def9b,False,False
pending_final_matrix,duo_env_a31_pending_guard.yaml,13,5.0,0.1,0,30,19,backstop_only,98b652fbf5c25ba09d1b571924ac2a0a073bb025bf818b294f6f47ea88147a58,25964dab4c7c9f9d097d7413c9872fbbb1f4b09b4642d6632b6674b9f06def9b,False,False
pending_final_matrix,duo_env_a31_pending_guard.yaml,13,5.0,0.1,0,30,19,system0,98b652fbf5c25ba09d1b571924ac2a0a073bb025bf818b294f6f47ea88147a58,25964dab4c7c9f9d097d7413c9872fbbb1f4b09b4642d6632b6674b9f06def9b,False,False
stored_verified_matrix,duo_env_a31_stored_guard.yaml,13,5.0,0.1,0,30,20,raw,3d619baa09bcf481e4bb022ae507447e22ae4f73005e98f5bdf858d2227e2a93,2aceb69ff699bd7d60e093e16e2d58bd12d3ae9a5b2a9b8eaf0d7ff690efa146,False,True
stored_verified_matrix,duo_env_a31_stored_guard.yaml,13,5.0,0.1,0,30,20,backstop_only,3d619baa09bcf481e4bb022ae507447e22ae4f73005e98f5bdf858d2227e2a93,2aceb69ff699bd7d60e093e16e2d58bd12d3ae9a5b2a9b8eaf0d7ff690efa146,False,False
stored_verified_matrix,duo_env_a31_stored_guard.yaml,13,5.0,0.1,0,30,20,system0,3d619baa09bcf481e4bb022ae507447e22ae4f73005e98f5bdf858d2227e2a93,2aceb69ff699bd7d60e093e16e2d58bd12d3ae9a5b2a9b8eaf0d7ff690efa146,False,False
pending_final_matrix,duo_env_a31_pending_guard.yaml,13,5.0,0.1,0,30,20,backstop_only,3d619baa09bcf481e4bb022ae507447e22ae4f73005e98f5bdf858d2227e2a93,2aceb69ff699bd7d60e093e16e2d58bd12d3ae9a5b2a9b8eaf0d7ff690efa146,False,False
pending_final_matrix,duo_env_a31_pending_guard.yaml,13,5.0,0.1,0,30,20,system0,3d619baa09bcf481e4bb022ae507447e22ae4f73005e98f5bdf858d2227e2a93,2aceb69ff699bd7d60e093e16e2d58bd12d3ae9a5b2a9b8eaf0d7ff690efa146,False,False
stored_verified_matrix,duo_env_a31_stored_guard.yaml,13,5.0,0.1,0,30,21,raw,2b7971be8c8a9493a54b02490e43a1c05c479f0f9260584bc5a44e5d0a251e75,ea9240e166c0e8a7dd1627088babe45844799673ff7d23d6cf7b22c3d6746824,False,True
stored_verified_matrix,duo_env_a31_stored_guard.yaml,13,5.0,0.1,0,30,21,backstop_only,2b7971be8c8a9493a54b02490e43a1c05c479f0f9260584bc5a44e5d0a251e75,ea9240e166c0e8a7dd1627088babe45844799673ff7d23d6cf7b22c3d6746824,False,False
stored_verified_matrix,duo_env_a31_stored_guard.yaml,13,5.0,0.1,0,30,21,system0,2b7971be8c8a9493a54b02490e43a1c05c479f0f9260584bc5a44e5d0a251e75,ea9240e166c0e8a7dd1627088babe45844799673ff7d23d6cf7b22c3d6746824,False,False
pending_final_matrix,duo_env_a31_pending_guard.yaml,13,5.0,0.1,0,30,21,backstop_only,2b7971be8c8a9493a54b02490e43a1c05c479f0f9260584bc5a44e5d0a251e75,ea9240e166c0e8a7dd1627088babe45844799673ff7d23d6cf7b22c3d6746824,False,False
pending_final_matrix,duo_env_a31_pending_guard.yaml,13,5.0,0.1,0,30,21,system0,2b7971be8c8a9493a54b02490e43a1c05c479f0f9260584bc5a44e5d0a251e75,ea9240e166c0e8a7dd1627088babe45844799673ff7d23d6cf7b22c3d6746824,False,False
stored_verified_matrix,duo_env_a31_stored_guard.yaml,13,5.0,0.1,0,30,22,raw,dcb02d450e6f228314ffc7833cb6965cc68686f9bdf3502401f2846814c82203,c991e095c2fe3c74388ac40dc4f654b8632640444f080cf83241a75c400f8ba8,False,True
stored_verified_matrix,duo_env_a31_stored_guard.yaml,13,5.0,0.1,0,30,22,backstop_only,dcb02d450e6f228314ffc7833cb6965cc68686f9bdf3502401f2846814c82203,c991e095c2fe3c74388ac40dc4f654b8632640444f080cf83241a75c400f8ba8,False,False
stored_verified_matrix,duo_env_a31_stored_guard.yaml,13,5.0,0.1,0,30,22,system0,dcb02d450e6f228314ffc7833cb6965cc68686f9bdf3502401f2846814c82203,c991e095c2fe3c74388ac40dc4f654b8632640444f080cf83241a75c400f8ba8,False,False
pending_final_matrix,duo_env_a31_pending_guard.yaml,13,5.0,0.1,0,30,22,backstop_only,dcb02d450e6f228314ffc7833cb6965cc68686f9bdf3502401f2846814c82203,c991e095c2fe3c74388ac40dc4f654b8632640444f080cf83241a75c400f8ba8,False,False
pending_final_matrix,duo_env_a31_pending_guard.yaml,13,5.0,0.1,0,30,22,system0,dcb02d450e6f228314ffc7833cb6965cc68686f9bdf3502401f2846814c82203,c991e095c2fe3c74388ac40dc4f654b8632640444f080cf83241a75c400f8ba8,False,False
stored_verified_matrix,duo_env_a31_stored_guard.yaml,13,5.0,0.1,0,30,23,raw,9966f681a44aa74486d10bca2b8c335d53ceea7ba636e500023672999142371e,de92dfd605c57db8fe04f0235a313d2cea5c619527ef02c0c9eb759cd43baa8b,False,True
stored_verified_matrix,duo_env_a31_stored_guard.yaml,13,5.0,0.1,0,30,23,backstop_only,9966f681a44aa74486d10bca2b8c335d53ceea7ba636e500023672999142371e,de92dfd605c57db8fe04f0235a313d2cea5c619527ef02c0c9eb759cd43baa8b,False,False
stored_verified_matrix,duo_env_a31_stored_guard.yaml,13,5.0,0.1,0,30,23,system0,9966f681a44aa74486d10bca2b8c335d53ceea7ba636e500023672999142371e,de92dfd605c57db8fe04f0235a313d2cea5c619527ef02c0c9eb759cd43baa8b,False,False
pending_final_matrix,duo_env_a31_pending_guard.yaml,13,5.0,0.1,0,30,23,backstop_only,9966f681a44aa74486d10bca2b8c335d53ceea7ba636e500023672999142371e,de92dfd605c57db8fe04f0235a313d2cea5c619527ef02c0c9eb759cd43baa8b,False,False
pending_final_matrix,duo_env_a31_pending_guard.yaml,13,5.0,0.1,0,30,23,system0,9966f681a44aa74486d10bca2b8c335d53ceea7ba636e500023672999142371e,de92dfd605c57db8fe04f0235a313d2cea5c619527ef02c0c9eb759cd43baa8b,False,False
stored_verified_matrix,duo_env_a31_stored_guard.yaml,13,5.0,0.1,0,30,24,raw,732d33e12275d1078685317b89f0cf03f8c18074f5de2ea893f3cbc58a8f4a7f,9a4747d8256c1d1e7511b01a5ea5e211afb60bad03b91aaf72d0acf9839bbb51,False,True
stored_verified_matrix,duo_env_a31_stored_guard.yaml,13,5.0,0.1,0,30,24,backstop_only,732d33e12275d1078685317b89f0cf03f8c18074f5de2ea893f3cbc58a8f4a7f,9a4747d8256c1d1e7511b01a5ea5e211afb60bad03b91aaf72d0acf9839bbb51,False,False
stored_verified_matrix,duo_env_a31_stored_guard.yaml,13,5.0,0.1,0,30,24,system0,732d33e12275d1078685317b89f0cf03f8c18074f5de2ea893f3cbc58a8f4a7f,9a4747d8256c1d1e7511b01a5ea5e211afb60bad03b91aaf72d0acf9839bbb51,False,False
pending_final_matrix,duo_env_a31_pending_guard.yaml,13,5.0,0.1,0,30,24,backstop_only,732d33e12275d1078685317b89f0cf03f8c18074f5de2ea893f3cbc58a8f4a7f,9a4747d8256c1d1e7511b01a5ea5e211afb60bad03b91aaf72d0acf9839bbb51,False,False
pending_final_matrix,duo_env_a31_pending_guard.yaml,13,5.0,0.1,0,30,24,system0,732d33e12275d1078685317b89f0cf03f8c18074f5de2ea893f3cbc58a8f4a7f,9a4747d8256c1d1e7511b01a5ea5e211afb60bad03b91aaf72d0acf9839bbb51,False,False
stored_verified_matrix,duo_env_a31_stored_guard.yaml,13,5.0,0.1,0,30,25,raw,861960b75490844eeacc3f05d4b1b2a07667f3d091bcaf45d459029559d22f09,7e17a273890fdd06ee47743dbd4fdf9be26538e2aece6122366a4d91debdbb30,False,True
stored_verified_matrix,duo_env_a31_stored_guard.yaml,13,5.0,0.1,0,30,25,backstop_only,861960b75490844eeacc3f05d4b1b2a07667f3d091bcaf45d459029559d22f09,7e17a273890fdd06ee47743dbd4fdf9be26538e2aece6122366a4d91debdbb30,False,False
stored_verified_matrix,duo_env_a31_stored_guard.yaml,13,5.0,0.1,0,30,25,system0,861960b75490844eeacc3f05d4b1b2a07667f3d091bcaf45d459029559d22f09,7e17a273890fdd06ee47743dbd4fdf9be26538e2aece6122366a4d91debdbb30,False,False
pending_final_matrix,duo_env_a31_pending_guard.yaml,13,5.0,0.1,0,30,25,backstop_only,861960b75490844eeacc3f05d4b1b2a07667f3d091bcaf45d459029559d22f09,7e17a273890fdd06ee47743dbd4fdf9be26538e2aece6122366a4d91debdbb30,False,False
pending_final_matrix,duo_env_a31_pending_guard.yaml,13,5.0,0.1,0,30,25,system0,861960b75490844eeacc3f05d4b1b2a07667f3d091bcaf45d459029559d22f09,7e17a273890fdd06ee47743dbd4fdf9be26538e2aece6122366a4d91debdbb30,False,False
stored_verified_matrix,duo_env_a31_stored_guard.yaml,13,5.0,0.1,0,30,26,raw,26a08a053b737ea225c7a915f24ffe976c27af67b6a3bbc7323b7789fffc45d8,9e6bc44dc6c8818d712488f8de32fbe878fb2822d0c396fdfdade29d60368dea,False,True
stored_verified_matrix,duo_env_a31_stored_guard.yaml,13,5.0,0.1,0,30,26,backstop_only,26a08a053b737ea225c7a915f24ffe976c27af67b6a3bbc7323b7789fffc45d8,9e6bc44dc6c8818d712488f8de32fbe878fb2822d0c396fdfdade29d60368dea,False,False
stored_verified_matrix,duo_env_a31_stored_guard.yaml,13,5.0,0.1,0,30,26,system0,26a08a053b737ea225c7a915f24ffe976c27af67b6a3bbc7323b7789fffc45d8,9e6bc44dc6c8818d712488f8de32fbe878fb2822d0c396fdfdade29d60368dea,False,False
pending_final_matrix,duo_env_a31_pending_guard.yaml,13,5.0,0.1,0,30,26,backstop_only,26a08a053b737ea225c7a915f24ffe976c27af67b6a3bbc7323b7789fffc45d8,9e6bc44dc6c8818d712488f8de32fbe878fb2822d0c396fdfdade29d60368dea,False,False
pending_final_matrix,duo_env_a31_pending_guard.yaml,13,5.0,0.1,0,30,26,system0,26a08a053b737ea225c7a915f24ffe976c27af67b6a3bbc7323b7789fffc45d8,9e6bc44dc6c8818d712488f8de32fbe878fb2822d0c396fdfdade29d60368dea,False,False
stored_verified_matrix,duo_env_a31_stored_guard.yaml,13,5.0,0.1,0,30,27,raw,6d5f6d22a3c7efafcb298519b947760d3ffcda7f6ffa101f7985ed20947a02f3,e7bf109b0845b3f3adcb4b0cb16ab4698bf521bf5db0d20148ec724d859be461,False,False
stored_verified_matrix,duo_env_a31_stored_guard.yaml,13,5.0,0.1,0,30,27,backstop_only,6d5f6d22a3c7efafcb298519b947760d3ffcda7f6ffa101f7985ed20947a02f3,e7bf109b0845b3f3adcb4b0cb16ab4698bf521bf5db0d20148ec724d859be461,False,False
stored_verified_matrix,duo_env_a31_stored_guard.yaml,13,5.0,0.1,0,30,27,system0,6d5f6d22a3c7efafcb298519b947760d3ffcda7f6ffa101f7985ed20947a02f3,e7bf109b0845b3f3adcb4b0cb16ab4698bf521bf5db0d20148ec724d859be461,False,False
pending_final_matrix,duo_env_a31_pending_guard.yaml,13,5.0,0.1,0,30,27,backstop_only,6d5f6d22a3c7efafcb298519b947760d3ffcda7f6ffa101f7985ed20947a02f3,e7bf109b0845b3f3adcb4b0cb16ab4698bf521bf5db0d20148ec724d859be461,False,False
pending_final_matrix,duo_env_a31_pending_guard.yaml,13,5.0,0.1,0,30,27,system0,6d5f6d22a3c7efafcb298519b947760d3ffcda7f6ffa101f7985ed20947a02f3,e7bf109b0845b3f3adcb4b0cb16ab4698bf521bf5db0d20148ec724d859be461,False,False
stored_verified_matrix,duo_env_a31_stored_guard.yaml,13,5.0,0.1,0,30,28,raw,f8a0c1ba47339b15ebf3457c5d3b2a7c6a72b5a1304b5e5597a358800958b3e2,52beeedbd7b6e8590318c9d4033dbe1562bb88bc18341f41e06edc502f78ae2b,False,True
stored_verified_matrix,duo_env_a31_stored_guard.yaml,13,5.0,0.1,0,30,28,backstop_only,f8a0c1ba47339b15ebf3457c5d3b2a7c6a72b5a1304b5e5597a358800958b3e2,52beeedbd7b6e8590318c9d4033dbe1562bb88bc18341f41e06edc502f78ae2b,False,False
stored_verified_matrix,duo_env_a31_stored_guard.yaml,13,5.0,0.1,0,30,28,system0,f8a0c1ba47339b15ebf3457c5d3b2a7c6a72b5a1304b5e5597a358800958b3e2,52beeedbd7b6e8590318c9d4033dbe1562bb88bc18341f41e06edc502f78ae2b,False,False
pending_final_matrix,duo_env_a31_pending_guard.yaml,13,5.0,0.1,0,30,28,backstop_only,f8a0c1ba47339b15ebf3457c5d3b2a7c6a72b5a1304b5e5597a358800958b3e2,52beeedbd7b6e8590318c9d4033dbe1562bb88bc18341f41e06edc502f78ae2b,False,False
pending_final_matrix,duo_env_a31_pending_guard.yaml,13,5.0,0.1,0,30,28,system0,f8a0c1ba47339b15ebf3457c5d3b2a7c6a72b5a1304b5e5597a358800958b3e2,52beeedbd7b6e8590318c9d4033dbe1562bb88bc18341f41e06edc502f78ae2b,False,False
stored_verified_matrix,duo_env_a31_stored_guard.yaml,13,5.0,0.1,0,30,29,raw,616832b88d295ce476a8b8a4ad0083e07e5dd5f2aa5d98a75cee82f6305cee72,d8c521011b09e366c508af775c75b93e00c151acc36a59d8cdbe14428279a260,False,True
stored_verified_matrix,duo_env_a31_stored_guard.yaml,13,5.0,0.1,0,30,29,backstop_only,616832b88d295ce476a8b8a4ad0083e07e5dd5f2aa5d98a75cee82f6305cee72,d8c521011b09e366c508af775c75b93e00c151acc36a59d8cdbe14428279a260,False,False
stored_verified_matrix,duo_env_a31_stored_guard.yaml,13,5.0,0.1,0,30,29,system0,616832b88d295ce476a8b8a4ad0083e07e5dd5f2aa5d98a75cee82f6305cee72,d8c521011b09e366c508af775c75b93e00c151acc36a59d8cdbe14428279a260,False,False
pending_final_matrix,duo_env_a31_pending_guard.yaml,13,5.0,0.1,0,30,29,backstop_only,616832b88d295ce476a8b8a4ad0083e07e5dd5f2aa5d98a75cee82f6305cee72,d8c521011b09e366c508af775c75b93e00c151acc36a59d8cdbe14428279a260,False,False
pending_final_matrix,duo_env_a31_pending_guard.yaml,13,5.0,0.1,0,30,29,system0,616832b88d295ce476a8b8a4ad0083e07e5dd5f2aa5d98a75cee82f6305cee72,d8c521011b09e366c508af775c75b93e00c151acc36a59d8cdbe14428279a260,False,False
stored_verified_matrix,duo_env_a31_stored_guard.yaml,13,5.0,0.1,0,30,30,raw,7ace937ba93d606080cf4e71272850839f52963af32dbb44a1ae2da24a762a6d,ba7814ee59915b70a4e14346fd28ad59e978df94698c368a6a1e46d3b14be6e9,False,True
stored_verified_matrix,duo_env_a31_stored_guard.yaml,13,5.0,0.1,0,30,30,backstop_only,7ace937ba93d606080cf4e71272850839f52963af32dbb44a1ae2da24a762a6d,ba7814ee59915b70a4e14346fd28ad59e978df94698c368a6a1e46d3b14be6e9,False,False
stored_verified_matrix,duo_env_a31_stored_guard.yaml,13,5.0,0.1,0,30,30,system0,7ace937ba93d606080cf4e71272850839f52963af32dbb44a1ae2da24a762a6d,ba7814ee59915b70a4e14346fd28ad59e978df94698c368a6a1e46d3b14be6e9,False,False
pending_final_matrix,duo_env_a31_pending_guard.yaml,13,5.0,0.1,0,30,30,backstop_only,7ace937ba93d606080cf4e71272850839f52963af32dbb44a1ae2da24a762a6d,ba7814ee59915b70a4e14346fd28ad59e978df94698c368a6a1e46d3b14be6e9,False,False
pending_final_matrix,duo_env_a31_pending_guard.yaml,13,5.0,0.1,0,30,30,system0,7ace937ba93d606080cf4e71272850839f52963af32dbb44a1ae2da24a762a6d,ba7814ee59915b70a4e14346fd28ad59e978df94698c368a6a1e46d3b14be6e9,False,False
stored_verified_matrix,duo_env_a31_stored_guard.yaml,13,5.0,0.1,0,30,31,raw,177625eb8ebd4894f94902d12d6b27dd175c81503ecf4d4abda7df8f57aaba08,959a654533e585c70804da66c43ec4db48670bfb8320f80a31f62e783cbd0242,False,True
stored_verified_matrix,duo_env_a31_stored_guard.yaml,13,5.0,0.1,0,30,31,backstop_only,177625eb8ebd4894f94902d12d6b27dd175c81503ecf4d4abda7df8f57aaba08,959a654533e585c70804da66c43ec4db48670bfb8320f80a31f62e783cbd0242,False,False
stored_verified_matrix,duo_env_a31_stored_guard.yaml,13,5.0,0.1,0,30,31,system0,177625eb8ebd4894f94902d12d6b27dd175c81503ecf4d4abda7df8f57aaba08,959a654533e585c70804da66c43ec4db48670bfb8320f80a31f62e783cbd0242,False,False
pending_final_matrix,duo_env_a31_pending_guard.yaml,13,5.0,0.1,0,30,31,backstop_only,177625eb8ebd4894f94902d12d6b27dd175c81503ecf4d4abda7df8f57aaba08,959a654533e585c70804da66c43ec4db48670bfb8320f80a31f62e783cbd0242,False,False
pending_final_matrix,duo_env_a31_pending_guard.yaml,13,5.0,0.1,0,30,31,system0,177625eb8ebd4894f94902d12d6b27dd175c81503ecf4d4abda7df8f57aaba08,959a654533e585c70804da66c43ec4db48670bfb8320f80a31f62e783cbd0242,False,False
stored_verified_matrix,duo_env_a31_stored_guard.yaml,13,5.0,0.1,6,30,0,raw,19f25a6da186a0577b5f98ed202117d9cdcedfc0a6701d4dd1c1d6a8f56cdcc4,7cd99b952bf5efe998d6f2c25b9745f9d9b89cb259f0e894eea6ba2a49059238,False,False
stored_verified_matrix,duo_env_a31_stored_guard.yaml,13,5.0,0.1,6,30,0,backstop_only,19f25a6da186a0577b5f98ed202117d9cdcedfc0a6701d4dd1c1d6a8f56cdcc4,7cd99b952bf5efe998d6f2c25b9745f9d9b89cb259f0e894eea6ba2a49059238,False,False
stored_verified_matrix,duo_env_a31_stored_guard.yaml,13,5.0,0.1,6,30,0,system0,19f25a6da186a0577b5f98ed202117d9cdcedfc0a6701d4dd1c1d6a8f56cdcc4,7cd99b952bf5efe998d6f2c25b9745f9d9b89cb259f0e894eea6ba2a49059238,False,False
pending_final_matrix,duo_env_a31_pending_guard.yaml,13,5.0,0.1,6,30,0,backstop_only,19f25a6da186a0577b5f98ed202117d9cdcedfc0a6701d4dd1c1d6a8f56cdcc4,7cd99b952bf5efe998d6f2c25b9745f9d9b89cb259f0e894eea6ba2a49059238,False,False
pending_final_matrix,duo_env_a31_pending_guard.yaml,13,5.0,0.1,6,30,0,system0,19f25a6da186a0577b5f98ed202117d9cdcedfc0a6701d4dd1c1d6a8f56cdcc4,7cd99b952bf5efe998d6f2c25b9745f9d9b89cb259f0e894eea6ba2a49059238,False,False
stored_verified_matrix,duo_env_a31_stored_guard.yaml,13,5.0,0.1,6,30,1,raw,d7fd3e4e108485f846e4542223cdd68eab90dd21ebcf8d26fb3063d6db8b7e58,62c8772c3a7bb7c38c2e0be21c9c119afd21ba9a72ef51f4ac63dfc00563e268,False,True
stored_verified_matrix,duo_env_a31_stored_guard.yaml,13,5.0,0.1,6,30,1,backstop_only,d7fd3e4e108485f846e4542223cdd68eab90dd21ebcf8d26fb3063d6db8b7e58,62c8772c3a7bb7c38c2e0be21c9c119afd21ba9a72ef51f4ac63dfc00563e268,False,False
stored_verified_matrix,duo_env_a31_stored_guard.yaml,13,5.0,0.1,6,30,1,system0,d7fd3e4e108485f846e4542223cdd68eab90dd21ebcf8d26fb3063d6db8b7e58,62c8772c3a7bb7c38c2e0be21c9c119afd21ba9a72ef51f4ac63dfc00563e268,False,False
pending_final_matrix,duo_env_a31_pending_guard.yaml,13,5.0,0.1,6,30,1,backstop_only,d7fd3e4e108485f846e4542223cdd68eab90dd21ebcf8d26fb3063d6db8b7e58,62c8772c3a7bb7c38c2e0be21c9c119afd21ba9a72ef51f4ac63dfc00563e268,False,False
pending_final_matrix,duo_env_a31_pending_guard.yaml,13,5.0,0.1,6,30,1,system0,d7fd3e4e108485f846e4542223cdd68eab90dd21ebcf8d26fb3063d6db8b7e58,62c8772c3a7bb7c38c2e0be21c9c119afd21ba9a72ef51f4ac63dfc00563e268,False,False
stored_verified_matrix,duo_env_a31_stored_guard.yaml,13,5.0,0.1,6,30,2,raw,50a0e756084608f73c8866f848b4495202b95e4d4059a9c6b5c461ac0b90cd61,226c4e58bc96d1915abcce0085fba37d1f5b114688dd79b5df279c774c050783,False,True
stored_verified_matrix,duo_env_a31_stored_guard.yaml,13,5.0,0.1,6,30,2,backstop_only,50a0e756084608f73c8866f848b4495202b95e4d4059a9c6b5c461ac0b90cd61,226c4e58bc96d1915abcce0085fba37d1f5b114688dd79b5df279c774c050783,False,False
stored_verified_matrix,duo_env_a31_stored_guard.yaml,13,5.0,0.1,6,30,2,system0,50a0e756084608f73c8866f848b4495202b95e4d4059a9c6b5c461ac0b90cd61,226c4e58bc96d1915abcce0085fba37d1f5b114688dd79b5df279c774c050783,False,False
pending_final_matrix,duo_env_a31_pending_guard.yaml,13,5.0,0.1,6,30,2,backstop_only,50a0e756084608f73c8866f848b4495202b95e4d4059a9c6b5c461ac0b90cd61,226c4e58bc96d1915abcce0085fba37d1f5b114688dd79b5df279c774c050783,False,False
pending_final_matrix,duo_env_a31_pending_guard.yaml,13,5.0,0.1,6,30,2,system0,50a0e756084608f73c8866f848b4495202b95e4d4059a9c6b5c461ac0b90cd61,226c4e58bc96d1915abcce0085fba37d1f5b114688dd79b5df279c774c050783,False,False
stored_verified_matrix,duo_env_a31_stored_guard.yaml,13,5.0,0.1,6,30,3,raw,a31909619b215ed3ade4774cd3300f815b13eeee6c770fa82fa1f4d244012c22,0bcaa060760418aab6ea1c0b5c8725a089bf39cfd6dd56199335b6c2b1bb74e7,False,True
stored_verified_matrix,duo_env_a31_stored_guard.yaml,13,5.0,0.1,6,30,3,backstop_only,a31909619b215ed3ade4774cd3300f815b13eeee6c770fa82fa1f4d244012c22,0bcaa060760418aab6ea1c0b5c8725a089bf39cfd6dd56199335b6c2b1bb74e7,False,False
stored_verified_matrix,duo_env_a31_stored_guard.yaml,13,5.0,0.1,6,30,3,system0,a31909619b215ed3ade4774cd3300f815b13eeee6c770fa82fa1f4d244012c22,0bcaa060760418aab6ea1c0b5c8725a089bf39cfd6dd56199335b6c2b1bb74e7,False,False
pending_final_matrix,duo_env_a31_pending_guard.yaml,13,5.0,0.1,6,30,3,backstop_only,a31909619b215ed3ade4774cd3300f815b13eeee6c770fa82fa1f4d244012c22,0bcaa060760418aab6ea1c0b5c8725a089bf39cfd6dd56199335b6c2b1bb74e7,False,False
pending_final_matrix,duo_env_a31_pending_guard.yaml,13,5.0,0.1,6,30,3,system0,a31909619b215ed3ade4774cd3300f815b13eeee6c770fa82fa1f4d244012c22,0bcaa060760418aab6ea1c0b5c8725a089bf39cfd6dd56199335b6c2b1bb74e7,False,False
stored_verified_matrix,duo_env_a31_stored_guard.yaml,13,5.0,0.1,6,30,4,raw,bbe9c681fb67a0da17980a5f7349b23bb276be866eaf54f7bb002e1fa434d8e3,8c6728e22a857b8929813f55eeeb90e07fa0999ecf90e52a7c60bf5811d8591a,False,True
stored_verified_matrix,duo_env_a31_stored_guard.yaml,13,5.0,0.1,6,30,4,backstop_only,bbe9c681fb67a0da17980a5f7349b23bb276be866eaf54f7bb002e1fa434d8e3,8c6728e22a857b8929813f55eeeb90e07fa0999ecf90e52a7c60bf5811d8591a,False,False
stored_verified_matrix,duo_env_a31_stored_guard.yaml,13,5.0,0.1,6,30,4,system0,bbe9c681fb67a0da17980a5f7349b23bb276be866eaf54f7bb002e1fa434d8e3,8c6728e22a857b8929813f55eeeb90e07fa0999ecf90e52a7c60bf5811d8591a,False,False
pending_final_matrix,duo_env_a31_pending_guard.yaml,13,5.0,0.1,6,30,4,backstop_only,bbe9c681fb67a0da17980a5f7349b23bb276be866eaf54f7bb002e1fa434d8e3,8c6728e22a857b8929813f55eeeb90e07fa0999ecf90e52a7c60bf5811d8591a,False,False
pending_final_matrix,duo_env_a31_pending_guard.yaml,13,5.0,0.1,6,30,4,system0,bbe9c681fb67a0da17980a5f7349b23bb276be866eaf54f7bb002e1fa434d8e3,8c6728e22a857b8929813f55eeeb90e07fa0999ecf90e52a7c60bf5811d8591a,False,False
stored_verified_matrix,duo_env_a31_stored_guard.yaml,13,5.0,0.1,6,30,5,raw,46c72454d4d7a8434740a17ce18f19cb9b08d002cf051044bb732441b6e8a869,9d3093665d7b272a3a3db17aa2f99de349e0cbd6494e0850c5f6878ae2269b0e,False,True
stored_verified_matrix,duo_env_a31_stored_guard.yaml,13,5.0,0.1,6,30,5,backstop_only,46c72454d4d7a8434740a17ce18f19cb9b08d002cf051044bb732441b6e8a869,9d3093665d7b272a3a3db17aa2f99de349e0cbd6494e0850c5f6878ae2269b0e,False,False
stored_verified_matrix,duo_env_a31_stored_guard.yaml,13,5.0,0.1,6,30,5,system0,46c72454d4d7a8434740a17ce18f19cb9b08d002cf051044bb732441b6e8a869,9d3093665d7b272a3a3db17aa2f99de349e0cbd6494e0850c5f6878ae2269b0e,False,False
pending_final_matrix,duo_env_a31_pending_guard.yaml,13,5.0,0.1,6,30,5,backstop_only,46c72454d4d7a8434740a17ce18f19cb9b08d002cf051044bb732441b6e8a869,9d3093665d7b272a3a3db17aa2f99de349e0cbd6494e0850c5f6878ae2269b0e,False,False
pending_final_matrix,duo_env_a31_pending_guard.yaml,13,5.0,0.1,6,30,5,system0,46c72454d4d7a8434740a17ce18f19cb9b08d002cf051044bb732441b6e8a869,9d3093665d7b272a3a3db17aa2f99de349e0cbd6494e0850c5f6878ae2269b0e,False,False
stored_verified_matrix,duo_env_a31_stored_guard.yaml,13,5.0,0.1,6,30,6,raw,f33d78b116d679c458755cfd43bcbcee8408b3498799e8c71e49205c25aaee74,4f372b4b1775ce545219232c516cc75608b8a113868cd43b21ef399f7704f11b,False,True
stored_verified_matrix,duo_env_a31_stored_guard.yaml,13,5.0,0.1,6,30,6,backstop_only,f33d78b116d679c458755cfd43bcbcee8408b3498799e8c71e49205c25aaee74,4f372b4b1775ce545219232c516cc75608b8a113868cd43b21ef399f7704f11b,False,False
stored_verified_matrix,duo_env_a31_stored_guard.yaml,13,5.0,0.1,6,30,6,system0,f33d78b116d679c458755cfd43bcbcee8408b3498799e8c71e49205c25aaee74,4f372b4b1775ce545219232c516cc75608b8a113868cd43b21ef399f7704f11b,False,False
pending_final_matrix,duo_env_a31_pending_guard.yaml,13,5.0,0.1,6,30,6,backstop_only,f33d78b116d679c458755cfd43bcbcee8408b3498799e8c71e49205c25aaee74,4f372b4b1775ce545219232c516cc75608b8a113868cd43b21ef399f7704f11b,False,False
pending_final_matrix,duo_env_a31_pending_guard.yaml,13,5.0,0.1,6,30,6,system0,f33d78b116d679c458755cfd43bcbcee8408b3498799e8c71e49205c25aaee74,4f372b4b1775ce545219232c516cc75608b8a113868cd43b21ef399f7704f11b,False,False
stored_verified_matrix,duo_env_a31_stored_guard.yaml,13,5.0,0.1,6,30,7,raw,833d6e21338cc9e4b33f3a1b0036b212053e5302b8fdcb575b3be71be33e7157,3499ecb36911c9e4622ee7d37326e8613cefa9d2782939df0f1dc34c80dd63a4,False,True
stored_verified_matrix,duo_env_a31_stored_guard.yaml,13,5.0,0.1,6,30,7,backstop_only,833d6e21338cc9e4b33f3a1b0036b212053e5302b8fdcb575b3be71be33e7157,3499ecb36911c9e4622ee7d37326e8613cefa9d2782939df0f1dc34c80dd63a4,False,False
stored_verified_matrix,duo_env_a31_stored_guard.yaml,13,5.0,0.1,6,30,7,system0,833d6e21338cc9e4b33f3a1b0036b212053e5302b8fdcb575b3be71be33e7157,3499ecb36911c9e4622ee7d37326e8613cefa9d2782939df0f1dc34c80dd63a4,False,False
pending_final_matrix,duo_env_a31_pending_guard.yaml,13,5.0,0.1,6,30,7,backstop_only,833d6e21338cc9e4b33f3a1b0036b212053e5302b8fdcb575b3be71be33e7157,3499ecb36911c9e4622ee7d37326e8613cefa9d2782939df0f1dc34c80dd63a4,False,False
pending_final_matrix,duo_env_a31_pending_guard.yaml,13,5.0,0.1,6,30,7,system0,833d6e21338cc9e4b33f3a1b0036b212053e5302b8fdcb575b3be71be33e7157,3499ecb36911c9e4622ee7d37326e8613cefa9d2782939df0f1dc34c80dd63a4,False,False
stored_verified_matrix,duo_env_a31_stored_guard.yaml,13,5.0,0.1,6,30,8,raw,9fb2b7625e1f14135277427a1b41e86609ce5b8d6eeaa20d42cca0d949361d4f,c1f448feec2e3ac4bc2c34141db06a0399554260a3dfcd583b8bccb3a590c0ff,False,True
stored_verified_matrix,duo_env_a31_stored_guard.yaml,13,5.0,0.1,6,30,8,backstop_only,9fb2b7625e1f14135277427a1b41e86609ce5b8d6eeaa20d42cca0d949361d4f,c1f448feec2e3ac4bc2c34141db06a0399554260a3dfcd583b8bccb3a590c0ff,False,False
stored_verified_matrix,duo_env_a31_stored_guard.yaml,13,5.0,0.1,6,30,8,system0,9fb2b7625e1f14135277427a1b41e86609ce5b8d6eeaa20d42cca0d949361d4f,c1f448feec2e3ac4bc2c34141db06a0399554260a3dfcd583b8bccb3a590c0ff,False,False
pending_final_matrix,duo_env_a31_pending_guard.yaml,13,5.0,0.1,6,30,8,backstop_only,9fb2b7625e1f14135277427a1b41e86609ce5b8d6eeaa20d42cca0d949361d4f,c1f448feec2e3ac4bc2c34141db06a0399554260a3dfcd583b8bccb3a590c0ff,False,False
pending_final_matrix,duo_env_a31_pending_guard.yaml,13,5.0,0.1,6,30,8,system0,9fb2b7625e1f14135277427a1b41e86609ce5b8d6eeaa20d42cca0d949361d4f,c1f448feec2e3ac4bc2c34141db06a0399554260a3dfcd583b8bccb3a590c0ff,False,False
stored_verified_matrix,duo_env_a31_stored_guard.yaml,13,5.0,0.1,6,30,9,raw,9c5bbae304869b6d96ab76fbfa523155996d051dd24f4ee243e8ffa3f8f3027d,89a77323e9d0c966921865a4f1962cc8177fd67eaf17151e57524b16fe51401c,False,True
stored_verified_matrix,duo_env_a31_stored_guard.yaml,13,5.0,0.1,6,30,9,backstop_only,9c5bbae304869b6d96ab76fbfa523155996d051dd24f4ee243e8ffa3f8f3027d,89a77323e9d0c966921865a4f1962cc8177fd67eaf17151e57524b16fe51401c,False,False
stored_verified_matrix,duo_env_a31_stored_guard.yaml,13,5.0,0.1,6,30,9,system0,9c5bbae304869b6d96ab76fbfa523155996d051dd24f4ee243e8ffa3f8f3027d,89a77323e9d0c966921865a4f1962cc8177fd67eaf17151e57524b16fe51401c,False,False
pending_final_matrix,duo_env_a31_pending_guard.yaml,13,5.0,0.1,6,30,9,backstop_only,9c5bbae304869b6d96ab76fbfa523155996d051dd24f4ee243e8ffa3f8f3027d,89a77323e9d0c966921865a4f1962cc8177fd67eaf17151e57524b16fe51401c,False,False
pending_final_matrix,duo_env_a31_pending_guard.yaml,13,5.0,0.1,6,30,9,system0,9c5bbae304869b6d96ab76fbfa523155996d051dd24f4ee243e8ffa3f8f3027d,89a77323e9d0c966921865a4f1962cc8177fd67eaf17151e57524b16fe51401c,False,False
stored_verified_matrix,duo_env_a31_stored_guard.yaml,13,5.0,0.1,6,30,10,raw,13603ccd9dd766013e154c261afeb207c3cf4366cac39b1b8e8a15615a7c4961,cfff6d3c246dea9fc373cb3f0d4879a62a6c1894832ce9fc40a80d76d6480965,False,True
stored_verified_matrix,duo_env_a31_stored_guard.yaml,13,5.0,0.1,6,30,10,backstop_only,13603ccd9dd766013e154c261afeb207c3cf4366cac39b1b8e8a15615a7c4961,cfff6d3c246dea9fc373cb3f0d4879a62a6c1894832ce9fc40a80d76d6480965,False,False
stored_verified_matrix,duo_env_a31_stored_guard.yaml,13,5.0,0.1,6,30,10,system0,13603ccd9dd766013e154c261afeb207c3cf4366cac39b1b8e8a15615a7c4961,cfff6d3c246dea9fc373cb3f0d4879a62a6c1894832ce9fc40a80d76d6480965,False,False
pending_final_matrix,duo_env_a31_pending_guard.yaml,13,5.0,0.1,6,30,10,backstop_only,13603ccd9dd766013e154c261afeb207c3cf4366cac39b1b8e8a15615a7c4961,cfff6d3c246dea9fc373cb3f0d4879a62a6c1894832ce9fc40a80d76d6480965,False,False
pending_final_matrix,duo_env_a31_pending_guard.yaml,13,5.0,0.1,6,30,10,system0,13603ccd9dd766013e154c261afeb207c3cf4366cac39b1b8e8a15615a7c4961,cfff6d3c246dea9fc373cb3f0d4879a62a6c1894832ce9fc40a80d76d6480965,False,False
stored_verified_matrix,duo_env_a31_stored_guard.yaml,13,5.0,0.1,6,30,11,raw,8663a9f2908f10be7a651feead76006c1d5c9ab1c1d5f8a6a8f3d8cac0a0bd32,e036f3f3091f0221e66e5517e583a7d7ce46daca2ddda113b39b2ea47ccba85f,False,True
stored_verified_matrix,duo_env_a31_stored_guard.yaml,13,5.0,0.1,6,30,11,backstop_only,8663a9f2908f10be7a651feead76006c1d5c9ab1c1d5f8a6a8f3d8cac0a0bd32,e036f3f3091f0221e66e5517e583a7d7ce46daca2ddda113b39b2ea47ccba85f,False,False
stored_verified_matrix,duo_env_a31_stored_guard.yaml,13,5.0,0.1,6,30,11,system0,8663a9f2908f10be7a651feead76006c1d5c9ab1c1d5f8a6a8f3d8cac0a0bd32,e036f3f3091f0221e66e5517e583a7d7ce46daca2ddda113b39b2ea47ccba85f,False,False
pending_final_matrix,duo_env_a31_pending_guard.yaml,13,5.0,0.1,6,30,11,backstop_only,8663a9f2908f10be7a651feead76006c1d5c9ab1c1d5f8a6a8f3d8cac0a0bd32,e036f3f3091f0221e66e5517e583a7d7ce46daca2ddda113b39b2ea47ccba85f,False,False
pending_final_matrix,duo_env_a31_pending_guard.yaml,13,5.0,0.1,6,30,11,system0,8663a9f2908f10be7a651feead76006c1d5c9ab1c1d5f8a6a8f3d8cac0a0bd32,e036f3f3091f0221e66e5517e583a7d7ce46daca2ddda113b39b2ea47ccba85f,False,False
stored_verified_matrix,duo_env_a31_stored_guard.yaml,13,5.0,0.1,6,30,12,raw,77c8df0002ce6a23ad6f5baa075438eef08a0eb7a21d859551b7ff9df8799973,2a8b76595933228a3018200e2d80b792a8711cc0114d4ac1d2b489a65608264a,False,True
stored_verified_matrix,duo_env_a31_stored_guard.yaml,13,5.0,0.1,6,30,12,backstop_only,77c8df0002ce6a23ad6f5baa075438eef08a0eb7a21d859551b7ff9df8799973,2a8b76595933228a3018200e2d80b792a8711cc0114d4ac1d2b489a65608264a,False,False
stored_verified_matrix,duo_env_a31_stored_guard.yaml,13,5.0,0.1,6,30,12,system0,77c8df0002ce6a23ad6f5baa075438eef08a0eb7a21d859551b7ff9df8799973,2a8b76595933228a3018200e2d80b792a8711cc0114d4ac1d2b489a65608264a,False,False
pending_final_matrix,duo_env_a31_pending_guard.yaml,13,5.0,0.1,6,30,12,backstop_only,77c8df0002ce6a23ad6f5baa075438eef08a0eb7a21d859551b7ff9df8799973,2a8b76595933228a3018200e2d80b792a8711cc0114d4ac1d2b489a65608264a,False,False
pending_final_matrix,duo_env_a31_pending_guard.yaml,13,5.0,0.1,6,30,12,system0,77c8df0002ce6a23ad6f5baa075438eef08a0eb7a21d859551b7ff9df8799973,2a8b76595933228a3018200e2d80b792a8711cc0114d4ac1d2b489a65608264a,False,False
stored_verified_matrix,duo_env_a31_stored_guard.yaml,13,5.0,0.1,6,30,13,raw,e21e4f524f3df6e396ce87c7b421d69f3571db84c2ca226ece198e237018ed21,c15c62d2a6fd4a06cfa020152f9d2471d41440a44c031697936b7a0d0137eb0b,False,True
stored_verified_matrix,duo_env_a31_stored_guard.yaml,13,5.0,0.1,6,30,13,backstop_only,e21e4f524f3df6e396ce87c7b421d69f3571db84c2ca226ece198e237018ed21,c15c62d2a6fd4a06cfa020152f9d2471d41440a44c031697936b7a0d0137eb0b,False,False
stored_verified_matrix,duo_env_a31_stored_guard.yaml,13,5.0,0.1,6,30,13,system0,e21e4f524f3df6e396ce87c7b421d69f3571db84c2ca226ece198e237018ed21,c15c62d2a6fd4a06cfa020152f9d2471d41440a44c031697936b7a0d0137eb0b,False,False
pending_final_matrix,duo_env_a31_pending_guard.yaml,13,5.0,0.1,6,30,13,backstop_only,e21e4f524f3df6e396ce87c7b421d69f3571db84c2ca226ece198e237018ed21,c15c62d2a6fd4a06cfa020152f9d2471d41440a44c031697936b7a0d0137eb0b,False,False
pending_final_matrix,duo_env_a31_pending_guard.yaml,13,5.0,0.1,6,30,13,system0,e21e4f524f3df6e396ce87c7b421d69f3571db84c2ca226ece198e237018ed21,c15c62d2a6fd4a06cfa020152f9d2471d41440a44c031697936b7a0d0137eb0b,False,False
stored_verified_matrix,duo_env_a31_stored_guard.yaml,13,5.0,0.1,6,30,14,raw,d4757cba1ecb9a67b2810e3496c302d79c67e0c0179b6cee726fc915b3ec0e62,c321105ed6f9b1657b2808245cdba18a9010f80963151db09680707704b45b4b,False,True
stored_verified_matrix,duo_env_a31_stored_guard.yaml,13,5.0,0.1,6,30,14,backstop_only,d4757cba1ecb9a67b2810e3496c302d79c67e0c0179b6cee726fc915b3ec0e62,c321105ed6f9b1657b2808245cdba18a9010f80963151db09680707704b45b4b,False,False
stored_verified_matrix,duo_env_a31_stored_guard.yaml,13,5.0,0.1,6,30,14,system0,d4757cba1ecb9a67b2810e3496c302d79c67e0c0179b6cee726fc915b3ec0e62,c321105ed6f9b1657b2808245cdba18a9010f80963151db09680707704b45b4b,False,False
pending_final_matrix,duo_env_a31_pending_guard.yaml,13,5.0,0.1,6,30,14,backstop_only,d4757cba1ecb9a67b2810e3496c302d79c67e0c0179b6cee726fc915b3ec0e62,c321105ed6f9b1657b2808245cdba18a9010f80963151db09680707704b45b4b,False,False
pending_final_matrix,duo_env_a31_pending_guard.yaml,13,5.0,0.1,6,30,14,system0,d4757cba1ecb9a67b2810e3496c302d79c67e0c0179b6cee726fc915b3ec0e62,c321105ed6f9b1657b2808245cdba18a9010f80963151db09680707704b45b4b,False,False
stored_verified_matrix,duo_env_a31_stored_guard.yaml,13,5.0,0.1,6,30,15,raw,6509dc3758b6c3de58779fbdf9f4e1c602f0383056e7c66b5d0984cf0f448fab,82502d1172ae2eb9912399c10384337ac2af331ac673e71ae40e7228ea453baa,False,True
stored_verified_matrix,duo_env_a31_stored_guard.yaml,13,5.0,0.1,6,30,15,backstop_only,6509dc3758b6c3de58779fbdf9f4e1c602f0383056e7c66b5d0984cf0f448fab,82502d1172ae2eb9912399c10384337ac2af331ac673e71ae40e7228ea453baa,False,False
stored_verified_matrix,duo_env_a31_stored_guard.yaml,13,5.0,0.1,6,30,15,system0,6509dc3758b6c3de58779fbdf9f4e1c602f0383056e7c66b5d0984cf0f448fab,82502d1172ae2eb9912399c10384337ac2af331ac673e71ae40e7228ea453baa,False,False
pending_final_matrix,duo_env_a31_pending_guard.yaml,13,5.0,0.1,6,30,15,backstop_only,6509dc3758b6c3de58779fbdf9f4e1c602f0383056e7c66b5d0984cf0f448fab,82502d1172ae2eb9912399c10384337ac2af331ac673e71ae40e7228ea453baa,False,False
pending_final_matrix,duo_env_a31_pending_guard.yaml,13,5.0,0.1,6,30,15,system0,6509dc3758b6c3de58779fbdf9f4e1c602f0383056e7c66b5d0984cf0f448fab,82502d1172ae2eb9912399c10384337ac2af331ac673e71ae40e7228ea453baa,False,False
stored_verified_matrix,duo_env_a31_stored_guard.yaml,13,5.0,0.1,6,30,16,raw,3b86fa44843e6313c7c710876cdf164744d760b9da80f0bd0471613df0bd9234,a481feba862ff845608236aa0d8748b265097a197faec7f8ca1bb65e8f7df06a,False,True
stored_verified_matrix,duo_env_a31_stored_guard.yaml,13,5.0,0.1,6,30,16,backstop_only,3b86fa44843e6313c7c710876cdf164744d760b9da80f0bd0471613df0bd9234,a481feba862ff845608236aa0d8748b265097a197faec7f8ca1bb65e8f7df06a,False,False
stored_verified_matrix,duo_env_a31_stored_guard.yaml,13,5.0,0.1,6,30,16,system0,3b86fa44843e6313c7c710876cdf164744d760b9da80f0bd0471613df0bd9234,a481feba862ff845608236aa0d8748b265097a197faec7f8ca1bb65e8f7df06a,False,False
pending_final_matrix,duo_env_a31_pending_guard.yaml,13,5.0,0.1,6,30,16,backstop_only,3b86fa44843e6313c7c710876cdf164744d760b9da80f0bd0471613df0bd9234,a481feba862ff845608236aa0d8748b265097a197faec7f8ca1bb65e8f7df06a,False,False
pending_final_matrix,duo_env_a31_pending_guard.yaml,13,5.0,0.1,6,30,16,system0,3b86fa44843e6313c7c710876cdf164744d760b9da80f0bd0471613df0bd9234,a481feba862ff845608236aa0d8748b265097a197faec7f8ca1bb65e8f7df06a,False,False
stored_verified_matrix,duo_env_a31_stored_guard.yaml,13,5.0,0.1,6,30,17,raw,cddb7021f9dac21368dc1b4bc9d16556256979a4117aa50530bb4a464ec20d4d,6c89479d91194f1c7c6367f62485ce491457df1a2cf33f2374db067337923a9b,False,True
stored_verified_matrix,duo_env_a31_stored_guard.yaml,13,5.0,0.1,6,30,17,backstop_only,cddb7021f9dac21368dc1b4bc9d16556256979a4117aa50530bb4a464ec20d4d,6c89479d91194f1c7c6367f62485ce491457df1a2cf33f2374db067337923a9b,False,True
stored_verified_matrix,duo_env_a31_stored_guard.yaml,13,5.0,0.1,6,30,17,system0,cddb7021f9dac21368dc1b4bc9d16556256979a4117aa50530bb4a464ec20d4d,6c89479d91194f1c7c6367f62485ce491457df1a2cf33f2374db067337923a9b,False,True
pending_final_matrix,duo_env_a31_pending_guard.yaml,13,5.0,0.1,6,30,17,backstop_only,cddb7021f9dac21368dc1b4bc9d16556256979a4117aa50530bb4a464ec20d4d,6c89479d91194f1c7c6367f62485ce491457df1a2cf33f2374db067337923a9b,False,True
pending_final_matrix,duo_env_a31_pending_guard.yaml,13,5.0,0.1,6,30,17,system0,cddb7021f9dac21368dc1b4bc9d16556256979a4117aa50530bb4a464ec20d4d,6c89479d91194f1c7c6367f62485ce491457df1a2cf33f2374db067337923a9b,False,True
stored_verified_matrix,duo_env_a31_stored_guard.yaml,13,5.0,0.1,6,30,18,raw,5cc05bf982004f8db4b1e37fb017c6088daecfcd60e2a53396debe1e532cf05f,d2b11d87a70bee9711c97fa8718afe92a33269473f1d6fc3dd41093e7eb3329d,False,True
stored_verified_matrix,duo_env_a31_stored_guard.yaml,13,5.0,0.1,6,30,18,backstop_only,5cc05bf982004f8db4b1e37fb017c6088daecfcd60e2a53396debe1e532cf05f,d2b11d87a70bee9711c97fa8718afe92a33269473f1d6fc3dd41093e7eb3329d,False,False
stored_verified_matrix,duo_env_a31_stored_guard.yaml,13,5.0,0.1,6,30,18,system0,5cc05bf982004f8db4b1e37fb017c6088daecfcd60e2a53396debe1e532cf05f,d2b11d87a70bee9711c97fa8718afe92a33269473f1d6fc3dd41093e7eb3329d,False,False
pending_final_matrix,duo_env_a31_pending_guard.yaml,13,5.0,0.1,6,30,18,backstop_only,5cc05bf982004f8db4b1e37fb017c6088daecfcd60e2a53396debe1e532cf05f,d2b11d87a70bee9711c97fa8718afe92a33269473f1d6fc3dd41093e7eb3329d,False,False
pending_final_matrix,duo_env_a31_pending_guard.yaml,13,5.0,0.1,6,30,18,system0,5cc05bf982004f8db4b1e37fb017c6088daecfcd60e2a53396debe1e532cf05f,d2b11d87a70bee9711c97fa8718afe92a33269473f1d6fc3dd41093e7eb3329d,False,False
stored_verified_matrix,duo_env_a31_stored_guard.yaml,13,5.0,0.1,6,30,19,raw,98b652fbf5c25ba09d1b571924ac2a0a073bb025bf818b294f6f47ea88147a58,25964dab4c7c9f9d097d7413c9872fbbb1f4b09b4642d6632b6674b9f06def9b,False,True
stored_verified_matrix,duo_env_a31_stored_guard.yaml,13,5.0,0.1,6,30,19,backstop_only,98b652fbf5c25ba09d1b571924ac2a0a073bb025bf818b294f6f47ea88147a58,25964dab4c7c9f9d097d7413c9872fbbb1f4b09b4642d6632b6674b9f06def9b,False,False
stored_verified_matrix,duo_env_a31_stored_guard.yaml,13,5.0,0.1,6,30,19,system0,98b652fbf5c25ba09d1b571924ac2a0a073bb025bf818b294f6f47ea88147a58,25964dab4c7c9f9d097d7413c9872fbbb1f4b09b4642d6632b6674b9f06def9b,False,False
pending_final_matrix,duo_env_a31_pending_guard.yaml,13,5.0,0.1,6,30,19,backstop_only,98b652fbf5c25ba09d1b571924ac2a0a073bb025bf818b294f6f47ea88147a58,25964dab4c7c9f9d097d7413c9872fbbb1f4b09b4642d6632b6674b9f06def9b,False,False
pending_final_matrix,duo_env_a31_pending_guard.yaml,13,5.0,0.1,6,30,19,system0,98b652fbf5c25ba09d1b571924ac2a0a073bb025bf818b294f6f47ea88147a58,25964dab4c7c9f9d097d7413c9872fbbb1f4b09b4642d6632b6674b9f06def9b,False,False
stored_verified_matrix,duo_env_a31_stored_guard.yaml,13,5.0,0.1,6,30,20,raw,3d619baa09bcf481e4bb022ae507447e22ae4f73005e98f5bdf858d2227e2a93,2aceb69ff699bd7d60e093e16e2d58bd12d3ae9a5b2a9b8eaf0d7ff690efa146,False,True
stored_verified_matrix,duo_env_a31_stored_guard.yaml,13,5.0,0.1,6,30,20,backstop_only,3d619baa09bcf481e4bb022ae507447e22ae4f73005e98f5bdf858d2227e2a93,2aceb69ff699bd7d60e093e16e2d58bd12d3ae9a5b2a9b8eaf0d7ff690efa146,False,False
stored_verified_matrix,duo_env_a31_stored_guard.yaml,13,5.0,0.1,6,30,20,system0,3d619baa09bcf481e4bb022ae507447e22ae4f73005e98f5bdf858d2227e2a93,2aceb69ff699bd7d60e093e16e2d58bd12d3ae9a5b2a9b8eaf0d7ff690efa146,False,False
pending_final_matrix,duo_env_a31_pending_guard.yaml,13,5.0,0.1,6,30,20,backstop_only,3d619baa09bcf481e4bb022ae507447e22ae4f73005e98f5bdf858d2227e2a93,2aceb69ff699bd7d60e093e16e2d58bd12d3ae9a5b2a9b8eaf0d7ff690efa146,False,False
pending_final_matrix,duo_env_a31_pending_guard.yaml,13,5.0,0.1,6,30,20,system0,3d619baa09bcf481e4bb022ae507447e22ae4f73005e98f5bdf858d2227e2a93,2aceb69ff699bd7d60e093e16e2d58bd12d3ae9a5b2a9b8eaf0d7ff690efa146,False,False
stored_verified_matrix,duo_env_a31_stored_guard.yaml,13,5.0,0.1,6,30,21,raw,2b7971be8c8a9493a54b02490e43a1c05c479f0f9260584bc5a44e5d0a251e75,ea9240e166c0e8a7dd1627088babe45844799673ff7d23d6cf7b22c3d6746824,False,True
stored_verified_matrix,duo_env_a31_stored_guard.yaml,13,5.0,0.1,6,30,21,backstop_only,2b7971be8c8a9493a54b02490e43a1c05c479f0f9260584bc5a44e5d0a251e75,ea9240e166c0e8a7dd1627088babe45844799673ff7d23d6cf7b22c3d6746824,False,False
stored_verified_matrix,duo_env_a31_stored_guard.yaml,13,5.0,0.1,6,30,21,system0,2b7971be8c8a9493a54b02490e43a1c05c479f0f9260584bc5a44e5d0a251e75,ea9240e166c0e8a7dd1627088babe45844799673ff7d23d6cf7b22c3d6746824,False,False
pending_final_matrix,duo_env_a31_pending_guard.yaml,13,5.0,0.1,6,30,21,backstop_only,2b7971be8c8a9493a54b02490e43a1c05c479f0f9260584bc5a44e5d0a251e75,ea9240e166c0e8a7dd1627088babe45844799673ff7d23d6cf7b22c3d6746824,False,False
pending_final_matrix,duo_env_a31_pending_guard.yaml,13,5.0,0.1,6,30,21,system0,2b7971be8c8a9493a54b02490e43a1c05c479f0f9260584bc5a44e5d0a251e75,ea9240e166c0e8a7dd1627088babe45844799673ff7d23d6cf7b22c3d6746824,False,False
stored_verified_matrix,duo_env_a31_stored_guard.yaml,13,5.0,0.1,6,30,22,raw,dcb02d450e6f228314ffc7833cb6965cc68686f9bdf3502401f2846814c82203,c991e095c2fe3c74388ac40dc4f654b8632640444f080cf83241a75c400f8ba8,False,True
stored_verified_matrix,duo_env_a31_stored_guard.yaml,13,5.0,0.1,6,30,22,backstop_only,dcb02d450e6f228314ffc7833cb6965cc68686f9bdf3502401f2846814c82203,c991e095c2fe3c74388ac40dc4f654b8632640444f080cf83241a75c400f8ba8,False,False
stored_verified_matrix,duo_env_a31_stored_guard.yaml,13,5.0,0.1,6,30,22,system0,dcb02d450e6f228314ffc7833cb6965cc68686f9bdf3502401f2846814c82203,c991e095c2fe3c74388ac40dc4f654b8632640444f080cf83241a75c400f8ba8,False,False
pending_final_matrix,duo_env_a31_pending_guard.yaml,13,5.0,0.1,6,30,22,backstop_only,dcb02d450e6f228314ffc7833cb6965cc68686f9bdf3502401f2846814c82203,c991e095c2fe3c74388ac40dc4f654b8632640444f080cf83241a75c400f8ba8,False,False
pending_final_matrix,duo_env_a31_pending_guard.yaml,13,5.0,0.1,6,30,22,system0,dcb02d450e6f228314ffc7833cb6965cc68686f9bdf3502401f2846814c82203,c991e095c2fe3c74388ac40dc4f654b8632640444f080cf83241a75c400f8ba8,False,False
stored_verified_matrix,duo_env_a31_stored_guard.yaml,13,5.0,0.1,6,30,23,raw,9966f681a44aa74486d10bca2b8c335d53ceea7ba636e500023672999142371e,de92dfd605c57db8fe04f0235a313d2cea5c619527ef02c0c9eb759cd43baa8b,False,True
stored_verified_matrix,duo_env_a31_stored_guard.yaml,13,5.0,0.1,6,30,23,backstop_only,9966f681a44aa74486d10bca2b8c335d53ceea7ba636e500023672999142371e,de92dfd605c57db8fe04f0235a313d2cea5c619527ef02c0c9eb759cd43baa8b,False,False
stored_verified_matrix,duo_env_a31_stored_guard.yaml,13,5.0,0.1,6,30,23,system0,9966f681a44aa74486d10bca2b8c335d53ceea7ba636e500023672999142371e,de92dfd605c57db8fe04f0235a313d2cea5c619527ef02c0c9eb759cd43baa8b,False,False
pending_final_matrix,duo_env_a31_pending_guard.yaml,13,5.0,0.1,6,30,23,backstop_only,9966f681a44aa74486d10bca2b8c335d53ceea7ba636e500023672999142371e,de92dfd605c57db8fe04f0235a313d2cea5c619527ef02c0c9eb759cd43baa8b,False,False
pending_final_matrix,duo_env_a31_pending_guard.yaml,13,5.0,0.1,6,30,23,system0,9966f681a44aa74486d10bca2b8c335d53ceea7ba636e500023672999142371e,de92dfd605c57db8fe04f0235a313d2cea5c619527ef02c0c9eb759cd43baa8b,False,False
stored_verified_matrix,duo_env_a31_stored_guard.yaml,13,5.0,0.1,6,30,24,raw,732d33e12275d1078685317b89f0cf03f8c18074f5de2ea893f3cbc58a8f4a7f,9a4747d8256c1d1e7511b01a5ea5e211afb60bad03b91aaf72d0acf9839bbb51,False,True
stored_verified_matrix,duo_env_a31_stored_guard.yaml,13,5.0,0.1,6,30,24,backstop_only,732d33e12275d1078685317b89f0cf03f8c18074f5de2ea893f3cbc58a8f4a7f,9a4747d8256c1d1e7511b01a5ea5e211afb60bad03b91aaf72d0acf9839bbb51,False,False
stored_verified_matrix,duo_env_a31_stored_guard.yaml,13,5.0,0.1,6,30,24,system0,732d33e12275d1078685317b89f0cf03f8c18074f5de2ea893f3cbc58a8f4a7f,9a4747d8256c1d1e7511b01a5ea5e211afb60bad03b91aaf72d0acf9839bbb51,False,False
pending_final_matrix,duo_env_a31_pending_guard.yaml,13,5.0,0.1,6,30,24,backstop_only,732d33e12275d1078685317b89f0cf03f8c18074f5de2ea893f3cbc58a8f4a7f,9a4747d8256c1d1e7511b01a5ea5e211afb60bad03b91aaf72d0acf9839bbb51,False,False
pending_final_matrix,duo_env_a31_pending_guard.yaml,13,5.0,0.1,6,30,24,system0,732d33e12275d1078685317b89f0cf03f8c18074f5de2ea893f3cbc58a8f4a7f,9a4747d8256c1d1e7511b01a5ea5e211afb60bad03b91aaf72d0acf9839bbb51,False,False
stored_verified_matrix,duo_env_a31_stored_guard.yaml,13,5.0,0.1,6,30,25,raw,861960b75490844eeacc3f05d4b1b2a07667f3d091bcaf45d459029559d22f09,7e17a273890fdd06ee47743dbd4fdf9be26538e2aece6122366a4d91debdbb30,False,True
stored_verified_matrix,duo_env_a31_stored_guard.yaml,13,5.0,0.1,6,30,25,backstop_only,861960b75490844eeacc3f05d4b1b2a07667f3d091bcaf45d459029559d22f09,7e17a273890fdd06ee47743dbd4fdf9be26538e2aece6122366a4d91debdbb30,False,False
stored_verified_matrix,duo_env_a31_stored_guard.yaml,13,5.0,0.1,6,30,25,system0,861960b75490844eeacc3f05d4b1b2a07667f3d091bcaf45d459029559d22f09,7e17a273890fdd06ee47743dbd4fdf9be26538e2aece6122366a4d91debdbb30,False,False
pending_final_matrix,duo_env_a31_pending_guard.yaml,13,5.0,0.1,6,30,25,backstop_only,861960b75490844eeacc3f05d4b1b2a07667f3d091bcaf45d459029559d22f09,7e17a273890fdd06ee47743dbd4fdf9be26538e2aece6122366a4d91debdbb30,False,False
pending_final_matrix,duo_env_a31_pending_guard.yaml,13,5.0,0.1,6,30,25,system0,861960b75490844eeacc3f05d4b1b2a07667f3d091bcaf45d459029559d22f09,7e17a273890fdd06ee47743dbd4fdf9be26538e2aece6122366a4d91debdbb30,False,False
stored_verified_matrix,duo_env_a31_stored_guard.yaml,13,5.0,0.1,6,30,26,raw,26a08a053b737ea225c7a915f24ffe976c27af67b6a3bbc7323b7789fffc45d8,9e6bc44dc6c8818d712488f8de32fbe878fb2822d0c396fdfdade29d60368dea,False,True
stored_verified_matrix,duo_env_a31_stored_guard.yaml,13,5.0,0.1,6,30,26,backstop_only,26a08a053b737ea225c7a915f24ffe976c27af67b6a3bbc7323b7789fffc45d8,9e6bc44dc6c8818d712488f8de32fbe878fb2822d0c396fdfdade29d60368dea,False,False
stored_verified_matrix,duo_env_a31_stored_guard.yaml,13,5.0,0.1,6,30,26,system0,26a08a053b737ea225c7a915f24ffe976c27af67b6a3bbc7323b7789fffc45d8,9e6bc44dc6c8818d712488f8de32fbe878fb2822d0c396fdfdade29d60368dea,False,False
pending_final_matrix,duo_env_a31_pending_guard.yaml,13,5.0,0.1,6,30,26,backstop_only,26a08a053b737ea225c7a915f24ffe976c27af67b6a3bbc7323b7789fffc45d8,9e6bc44dc6c8818d712488f8de32fbe878fb2822d0c396fdfdade29d60368dea,False,False
pending_final_matrix,duo_env_a31_pending_guard.yaml,13,5.0,0.1,6,30,26,system0,26a08a053b737ea225c7a915f24ffe976c27af67b6a3bbc7323b7789fffc45d8,9e6bc44dc6c8818d712488f8de32fbe878fb2822d0c396fdfdade29d60368dea,False,False
stored_verified_matrix,duo_env_a31_stored_guard.yaml,13,5.0,0.1,6,30,27,raw,6d5f6d22a3c7efafcb298519b947760d3ffcda7f6ffa101f7985ed20947a02f3,e7bf109b0845b3f3adcb4b0cb16ab4698bf521bf5db0d20148ec724d859be461,False,False
stored_verified_matrix,duo_env_a31_stored_guard.yaml,13,5.0,0.1,6,30,27,backstop_only,6d5f6d22a3c7efafcb298519b947760d3ffcda7f6ffa101f7985ed20947a02f3,e7bf109b0845b3f3adcb4b0cb16ab4698bf521bf5db0d20148ec724d859be461,False,False
stored_verified_matrix,duo_env_a31_stored_guard.yaml,13,5.0,0.1,6,30,27,system0,6d5f6d22a3c7efafcb298519b947760d3ffcda7f6ffa101f7985ed20947a02f3,e7bf109b0845b3f3adcb4b0cb16ab4698bf521bf5db0d20148ec724d859be461,False,False
pending_final_matrix,duo_env_a31_pending_guard.yaml,13,5.0,0.1,6,30,27,backstop_only,6d5f6d22a3c7efafcb298519b947760d3ffcda7f6ffa101f7985ed20947a02f3,e7bf109b0845b3f3adcb4b0cb16ab4698bf521bf5db0d20148ec724d859be461,False,False
pending_final_matrix,duo_env_a31_pending_guard.yaml,13,5.0,0.1,6,30,27,system0,6d5f6d22a3c7efafcb298519b947760d3ffcda7f6ffa101f7985ed20947a02f3,e7bf109b0845b3f3adcb4b0cb16ab4698bf521bf5db0d20148ec724d859be461,False,False
stored_verified_matrix,duo_env_a31_stored_guard.yaml,13,5.0,0.1,6,30,28,raw,f8a0c1ba47339b15ebf3457c5d3b2a7c6a72b5a1304b5e5597a358800958b3e2,52beeedbd7b6e8590318c9d4033dbe1562bb88bc18341f41e06edc502f78ae2b,False,True
stored_verified_matrix,duo_env_a31_stored_guard.yaml,13,5.0,0.1,6,30,28,backstop_only,f8a0c1ba47339b15ebf3457c5d3b2a7c6a72b5a1304b5e5597a358800958b3e2,52beeedbd7b6e8590318c9d4033dbe1562bb88bc18341f41e06edc502f78ae2b,False,False
stored_verified_matrix,duo_env_a31_stored_guard.yaml,13,5.0,0.1,6,30,28,system0,f8a0c1ba47339b15ebf3457c5d3b2a7c6a72b5a1304b5e5597a358800958b3e2,52beeedbd7b6e8590318c9d4033dbe1562bb88bc18341f41e06edc502f78ae2b,False,False
pending_final_matrix,duo_env_a31_pending_guard.yaml,13,5.0,0.1,6,30,28,backstop_only,f8a0c1ba47339b15ebf3457c5d3b2a7c6a72b5a1304b5e5597a358800958b3e2,52beeedbd7b6e8590318c9d4033dbe1562bb88bc18341f41e06edc502f78ae2b,False,False
pending_final_matrix,duo_env_a31_pending_guard.yaml,13,5.0,0.1,6,30,28,system0,f8a0c1ba47339b15ebf3457c5d3b2a7c6a72b5a1304b5e5597a358800958b3e2,52beeedbd7b6e8590318c9d4033dbe1562bb88bc18341f41e06edc502f78ae2b,False,False
stored_verified_matrix,duo_env_a31_stored_guard.yaml,13,5.0,0.1,6,30,29,raw,616832b88d295ce476a8b8a4ad0083e07e5dd5f2aa5d98a75cee82f6305cee72,d8c521011b09e366c508af775c75b93e00c151acc36a59d8cdbe14428279a260,False,True
stored_verified_matrix,duo_env_a31_stored_guard.yaml,13,5.0,0.1,6,30,29,backstop_only,616832b88d295ce476a8b8a4ad0083e07e5dd5f2aa5d98a75cee82f6305cee72,d8c521011b09e366c508af775c75b93e00c151acc36a59d8cdbe14428279a260,False,False
stored_verified_matrix,duo_env_a31_stored_guard.yaml,13,5.0,0.1,6,30,29,system0,616832b88d295ce476a8b8a4ad0083e07e5dd5f2aa5d98a75cee82f6305cee72,d8c521011b09e366c508af775c75b93e00c151acc36a59d8cdbe14428279a260,False,False
pending_final_matrix,duo_env_a31_pending_guard.yaml,13,5.0,0.1,6,30,29,backstop_only,616832b88d295ce476a8b8a4ad0083e07e5dd5f2aa5d98a75cee82f6305cee72,d8c521011b09e366c508af775c75b93e00c151acc36a59d8cdbe14428279a260,False,False
pending_final_matrix,duo_env_a31_pending_guard.yaml,13,5.0,0.1,6,30,29,system0,616832b88d295ce476a8b8a4ad0083e07e5dd5f2aa5d98a75cee82f6305cee72,d8c521011b09e366c508af775c75b93e00c151acc36a59d8cdbe14428279a260,False,False
stored_verified_matrix,duo_env_a31_stored_guard.yaml,13,5.0,0.1,6,30,30,raw,7ace937ba93d606080cf4e71272850839f52963af32dbb44a1ae2da24a762a6d,ba7814ee59915b70a4e14346fd28ad59e978df94698c368a6a1e46d3b14be6e9,False,True
stored_verified_matrix,duo_env_a31_stored_guard.yaml,13,5.0,0.1,6,30,30,backstop_only,7ace937ba93d606080cf4e71272850839f52963af32dbb44a1ae2da24a762a6d,ba7814ee59915b70a4e14346fd28ad59e978df94698c368a6a1e46d3b14be6e9,False,False
stored_verified_matrix,duo_env_a31_stored_guard.yaml,13,5.0,0.1,6,30,30,system0,7ace937ba93d606080cf4e71272850839f52963af32dbb44a1ae2da24a762a6d,ba7814ee59915b70a4e14346fd28ad59e978df94698c368a6a1e46d3b14be6e9,False,False
pending_final_matrix,duo_env_a31_pending_guard.yaml,13,5.0,0.1,6,30,30,backstop_only,7ace937ba93d606080cf4e71272850839f52963af32dbb44a1ae2da24a762a6d,ba7814ee59915b70a4e14346fd28ad59e978df94698c368a6a1e46d3b14be6e9,False,False
pending_final_matrix,duo_env_a31_pending_guard.yaml,13,5.0,0.1,6,30,30,system0,7ace937ba93d606080cf4e71272850839f52963af32dbb44a1ae2da24a762a6d,ba7814ee59915b70a4e14346fd28ad59e978df94698c368a6a1e46d3b14be6e9,False,False
stored_verified_matrix,duo_env_a31_stored_guard.yaml,13,5.0,0.1,6,30,31,raw,177625eb8ebd4894f94902d12d6b27dd175c81503ecf4d4abda7df8f57aaba08,959a654533e585c70804da66c43ec4db48670bfb8320f80a31f62e783cbd0242,False,True
stored_verified_matrix,duo_env_a31_stored_guard.yaml,13,5.0,0.1,6,30,31,backstop_only,177625eb8ebd4894f94902d12d6b27dd175c81503ecf4d4abda7df8f57aaba08,959a654533e585c70804da66c43ec4db48670bfb8320f80a31f62e783cbd0242,False,False
stored_verified_matrix,duo_env_a31_stored_guard.yaml,13,5.0,0.1,6,30,31,system0,177625eb8ebd4894f94902d12d6b27dd175c81503ecf4d4abda7df8f57aaba08,959a654533e585c70804da66c43ec4db48670bfb8320f80a31f62e783cbd0242,False,False
pending_final_matrix,duo_env_a31_pending_guard.yaml,13,5.0,0.1,6,30,31,backstop_only,177625eb8ebd4894f94902d12d6b27dd175c81503ecf4d4abda7df8f57aaba08,959a654533e585c70804da66c43ec4db48670bfb8320f80a31f62e783cbd0242,False,False
pending_final_matrix,duo_env_a31_pending_guard.yaml,13,5.0,0.1,6,30,31,system0,177625eb8ebd4894f94902d12d6b27dd175c81503ecf4d4abda7df8f57aaba08,959a654533e585c70804da66c43ec4db48670bfb8320f80a31f62e783cbd0242,False,False
stored_verified_matrix,duo_env_a31_stored_guard.yaml,13,5.0,0.3,0,30,0,raw,2e0baf9b4ed1d8f54992a5f06f8dde49b1a528d69fe1bf99c19864589a641080,7cd99b952bf5efe998d6f2c25b9745f9d9b89cb259f0e894eea6ba2a49059238,False,True
stored_verified_matrix,duo_env_a31_stored_guard.yaml,13,5.0,0.3,0,30,0,backstop_only,2e0baf9b4ed1d8f54992a5f06f8dde49b1a528d69fe1bf99c19864589a641080,7cd99b952bf5efe998d6f2c25b9745f9d9b89cb259f0e894eea6ba2a49059238,False,False
stored_verified_matrix,duo_env_a31_stored_guard.yaml,13,5.0,0.3,0,30,0,system0,2e0baf9b4ed1d8f54992a5f06f8dde49b1a528d69fe1bf99c19864589a641080,7cd99b952bf5efe998d6f2c25b9745f9d9b89cb259f0e894eea6ba2a49059238,False,False
pending_final_matrix,duo_env_a31_pending_guard.yaml,13,5.0,0.3,0,30,0,backstop_only,2e0baf9b4ed1d8f54992a5f06f8dde49b1a528d69fe1bf99c19864589a641080,7cd99b952bf5efe998d6f2c25b9745f9d9b89cb259f0e894eea6ba2a49059238,False,False
pending_final_matrix,duo_env_a31_pending_guard.yaml,13,5.0,0.3,0,30,0,system0,2e0baf9b4ed1d8f54992a5f06f8dde49b1a528d69fe1bf99c19864589a641080,7cd99b952bf5efe998d6f2c25b9745f9d9b89cb259f0e894eea6ba2a49059238,False,False
stored_verified_matrix,duo_env_a31_stored_guard.yaml,13,5.0,0.3,0,30,1,raw,6d412d9858f6f618997446b47c65ab20a918ee7a79ef3cd45174402b0c1445c5,62c8772c3a7bb7c38c2e0be21c9c119afd21ba9a72ef51f4ac63dfc00563e268,False,True
stored_verified_matrix,duo_env_a31_stored_guard.yaml,13,5.0,0.3,0,30,1,backstop_only,6d412d9858f6f618997446b47c65ab20a918ee7a79ef3cd45174402b0c1445c5,62c8772c3a7bb7c38c2e0be21c9c119afd21ba9a72ef51f4ac63dfc00563e268,False,False
stored_verified_matrix,duo_env_a31_stored_guard.yaml,13,5.0,0.3,0,30,1,system0,6d412d9858f6f618997446b47c65ab20a918ee7a79ef3cd45174402b0c1445c5,62c8772c3a7bb7c38c2e0be21c9c119afd21ba9a72ef51f4ac63dfc00563e268,False,False
pending_final_matrix,duo_env_a31_pending_guard.yaml,13,5.0,0.3,0,30,1,backstop_only,6d412d9858f6f618997446b47c65ab20a918ee7a79ef3cd45174402b0c1445c5,62c8772c3a7bb7c38c2e0be21c9c119afd21ba9a72ef51f4ac63dfc00563e268,False,False
pending_final_matrix,duo_env_a31_pending_guard.yaml,13,5.0,0.3,0,30,1,system0,6d412d9858f6f618997446b47c65ab20a918ee7a79ef3cd45174402b0c1445c5,62c8772c3a7bb7c38c2e0be21c9c119afd21ba9a72ef51f4ac63dfc00563e268,False,False
stored_verified_matrix,duo_env_a31_stored_guard.yaml,13,5.0,0.3,0,30,2,raw,d8b186e49d8d5c45697e75dce5fc960216f1fef106ca13908ec5a8aa8850581a,226c4e58bc96d1915abcce0085fba37d1f5b114688dd79b5df279c774c050783,False,True
stored_verified_matrix,duo_env_a31_stored_guard.yaml,13,5.0,0.3,0,30,2,backstop_only,d8b186e49d8d5c45697e75dce5fc960216f1fef106ca13908ec5a8aa8850581a,226c4e58bc96d1915abcce0085fba37d1f5b114688dd79b5df279c774c050783,False,False
stored_verified_matrix,duo_env_a31_stored_guard.yaml,13,5.0,0.3,0,30,2,system0,d8b186e49d8d5c45697e75dce5fc960216f1fef106ca13908ec5a8aa8850581a,226c4e58bc96d1915abcce0085fba37d1f5b114688dd79b5df279c774c050783,False,False
pending_final_matrix,duo_env_a31_pending_guard.yaml,13,5.0,0.3,0,30,2,backstop_only,d8b186e49d8d5c45697e75dce5fc960216f1fef106ca13908ec5a8aa8850581a,226c4e58bc96d1915abcce0085fba37d1f5b114688dd79b5df279c774c050783,False,False
pending_final_matrix,duo_env_a31_pending_guard.yaml,13,5.0,0.3,0,30,2,system0,d8b186e49d8d5c45697e75dce5fc960216f1fef106ca13908ec5a8aa8850581a,226c4e58bc96d1915abcce0085fba37d1f5b114688dd79b5df279c774c050783,False,False
stored_verified_matrix,duo_env_a31_stored_guard.yaml,13,5.0,0.3,0,30,3,raw,c55ba91bcf2fc0f4f38c725147c0b7577aefb4ee8ff6e35404f4bb6d955dce6f,0bcaa060760418aab6ea1c0b5c8725a089bf39cfd6dd56199335b6c2b1bb74e7,False,False
stored_verified_matrix,duo_env_a31_stored_guard.yaml,13,5.0,0.3,0,30,3,backstop_only,c55ba91bcf2fc0f4f38c725147c0b7577aefb4ee8ff6e35404f4bb6d955dce6f,0bcaa060760418aab6ea1c0b5c8725a089bf39cfd6dd56199335b6c2b1bb74e7,False,False
stored_verified_matrix,duo_env_a31_stored_guard.yaml,13,5.0,0.3,0,30,3,system0,c55ba91bcf2fc0f4f38c725147c0b7577aefb4ee8ff6e35404f4bb6d955dce6f,0bcaa060760418aab6ea1c0b5c8725a089bf39cfd6dd56199335b6c2b1bb74e7,False,False
pending_final_matrix,duo_env_a31_pending_guard.yaml,13,5.0,0.3,0,30,3,backstop_only,c55ba91bcf2fc0f4f38c725147c0b7577aefb4ee8ff6e35404f4bb6d955dce6f,0bcaa060760418aab6ea1c0b5c8725a089bf39cfd6dd56199335b6c2b1bb74e7,False,False
pending_final_matrix,duo_env_a31_pending_guard.yaml,13,5.0,0.3,0,30,3,system0,c55ba91bcf2fc0f4f38c725147c0b7577aefb4ee8ff6e35404f4bb6d955dce6f,0bcaa060760418aab6ea1c0b5c8725a089bf39cfd6dd56199335b6c2b1bb74e7,False,False
stored_verified_matrix,duo_env_a31_stored_guard.yaml,13,5.0,0.3,0,30,4,raw,2d6e14ee39c90e46ec3e1d390ea2728c1975d5e0dc6fd32e0e92cba89db39f4d,8c6728e22a857b8929813f55eeeb90e07fa0999ecf90e52a7c60bf5811d8591a,False,True
stored_verified_matrix,duo_env_a31_stored_guard.yaml,13,5.0,0.3,0,30,4,backstop_only,2d6e14ee39c90e46ec3e1d390ea2728c1975d5e0dc6fd32e0e92cba89db39f4d,8c6728e22a857b8929813f55eeeb90e07fa0999ecf90e52a7c60bf5811d8591a,False,False
stored_verified_matrix,duo_env_a31_stored_guard.yaml,13,5.0,0.3,0,30,4,system0,2d6e14ee39c90e46ec3e1d390ea2728c1975d5e0dc6fd32e0e92cba89db39f4d,8c6728e22a857b8929813f55eeeb90e07fa0999ecf90e52a7c60bf5811d8591a,False,False
pending_final_matrix,duo_env_a31_pending_guard.yaml,13,5.0,0.3,0,30,4,backstop_only,2d6e14ee39c90e46ec3e1d390ea2728c1975d5e0dc6fd32e0e92cba89db39f4d,8c6728e22a857b8929813f55eeeb90e07fa0999ecf90e52a7c60bf5811d8591a,False,False
pending_final_matrix,duo_env_a31_pending_guard.yaml,13,5.0,0.3,0,30,4,system0,2d6e14ee39c90e46ec3e1d390ea2728c1975d5e0dc6fd32e0e92cba89db39f4d,8c6728e22a857b8929813f55eeeb90e07fa0999ecf90e52a7c60bf5811d8591a,False,False
stored_verified_matrix,duo_env_a31_stored_guard.yaml,13,5.0,0.3,0,30,5,raw,7339138a96794f63ef511b0b64d947dc17844d9cc219c7bd440d695218913821,9d3093665d7b272a3a3db17aa2f99de349e0cbd6494e0850c5f6878ae2269b0e,False,True
stored_verified_matrix,duo_env_a31_stored_guard.yaml,13,5.0,0.3,0,30,5,backstop_only,7339138a96794f63ef511b0b64d947dc17844d9cc219c7bd440d695218913821,9d3093665d7b272a3a3db17aa2f99de349e0cbd6494e0850c5f6878ae2269b0e,False,False
stored_verified_matrix,duo_env_a31_stored_guard.yaml,13,5.0,0.3,0,30,5,system0,7339138a96794f63ef511b0b64d947dc17844d9cc219c7bd440d695218913821,9d3093665d7b272a3a3db17aa2f99de349e0cbd6494e0850c5f6878ae2269b0e,False,False
pending_final_matrix,duo_env_a31_pending_guard.yaml,13,5.0,0.3,0,30,5,backstop_only,7339138a96794f63ef511b0b64d947dc17844d9cc219c7bd440d695218913821,9d3093665d7b272a3a3db17aa2f99de349e0cbd6494e0850c5f6878ae2269b0e,False,False
pending_final_matrix,duo_env_a31_pending_guard.yaml,13,5.0,0.3,0,30,5,system0,7339138a96794f63ef511b0b64d947dc17844d9cc219c7bd440d695218913821,9d3093665d7b272a3a3db17aa2f99de349e0cbd6494e0850c5f6878ae2269b0e,False,False
stored_verified_matrix,duo_env_a31_stored_guard.yaml,13,5.0,0.3,0,30,6,raw,f02a14d8c1d4e40476b1e1eaac5d45b51c523775b1f9280ff6f8f9de590d79f5,4f372b4b1775ce545219232c516cc75608b8a113868cd43b21ef399f7704f11b,False,True
stored_verified_matrix,duo_env_a31_stored_guard.yaml,13,5.0,0.3,0,30,6,backstop_only,f02a14d8c1d4e40476b1e1eaac5d45b51c523775b1f9280ff6f8f9de590d79f5,4f372b4b1775ce545219232c516cc75608b8a113868cd43b21ef399f7704f11b,False,False
stored_verified_matrix,duo_env_a31_stored_guard.yaml,13,5.0,0.3,0,30,6,system0,f02a14d8c1d4e40476b1e1eaac5d45b51c523775b1f9280ff6f8f9de590d79f5,4f372b4b1775ce545219232c516cc75608b8a113868cd43b21ef399f7704f11b,False,False
pending_final_matrix,duo_env_a31_pending_guard.yaml,13,5.0,0.3,0,30,6,backstop_only,f02a14d8c1d4e40476b1e1eaac5d45b51c523775b1f9280ff6f8f9de590d79f5,4f372b4b1775ce545219232c516cc75608b8a113868cd43b21ef399f7704f11b,False,False
pending_final_matrix,duo_env_a31_pending_guard.yaml,13,5.0,0.3,0,30,6,system0,f02a14d8c1d4e40476b1e1eaac5d45b51c523775b1f9280ff6f8f9de590d79f5,4f372b4b1775ce545219232c516cc75608b8a113868cd43b21ef399f7704f11b,False,False
stored_verified_matrix,duo_env_a31_stored_guard.yaml,13,5.0,0.3,0,30,7,raw,f2d00c8ca89e5a2620ec4f7bb551f4b10947233dfb25b31507ed6e1f0bac3726,3499ecb36911c9e4622ee7d37326e8613cefa9d2782939df0f1dc34c80dd63a4,False,True
stored_verified_matrix,duo_env_a31_stored_guard.yaml,13,5.0,0.3,0,30,7,backstop_only,f2d00c8ca89e5a2620ec4f7bb551f4b10947233dfb25b31507ed6e1f0bac3726,3499ecb36911c9e4622ee7d37326e8613cefa9d2782939df0f1dc34c80dd63a4,False,False
stored_verified_matrix,duo_env_a31_stored_guard.yaml,13,5.0,0.3,0,30,7,system0,f2d00c8ca89e5a2620ec4f7bb551f4b10947233dfb25b31507ed6e1f0bac3726,3499ecb36911c9e4622ee7d37326e8613cefa9d2782939df0f1dc34c80dd63a4,False,False
pending_final_matrix,duo_env_a31_pending_guard.yaml,13,5.0,0.3,0,30,7,backstop_only,f2d00c8ca89e5a2620ec4f7bb551f4b10947233dfb25b31507ed6e1f0bac3726,3499ecb36911c9e4622ee7d37326e8613cefa9d2782939df0f1dc34c80dd63a4,False,False
pending_final_matrix,duo_env_a31_pending_guard.yaml,13,5.0,0.3,0,30,7,system0,f2d00c8ca89e5a2620ec4f7bb551f4b10947233dfb25b31507ed6e1f0bac3726,3499ecb36911c9e4622ee7d37326e8613cefa9d2782939df0f1dc34c80dd63a4,False,False
stored_verified_matrix,duo_env_a31_stored_guard.yaml,13,5.0,0.3,0,30,8,raw,2ee40d4d0dfd8d59a69b1f6a976025e461250fbd0ebc1596e92de88011365505,c1f448feec2e3ac4bc2c34141db06a0399554260a3dfcd583b8bccb3a590c0ff,False,True
stored_verified_matrix,duo_env_a31_stored_guard.yaml,13,5.0,0.3,0,30,8,backstop_only,2ee40d4d0dfd8d59a69b1f6a976025e461250fbd0ebc1596e92de88011365505,c1f448feec2e3ac4bc2c34141db06a0399554260a3dfcd583b8bccb3a590c0ff,False,False
stored_verified_matrix,duo_env_a31_stored_guard.yaml,13,5.0,0.3,0,30,8,system0,2ee40d4d0dfd8d59a69b1f6a976025e461250fbd0ebc1596e92de88011365505,c1f448feec2e3ac4bc2c34141db06a0399554260a3dfcd583b8bccb3a590c0ff,False,False
pending_final_matrix,duo_env_a31_pending_guard.yaml,13,5.0,0.3,0,30,8,backstop_only,2ee40d4d0dfd8d59a69b1f6a976025e461250fbd0ebc1596e92de88011365505,c1f448feec2e3ac4bc2c34141db06a0399554260a3dfcd583b8bccb3a590c0ff,False,False
pending_final_matrix,duo_env_a31_pending_guard.yaml,13,5.0,0.3,0,30,8,system0,2ee40d4d0dfd8d59a69b1f6a976025e461250fbd0ebc1596e92de88011365505,c1f448feec2e3ac4bc2c34141db06a0399554260a3dfcd583b8bccb3a590c0ff,False,False
stored_verified_matrix,duo_env_a31_stored_guard.yaml,13,5.0,0.3,0,30,9,raw,bbb568acc0de1368856eed1715af2c6d3761a12dd631f6f6329752879a149f14,89a77323e9d0c966921865a4f1962cc8177fd67eaf17151e57524b16fe51401c,False,False
stored_verified_matrix,duo_env_a31_stored_guard.yaml,13,5.0,0.3,0,30,9,backstop_only,bbb568acc0de1368856eed1715af2c6d3761a12dd631f6f6329752879a149f14,89a77323e9d0c966921865a4f1962cc8177fd67eaf17151e57524b16fe51401c,False,False
stored_verified_matrix,duo_env_a31_stored_guard.yaml,13,5.0,0.3,0,30,9,system0,bbb568acc0de1368856eed1715af2c6d3761a12dd631f6f6329752879a149f14,89a77323e9d0c966921865a4f1962cc8177fd67eaf17151e57524b16fe51401c,False,False
pending_final_matrix,duo_env_a31_pending_guard.yaml,13,5.0,0.3,0,30,9,backstop_only,bbb568acc0de1368856eed1715af2c6d3761a12dd631f6f6329752879a149f14,89a77323e9d0c966921865a4f1962cc8177fd67eaf17151e57524b16fe51401c,False,False
pending_final_matrix,duo_env_a31_pending_guard.yaml,13,5.0,0.3,0,30,9,system0,bbb568acc0de1368856eed1715af2c6d3761a12dd631f6f6329752879a149f14,89a77323e9d0c966921865a4f1962cc8177fd67eaf17151e57524b16fe51401c,False,False
stored_verified_matrix,duo_env_a31_stored_guard.yaml,13,5.0,0.3,0,30,10,raw,13d7c3690360feced779773dbde5d3996ee8ec4c7c62d4549272ff074db1a5fe,cfff6d3c246dea9fc373cb3f0d4879a62a6c1894832ce9fc40a80d76d6480965,False,True
stored_verified_matrix,duo_env_a31_stored_guard.yaml,13,5.0,0.3,0,30,10,backstop_only,13d7c3690360feced779773dbde5d3996ee8ec4c7c62d4549272ff074db1a5fe,cfff6d3c246dea9fc373cb3f0d4879a62a6c1894832ce9fc40a80d76d6480965,False,False
stored_verified_matrix,duo_env_a31_stored_guard.yaml,13,5.0,0.3,0,30,10,system0,13d7c3690360feced779773dbde5d3996ee8ec4c7c62d4549272ff074db1a5fe,cfff6d3c246dea9fc373cb3f0d4879a62a6c1894832ce9fc40a80d76d6480965,False,False
pending_final_matrix,duo_env_a31_pending_guard.yaml,13,5.0,0.3,0,30,10,backstop_only,13d7c3690360feced779773dbde5d3996ee8ec4c7c62d4549272ff074db1a5fe,cfff6d3c246dea9fc373cb3f0d4879a62a6c1894832ce9fc40a80d76d6480965,False,False
pending_final_matrix,duo_env_a31_pending_guard.yaml,13,5.0,0.3,0,30,10,system0,13d7c3690360feced779773dbde5d3996ee8ec4c7c62d4549272ff074db1a5fe,cfff6d3c246dea9fc373cb3f0d4879a62a6c1894832ce9fc40a80d76d6480965,False,False
stored_verified_matrix,duo_env_a31_stored_guard.yaml,13,5.0,0.3,0,30,11,raw,53a7f0bab479d20091a248324bdd3db5d68183b13bca1ad07be2061f250d570a,e036f3f3091f0221e66e5517e583a7d7ce46daca2ddda113b39b2ea47ccba85f,False,True
stored_verified_matrix,duo_env_a31_stored_guard.yaml,13,5.0,0.3,0,30,11,backstop_only,53a7f0bab479d20091a248324bdd3db5d68183b13bca1ad07be2061f250d570a,e036f3f3091f0221e66e5517e583a7d7ce46daca2ddda113b39b2ea47ccba85f,False,False
stored_verified_matrix,duo_env_a31_stored_guard.yaml,13,5.0,0.3,0,30,11,system0,53a7f0bab479d20091a248324bdd3db5d68183b13bca1ad07be2061f250d570a,e036f3f3091f0221e66e5517e583a7d7ce46daca2ddda113b39b2ea47ccba85f,False,False
pending_final_matrix,duo_env_a31_pending_guard.yaml,13,5.0,0.3,0,30,11,backstop_only,53a7f0bab479d20091a248324bdd3db5d68183b13bca1ad07be2061f250d570a,e036f3f3091f0221e66e5517e583a7d7ce46daca2ddda113b39b2ea47ccba85f,False,False
pending_final_matrix,duo_env_a31_pending_guard.yaml,13,5.0,0.3,0,30,11,system0,53a7f0bab479d20091a248324bdd3db5d68183b13bca1ad07be2061f250d570a,e036f3f3091f0221e66e5517e583a7d7ce46daca2ddda113b39b2ea47ccba85f,False,False
stored_verified_matrix,duo_env_a31_stored_guard.yaml,13,5.0,0.3,0,30,12,raw,7bc5a65c90de9ae3bf9de566cd1eeaa5991ad2caf3c123d001ba488ba60ecf94,2a8b76595933228a3018200e2d80b792a8711cc0114d4ac1d2b489a65608264a,False,True
stored_verified_matrix,duo_env_a31_stored_guard.yaml,13,5.0,0.3,0,30,12,backstop_only,7bc5a65c90de9ae3bf9de566cd1eeaa5991ad2caf3c123d001ba488ba60ecf94,2a8b76595933228a3018200e2d80b792a8711cc0114d4ac1d2b489a65608264a,False,False
stored_verified_matrix,duo_env_a31_stored_guard.yaml,13,5.0,0.3,0,30,12,system0,7bc5a65c90de9ae3bf9de566cd1eeaa5991ad2caf3c123d001ba488ba60ecf94,2a8b76595933228a3018200e2d80b792a8711cc0114d4ac1d2b489a65608264a,False,False
pending_final_matrix,duo_env_a31_pending_guard.yaml,13,5.0,0.3,0,30,12,backstop_only,7bc5a65c90de9ae3bf9de566cd1eeaa5991ad2caf3c123d001ba488ba60ecf94,2a8b76595933228a3018200e2d80b792a8711cc0114d4ac1d2b489a65608264a,False,False
pending_final_matrix,duo_env_a31_pending_guard.yaml,13,5.0,0.3,0,30,12,system0,7bc5a65c90de9ae3bf9de566cd1eeaa5991ad2caf3c123d001ba488ba60ecf94,2a8b76595933228a3018200e2d80b792a8711cc0114d4ac1d2b489a65608264a,False,False
stored_verified_matrix,duo_env_a31_stored_guard.yaml,13,5.0,0.3,0,30,13,raw,28275b5e7b28913482b8dad4524e23358fb4eadee9fa9643ee6e4ef301fb7179,c15c62d2a6fd4a06cfa020152f9d2471d41440a44c031697936b7a0d0137eb0b,False,True
stored_verified_matrix,duo_env_a31_stored_guard.yaml,13,5.0,0.3,0,30,13,backstop_only,28275b5e7b28913482b8dad4524e23358fb4eadee9fa9643ee6e4ef301fb7179,c15c62d2a6fd4a06cfa020152f9d2471d41440a44c031697936b7a0d0137eb0b,False,False
stored_verified_matrix,duo_env_a31_stored_guard.yaml,13,5.0,0.3,0,30,13,system0,28275b5e7b28913482b8dad4524e23358fb4eadee9fa9643ee6e4ef301fb7179,c15c62d2a6fd4a06cfa020152f9d2471d41440a44c031697936b7a0d0137eb0b,False,False
pending_final_matrix,duo_env_a31_pending_guard.yaml,13,5.0,0.3,0,30,13,backstop_only,28275b5e7b28913482b8dad4524e23358fb4eadee9fa9643ee6e4ef301fb7179,c15c62d2a6fd4a06cfa020152f9d2471d41440a44c031697936b7a0d0137eb0b,False,False
pending_final_matrix,duo_env_a31_pending_guard.yaml,13,5.0,0.3,0,30,13,system0,28275b5e7b28913482b8dad4524e23358fb4eadee9fa9643ee6e4ef301fb7179,c15c62d2a6fd4a06cfa020152f9d2471d41440a44c031697936b7a0d0137eb0b,False,False
stored_verified_matrix,duo_env_a31_stored_guard.yaml,13,5.0,0.3,0,30,14,raw,280fda8e01c8d6a738965f2ccc01c12b109d6315f64edf3d0e3eaa4f500bdd76,c321105ed6f9b1657b2808245cdba18a9010f80963151db09680707704b45b4b,False,True
stored_verified_matrix,duo_env_a31_stored_guard.yaml,13,5.0,0.3,0,30,14,backstop_only,280fda8e01c8d6a738965f2ccc01c12b109d6315f64edf3d0e3eaa4f500bdd76,c321105ed6f9b1657b2808245cdba18a9010f80963151db09680707704b45b4b,False,False
stored_verified_matrix,duo_env_a31_stored_guard.yaml,13,5.0,0.3,0,30,14,system0,280fda8e01c8d6a738965f2ccc01c12b109d6315f64edf3d0e3eaa4f500bdd76,c321105ed6f9b1657b2808245cdba18a9010f80963151db09680707704b45b4b,False,False
pending_final_matrix,duo_env_a31_pending_guard.yaml,13,5.0,0.3,0,30,14,backstop_only,280fda8e01c8d6a738965f2ccc01c12b109d6315f64edf3d0e3eaa4f500bdd76,c321105ed6f9b1657b2808245cdba18a9010f80963151db09680707704b45b4b,False,False
pending_final_matrix,duo_env_a31_pending_guard.yaml,13,5.0,0.3,0,30,14,system0,280fda8e01c8d6a738965f2ccc01c12b109d6315f64edf3d0e3eaa4f500bdd76,c321105ed6f9b1657b2808245cdba18a9010f80963151db09680707704b45b4b,False,False
stored_verified_matrix,duo_env_a31_stored_guard.yaml,13,5.0,0.3,0,30,15,raw,f8be4c02887e9be7d3db61e7ea5d36ebf1f231f6c90b769ff08c685c51a5174c,82502d1172ae2eb9912399c10384337ac2af331ac673e71ae40e7228ea453baa,False,True
stored_verified_matrix,duo_env_a31_stored_guard.yaml,13,5.0,0.3,0,30,15,backstop_only,f8be4c02887e9be7d3db61e7ea5d36ebf1f231f6c90b769ff08c685c51a5174c,82502d1172ae2eb9912399c10384337ac2af331ac673e71ae40e7228ea453baa,False,False
stored_verified_matrix,duo_env_a31_stored_guard.yaml,13,5.0,0.3,0,30,15,system0,f8be4c02887e9be7d3db61e7ea5d36ebf1f231f6c90b769ff08c685c51a5174c,82502d1172ae2eb9912399c10384337ac2af331ac673e71ae40e7228ea453baa,False,False
pending_final_matrix,duo_env_a31_pending_guard.yaml,13,5.0,0.3,0,30,15,backstop_only,f8be4c02887e9be7d3db61e7ea5d36ebf1f231f6c90b769ff08c685c51a5174c,82502d1172ae2eb9912399c10384337ac2af331ac673e71ae40e7228ea453baa,False,False
pending_final_matrix,duo_env_a31_pending_guard.yaml,13,5.0,0.3,0,30,15,system0,f8be4c02887e9be7d3db61e7ea5d36ebf1f231f6c90b769ff08c685c51a5174c,82502d1172ae2eb9912399c10384337ac2af331ac673e71ae40e7228ea453baa,False,False
stored_verified_matrix,duo_env_a31_stored_guard.yaml,13,5.0,0.3,0,30,16,raw,ee23baef97873bd790d39474eb2aa0a849cbb8591f268f46ed84dca6c5555d84,a481feba862ff845608236aa0d8748b265097a197faec7f8ca1bb65e8f7df06a,False,True
stored_verified_matrix,duo_env_a31_stored_guard.yaml,13,5.0,0.3,0,30,16,backstop_only,ee23baef97873bd790d39474eb2aa0a849cbb8591f268f46ed84dca6c5555d84,a481feba862ff845608236aa0d8748b265097a197faec7f8ca1bb65e8f7df06a,False,False
stored_verified_matrix,duo_env_a31_stored_guard.yaml,13,5.0,0.3,0,30,16,system0,ee23baef97873bd790d39474eb2aa0a849cbb8591f268f46ed84dca6c5555d84,a481feba862ff845608236aa0d8748b265097a197faec7f8ca1bb65e8f7df06a,False,False
pending_final_matrix,duo_env_a31_pending_guard.yaml,13,5.0,0.3,0,30,16,backstop_only,ee23baef97873bd790d39474eb2aa0a849cbb8591f268f46ed84dca6c5555d84,a481feba862ff845608236aa0d8748b265097a197faec7f8ca1bb65e8f7df06a,False,False
pending_final_matrix,duo_env_a31_pending_guard.yaml,13,5.0,0.3,0,30,16,system0,ee23baef97873bd790d39474eb2aa0a849cbb8591f268f46ed84dca6c5555d84,a481feba862ff845608236aa0d8748b265097a197faec7f8ca1bb65e8f7df06a,False,False
stored_verified_matrix,duo_env_a31_stored_guard.yaml,13,5.0,0.3,0,30,17,raw,1799ff96ba95b117610bbf457859ec96ada35948ba33126dde0618cd201b6a15,6c89479d91194f1c7c6367f62485ce491457df1a2cf33f2374db067337923a9b,False,True
stored_verified_matrix,duo_env_a31_stored_guard.yaml,13,5.0,0.3,0,30,17,backstop_only,1799ff96ba95b117610bbf457859ec96ada35948ba33126dde0618cd201b6a15,6c89479d91194f1c7c6367f62485ce491457df1a2cf33f2374db067337923a9b,False,False
stored_verified_matrix,duo_env_a31_stored_guard.yaml,13,5.0,0.3,0,30,17,system0,1799ff96ba95b117610bbf457859ec96ada35948ba33126dde0618cd201b6a15,6c89479d91194f1c7c6367f62485ce491457df1a2cf33f2374db067337923a9b,False,False
pending_final_matrix,duo_env_a31_pending_guard.yaml,13,5.0,0.3,0,30,17,backstop_only,1799ff96ba95b117610bbf457859ec96ada35948ba33126dde0618cd201b6a15,6c89479d91194f1c7c6367f62485ce491457df1a2cf33f2374db067337923a9b,False,False
pending_final_matrix,duo_env_a31_pending_guard.yaml,13,5.0,0.3,0,30,17,system0,1799ff96ba95b117610bbf457859ec96ada35948ba33126dde0618cd201b6a15,6c89479d91194f1c7c6367f62485ce491457df1a2cf33f2374db067337923a9b,False,False
stored_verified_matrix,duo_env_a31_stored_guard.yaml,13,5.0,0.3,0,30,18,raw,4121ada599a0b026d7f2591061f904100f6271c38d079c5237509e8410cefa57,d2b11d87a70bee9711c97fa8718afe92a33269473f1d6fc3dd41093e7eb3329d,False,True
stored_verified_matrix,duo_env_a31_stored_guard.yaml,13,5.0,0.3,0,30,18,backstop_only,4121ada599a0b026d7f2591061f904100f6271c38d079c5237509e8410cefa57,d2b11d87a70bee9711c97fa8718afe92a33269473f1d6fc3dd41093e7eb3329d,False,False
stored_verified_matrix,duo_env_a31_stored_guard.yaml,13,5.0,0.3,0,30,18,system0,4121ada599a0b026d7f2591061f904100f6271c38d079c5237509e8410cefa57,d2b11d87a70bee9711c97fa8718afe92a33269473f1d6fc3dd41093e7eb3329d,False,False
pending_final_matrix,duo_env_a31_pending_guard.yaml,13,5.0,0.3,0,30,18,backstop_only,4121ada599a0b026d7f2591061f904100f6271c38d079c5237509e8410cefa57,d2b11d87a70bee9711c97fa8718afe92a33269473f1d6fc3dd41093e7eb3329d,False,False
pending_final_matrix,duo_env_a31_pending_guard.yaml,13,5.0,0.3,0,30,18,system0,4121ada599a0b026d7f2591061f904100f6271c38d079c5237509e8410cefa57,d2b11d87a70bee9711c97fa8718afe92a33269473f1d6fc3dd41093e7eb3329d,False,False
stored_verified_matrix,duo_env_a31_stored_guard.yaml,13,5.0,0.3,0,30,19,raw,d504ea108d71726ec63dbdc8524312648023fae43973da134b576b4905648772,25964dab4c7c9f9d097d7413c9872fbbb1f4b09b4642d6632b6674b9f06def9b,False,True
stored_verified_matrix,duo_env_a31_stored_guard.yaml,13,5.0,0.3,0,30,19,backstop_only,d504ea108d71726ec63dbdc8524312648023fae43973da134b576b4905648772,25964dab4c7c9f9d097d7413c9872fbbb1f4b09b4642d6632b6674b9f06def9b,False,False
stored_verified_matrix,duo_env_a31_stored_guard.yaml,13,5.0,0.3,0,30,19,system0,d504ea108d71726ec63dbdc8524312648023fae43973da134b576b4905648772,25964dab4c7c9f9d097d7413c9872fbbb1f4b09b4642d6632b6674b9f06def9b,False,False
pending_final_matrix,duo_env_a31_pending_guard.yaml,13,5.0,0.3,0,30,19,backstop_only,d504ea108d71726ec63dbdc8524312648023fae43973da134b576b4905648772,25964dab4c7c9f9d097d7413c9872fbbb1f4b09b4642d6632b6674b9f06def9b,False,False
pending_final_matrix,duo_env_a31_pending_guard.yaml,13,5.0,0.3,0,30,19,system0,d504ea108d71726ec63dbdc8524312648023fae43973da134b576b4905648772,25964dab4c7c9f9d097d7413c9872fbbb1f4b09b4642d6632b6674b9f06def9b,False,False
stored_verified_matrix,duo_env_a31_stored_guard.yaml,13,5.0,0.3,0,30,20,raw,6c5da4757f9467f5e2980effc743fef9b15039fb2686be4d4927537055da91b8,2aceb69ff699bd7d60e093e16e2d58bd12d3ae9a5b2a9b8eaf0d7ff690efa146,False,True
stored_verified_matrix,duo_env_a31_stored_guard.yaml,13,5.0,0.3,0,30,20,backstop_only,6c5da4757f9467f5e2980effc743fef9b15039fb2686be4d4927537055da91b8,2aceb69ff699bd7d60e093e16e2d58bd12d3ae9a5b2a9b8eaf0d7ff690efa146,False,False
stored_verified_matrix,duo_env_a31_stored_guard.yaml,13,5.0,0.3,0,30,20,system0,6c5da4757f9467f5e2980effc743fef9b15039fb2686be4d4927537055da91b8,2aceb69ff699bd7d60e093e16e2d58bd12d3ae9a5b2a9b8eaf0d7ff690efa146,False,False
pending_final_matrix,duo_env_a31_pending_guard.yaml,13,5.0,0.3,0,30,20,backstop_only,6c5da4757f9467f5e2980effc743fef9b15039fb2686be4d4927537055da91b8,2aceb69ff699bd7d60e093e16e2d58bd12d3ae9a5b2a9b8eaf0d7ff690efa146,False,False
pending_final_matrix,duo_env_a31_pending_guard.yaml,13,5.0,0.3,0,30,20,system0,6c5da4757f9467f5e2980effc743fef9b15039fb2686be4d4927537055da91b8,2aceb69ff699bd7d60e093e16e2d58bd12d3ae9a5b2a9b8eaf0d7ff690efa146,False,False
stored_verified_matrix,duo_env_a31_stored_guard.yaml,13,5.0,0.3,0,30,21,raw,d197d0fc051f584eab9d954802cdbf5fdf5efeb009083bad29ce1f6e7cafea9b,ea9240e166c0e8a7dd1627088babe45844799673ff7d23d6cf7b22c3d6746824,False,True
stored_verified_matrix,duo_env_a31_stored_guard.yaml,13,5.0,0.3,0,30,21,backstop_only,d197d0fc051f584eab9d954802cdbf5fdf5efeb009083bad29ce1f6e7cafea9b,ea9240e166c0e8a7dd1627088babe45844799673ff7d23d6cf7b22c3d6746824,False,False
stored_verified_matrix,duo_env_a31_stored_guard.yaml,13,5.0,0.3,0,30,21,system0,d197d0fc051f584eab9d954802cdbf5fdf5efeb009083bad29ce1f6e7cafea9b,ea9240e166c0e8a7dd1627088babe45844799673ff7d23d6cf7b22c3d6746824,False,False
pending_final_matrix,duo_env_a31_pending_guard.yaml,13,5.0,0.3,0,30,21,backstop_only,d197d0fc051f584eab9d954802cdbf5fdf5efeb009083bad29ce1f6e7cafea9b,ea9240e166c0e8a7dd1627088babe45844799673ff7d23d6cf7b22c3d6746824,False,False
pending_final_matrix,duo_env_a31_pending_guard.yaml,13,5.0,0.3,0,30,21,system0,d197d0fc051f584eab9d954802cdbf5fdf5efeb009083bad29ce1f6e7cafea9b,ea9240e166c0e8a7dd1627088babe45844799673ff7d23d6cf7b22c3d6746824,False,False
stored_verified_matrix,duo_env_a31_stored_guard.yaml,13,5.0,0.3,0,30,22,raw,6154c3b3656b0cd82f1ab2ec164e41775b7f27984e744f52447f6053663935df,c991e095c2fe3c74388ac40dc4f654b8632640444f080cf83241a75c400f8ba8,False,True
stored_verified_matrix,duo_env_a31_stored_guard.yaml,13,5.0,0.3,0,30,22,backstop_only,6154c3b3656b0cd82f1ab2ec164e41775b7f27984e744f52447f6053663935df,c991e095c2fe3c74388ac40dc4f654b8632640444f080cf83241a75c400f8ba8,False,False
stored_verified_matrix,duo_env_a31_stored_guard.yaml,13,5.0,0.3,0,30,22,system0,6154c3b3656b0cd82f1ab2ec164e41775b7f27984e744f52447f6053663935df,c991e095c2fe3c74388ac40dc4f654b8632640444f080cf83241a75c400f8ba8,False,False
pending_final_matrix,duo_env_a31_pending_guard.yaml,13,5.0,0.3,0,30,22,backstop_only,6154c3b3656b0cd82f1ab2ec164e41775b7f27984e744f52447f6053663935df,c991e095c2fe3c74388ac40dc4f654b8632640444f080cf83241a75c400f8ba8,False,False
pending_final_matrix,duo_env_a31_pending_guard.yaml,13,5.0,0.3,0,30,22,system0,6154c3b3656b0cd82f1ab2ec164e41775b7f27984e744f52447f6053663935df,c991e095c2fe3c74388ac40dc4f654b8632640444f080cf83241a75c400f8ba8,False,False
stored_verified_matrix,duo_env_a31_stored_guard.yaml,13,5.0,0.3,0,30,23,raw,e5e0bbe2484c0734276326d66f36e56daeae65b3816e354d56e497756390f62f,de92dfd605c57db8fe04f0235a313d2cea5c619527ef02c0c9eb759cd43baa8b,False,True
stored_verified_matrix,duo_env_a31_stored_guard.yaml,13,5.0,0.3,0,30,23,backstop_only,e5e0bbe2484c0734276326d66f36e56daeae65b3816e354d56e497756390f62f,de92dfd605c57db8fe04f0235a313d2cea5c619527ef02c0c9eb759cd43baa8b,False,False
stored_verified_matrix,duo_env_a31_stored_guard.yaml,13,5.0,0.3,0,30,23,system0,e5e0bbe2484c0734276326d66f36e56daeae65b3816e354d56e497756390f62f,de92dfd605c57db8fe04f0235a313d2cea5c619527ef02c0c9eb759cd43baa8b,False,False
pending_final_matrix,duo_env_a31_pending_guard.yaml,13,5.0,0.3,0,30,23,backstop_only,e5e0bbe2484c0734276326d66f36e56daeae65b3816e354d56e497756390f62f,de92dfd605c57db8fe04f0235a313d2cea5c619527ef02c0c9eb759cd43baa8b,False,False
pending_final_matrix,duo_env_a31_pending_guard.yaml,13,5.0,0.3,0,30,23,system0,e5e0bbe2484c0734276326d66f36e56daeae65b3816e354d56e497756390f62f,de92dfd605c57db8fe04f0235a313d2cea5c619527ef02c0c9eb759cd43baa8b,False,False
stored_verified_matrix,duo_env_a31_stored_guard.yaml,13,5.0,0.3,0,30,24,raw,cf26b343595a020324dc0f9f60f5ead046b5716f377bf8f5d72ca9d7c34f56a7,9a4747d8256c1d1e7511b01a5ea5e211afb60bad03b91aaf72d0acf9839bbb51,False,True
stored_verified_matrix,duo_env_a31_stored_guard.yaml,13,5.0,0.3,0,30,24,backstop_only,cf26b343595a020324dc0f9f60f5ead046b5716f377bf8f5d72ca9d7c34f56a7,9a4747d8256c1d1e7511b01a5ea5e211afb60bad03b91aaf72d0acf9839bbb51,False,False
stored_verified_matrix,duo_env_a31_stored_guard.yaml,13,5.0,0.3,0,30,24,system0,cf26b343595a020324dc0f9f60f5ead046b5716f377bf8f5d72ca9d7c34f56a7,9a4747d8256c1d1e7511b01a5ea5e211afb60bad03b91aaf72d0acf9839bbb51,False,False
pending_final_matrix,duo_env_a31_pending_guard.yaml,13,5.0,0.3,0,30,24,backstop_only,cf26b343595a020324dc0f9f60f5ead046b5716f377bf8f5d72ca9d7c34f56a7,9a4747d8256c1d1e7511b01a5ea5e211afb60bad03b91aaf72d0acf9839bbb51,False,False
pending_final_matrix,duo_env_a31_pending_guard.yaml,13,5.0,0.3,0,30,24,system0,cf26b343595a020324dc0f9f60f5ead046b5716f377bf8f5d72ca9d7c34f56a7,9a4747d8256c1d1e7511b01a5ea5e211afb60bad03b91aaf72d0acf9839bbb51,False,False
stored_verified_matrix,duo_env_a31_stored_guard.yaml,13,5.0,0.3,0,30,25,raw,7fff2f63e76bb5ecf17d3244d6182f59a44aa474c1e77f034da3c9f74211eb19,7e17a273890fdd06ee47743dbd4fdf9be26538e2aece6122366a4d91debdbb30,False,True
stored_verified_matrix,duo_env_a31_stored_guard.yaml,13,5.0,0.3,0,30,25,backstop_only,7fff2f63e76bb5ecf17d3244d6182f59a44aa474c1e77f034da3c9f74211eb19,7e17a273890fdd06ee47743dbd4fdf9be26538e2aece6122366a4d91debdbb30,False,False
stored_verified_matrix,duo_env_a31_stored_guard.yaml,13,5.0,0.3,0,30,25,system0,7fff2f63e76bb5ecf17d3244d6182f59a44aa474c1e77f034da3c9f74211eb19,7e17a273890fdd06ee47743dbd4fdf9be26538e2aece6122366a4d91debdbb30,False,False
pending_final_matrix,duo_env_a31_pending_guard.yaml,13,5.0,0.3,0,30,25,backstop_only,7fff2f63e76bb5ecf17d3244d6182f59a44aa474c1e77f034da3c9f74211eb19,7e17a273890fdd06ee47743dbd4fdf9be26538e2aece6122366a4d91debdbb30,False,False
pending_final_matrix,duo_env_a31_pending_guard.yaml,13,5.0,0.3,0,30,25,system0,7fff2f63e76bb5ecf17d3244d6182f59a44aa474c1e77f034da3c9f74211eb19,7e17a273890fdd06ee47743dbd4fdf9be26538e2aece6122366a4d91debdbb30,False,False
stored_verified_matrix,duo_env_a31_stored_guard.yaml,13,5.0,0.3,0,30,26,raw,66af09a94a0ee843890fe9263791d777603fff8f6474ceb969d3093682fee159,9e6bc44dc6c8818d712488f8de32fbe878fb2822d0c396fdfdade29d60368dea,False,True
stored_verified_matrix,duo_env_a31_stored_guard.yaml,13,5.0,0.3,0,30,26,backstop_only,66af09a94a0ee843890fe9263791d777603fff8f6474ceb969d3093682fee159,9e6bc44dc6c8818d712488f8de32fbe878fb2822d0c396fdfdade29d60368dea,False,False
stored_verified_matrix,duo_env_a31_stored_guard.yaml,13,5.0,0.3,0,30,26,system0,66af09a94a0ee843890fe9263791d777603fff8f6474ceb969d3093682fee159,9e6bc44dc6c8818d712488f8de32fbe878fb2822d0c396fdfdade29d60368dea,False,False
pending_final_matrix,duo_env_a31_pending_guard.yaml,13,5.0,0.3,0,30,26,backstop_only,66af09a94a0ee843890fe9263791d777603fff8f6474ceb969d3093682fee159,9e6bc44dc6c8818d712488f8de32fbe878fb2822d0c396fdfdade29d60368dea,False,False
pending_final_matrix,duo_env_a31_pending_guard.yaml,13,5.0,0.3,0,30,26,system0,66af09a94a0ee843890fe9263791d777603fff8f6474ceb969d3093682fee159,9e6bc44dc6c8818d712488f8de32fbe878fb2822d0c396fdfdade29d60368dea,False,False
stored_verified_matrix,duo_env_a31_stored_guard.yaml,13,5.0,0.3,0,30,27,raw,33e928eeedd0744fda15a47ad3fcf92d56bd2783de0a3a808dff4f9f307da214,e7bf109b0845b3f3adcb4b0cb16ab4698bf521bf5db0d20148ec724d859be461,False,True
stored_verified_matrix,duo_env_a31_stored_guard.yaml,13,5.0,0.3,0,30,27,backstop_only,33e928eeedd0744fda15a47ad3fcf92d56bd2783de0a3a808dff4f9f307da214,e7bf109b0845b3f3adcb4b0cb16ab4698bf521bf5db0d20148ec724d859be461,False,False
stored_verified_matrix,duo_env_a31_stored_guard.yaml,13,5.0,0.3,0,30,27,system0,33e928eeedd0744fda15a47ad3fcf92d56bd2783de0a3a808dff4f9f307da214,e7bf109b0845b3f3adcb4b0cb16ab4698bf521bf5db0d20148ec724d859be461,False,False
pending_final_matrix,duo_env_a31_pending_guard.yaml,13,5.0,0.3,0,30,27,backstop_only,33e928eeedd0744fda15a47ad3fcf92d56bd2783de0a3a808dff4f9f307da214,e7bf109b0845b3f3adcb4b0cb16ab4698bf521bf5db0d20148ec724d859be461,False,False
pending_final_matrix,duo_env_a31_pending_guard.yaml,13,5.0,0.3,0,30,27,system0,33e928eeedd0744fda15a47ad3fcf92d56bd2783de0a3a808dff4f9f307da214,e7bf109b0845b3f3adcb4b0cb16ab4698bf521bf5db0d20148ec724d859be461,False,False
stored_verified_matrix,duo_env_a31_stored_guard.yaml,13,5.0,0.3,0,30,28,raw,4f8c0e17d4bfad383f9f766100aafb7e53d6fa21b4ab0e8abfbc3b6fb1ee5ab5,52beeedbd7b6e8590318c9d4033dbe1562bb88bc18341f41e06edc502f78ae2b,False,True
stored_verified_matrix,duo_env_a31_stored_guard.yaml,13,5.0,0.3,0,30,28,backstop_only,4f8c0e17d4bfad383f9f766100aafb7e53d6fa21b4ab0e8abfbc3b6fb1ee5ab5,52beeedbd7b6e8590318c9d4033dbe1562bb88bc18341f41e06edc502f78ae2b,False,False
stored_verified_matrix,duo_env_a31_stored_guard.yaml,13,5.0,0.3,0,30,28,system0,4f8c0e17d4bfad383f9f766100aafb7e53d6fa21b4ab0e8abfbc3b6fb1ee5ab5,52beeedbd7b6e8590318c9d4033dbe1562bb88bc18341f41e06edc502f78ae2b,False,False
pending_final_matrix,duo_env_a31_pending_guard.yaml,13,5.0,0.3,0,30,28,backstop_only,4f8c0e17d4bfad383f9f766100aafb7e53d6fa21b4ab0e8abfbc3b6fb1ee5ab5,52beeedbd7b6e8590318c9d4033dbe1562bb88bc18341f41e06edc502f78ae2b,False,False
pending_final_matrix,duo_env_a31_pending_guard.yaml,13,5.0,0.3,0,30,28,system0,4f8c0e17d4bfad383f9f766100aafb7e53d6fa21b4ab0e8abfbc3b6fb1ee5ab5,52beeedbd7b6e8590318c9d4033dbe1562bb88bc18341f41e06edc502f78ae2b,False,False
stored_verified_matrix,duo_env_a31_stored_guard.yaml,13,5.0,0.3,0,30,29,raw,cd003ae9a06350fe6601d25f14dd23f92b6fdaa45c2acd8fd224adeae80a3d98,d8c521011b09e366c508af775c75b93e00c151acc36a59d8cdbe14428279a260,False,True
stored_verified_matrix,duo_env_a31_stored_guard.yaml,13,5.0,0.3,0,30,29,backstop_only,cd003ae9a06350fe6601d25f14dd23f92b6fdaa45c2acd8fd224adeae80a3d98,d8c521011b09e366c508af775c75b93e00c151acc36a59d8cdbe14428279a260,False,False
stored_verified_matrix,duo_env_a31_stored_guard.yaml,13,5.0,0.3,0,30,29,system0,cd003ae9a06350fe6601d25f14dd23f92b6fdaa45c2acd8fd224adeae80a3d98,d8c521011b09e366c508af775c75b93e00c151acc36a59d8cdbe14428279a260,False,False
pending_final_matrix,duo_env_a31_pending_guard.yaml,13,5.0,0.3,0,30,29,backstop_only,cd003ae9a06350fe6601d25f14dd23f92b6fdaa45c2acd8fd224adeae80a3d98,d8c521011b09e366c508af775c75b93e00c151acc36a59d8cdbe14428279a260,False,False
pending_final_matrix,duo_env_a31_pending_guard.yaml,13,5.0,0.3,0,30,29,system0,cd003ae9a06350fe6601d25f14dd23f92b6fdaa45c2acd8fd224adeae80a3d98,d8c521011b09e366c508af775c75b93e00c151acc36a59d8cdbe14428279a260,False,False
stored_verified_matrix,duo_env_a31_stored_guard.yaml,13,5.0,0.3,0,30,30,raw,b94dc6c166b83ca26cb56c391e624a4501163b115aff2b3c1d79d1012f014b22,ba7814ee59915b70a4e14346fd28ad59e978df94698c368a6a1e46d3b14be6e9,False,True
stored_verified_matrix,duo_env_a31_stored_guard.yaml,13,5.0,0.3,0,30,30,backstop_only,b94dc6c166b83ca26cb56c391e624a4501163b115aff2b3c1d79d1012f014b22,ba7814ee59915b70a4e14346fd28ad59e978df94698c368a6a1e46d3b14be6e9,False,False
stored_verified_matrix,duo_env_a31_stored_guard.yaml,13,5.0,0.3,0,30,30,system0,b94dc6c166b83ca26cb56c391e624a4501163b115aff2b3c1d79d1012f014b22,ba7814ee59915b70a4e14346fd28ad59e978df94698c368a6a1e46d3b14be6e9,False,False
pending_final_matrix,duo_env_a31_pending_guard.yaml,13,5.0,0.3,0,30,30,backstop_only,b94dc6c166b83ca26cb56c391e624a4501163b115aff2b3c1d79d1012f014b22,ba7814ee59915b70a4e14346fd28ad59e978df94698c368a6a1e46d3b14be6e9,False,False
pending_final_matrix,duo_env_a31_pending_guard.yaml,13,5.0,0.3,0,30,30,system0,b94dc6c166b83ca26cb56c391e624a4501163b115aff2b3c1d79d1012f014b22,ba7814ee59915b70a4e14346fd28ad59e978df94698c368a6a1e46d3b14be6e9,False,False
stored_verified_matrix,duo_env_a31_stored_guard.yaml,13,5.0,0.3,0,30,31,raw,16c28332fe5d9c2edb98f660b2d059d143485ae998aa0bf119cbdbbf11a7e172,959a654533e585c70804da66c43ec4db48670bfb8320f80a31f62e783cbd0242,False,True
stored_verified_matrix,duo_env_a31_stored_guard.yaml,13,5.0,0.3,0,30,31,backstop_only,16c28332fe5d9c2edb98f660b2d059d143485ae998aa0bf119cbdbbf11a7e172,959a654533e585c70804da66c43ec4db48670bfb8320f80a31f62e783cbd0242,False,False
stored_verified_matrix,duo_env_a31_stored_guard.yaml,13,5.0,0.3,0,30,31,system0,16c28332fe5d9c2edb98f660b2d059d143485ae998aa0bf119cbdbbf11a7e172,959a654533e585c70804da66c43ec4db48670bfb8320f80a31f62e783cbd0242,False,False
pending_final_matrix,duo_env_a31_pending_guard.yaml,13,5.0,0.3,0,30,31,backstop_only,16c28332fe5d9c2edb98f660b2d059d143485ae998aa0bf119cbdbbf11a7e172,959a654533e585c70804da66c43ec4db48670bfb8320f80a31f62e783cbd0242,False,False
pending_final_matrix,duo_env_a31_pending_guard.yaml,13,5.0,0.3,0,30,31,system0,16c28332fe5d9c2edb98f660b2d059d143485ae998aa0bf119cbdbbf11a7e172,959a654533e585c70804da66c43ec4db48670bfb8320f80a31f62e783cbd0242,False,False
stored_verified_matrix,duo_env_a31_stored_guard.yaml,13,5.0,0.3,6,30,0,raw,2e0baf9b4ed1d8f54992a5f06f8dde49b1a528d69fe1bf99c19864589a641080,7cd99b952bf5efe998d6f2c25b9745f9d9b89cb259f0e894eea6ba2a49059238,False,True
stored_verified_matrix,duo_env_a31_stored_guard.yaml,13,5.0,0.3,6,30,0,backstop_only,2e0baf9b4ed1d8f54992a5f06f8dde49b1a528d69fe1bf99c19864589a641080,7cd99b952bf5efe998d6f2c25b9745f9d9b89cb259f0e894eea6ba2a49059238,False,False
stored_verified_matrix,duo_env_a31_stored_guard.yaml,13,5.0,0.3,6,30,0,system0,2e0baf9b4ed1d8f54992a5f06f8dde49b1a528d69fe1bf99c19864589a641080,7cd99b952bf5efe998d6f2c25b9745f9d9b89cb259f0e894eea6ba2a49059238,False,False
pending_final_matrix,duo_env_a31_pending_guard.yaml,13,5.0,0.3,6,30,0,backstop_only,2e0baf9b4ed1d8f54992a5f06f8dde49b1a528d69fe1bf99c19864589a641080,7cd99b952bf5efe998d6f2c25b9745f9d9b89cb259f0e894eea6ba2a49059238,False,False
pending_final_matrix,duo_env_a31_pending_guard.yaml,13,5.0,0.3,6,30,0,system0,2e0baf9b4ed1d8f54992a5f06f8dde49b1a528d69fe1bf99c19864589a641080,7cd99b952bf5efe998d6f2c25b9745f9d9b89cb259f0e894eea6ba2a49059238,False,False
stored_verified_matrix,duo_env_a31_stored_guard.yaml,13,5.0,0.3,6,30,1,raw,6d412d9858f6f618997446b47c65ab20a918ee7a79ef3cd45174402b0c1445c5,62c8772c3a7bb7c38c2e0be21c9c119afd21ba9a72ef51f4ac63dfc00563e268,False,True
stored_verified_matrix,duo_env_a31_stored_guard.yaml,13,5.0,0.3,6,30,1,backstop_only,6d412d9858f6f618997446b47c65ab20a918ee7a79ef3cd45174402b0c1445c5,62c8772c3a7bb7c38c2e0be21c9c119afd21ba9a72ef51f4ac63dfc00563e268,False,False
stored_verified_matrix,duo_env_a31_stored_guard.yaml,13,5.0,0.3,6,30,1,system0,6d412d9858f6f618997446b47c65ab20a918ee7a79ef3cd45174402b0c1445c5,62c8772c3a7bb7c38c2e0be21c9c119afd21ba9a72ef51f4ac63dfc00563e268,False,False
pending_final_matrix,duo_env_a31_pending_guard.yaml,13,5.0,0.3,6,30,1,backstop_only,6d412d9858f6f618997446b47c65ab20a918ee7a79ef3cd45174402b0c1445c5,62c8772c3a7bb7c38c2e0be21c9c119afd21ba9a72ef51f4ac63dfc00563e268,False,False
pending_final_matrix,duo_env_a31_pending_guard.yaml,13,5.0,0.3,6,30,1,system0,6d412d9858f6f618997446b47c65ab20a918ee7a79ef3cd45174402b0c1445c5,62c8772c3a7bb7c38c2e0be21c9c119afd21ba9a72ef51f4ac63dfc00563e268,False,False
stored_verified_matrix,duo_env_a31_stored_guard.yaml,13,5.0,0.3,6,30,2,raw,d8b186e49d8d5c45697e75dce5fc960216f1fef106ca13908ec5a8aa8850581a,226c4e58bc96d1915abcce0085fba37d1f5b114688dd79b5df279c774c050783,False,True
stored_verified_matrix,duo_env_a31_stored_guard.yaml,13,5.0,0.3,6,30,2,backstop_only,d8b186e49d8d5c45697e75dce5fc960216f1fef106ca13908ec5a8aa8850581a,226c4e58bc96d1915abcce0085fba37d1f5b114688dd79b5df279c774c050783,False,False
stored_verified_matrix,duo_env_a31_stored_guard.yaml,13,5.0,0.3,6,30,2,system0,d8b186e49d8d5c45697e75dce5fc960216f1fef106ca13908ec5a8aa8850581a,226c4e58bc96d1915abcce0085fba37d1f5b114688dd79b5df279c774c050783,False,False
pending_final_matrix,duo_env_a31_pending_guard.yaml,13,5.0,0.3,6,30,2,backstop_only,d8b186e49d8d5c45697e75dce5fc960216f1fef106ca13908ec5a8aa8850581a,226c4e58bc96d1915abcce0085fba37d1f5b114688dd79b5df279c774c050783,False,False
pending_final_matrix,duo_env_a31_pending_guard.yaml,13,5.0,0.3,6,30,2,system0,d8b186e49d8d5c45697e75dce5fc960216f1fef106ca13908ec5a8aa8850581a,226c4e58bc96d1915abcce0085fba37d1f5b114688dd79b5df279c774c050783,False,False
stored_verified_matrix,duo_env_a31_stored_guard.yaml,13,5.0,0.3,6,30,3,raw,c55ba91bcf2fc0f4f38c725147c0b7577aefb4ee8ff6e35404f4bb6d955dce6f,0bcaa060760418aab6ea1c0b5c8725a089bf39cfd6dd56199335b6c2b1bb74e7,False,False
stored_verified_matrix,duo_env_a31_stored_guard.yaml,13,5.0,0.3,6,30,3,backstop_only,c55ba91bcf2fc0f4f38c725147c0b7577aefb4ee8ff6e35404f4bb6d955dce6f,0bcaa060760418aab6ea1c0b5c8725a089bf39cfd6dd56199335b6c2b1bb74e7,False,False
stored_verified_matrix,duo_env_a31_stored_guard.yaml,13,5.0,0.3,6,30,3,system0,c55ba91bcf2fc0f4f38c725147c0b7577aefb4ee8ff6e35404f4bb6d955dce6f,0bcaa060760418aab6ea1c0b5c8725a089bf39cfd6dd56199335b6c2b1bb74e7,False,False
pending_final_matrix,duo_env_a31_pending_guard.yaml,13,5.0,0.3,6,30,3,backstop_only,c55ba91bcf2fc0f4f38c725147c0b7577aefb4ee8ff6e35404f4bb6d955dce6f,0bcaa060760418aab6ea1c0b5c8725a089bf39cfd6dd56199335b6c2b1bb74e7,False,False
pending_final_matrix,duo_env_a31_pending_guard.yaml,13,5.0,0.3,6,30,3,system0,c55ba91bcf2fc0f4f38c725147c0b7577aefb4ee8ff6e35404f4bb6d955dce6f,0bcaa060760418aab6ea1c0b5c8725a089bf39cfd6dd56199335b6c2b1bb74e7,False,False
stored_verified_matrix,duo_env_a31_stored_guard.yaml,13,5.0,0.3,6,30,4,raw,2d6e14ee39c90e46ec3e1d390ea2728c1975d5e0dc6fd32e0e92cba89db39f4d,8c6728e22a857b8929813f55eeeb90e07fa0999ecf90e52a7c60bf5811d8591a,False,True
stored_verified_matrix,duo_env_a31_stored_guard.yaml,13,5.0,0.3,6,30,4,backstop_only,2d6e14ee39c90e46ec3e1d390ea2728c1975d5e0dc6fd32e0e92cba89db39f4d,8c6728e22a857b8929813f55eeeb90e07fa0999ecf90e52a7c60bf5811d8591a,False,False
stored_verified_matrix,duo_env_a31_stored_guard.yaml,13,5.0,0.3,6,30,4,system0,2d6e14ee39c90e46ec3e1d390ea2728c1975d5e0dc6fd32e0e92cba89db39f4d,8c6728e22a857b8929813f55eeeb90e07fa0999ecf90e52a7c60bf5811d8591a,False,False
pending_final_matrix,duo_env_a31_pending_guard.yaml,13,5.0,0.3,6,30,4,backstop_only,2d6e14ee39c90e46ec3e1d390ea2728c1975d5e0dc6fd32e0e92cba89db39f4d,8c6728e22a857b8929813f55eeeb90e07fa0999ecf90e52a7c60bf5811d8591a,False,False
pending_final_matrix,duo_env_a31_pending_guard.yaml,13,5.0,0.3,6,30,4,system0,2d6e14ee39c90e46ec3e1d390ea2728c1975d5e0dc6fd32e0e92cba89db39f4d,8c6728e22a857b8929813f55eeeb90e07fa0999ecf90e52a7c60bf5811d8591a,False,False
stored_verified_matrix,duo_env_a31_stored_guard.yaml,13,5.0,0.3,6,30,5,raw,7339138a96794f63ef511b0b64d947dc17844d9cc219c7bd440d695218913821,9d3093665d7b272a3a3db17aa2f99de349e0cbd6494e0850c5f6878ae2269b0e,False,True
stored_verified_matrix,duo_env_a31_stored_guard.yaml,13,5.0,0.3,6,30,5,backstop_only,7339138a96794f63ef511b0b64d947dc17844d9cc219c7bd440d695218913821,9d3093665d7b272a3a3db17aa2f99de349e0cbd6494e0850c5f6878ae2269b0e,False,False
stored_verified_matrix,duo_env_a31_stored_guard.yaml,13,5.0,0.3,6,30,5,system0,7339138a96794f63ef511b0b64d947dc17844d9cc219c7bd440d695218913821,9d3093665d7b272a3a3db17aa2f99de349e0cbd6494e0850c5f6878ae2269b0e,False,False
pending_final_matrix,duo_env_a31_pending_guard.yaml,13,5.0,0.3,6,30,5,backstop_only,7339138a96794f63ef511b0b64d947dc17844d9cc219c7bd440d695218913821,9d3093665d7b272a3a3db17aa2f99de349e0cbd6494e0850c5f6878ae2269b0e,False,False
pending_final_matrix,duo_env_a31_pending_guard.yaml,13,5.0,0.3,6,30,5,system0,7339138a96794f63ef511b0b64d947dc17844d9cc219c7bd440d695218913821,9d3093665d7b272a3a3db17aa2f99de349e0cbd6494e0850c5f6878ae2269b0e,False,False
stored_verified_matrix,duo_env_a31_stored_guard.yaml,13,5.0,0.3,6,30,6,raw,f02a14d8c1d4e40476b1e1eaac5d45b51c523775b1f9280ff6f8f9de590d79f5,4f372b4b1775ce545219232c516cc75608b8a113868cd43b21ef399f7704f11b,False,True
stored_verified_matrix,duo_env_a31_stored_guard.yaml,13,5.0,0.3,6,30,6,backstop_only,f02a14d8c1d4e40476b1e1eaac5d45b51c523775b1f9280ff6f8f9de590d79f5,4f372b4b1775ce545219232c516cc75608b8a113868cd43b21ef399f7704f11b,False,False
stored_verified_matrix,duo_env_a31_stored_guard.yaml,13,5.0,0.3,6,30,6,system0,f02a14d8c1d4e40476b1e1eaac5d45b51c523775b1f9280ff6f8f9de590d79f5,4f372b4b1775ce545219232c516cc75608b8a113868cd43b21ef399f7704f11b,False,False
pending_final_matrix,duo_env_a31_pending_guard.yaml,13,5.0,0.3,6,30,6,backstop_only,f02a14d8c1d4e40476b1e1eaac5d45b51c523775b1f9280ff6f8f9de590d79f5,4f372b4b1775ce545219232c516cc75608b8a113868cd43b21ef399f7704f11b,False,False
pending_final_matrix,duo_env_a31_pending_guard.yaml,13,5.0,0.3,6,30,6,system0,f02a14d8c1d4e40476b1e1eaac5d45b51c523775b1f9280ff6f8f9de590d79f5,4f372b4b1775ce545219232c516cc75608b8a113868cd43b21ef399f7704f11b,False,False
stored_verified_matrix,duo_env_a31_stored_guard.yaml,13,5.0,0.3,6,30,7,raw,f2d00c8ca89e5a2620ec4f7bb551f4b10947233dfb25b31507ed6e1f0bac3726,3499ecb36911c9e4622ee7d37326e8613cefa9d2782939df0f1dc34c80dd63a4,False,True
stored_verified_matrix,duo_env_a31_stored_guard.yaml,13,5.0,0.3,6,30,7,backstop_only,f2d00c8ca89e5a2620ec4f7bb551f4b10947233dfb25b31507ed6e1f0bac3726,3499ecb36911c9e4622ee7d37326e8613cefa9d2782939df0f1dc34c80dd63a4,False,False
stored_verified_matrix,duo_env_a31_stored_guard.yaml,13,5.0,0.3,6,30,7,system0,f2d00c8ca89e5a2620ec4f7bb551f4b10947233dfb25b31507ed6e1f0bac3726,3499ecb36911c9e4622ee7d37326e8613cefa9d2782939df0f1dc34c80dd63a4,False,False
pending_final_matrix,duo_env_a31_pending_guard.yaml,13,5.0,0.3,6,30,7,backstop_only,f2d00c8ca89e5a2620ec4f7bb551f4b10947233dfb25b31507ed6e1f0bac3726,3499ecb36911c9e4622ee7d37326e8613cefa9d2782939df0f1dc34c80dd63a4,False,False
pending_final_matrix,duo_env_a31_pending_guard.yaml,13,5.0,0.3,6,30,7,system0,f2d00c8ca89e5a2620ec4f7bb551f4b10947233dfb25b31507ed6e1f0bac3726,3499ecb36911c9e4622ee7d37326e8613cefa9d2782939df0f1dc34c80dd63a4,False,False
stored_verified_matrix,duo_env_a31_stored_guard.yaml,13,5.0,0.3,6,30,8,raw,2ee40d4d0dfd8d59a69b1f6a976025e461250fbd0ebc1596e92de88011365505,c1f448feec2e3ac4bc2c34141db06a0399554260a3dfcd583b8bccb3a590c0ff,False,True
stored_verified_matrix,duo_env_a31_stored_guard.yaml,13,5.0,0.3,6,30,8,backstop_only,2ee40d4d0dfd8d59a69b1f6a976025e461250fbd0ebc1596e92de88011365505,c1f448feec2e3ac4bc2c34141db06a0399554260a3dfcd583b8bccb3a590c0ff,False,False
stored_verified_matrix,duo_env_a31_stored_guard.yaml,13,5.0,0.3,6,30,8,system0,2ee40d4d0dfd8d59a69b1f6a976025e461250fbd0ebc1596e92de88011365505,c1f448feec2e3ac4bc2c34141db06a0399554260a3dfcd583b8bccb3a590c0ff,False,False
pending_final_matrix,duo_env_a31_pending_guard.yaml,13,5.0,0.3,6,30,8,backstop_only,2ee40d4d0dfd8d59a69b1f6a976025e461250fbd0ebc1596e92de88011365505,c1f448feec2e3ac4bc2c34141db06a0399554260a3dfcd583b8bccb3a590c0ff,False,False
pending_final_matrix,duo_env_a31_pending_guard.yaml,13,5.0,0.3,6,30,8,system0,2ee40d4d0dfd8d59a69b1f6a976025e461250fbd0ebc1596e92de88011365505,c1f448feec2e3ac4bc2c34141db06a0399554260a3dfcd583b8bccb3a590c0ff,False,False
stored_verified_matrix,duo_env_a31_stored_guard.yaml,13,5.0,0.3,6,30,9,raw,bbb568acc0de1368856eed1715af2c6d3761a12dd631f6f6329752879a149f14,89a77323e9d0c966921865a4f1962cc8177fd67eaf17151e57524b16fe51401c,False,False
stored_verified_matrix,duo_env_a31_stored_guard.yaml,13,5.0,0.3,6,30,9,backstop_only,bbb568acc0de1368856eed1715af2c6d3761a12dd631f6f6329752879a149f14,89a77323e9d0c966921865a4f1962cc8177fd67eaf17151e57524b16fe51401c,False,False
stored_verified_matrix,duo_env_a31_stored_guard.yaml,13,5.0,0.3,6,30,9,system0,bbb568acc0de1368856eed1715af2c6d3761a12dd631f6f6329752879a149f14,89a77323e9d0c966921865a4f1962cc8177fd67eaf17151e57524b16fe51401c,False,False
pending_final_matrix,duo_env_a31_pending_guard.yaml,13,5.0,0.3,6,30,9,backstop_only,bbb568acc0de1368856eed1715af2c6d3761a12dd631f6f6329752879a149f14,89a77323e9d0c966921865a4f1962cc8177fd67eaf17151e57524b16fe51401c,False,False
pending_final_matrix,duo_env_a31_pending_guard.yaml,13,5.0,0.3,6,30,9,system0,bbb568acc0de1368856eed1715af2c6d3761a12dd631f6f6329752879a149f14,89a77323e9d0c966921865a4f1962cc8177fd67eaf17151e57524b16fe51401c,False,False
stored_verified_matrix,duo_env_a31_stored_guard.yaml,13,5.0,0.3,6,30,10,raw,13d7c3690360feced779773dbde5d3996ee8ec4c7c62d4549272ff074db1a5fe,cfff6d3c246dea9fc373cb3f0d4879a62a6c1894832ce9fc40a80d76d6480965,False,True
stored_verified_matrix,duo_env_a31_stored_guard.yaml,13,5.0,0.3,6,30,10,backstop_only,13d7c3690360feced779773dbde5d3996ee8ec4c7c62d4549272ff074db1a5fe,cfff6d3c246dea9fc373cb3f0d4879a62a6c1894832ce9fc40a80d76d6480965,False,False
stored_verified_matrix,duo_env_a31_stored_guard.yaml,13,5.0,0.3,6,30,10,system0,13d7c3690360feced779773dbde5d3996ee8ec4c7c62d4549272ff074db1a5fe,cfff6d3c246dea9fc373cb3f0d4879a62a6c1894832ce9fc40a80d76d6480965,False,False
pending_final_matrix,duo_env_a31_pending_guard.yaml,13,5.0,0.3,6,30,10,backstop_only,13d7c3690360feced779773dbde5d3996ee8ec4c7c62d4549272ff074db1a5fe,cfff6d3c246dea9fc373cb3f0d4879a62a6c1894832ce9fc40a80d76d6480965,False,False
pending_final_matrix,duo_env_a31_pending_guard.yaml,13,5.0,0.3,6,30,10,system0,13d7c3690360feced779773dbde5d3996ee8ec4c7c62d4549272ff074db1a5fe,cfff6d3c246dea9fc373cb3f0d4879a62a6c1894832ce9fc40a80d76d6480965,False,False
stored_verified_matrix,duo_env_a31_stored_guard.yaml,13,5.0,0.3,6,30,11,raw,53a7f0bab479d20091a248324bdd3db5d68183b13bca1ad07be2061f250d570a,e036f3f3091f0221e66e5517e583a7d7ce46daca2ddda113b39b2ea47ccba85f,False,True
stored_verified_matrix,duo_env_a31_stored_guard.yaml,13,5.0,0.3,6,30,11,backstop_only,53a7f0bab479d20091a248324bdd3db5d68183b13bca1ad07be2061f250d570a,e036f3f3091f0221e66e5517e583a7d7ce46daca2ddda113b39b2ea47ccba85f,False,False
stored_verified_matrix,duo_env_a31_stored_guard.yaml,13,5.0,0.3,6,30,11,system0,53a7f0bab479d20091a248324bdd3db5d68183b13bca1ad07be2061f250d570a,e036f3f3091f0221e66e5517e583a7d7ce46daca2ddda113b39b2ea47ccba85f,False,False
pending_final_matrix,duo_env_a31_pending_guard.yaml,13,5.0,0.3,6,30,11,backstop_only,53a7f0bab479d20091a248324bdd3db5d68183b13bca1ad07be2061f250d570a,e036f3f3091f0221e66e5517e583a7d7ce46daca2ddda113b39b2ea47ccba85f,False,False
pending_final_matrix,duo_env_a31_pending_guard.yaml,13,5.0,0.3,6,30,11,system0,53a7f0bab479d20091a248324bdd3db5d68183b13bca1ad07be2061f250d570a,e036f3f3091f0221e66e5517e583a7d7ce46daca2ddda113b39b2ea47ccba85f,False,False
stored_verified_matrix,duo_env_a31_stored_guard.yaml,13,5.0,0.3,6,30,12,raw,7bc5a65c90de9ae3bf9de566cd1eeaa5991ad2caf3c123d001ba488ba60ecf94,2a8b76595933228a3018200e2d80b792a8711cc0114d4ac1d2b489a65608264a,False,True
stored_verified_matrix,duo_env_a31_stored_guard.yaml,13,5.0,0.3,6,30,12,backstop_only,7bc5a65c90de9ae3bf9de566cd1eeaa5991ad2caf3c123d001ba488ba60ecf94,2a8b76595933228a3018200e2d80b792a8711cc0114d4ac1d2b489a65608264a,False,False
stored_verified_matrix,duo_env_a31_stored_guard.yaml,13,5.0,0.3,6,30,12,system0,7bc5a65c90de9ae3bf9de566cd1eeaa5991ad2caf3c123d001ba488ba60ecf94,2a8b76595933228a3018200e2d80b792a8711cc0114d4ac1d2b489a65608264a,False,False
pending_final_matrix,duo_env_a31_pending_guard.yaml,13,5.0,0.3,6,30,12,backstop_only,7bc5a65c90de9ae3bf9de566cd1eeaa5991ad2caf3c123d001ba488ba60ecf94,2a8b76595933228a3018200e2d80b792a8711cc0114d4ac1d2b489a65608264a,False,False
pending_final_matrix,duo_env_a31_pending_guard.yaml,13,5.0,0.3,6,30,12,system0,7bc5a65c90de9ae3bf9de566cd1eeaa5991ad2caf3c123d001ba488ba60ecf94,2a8b76595933228a3018200e2d80b792a8711cc0114d4ac1d2b489a65608264a,False,False
stored_verified_matrix,duo_env_a31_stored_guard.yaml,13,5.0,0.3,6,30,13,raw,28275b5e7b28913482b8dad4524e23358fb4eadee9fa9643ee6e4ef301fb7179,c15c62d2a6fd4a06cfa020152f9d2471d41440a44c031697936b7a0d0137eb0b,False,True
stored_verified_matrix,duo_env_a31_stored_guard.yaml,13,5.0,0.3,6,30,13,backstop_only,28275b5e7b28913482b8dad4524e23358fb4eadee9fa9643ee6e4ef301fb7179,c15c62d2a6fd4a06cfa020152f9d2471d41440a44c031697936b7a0d0137eb0b,False,False
stored_verified_matrix,duo_env_a31_stored_guard.yaml,13,5.0,0.3,6,30,13,system0,28275b5e7b28913482b8dad4524e23358fb4eadee9fa9643ee6e4ef301fb7179,c15c62d2a6fd4a06cfa020152f9d2471d41440a44c031697936b7a0d0137eb0b,False,False
pending_final_matrix,duo_env_a31_pending_guard.yaml,13,5.0,0.3,6,30,13,backstop_only,28275b5e7b28913482b8dad4524e23358fb4eadee9fa9643ee6e4ef301fb7179,c15c62d2a6fd4a06cfa020152f9d2471d41440a44c031697936b7a0d0137eb0b,False,False
pending_final_matrix,duo_env_a31_pending_guard.yaml,13,5.0,0.3,6,30,13,system0,28275b5e7b28913482b8dad4524e23358fb4eadee9fa9643ee6e4ef301fb7179,c15c62d2a6fd4a06cfa020152f9d2471d41440a44c031697936b7a0d0137eb0b,False,False
stored_verified_matrix,duo_env_a31_stored_guard.yaml,13,5.0,0.3,6,30,14,raw,280fda8e01c8d6a738965f2ccc01c12b109d6315f64edf3d0e3eaa4f500bdd76,c321105ed6f9b1657b2808245cdba18a9010f80963151db09680707704b45b4b,False,True
stored_verified_matrix,duo_env_a31_stored_guard.yaml,13,5.0,0.3,6,30,14,backstop_only,280fda8e01c8d6a738965f2ccc01c12b109d6315f64edf3d0e3eaa4f500bdd76,c321105ed6f9b1657b2808245cdba18a9010f80963151db09680707704b45b4b,False,False
stored_verified_matrix,duo_env_a31_stored_guard.yaml,13,5.0,0.3,6,30,14,system0,280fda8e01c8d6a738965f2ccc01c12b109d6315f64edf3d0e3eaa4f500bdd76,c321105ed6f9b1657b2808245cdba18a9010f80963151db09680707704b45b4b,False,False
pending_final_matrix,duo_env_a31_pending_guard.yaml,13,5.0,0.3,6,30,14,backstop_only,280fda8e01c8d6a738965f2ccc01c12b109d6315f64edf3d0e3eaa4f500bdd76,c321105ed6f9b1657b2808245cdba18a9010f80963151db09680707704b45b4b,False,False
pending_final_matrix,duo_env_a31_pending_guard.yaml,13,5.0,0.3,6,30,14,system0,280fda8e01c8d6a738965f2ccc01c12b109d6315f64edf3d0e3eaa4f500bdd76,c321105ed6f9b1657b2808245cdba18a9010f80963151db09680707704b45b4b,False,False
stored_verified_matrix,duo_env_a31_stored_guard.yaml,13,5.0,0.3,6,30,15,raw,f8be4c02887e9be7d3db61e7ea5d36ebf1f231f6c90b769ff08c685c51a5174c,82502d1172ae2eb9912399c10384337ac2af331ac673e71ae40e7228ea453baa,False,True
stored_verified_matrix,duo_env_a31_stored_guard.yaml,13,5.0,0.3,6,30,15,backstop_only,f8be4c02887e9be7d3db61e7ea5d36ebf1f231f6c90b769ff08c685c51a5174c,82502d1172ae2eb9912399c10384337ac2af331ac673e71ae40e7228ea453baa,False,False
stored_verified_matrix,duo_env_a31_stored_guard.yaml,13,5.0,0.3,6,30,15,system0,f8be4c02887e9be7d3db61e7ea5d36ebf1f231f6c90b769ff08c685c51a5174c,82502d1172ae2eb9912399c10384337ac2af331ac673e71ae40e7228ea453baa,False,False
pending_final_matrix,duo_env_a31_pending_guard.yaml,13,5.0,0.3,6,30,15,backstop_only,f8be4c02887e9be7d3db61e7ea5d36ebf1f231f6c90b769ff08c685c51a5174c,82502d1172ae2eb9912399c10384337ac2af331ac673e71ae40e7228ea453baa,False,False
pending_final_matrix,duo_env_a31_pending_guard.yaml,13,5.0,0.3,6,30,15,system0,f8be4c02887e9be7d3db61e7ea5d36ebf1f231f6c90b769ff08c685c51a5174c,82502d1172ae2eb9912399c10384337ac2af331ac673e71ae40e7228ea453baa,False,False
stored_verified_matrix,duo_env_a31_stored_guard.yaml,13,5.0,0.3,6,30,16,raw,ee23baef97873bd790d39474eb2aa0a849cbb8591f268f46ed84dca6c5555d84,a481feba862ff845608236aa0d8748b265097a197faec7f8ca1bb65e8f7df06a,False,True
stored_verified_matrix,duo_env_a31_stored_guard.yaml,13,5.0,0.3,6,30,16,backstop_only,ee23baef97873bd790d39474eb2aa0a849cbb8591f268f46ed84dca6c5555d84,a481feba862ff845608236aa0d8748b265097a197faec7f8ca1bb65e8f7df06a,False,False
stored_verified_matrix,duo_env_a31_stored_guard.yaml,13,5.0,0.3,6,30,16,system0,ee23baef97873bd790d39474eb2aa0a849cbb8591f268f46ed84dca6c5555d84,a481feba862ff845608236aa0d8748b265097a197faec7f8ca1bb65e8f7df06a,False,False
pending_final_matrix,duo_env_a31_pending_guard.yaml,13,5.0,0.3,6,30,16,backstop_only,ee23baef97873bd790d39474eb2aa0a849cbb8591f268f46ed84dca6c5555d84,a481feba862ff845608236aa0d8748b265097a197faec7f8ca1bb65e8f7df06a,False,False
pending_final_matrix,duo_env_a31_pending_guard.yaml,13,5.0,0.3,6,30,16,system0,ee23baef97873bd790d39474eb2aa0a849cbb8591f268f46ed84dca6c5555d84,a481feba862ff845608236aa0d8748b265097a197faec7f8ca1bb65e8f7df06a,False,False
stored_verified_matrix,duo_env_a31_stored_guard.yaml,13,5.0,0.3,6,30,17,raw,1799ff96ba95b117610bbf457859ec96ada35948ba33126dde0618cd201b6a15,6c89479d91194f1c7c6367f62485ce491457df1a2cf33f2374db067337923a9b,False,True
stored_verified_matrix,duo_env_a31_stored_guard.yaml,13,5.0,0.3,6,30,17,backstop_only,1799ff96ba95b117610bbf457859ec96ada35948ba33126dde0618cd201b6a15,6c89479d91194f1c7c6367f62485ce491457df1a2cf33f2374db067337923a9b,False,True
stored_verified_matrix,duo_env_a31_stored_guard.yaml,13,5.0,0.3,6,30,17,system0,1799ff96ba95b117610bbf457859ec96ada35948ba33126dde0618cd201b6a15,6c89479d91194f1c7c6367f62485ce491457df1a2cf33f2374db067337923a9b,False,True
pending_final_matrix,duo_env_a31_pending_guard.yaml,13,5.0,0.3,6,30,17,backstop_only,1799ff96ba95b117610bbf457859ec96ada35948ba33126dde0618cd201b6a15,6c89479d91194f1c7c6367f62485ce491457df1a2cf33f2374db067337923a9b,False,True
pending_final_matrix,duo_env_a31_pending_guard.yaml,13,5.0,0.3,6,30,17,system0,1799ff96ba95b117610bbf457859ec96ada35948ba33126dde0618cd201b6a15,6c89479d91194f1c7c6367f62485ce491457df1a2cf33f2374db067337923a9b,False,True
stored_verified_matrix,duo_env_a31_stored_guard.yaml,13,5.0,0.3,6,30,18,raw,4121ada599a0b026d7f2591061f904100f6271c38d079c5237509e8410cefa57,d2b11d87a70bee9711c97fa8718afe92a33269473f1d6fc3dd41093e7eb3329d,False,True
stored_verified_matrix,duo_env_a31_stored_guard.yaml,13,5.0,0.3,6,30,18,backstop_only,4121ada599a0b026d7f2591061f904100f6271c38d079c5237509e8410cefa57,d2b11d87a70bee9711c97fa8718afe92a33269473f1d6fc3dd41093e7eb3329d,False,False
stored_verified_matrix,duo_env_a31_stored_guard.yaml,13,5.0,0.3,6,30,18,system0,4121ada599a0b026d7f2591061f904100f6271c38d079c5237509e8410cefa57,d2b11d87a70bee9711c97fa8718afe92a33269473f1d6fc3dd41093e7eb3329d,False,False
pending_final_matrix,duo_env_a31_pending_guard.yaml,13,5.0,0.3,6,30,18,backstop_only,4121ada599a0b026d7f2591061f904100f6271c38d079c5237509e8410cefa57,d2b11d87a70bee9711c97fa8718afe92a33269473f1d6fc3dd41093e7eb3329d,False,False
pending_final_matrix,duo_env_a31_pending_guard.yaml,13,5.0,0.3,6,30,18,system0,4121ada599a0b026d7f2591061f904100f6271c38d079c5237509e8410cefa57,d2b11d87a70bee9711c97fa8718afe92a33269473f1d6fc3dd41093e7eb3329d,False,False
stored_verified_matrix,duo_env_a31_stored_guard.yaml,13,5.0,0.3,6,30,19,raw,d504ea108d71726ec63dbdc8524312648023fae43973da134b576b4905648772,25964dab4c7c9f9d097d7413c9872fbbb1f4b09b4642d6632b6674b9f06def9b,False,True
stored_verified_matrix,duo_env_a31_stored_guard.yaml,13,5.0,0.3,6,30,19,backstop_only,d504ea108d71726ec63dbdc8524312648023fae43973da134b576b4905648772,25964dab4c7c9f9d097d7413c9872fbbb1f4b09b4642d6632b6674b9f06def9b,False,False
stored_verified_matrix,duo_env_a31_stored_guard.yaml,13,5.0,0.3,6,30,19,system0,d504ea108d71726ec63dbdc8524312648023fae43973da134b576b4905648772,25964dab4c7c9f9d097d7413c9872fbbb1f4b09b4642d6632b6674b9f06def9b,False,False
pending_final_matrix,duo_env_a31_pending_guard.yaml,13,5.0,0.3,6,30,19,backstop_only,d504ea108d71726ec63dbdc8524312648023fae43973da134b576b4905648772,25964dab4c7c9f9d097d7413c9872fbbb1f4b09b4642d6632b6674b9f06def9b,False,False
pending_final_matrix,duo_env_a31_pending_guard.yaml,13,5.0,0.3,6,30,19,system0,d504ea108d71726ec63dbdc8524312648023fae43973da134b576b4905648772,25964dab4c7c9f9d097d7413c9872fbbb1f4b09b4642d6632b6674b9f06def9b,False,False
stored_verified_matrix,duo_env_a31_stored_guard.yaml,13,5.0,0.3,6,30,20,raw,6c5da4757f9467f5e2980effc743fef9b15039fb2686be4d4927537055da91b8,2aceb69ff699bd7d60e093e16e2d58bd12d3ae9a5b2a9b8eaf0d7ff690efa146,False,True
stored_verified_matrix,duo_env_a31_stored_guard.yaml,13,5.0,0.3,6,30,20,backstop_only,6c5da4757f9467f5e2980effc743fef9b15039fb2686be4d4927537055da91b8,2aceb69ff699bd7d60e093e16e2d58bd12d3ae9a5b2a9b8eaf0d7ff690efa146,False,False
stored_verified_matrix,duo_env_a31_stored_guard.yaml,13,5.0,0.3,6,30,20,system0,6c5da4757f9467f5e2980effc743fef9b15039fb2686be4d4927537055da91b8,2aceb69ff699bd7d60e093e16e2d58bd12d3ae9a5b2a9b8eaf0d7ff690efa146,False,False
pending_final_matrix,duo_env_a31_pending_guard.yaml,13,5.0,0.3,6,30,20,backstop_only,6c5da4757f9467f5e2980effc743fef9b15039fb2686be4d4927537055da91b8,2aceb69ff699bd7d60e093e16e2d58bd12d3ae9a5b2a9b8eaf0d7ff690efa146,False,False
pending_final_matrix,duo_env_a31_pending_guard.yaml,13,5.0,0.3,6,30,20,system0,6c5da4757f9467f5e2980effc743fef9b15039fb2686be4d4927537055da91b8,2aceb69ff699bd7d60e093e16e2d58bd12d3ae9a5b2a9b8eaf0d7ff690efa146,False,False
stored_verified_matrix,duo_env_a31_stored_guard.yaml,13,5.0,0.3,6,30,21,raw,d197d0fc051f584eab9d954802cdbf5fdf5efeb009083bad29ce1f6e7cafea9b,ea9240e166c0e8a7dd1627088babe45844799673ff7d23d6cf7b22c3d6746824,False,True
stored_verified_matrix,duo_env_a31_stored_guard.yaml,13,5.0,0.3,6,30,21,backstop_only,d197d0fc051f584eab9d954802cdbf5fdf5efeb009083bad29ce1f6e7cafea9b,ea9240e166c0e8a7dd1627088babe45844799673ff7d23d6cf7b22c3d6746824,False,False
stored_verified_matrix,duo_env_a31_stored_guard.yaml,13,5.0,0.3,6,30,21,system0,d197d0fc051f584eab9d954802cdbf5fdf5efeb009083bad29ce1f6e7cafea9b,ea9240e166c0e8a7dd1627088babe45844799673ff7d23d6cf7b22c3d6746824,False,False
pending_final_matrix,duo_env_a31_pending_guard.yaml,13,5.0,0.3,6,30,21,backstop_only,d197d0fc051f584eab9d954802cdbf5fdf5efeb009083bad29ce1f6e7cafea9b,ea9240e166c0e8a7dd1627088babe45844799673ff7d23d6cf7b22c3d6746824,False,False
pending_final_matrix,duo_env_a31_pending_guard.yaml,13,5.0,0.3,6,30,21,system0,d197d0fc051f584eab9d954802cdbf5fdf5efeb009083bad29ce1f6e7cafea9b,ea9240e166c0e8a7dd1627088babe45844799673ff7d23d6cf7b22c3d6746824,False,False
stored_verified_matrix,duo_env_a31_stored_guard.yaml,13,5.0,0.3,6,30,22,raw,6154c3b3656b0cd82f1ab2ec164e41775b7f27984e744f52447f6053663935df,c991e095c2fe3c74388ac40dc4f654b8632640444f080cf83241a75c400f8ba8,False,True
stored_verified_matrix,duo_env_a31_stored_guard.yaml,13,5.0,0.3,6,30,22,backstop_only,6154c3b3656b0cd82f1ab2ec164e41775b7f27984e744f52447f6053663935df,c991e095c2fe3c74388ac40dc4f654b8632640444f080cf83241a75c400f8ba8,False,False
stored_verified_matrix,duo_env_a31_stored_guard.yaml,13,5.0,0.3,6,30,22,system0,6154c3b3656b0cd82f1ab2ec164e41775b7f27984e744f52447f6053663935df,c991e095c2fe3c74388ac40dc4f654b8632640444f080cf83241a75c400f8ba8,False,False
pending_final_matrix,duo_env_a31_pending_guard.yaml,13,5.0,0.3,6,30,22,backstop_only,6154c3b3656b0cd82f1ab2ec164e41775b7f27984e744f52447f6053663935df,c991e095c2fe3c74388ac40dc4f654b8632640444f080cf83241a75c400f8ba8,False,False
pending_final_matrix,duo_env_a31_pending_guard.yaml,13,5.0,0.3,6,30,22,system0,6154c3b3656b0cd82f1ab2ec164e41775b7f27984e744f52447f6053663935df,c991e095c2fe3c74388ac40dc4f654b8632640444f080cf83241a75c400f8ba8,False,False
stored_verified_matrix,duo_env_a31_stored_guard.yaml,13,5.0,0.3,6,30,23,raw,e5e0bbe2484c0734276326d66f36e56daeae65b3816e354d56e497756390f62f,de92dfd605c57db8fe04f0235a313d2cea5c619527ef02c0c9eb759cd43baa8b,False,True
stored_verified_matrix,duo_env_a31_stored_guard.yaml,13,5.0,0.3,6,30,23,backstop_only,e5e0bbe2484c0734276326d66f36e56daeae65b3816e354d56e497756390f62f,de92dfd605c57db8fe04f0235a313d2cea5c619527ef02c0c9eb759cd43baa8b,False,False
stored_verified_matrix,duo_env_a31_stored_guard.yaml,13,5.0,0.3,6,30,23,system0,e5e0bbe2484c0734276326d66f36e56daeae65b3816e354d56e497756390f62f,de92dfd605c57db8fe04f0235a313d2cea5c619527ef02c0c9eb759cd43baa8b,False,False
pending_final_matrix,duo_env_a31_pending_guard.yaml,13,5.0,0.3,6,30,23,backstop_only,e5e0bbe2484c0734276326d66f36e56daeae65b3816e354d56e497756390f62f,de92dfd605c57db8fe04f0235a313d2cea5c619527ef02c0c9eb759cd43baa8b,False,False
pending_final_matrix,duo_env_a31_pending_guard.yaml,13,5.0,0.3,6,30,23,system0,e5e0bbe2484c0734276326d66f36e56daeae65b3816e354d56e497756390f62f,de92dfd605c57db8fe04f0235a313d2cea5c619527ef02c0c9eb759cd43baa8b,False,False
stored_verified_matrix,duo_env_a31_stored_guard.yaml,13,5.0,0.3,6,30,24,raw,cf26b343595a020324dc0f9f60f5ead046b5716f377bf8f5d72ca9d7c34f56a7,9a4747d8256c1d1e7511b01a5ea5e211afb60bad03b91aaf72d0acf9839bbb51,False,True
stored_verified_matrix,duo_env_a31_stored_guard.yaml,13,5.0,0.3,6,30,24,backstop_only,cf26b343595a020324dc0f9f60f5ead046b5716f377bf8f5d72ca9d7c34f56a7,9a4747d8256c1d1e7511b01a5ea5e211afb60bad03b91aaf72d0acf9839bbb51,False,False
stored_verified_matrix,duo_env_a31_stored_guard.yaml,13,5.0,0.3,6,30,24,system0,cf26b343595a020324dc0f9f60f5ead046b5716f377bf8f5d72ca9d7c34f56a7,9a4747d8256c1d1e7511b01a5ea5e211afb60bad03b91aaf72d0acf9839bbb51,False,False
pending_final_matrix,duo_env_a31_pending_guard.yaml,13,5.0,0.3,6,30,24,backstop_only,cf26b343595a020324dc0f9f60f5ead046b5716f377bf8f5d72ca9d7c34f56a7,9a4747d8256c1d1e7511b01a5ea5e211afb60bad03b91aaf72d0acf9839bbb51,False,False
pending_final_matrix,duo_env_a31_pending_guard.yaml,13,5.0,0.3,6,30,24,system0,cf26b343595a020324dc0f9f60f5ead046b5716f377bf8f5d72ca9d7c34f56a7,9a4747d8256c1d1e7511b01a5ea5e211afb60bad03b91aaf72d0acf9839bbb51,False,False
stored_verified_matrix,duo_env_a31_stored_guard.yaml,13,5.0,0.3,6,30,25,raw,7fff2f63e76bb5ecf17d3244d6182f59a44aa474c1e77f034da3c9f74211eb19,7e17a273890fdd06ee47743dbd4fdf9be26538e2aece6122366a4d91debdbb30,False,True
stored_verified_matrix,duo_env_a31_stored_guard.yaml,13,5.0,0.3,6,30,25,backstop_only,7fff2f63e76bb5ecf17d3244d6182f59a44aa474c1e77f034da3c9f74211eb19,7e17a273890fdd06ee47743dbd4fdf9be26538e2aece6122366a4d91debdbb30,False,False
stored_verified_matrix,duo_env_a31_stored_guard.yaml,13,5.0,0.3,6,30,25,system0,7fff2f63e76bb5ecf17d3244d6182f59a44aa474c1e77f034da3c9f74211eb19,7e17a273890fdd06ee47743dbd4fdf9be26538e2aece6122366a4d91debdbb30,False,False
pending_final_matrix,duo_env_a31_pending_guard.yaml,13,5.0,0.3,6,30,25,backstop_only,7fff2f63e76bb5ecf17d3244d6182f59a44aa474c1e77f034da3c9f74211eb19,7e17a273890fdd06ee47743dbd4fdf9be26538e2aece6122366a4d91debdbb30,False,False
pending_final_matrix,duo_env_a31_pending_guard.yaml,13,5.0,0.3,6,30,25,system0,7fff2f63e76bb5ecf17d3244d6182f59a44aa474c1e77f034da3c9f74211eb19,7e17a273890fdd06ee47743dbd4fdf9be26538e2aece6122366a4d91debdbb30,False,False
stored_verified_matrix,duo_env_a31_stored_guard.yaml,13,5.0,0.3,6,30,26,raw,66af09a94a0ee843890fe9263791d777603fff8f6474ceb969d3093682fee159,9e6bc44dc6c8818d712488f8de32fbe878fb2822d0c396fdfdade29d60368dea,False,True
stored_verified_matrix,duo_env_a31_stored_guard.yaml,13,5.0,0.3,6,30,26,backstop_only,66af09a94a0ee843890fe9263791d777603fff8f6474ceb969d3093682fee159,9e6bc44dc6c8818d712488f8de32fbe878fb2822d0c396fdfdade29d60368dea,False,False
stored_verified_matrix,duo_env_a31_stored_guard.yaml,13,5.0,0.3,6,30,26,system0,66af09a94a0ee843890fe9263791d777603fff8f6474ceb969d3093682fee159,9e6bc44dc6c8818d712488f8de32fbe878fb2822d0c396fdfdade29d60368dea,False,False
pending_final_matrix,duo_env_a31_pending_guard.yaml,13,5.0,0.3,6,30,26,backstop_only,66af09a94a0ee843890fe9263791d777603fff8f6474ceb969d3093682fee159,9e6bc44dc6c8818d712488f8de32fbe878fb2822d0c396fdfdade29d60368dea,False,False
pending_final_matrix,duo_env_a31_pending_guard.yaml,13,5.0,0.3,6,30,26,system0,66af09a94a0ee843890fe9263791d777603fff8f6474ceb969d3093682fee159,9e6bc44dc6c8818d712488f8de32fbe878fb2822d0c396fdfdade29d60368dea,False,False
stored_verified_matrix,duo_env_a31_stored_guard.yaml,13,5.0,0.3,6,30,27,raw,33e928eeedd0744fda15a47ad3fcf92d56bd2783de0a3a808dff4f9f307da214,e7bf109b0845b3f3adcb4b0cb16ab4698bf521bf5db0d20148ec724d859be461,False,True
stored_verified_matrix,duo_env_a31_stored_guard.yaml,13,5.0,0.3,6,30,27,backstop_only,33e928eeedd0744fda15a47ad3fcf92d56bd2783de0a3a808dff4f9f307da214,e7bf109b0845b3f3adcb4b0cb16ab4698bf521bf5db0d20148ec724d859be461,False,False
stored_verified_matrix,duo_env_a31_stored_guard.yaml,13,5.0,0.3,6,30,27,system0,33e928eeedd0744fda15a47ad3fcf92d56bd2783de0a3a808dff4f9f307da214,e7bf109b0845b3f3adcb4b0cb16ab4698bf521bf5db0d20148ec724d859be461,False,False
pending_final_matrix,duo_env_a31_pending_guard.yaml,13,5.0,0.3,6,30,27,backstop_only,33e928eeedd0744fda15a47ad3fcf92d56bd2783de0a3a808dff4f9f307da214,e7bf109b0845b3f3adcb4b0cb16ab4698bf521bf5db0d20148ec724d859be461,False,False
pending_final_matrix,duo_env_a31_pending_guard.yaml,13,5.0,0.3,6,30,27,system0,33e928eeedd0744fda15a47ad3fcf92d56bd2783de0a3a808dff4f9f307da214,e7bf109b0845b3f3adcb4b0cb16ab4698bf521bf5db0d20148ec724d859be461,False,False
stored_verified_matrix,duo_env_a31_stored_guard.yaml,13,5.0,0.3,6,30,28,raw,4f8c0e17d4bfad383f9f766100aafb7e53d6fa21b4ab0e8abfbc3b6fb1ee5ab5,52beeedbd7b6e8590318c9d4033dbe1562bb88bc18341f41e06edc502f78ae2b,False,True
stored_verified_matrix,duo_env_a31_stored_guard.yaml,13,5.0,0.3,6,30,28,backstop_only,4f8c0e17d4bfad383f9f766100aafb7e53d6fa21b4ab0e8abfbc3b6fb1ee5ab5,52beeedbd7b6e8590318c9d4033dbe1562bb88bc18341f41e06edc502f78ae2b,False,False
stored_verified_matrix,duo_env_a31_stored_guard.yaml,13,5.0,0.3,6,30,28,system0,4f8c0e17d4bfad383f9f766100aafb7e53d6fa21b4ab0e8abfbc3b6fb1ee5ab5,52beeedbd7b6e8590318c9d4033dbe1562bb88bc18341f41e06edc502f78ae2b,False,False
pending_final_matrix,duo_env_a31_pending_guard.yaml,13,5.0,0.3,6,30,28,backstop_only,4f8c0e17d4bfad383f9f766100aafb7e53d6fa21b4ab0e8abfbc3b6fb1ee5ab5,52beeedbd7b6e8590318c9d4033dbe1562bb88bc18341f41e06edc502f78ae2b,False,False
pending_final_matrix,duo_env_a31_pending_guard.yaml,13,5.0,0.3,6,30,28,system0,4f8c0e17d4bfad383f9f766100aafb7e53d6fa21b4ab0e8abfbc3b6fb1ee5ab5,52beeedbd7b6e8590318c9d4033dbe1562bb88bc18341f41e06edc502f78ae2b,False,False
stored_verified_matrix,duo_env_a31_stored_guard.yaml,13,5.0,0.3,6,30,29,raw,cd003ae9a06350fe6601d25f14dd23f92b6fdaa45c2acd8fd224adeae80a3d98,d8c521011b09e366c508af775c75b93e00c151acc36a59d8cdbe14428279a260,False,True
stored_verified_matrix,duo_env_a31_stored_guard.yaml,13,5.0,0.3,6,30,29,backstop_only,cd003ae9a06350fe6601d25f14dd23f92b6fdaa45c2acd8fd224adeae80a3d98,d8c521011b09e366c508af775c75b93e00c151acc36a59d8cdbe14428279a260,False,False
stored_verified_matrix,duo_env_a31_stored_guard.yaml,13,5.0,0.3,6,30,29,system0,cd003ae9a06350fe6601d25f14dd23f92b6fdaa45c2acd8fd224adeae80a3d98,d8c521011b09e366c508af775c75b93e00c151acc36a59d8cdbe14428279a260,False,False
pending_final_matrix,duo_env_a31_pending_guard.yaml,13,5.0,0.3,6,30,29,backstop_only,cd003ae9a06350fe6601d25f14dd23f92b6fdaa45c2acd8fd224adeae80a3d98,d8c521011b09e366c508af775c75b93e00c151acc36a59d8cdbe14428279a260,False,False
pending_final_matrix,duo_env_a31_pending_guard.yaml,13,5.0,0.3,6,30,29,system0,cd003ae9a06350fe6601d25f14dd23f92b6fdaa45c2acd8fd224adeae80a3d98,d8c521011b09e366c508af775c75b93e00c151acc36a59d8cdbe14428279a260,False,False
stored_verified_matrix,duo_env_a31_stored_guard.yaml,13,5.0,0.3,6,30,30,raw,b94dc6c166b83ca26cb56c391e624a4501163b115aff2b3c1d79d1012f014b22,ba7814ee59915b70a4e14346fd28ad59e978df94698c368a6a1e46d3b14be6e9,False,True
stored_verified_matrix,duo_env_a31_stored_guard.yaml,13,5.0,0.3,6,30,30,backstop_only,b94dc6c166b83ca26cb56c391e624a4501163b115aff2b3c1d79d1012f014b22,ba7814ee59915b70a4e14346fd28ad59e978df94698c368a6a1e46d3b14be6e9,False,False
stored_verified_matrix,duo_env_a31_stored_guard.yaml,13,5.0,0.3,6,30,30,system0,b94dc6c166b83ca26cb56c391e624a4501163b115aff2b3c1d79d1012f014b22,ba7814ee59915b70a4e14346fd28ad59e978df94698c368a6a1e46d3b14be6e9,False,False
pending_final_matrix,duo_env_a31_pending_guard.yaml,13,5.0,0.3,6,30,30,backstop_only,b94dc6c166b83ca26cb56c391e624a4501163b115aff2b3c1d79d1012f014b22,ba7814ee59915b70a4e14346fd28ad59e978df94698c368a6a1e46d3b14be6e9,False,False
pending_final_matrix,duo_env_a31_pending_guard.yaml,13,5.0,0.3,6,30,30,system0,b94dc6c166b83ca26cb56c391e624a4501163b115aff2b3c1d79d1012f014b22,ba7814ee59915b70a4e14346fd28ad59e978df94698c368a6a1e46d3b14be6e9,False,False
stored_verified_matrix,duo_env_a31_stored_guard.yaml,13,5.0,0.3,6,30,31,raw,16c28332fe5d9c2edb98f660b2d059d143485ae998aa0bf119cbdbbf11a7e172,959a654533e585c70804da66c43ec4db48670bfb8320f80a31f62e783cbd0242,False,True
stored_verified_matrix,duo_env_a31_stored_guard.yaml,13,5.0,0.3,6,30,31,backstop_only,16c28332fe5d9c2edb98f660b2d059d143485ae998aa0bf119cbdbbf11a7e172,959a654533e585c70804da66c43ec4db48670bfb8320f80a31f62e783cbd0242,False,False
stored_verified_matrix,duo_env_a31_stored_guard.yaml,13,5.0,0.3,6,30,31,system0,16c28332fe5d9c2edb98f660b2d059d143485ae998aa0bf119cbdbbf11a7e172,959a654533e585c70804da66c43ec4db48670bfb8320f80a31f62e783cbd0242,False,False
pending_final_matrix,duo_env_a31_pending_guard.yaml,13,5.0,0.3,6,30,31,backstop_only,16c28332fe5d9c2edb98f660b2d059d143485ae998aa0bf119cbdbbf11a7e172,959a654533e585c70804da66c43ec4db48670bfb8320f80a31f62e783cbd0242,False,False
pending_final_matrix,duo_env_a31_pending_guard.yaml,13,5.0,0.3,6,30,31,system0,16c28332fe5d9c2edb98f660b2d059d143485ae998aa0bf119cbdbbf11a7e172,959a654533e585c70804da66c43ec4db48670bfb8320f80a31f62e783cbd0242,False,False
pending_nominal_long,duo_env_a31_pending_guard.yaml,11,10.0,0.0,0,90,0,system0,721f934df4e4cb622248d45e21fec1d1f78366ca66b62bc60e795ae5a2850248,913e85d9076c6b2f760b119a10b9c15a334dcc86c15b29da94a8d74d46ae8508,False,False
pending_nominal_long,duo_env_a31_pending_guard.yaml,11,10.0,0.0,0,90,1,system0,721f934df4e4cb622248d45e21fec1d1f78366ca66b62bc60e795ae5a2850248,49800b9a66124ee761458d89a2f55f9df4f2c32be7e187b3f1c9f11623e9867a,False,False
pending_nominal_long,duo_env_a31_pending_guard.yaml,11,10.0,0.0,0,90,2,system0,721f934df4e4cb622248d45e21fec1d1f78366ca66b62bc60e795ae5a2850248,60d25610d8af140a8a632a45a3015aad2aa7f3116923586b814582669dc23e7c,False,False
pending_nominal_long,duo_env_a31_pending_guard.yaml,11,10.0,0.0,0,90,3,system0,721f934df4e4cb622248d45e21fec1d1f78366ca66b62bc60e795ae5a2850248,dea0cc021a16a1541f2cf86384779e6d24d81006379f50d17437abe2d1fe5621,False,False
pending_nominal_long,duo_env_a31_pending_guard.yaml,11,10.0,0.0,0,90,4,system0,721f934df4e4cb622248d45e21fec1d1f78366ca66b62bc60e795ae5a2850248,40ca056f839eea052b9832332970b21629df068bc031daa7f0d0dc10208671eb,False,False
pending_nominal_long,duo_env_a31_pending_guard.yaml,11,10.0,0.0,0,90,5,system0,721f934df4e4cb622248d45e21fec1d1f78366ca66b62bc60e795ae5a2850248,cd9580e017d0a6fbc1d791edda0257f9e53df561b552de837b683c7e7d9d64d1,False,False
pending_nominal_long,duo_env_a31_pending_guard.yaml,11,10.0,0.0,0,90,6,system0,721f934df4e4cb622248d45e21fec1d1f78366ca66b62bc60e795ae5a2850248,40e4896c56542ed2773a45569875efe9b1313dbca3bf6740a9dd1e9dee61520f,False,False
pending_nominal_long,duo_env_a31_pending_guard.yaml,11,10.0,0.0,0,90,7,system0,721f934df4e4cb622248d45e21fec1d1f78366ca66b62bc60e795ae5a2850248,e459c22a584d45165aea58f283b80476ac14273e56a32a6ee1fa921b054dc30d,False,False
pending_nominal_long,duo_env_a31_pending_guard.yaml,11,10.0,0.0,0,90,8,system0,721f934df4e4cb622248d45e21fec1d1f78366ca66b62bc60e795ae5a2850248,aa24b38e5f4d81d638c95e937ddf1fe725fc36f6f806136401a7abf2be28d335,False,False
pending_nominal_long,duo_env_a31_pending_guard.yaml,11,10.0,0.0,0,90,9,system0,721f934df4e4cb622248d45e21fec1d1f78366ca66b62bc60e795ae5a2850248,ba894c9c3487c035b72bd9f92b092f53f7c5c8eeab553df7e8a246f1bd9295f9,False,False
pending_nominal_long,duo_env_a31_pending_guard.yaml,11,10.0,0.0,0,90,10,system0,721f934df4e4cb622248d45e21fec1d1f78366ca66b62bc60e795ae5a2850248,f7d0840ad1b35c235d87de31faea0207ef3bed47d969232405e7c86f8ea411b1,False,False
pending_nominal_long,duo_env_a31_pending_guard.yaml,11,10.0,0.0,0,90,11,system0,721f934df4e4cb622248d45e21fec1d1f78366ca66b62bc60e795ae5a2850248,7aea0c1091e30ee4ac3d7dd7ece9ea8e5200614b476998c6d9ca669f5e7c590b,False,False
pending_nominal_long,duo_env_a31_pending_guard.yaml,11,10.0,0.0,0,90,12,system0,721f934df4e4cb622248d45e21fec1d1f78366ca66b62bc60e795ae5a2850248,b317561932224bc4bfc923010aaa43d6f84783717ab7bbfde061042d21e753a5,False,False
pending_nominal_long,duo_env_a31_pending_guard.yaml,11,10.0,0.0,0,90,13,system0,721f934df4e4cb622248d45e21fec1d1f78366ca66b62bc60e795ae5a2850248,1f71182ca7b1dc79d660b0c87330b9b495ffb70e256671db5b0e30d0fc606cb1,False,False
pending_nominal_long,duo_env_a31_pending_guard.yaml,11,10.0,0.0,0,90,14,system0,721f934df4e4cb622248d45e21fec1d1f78366ca66b62bc60e795ae5a2850248,0cdc5a4869149bd1eceb44cbcc1609463f24b3a486c34cb8c08c3094b277725f,False,False
pending_nominal_long,duo_env_a31_pending_guard.yaml,11,10.0,0.0,0,90,15,system0,721f934df4e4cb622248d45e21fec1d1f78366ca66b62bc60e795ae5a2850248,8d8a4c363d08159306d5615d6986a0ec57833efaa05a343cfebfe1b631af7c98,False,False
pending_nominal_long,duo_env_a31_pending_guard.yaml,11,10.0,0.0,0,90,16,system0,721f934df4e4cb622248d45e21fec1d1f78366ca66b62bc60e795ae5a2850248,a03cd75010de5773027815beec627e237b4bb6164286b2cf31c26ccc02e0ef06,False,False
pending_nominal_long,duo_env_a31_pending_guard.yaml,11,10.0,0.0,0,90,17,system0,721f934df4e4cb622248d45e21fec1d1f78366ca66b62bc60e795ae5a2850248,2201de05abce50f07b25239d0e6c9f10c61455c776f497d297d03048bb2cd7e7,False,False
pending_nominal_long,duo_env_a31_pending_guard.yaml,11,10.0,0.0,0,90,18,system0,721f934df4e4cb622248d45e21fec1d1f78366ca66b62bc60e795ae5a2850248,9f7be1c568218412760f9a11be952a12e86f8ade3caa2671ab172167c585c8d1,False,False
pending_nominal_long,duo_env_a31_pending_guard.yaml,11,10.0,0.0,0,90,19,system0,721f934df4e4cb622248d45e21fec1d1f78366ca66b62bc60e795ae5a2850248,49215bb061ab719657d013717d432a096cb36ffc17356348411597b0fd8a70a7,False,False
pending_nominal_long,duo_env_a31_pending_guard.yaml,11,10.0,0.0,0,90,20,system0,721f934df4e4cb622248d45e21fec1d1f78366ca66b62bc60e795ae5a2850248,82744a72a0cfe44bf57615573670b8471b510853da26a01bc5a97dbbb77de341,False,False
pending_nominal_long,duo_env_a31_pending_guard.yaml,11,10.0,0.0,0,90,21,system0,721f934df4e4cb622248d45e21fec1d1f78366ca66b62bc60e795ae5a2850248,68ad80d66762a972d28a3e3d8306bbd4f06b59390e3df94b98552bb63c8ba6b6,False,False
pending_nominal_long,duo_env_a31_pending_guard.yaml,11,10.0,0.0,0,90,22,system0,721f934df4e4cb622248d45e21fec1d1f78366ca66b62bc60e795ae5a2850248,1da91366c38fced64869af39ef90aa73f78edc60636fc9dde91f4704cc239976,False,False
pending_nominal_long,duo_env_a31_pending_guard.yaml,11,10.0,0.0,0,90,23,system0,721f934df4e4cb622248d45e21fec1d1f78366ca66b62bc60e795ae5a2850248,eb4fcd85cf06645e370414523bf8307f088f8d01f9a9cfd8d1a627872792d795,False,False
pending_nominal_long,duo_env_a31_pending_guard.yaml,11,10.0,0.0,0,90,24,system0,721f934df4e4cb622248d45e21fec1d1f78366ca66b62bc60e795ae5a2850248,795aeba52105cb673f6f29e30e7d737285d89b43c33089d585d1821894fef5fd,False,False
pending_nominal_long,duo_env_a31_pending_guard.yaml,11,10.0,0.0,0,90,25,system0,721f934df4e4cb622248d45e21fec1d1f78366ca66b62bc60e795ae5a2850248,0027c130068017f84682357fce16376aa67fb6a46b60f1eafec0849c4b6318cf,False,False
pending_nominal_long,duo_env_a31_pending_guard.yaml,11,10.0,0.0,0,90,26,system0,721f934df4e4cb622248d45e21fec1d1f78366ca66b62bc60e795ae5a2850248,11f730d60818ed69cdbea62acad2a7fd718a6ec5a56e92661c2c307949bdd484,False,False
pending_nominal_long,duo_env_a31_pending_guard.yaml,11,10.0,0.0,0,90,27,system0,721f934df4e4cb622248d45e21fec1d1f78366ca66b62bc60e795ae5a2850248,9bce7c5760137ac32f4182622ff65ad057023f0d0d9dbe829979c06bd349b8a5,False,False
pending_nominal_long,duo_env_a31_pending_guard.yaml,11,10.0,0.0,0,90,28,system0,721f934df4e4cb622248d45e21fec1d1f78366ca66b62bc60e795ae5a2850248,a2575abff7d8fa9c84109f7758ee42c58624974a71c893f9d368e20832bd2221,False,False
pending_nominal_long,duo_env_a31_pending_guard.yaml,11,10.0,0.0,0,90,29,system0,721f934df4e4cb622248d45e21fec1d1f78366ca66b62bc60e795ae5a2850248,90f19acbe80e3d96ab5bf7e29c870b80a48162d1010025a6bcc6d4f0d1c02bed,False,False
pending_nominal_long,duo_env_a31_pending_guard.yaml,11,10.0,0.0,0,90,30,system0,721f934df4e4cb622248d45e21fec1d1f78366ca66b62bc60e795ae5a2850248,babd2abee78ece028673906087551f6182fe64d05ffbd01aa3e48656b97a8f4a,False,False
pending_nominal_long,duo_env_a31_pending_guard.yaml,11,10.0,0.0,0,90,31,system0,721f934df4e4cb622248d45e21fec1d1f78366ca66b62bc60e795ae5a2850248,ac7ae977b9c93a9212d37f1cef5e0a9f5db4fc249be7aaf2fdb71d530081212e,False,False
pending_nominal_l1,duo_env_a31_pending_guard.yaml,8,5.0,0.0,0,0,0,system0,721f934df4e4cb622248d45e21fec1d1f78366ca66b62bc60e795ae5a2850248,b55f1101a006e74f452e9eb10aab2cab5d38322c7d00a177e7dc36c083e69715,False,False
pending_nominal_l1,duo_env_a31_pending_guard.yaml,8,5.0,0.0,0,0,1,system0,721f934df4e4cb622248d45e21fec1d1f78366ca66b62bc60e795ae5a2850248,fad62caaec34aebc04c3754d58a2e6b4b8d5366e3a1260437d39eaec12a8a470,False,False
pending_nominal_l1,duo_env_a31_pending_guard.yaml,8,5.0,0.0,0,0,2,system0,721f934df4e4cb622248d45e21fec1d1f78366ca66b62bc60e795ae5a2850248,be46af7f4b462be92e3905378b8388de9d624bf42d2250f2a1c4e2fb2901cd76,False,False
pending_nominal_l1,duo_env_a31_pending_guard.yaml,8,5.0,0.0,0,0,3,system0,721f934df4e4cb622248d45e21fec1d1f78366ca66b62bc60e795ae5a2850248,3c51c612c1f308774bf7b4499cda2f694ef941cfa4bada3e7461993d4748402c,False,False
pending_nominal_l1,duo_env_a31_pending_guard.yaml,8,5.0,0.0,0,0,4,system0,721f934df4e4cb622248d45e21fec1d1f78366ca66b62bc60e795ae5a2850248,ab888c8951bf351a124e7aa3285a8d563bb7de620c9d028c25029bc0fc6934b8,False,False
pending_nominal_l1,duo_env_a31_pending_guard.yaml,8,5.0,0.0,0,0,5,system0,721f934df4e4cb622248d45e21fec1d1f78366ca66b62bc60e795ae5a2850248,a832ad5a45cb4ed71b9fc303b233900db782813186f63ba2542c19a39cdf33b1,False,False
pending_nominal_l1,duo_env_a31_pending_guard.yaml,8,5.0,0.0,0,0,6,system0,721f934df4e4cb622248d45e21fec1d1f78366ca66b62bc60e795ae5a2850248,e871e920331d382d1f66fe28f48bc510f4f2c2940c4ba7eb613f02bdb3d66309,False,False
pending_nominal_l1,duo_env_a31_pending_guard.yaml,8,5.0,0.0,0,0,7,system0,721f934df4e4cb622248d45e21fec1d1f78366ca66b62bc60e795ae5a2850248,84ada83c232e7c535fc021d34e25e3473337f41be176366d6db132c62406728c,False,False
pending_nominal_l1,duo_env_a31_pending_guard.yaml,8,5.0,0.0,0,0,8,system0,721f934df4e4cb622248d45e21fec1d1f78366ca66b62bc60e795ae5a2850248,1a15c5330fb8be5ea470e815a2da46a6e6cd3463b2a81927e02afb4f4dab8d67,False,False
pending_nominal_l1,duo_env_a31_pending_guard.yaml,8,5.0,0.0,0,0,9,system0,721f934df4e4cb622248d45e21fec1d1f78366ca66b62bc60e795ae5a2850248,cd16b8cc6a01dd813d36d0b80376a015df6cb7febaec4ed555a7348aa4764379,False,True
pending_nominal_l1,duo_env_a31_pending_guard.yaml,8,5.0,0.0,0,0,10,system0,721f934df4e4cb622248d45e21fec1d1f78366ca66b62bc60e795ae5a2850248,016e683e0d45e69633abadc8aa2265e2e2440c9bd6c2f516be0157a635cfe8fa,False,False
pending_nominal_l1,duo_env_a31_pending_guard.yaml,8,5.0,0.0,0,0,11,system0,721f934df4e4cb622248d45e21fec1d1f78366ca66b62bc60e795ae5a2850248,c83d8081f207bf0297038114505add353e9372072962f42885108ba92a3f46f4,False,False
pending_nominal_l1,duo_env_a31_pending_guard.yaml,8,5.0,0.0,0,0,12,system0,721f934df4e4cb622248d45e21fec1d1f78366ca66b62bc60e795ae5a2850248,e639bf92862734a5f3b56572cfd6a3986869110272ad41f18b8977520cd6ff5d,False,False
pending_nominal_l1,duo_env_a31_pending_guard.yaml,8,5.0,0.0,0,0,13,system0,721f934df4e4cb622248d45e21fec1d1f78366ca66b62bc60e795ae5a2850248,eba47acc97c1d7c7d4b432f4a1adfd4891fded4d47bc8fe21cb4a7c81ccdf126,False,False
pending_nominal_l1,duo_env_a31_pending_guard.yaml,8,5.0,0.0,0,0,14,system0,721f934df4e4cb622248d45e21fec1d1f78366ca66b62bc60e795ae5a2850248,91ba3a4c4264651b7489435deb5bb9d57de893bdd88263897885b9d56491c6be,False,False
pending_nominal_l1,duo_env_a31_pending_guard.yaml,8,5.0,0.0,0,0,15,system0,721f934df4e4cb622248d45e21fec1d1f78366ca66b62bc60e795ae5a2850248,b561426b6c50c6e16dc36f08a13bdf863ec2e1753f25530462d6b0142127b067,False,False
pending_nominal_l1,duo_env_a31_pending_guard.yaml,8,5.0,0.0,0,0,16,system0,721f934df4e4cb622248d45e21fec1d1f78366ca66b62bc60e795ae5a2850248,2087f0ba02d512607dbe9602a6287f03978daafadeceb4f99f0f5d04ac401426,False,False
pending_nominal_l1,duo_env_a31_pending_guard.yaml,8,5.0,0.0,0,0,17,system0,721f934df4e4cb622248d45e21fec1d1f78366ca66b62bc60e795ae5a2850248,30003d2e281b87fd251fa9fd862988a212b40e8b41aebdae9007db35aecf3488,False,False
pending_nominal_l1,duo_env_a31_pending_guard.yaml,8,5.0,0.0,0,0,18,system0,721f934df4e4cb622248d45e21fec1d1f78366ca66b62bc60e795ae5a2850248,87f362d062cd916a4cf0e62fec5cb26f2cca347b8a71824ae87a2cd3ee9a9321,False,False
pending_nominal_l1,duo_env_a31_pending_guard.yaml,8,5.0,0.0,0,0,19,system0,721f934df4e4cb622248d45e21fec1d1f78366ca66b62bc60e795ae5a2850248,80cb6305872faed9a10adc2f5fed32593747f50c3271b966395de6a43ecc40a5,False,False
pending_nominal_l1,duo_env_a31_pending_guard.yaml,8,5.0,0.0,0,0,20,system0,721f934df4e4cb622248d45e21fec1d1f78366ca66b62bc60e795ae5a2850248,8ec5b60612895cd596f8b40ace29a48c186a05ad975d378be926559ffb5106ad,False,False
pending_nominal_l1,duo_env_a31_pending_guard.yaml,8,5.0,0.0,0,0,21,system0,721f934df4e4cb622248d45e21fec1d1f78366ca66b62bc60e795ae5a2850248,8b6ad9844abaa1b231ead2c775b13bba60a45aa367c56f9f02c044a425c57f1c,False,False
pending_nominal_l1,duo_env_a31_pending_guard.yaml,8,5.0,0.0,0,0,22,system0,721f934df4e4cb622248d45e21fec1d1f78366ca66b62bc60e795ae5a2850248,c3544b82f904712bd3f902f8ada3bb9547fc9740c968ee82e136e8d790149234,False,False
pending_nominal_l1,duo_env_a31_pending_guard.yaml,8,5.0,0.0,0,0,23,system0,721f934df4e4cb622248d45e21fec1d1f78366ca66b62bc60e795ae5a2850248,4a9ff122268203268b8cbb24d702375a2f409139fc3944d618363ed176adbe9e,False,False
pending_nominal_l1,duo_env_a31_pending_guard.yaml,8,5.0,0.0,0,0,24,system0,721f934df4e4cb622248d45e21fec1d1f78366ca66b62bc60e795ae5a2850248,2a57e8f19e244ac57a3e1eff006d04f7e1b19aba71a96cd5d906c2994769f7ba,False,False
pending_nominal_l1,duo_env_a31_pending_guard.yaml,8,5.0,0.0,0,0,25,system0,721f934df4e4cb622248d45e21fec1d1f78366ca66b62bc60e795ae5a2850248,d1e8e72c3beedec0ec96e2e22e9cafce5ea4bc2e97495b6fbb88357bbc5f7890,False,False
pending_nominal_l1,duo_env_a31_pending_guard.yaml,8,5.0,0.0,0,0,26,system0,721f934df4e4cb622248d45e21fec1d1f78366ca66b62bc60e795ae5a2850248,8e118782bd5f4c1e5deebcfbabccc8e5c2b14786db4a2cadc51be0dc05228ab7,False,False
pending_nominal_l1,duo_env_a31_pending_guard.yaml,8,5.0,0.0,0,0,27,system0,721f934df4e4cb622248d45e21fec1d1f78366ca66b62bc60e795ae5a2850248,b4c97650d7408f467a33c74f3809f0f8eba7809040313ef78a070d98d575cc32,False,False
pending_nominal_l1,duo_env_a31_pending_guard.yaml,8,5.0,0.0,0,0,28,system0,721f934df4e4cb622248d45e21fec1d1f78366ca66b62bc60e795ae5a2850248,75d1ff887a14cc8320974e59772fc67326765735b79e1de125bec8b5b9ce9a45,False,False
pending_nominal_l1,duo_env_a31_pending_guard.yaml,8,5.0,0.0,0,0,29,system0,721f934df4e4cb622248d45e21fec1d1f78366ca66b62bc60e795ae5a2850248,8139a33042e21919e6ea71639301c88d190dbe8db3e8589087d8f1512b8393fd,False,False
pending_nominal_l1,duo_env_a31_pending_guard.yaml,8,5.0,0.0,0,0,30,system0,721f934df4e4cb622248d45e21fec1d1f78366ca66b62bc60e795ae5a2850248,f04b33227600078e9b17c2fe783f5a072e9c2c2773847dbaf2f73a89a580adcd,False,False
pending_nominal_l1,duo_env_a31_pending_guard.yaml,8,5.0,0.0,0,0,31,system0,721f934df4e4cb622248d45e21fec1d1f78366ca66b62bc60e795ae5a2850248,b56f0ba0d44020b995ceae66d84e5692016bfecded54cf1bf9b9d0378c244fef,False,False
